model,horizon,requested_k,matching_target,repeat,method,discovered_closure_tv,ari_B16,ari_AA20,ari_L23
ECMrest,0.01,16,B16,0,jump_profile,0.019981761336950565,0.2088128275213705,0.2851270749156041,0.2305721437158793
ECMrest,0.01,16,B16,0,spectral,0.007688964162006248,0.619337524829635,0.7952983980642541,0.7203563811763768
ECMrest,0.01,16,B16,1,jump_profile,0.017010687326328048,0.27283319888859014,0.3846708096910745,0.3033547466095646
ECMrest,0.01,16,B16,1,spectral,0.007688989052187876,0.619337524829635,0.7952983980642541,0.7203563811763768
ECMrest,0.01,16,B16,2,jump_profile,0.014452299967675365,0.22139878455772746,0.27860560740862034,0.23226112612705552
ECMrest,0.01,16,B16,2,spectral,0.007688989052187875,0.619337524829635,0.7952983980642541,0.7203563811763768
ECMrest,0.01,16,B16,3,jump_profile,0.017482346676302597,0.20553841606473186,0.3091219666165358,0.2524983625953392
ECMrest,0.01,16,B16,3,spectral,0.007688927249758772,0.5794547780294262,0.8269676794980895,0.6698333302226619
ECMrest,0.01,16,B16,4,jump_profile,0.017612887102165235,0.182470882306015,0.24256989505727788,0.19043377571924824
ECMrest,0.01,16,B16,4,spectral,0.007666164174646764,0.6265756936500911,0.7780780624707656,0.7027696025883408
ECMrest,0.01,16,B16,5,jump_profile,0.021507694411872936,0.22139878455772746,0.28970398267925696,0.23226112612705552
ECMrest,0.01,16,B16,5,spectral,0.007688989052187874,0.6055377045599554,0.7780780624707656,0.7027696025883408
ECMrest,0.01,16,B16,6,jump_profile,0.019244989132633738,0.20287544483985764,0.2567996567996568,0.212144578313253
ECMrest,0.01,16,B16,6,spectral,0.007688989052187875,0.619337524829635,0.7952983980642541,0.7203563811763768
ECMrest,0.01,16,B16,7,jump_profile,0.021525237287101505,0.1487838275721498,0.21732080164990003,0.1638874823208954
ECMrest,0.01,16,B16,7,spectral,0.007688989052187875,0.6233311081441922,0.8312798591903445,0.6737967914438503
ECMrest,0.01,16,B16,8,jump_profile,0.015306646201822267,0.20395784830290406,0.2957421261660663,0.237740207917673
ECMrest,0.01,16,B16,8,spectral,0.007318816257669211,0.612371385295705,0.7866050969897326,0.7114645538934548
ECMrest,0.01,16,B16,9,jump_profile,0.01743004819777565,0.2163349063924447,0.3025310534795489,0.25097939852261875
ECMrest,0.01,16,B16,9,spectral,0.007688989052187876,0.6055377045599554,0.7780780624707656,0.7027696025883408
ECMrest,0.01,16,B16,10,jump_profile,0.015287395239345596,0.1808331585436352,0.2668608144963713,0.19970693973522347
ECMrest,0.01,16,B16,10,spectral,0.007688964162006248,0.619337524829635,0.7952983980642541,0.7203563811763768
ECMrest,0.01,16,B16,11,jump_profile,0.017105737708175653,0.22259071972249403,0.32125258305515814,0.2583364892069124
ECMrest,0.01,16,B16,11,spectral,0.007953863153111251,0.606922428559776,0.8101089538789219,0.6543909348441926
ECMrest,0.01,16,B16,12,jump_profile,0.01751762062494704,0.19576101468624832,0.2791048529041991,0.20452200018763486
ECMrest,0.01,16,B16,12,spectral,0.00768896416200625,0.619337524829635,0.7952983980642541,0.7203563811763768
ECMrest,0.01,16,B16,13,jump_profile,0.021043932288031315,0.19042205984894206,0.2781575089634222,0.20970281636802138
ECMrest,0.01,16,B16,13,spectral,0.007688989052187875,0.6055377045599554,0.7780780624707656,0.7027696025883408
ECMrest,0.01,16,B16,14,jump_profile,0.017105056702364823,0.24348676230077065,0.3562942343030766,0.2826046588400355
ECMrest,0.01,16,B16,14,spectral,0.007688964162006248,0.619337524829635,0.7952983980642541,0.7203563811763768
ECMrest,0.01,16,B16,15,jump_profile,0.019031294329228517,0.19480087048554542,0.22917674893800075,0.21460289138060382
ECMrest,0.01,16,B16,15,spectral,0.007688989052187875,0.5943173987596353,0.7938492734031768,0.6395767309448354
ECMrest,0.01,16,B16,16,jump_profile,0.01968466918320767,0.22638157088592084,0.3295465041100951,0.27617347474535336
ECMrest,0.01,16,B16,16,spectral,0.007688902359577145,0.619337524829635,0.7952983980642541,0.7203563811763768
ECMrest,0.01,16,B16,17,jump_profile,0.0174764885287662,0.2237153024911032,0.3300729300729301,0.2709397590361446
ECMrest,0.01,16,B16,17,spectral,0.007688989052187875,0.6055377045599554,0.7780780624707656,0.7027696025883408
ECMrest,0.01,16,B16,18,jump_profile,0.018325946729181527,0.2656729231860345,0.35918359690096985,0.32168594829245345
ECMrest,0.01,16,B16,18,spectral,0.007688989052187874,0.6055377045599554,0.7780780624707656,0.7027696025883408
ECMrest,0.01,16,B16,19,jump_profile,0.020256243990268978,0.23028601394017523,0.33236228377688903,0.2659513879958112
ECMrest,0.01,16,B16,19,spectral,0.007688964162006248,0.619337524829635,0.7952983980642541,0.7203563811763768
ECMrest,0.01,16,B16,20,jump_profile,0.019705204762815686,0.2102754994519663,0.32861176245394075,0.23235080380722806
ECMrest,0.01,16,B16,20,spectral,0.0076536618218158645,0.6029706275033377,0.8312798591903445,0.6737967914438503
ECMrest,0.01,16,B16,21,jump_profile,0.0199627797222222,0.214982634060908,0.29281038757201205,0.24984375945003326
ECMrest,0.01,16,B16,21,spectral,0.007688964162006248,0.619337524829635,0.7952983980642541,0.7203563811763768
ECMrest,0.01,16,B16,22,jump_profile,0.020293768117351497,0.1868034204458109,0.2656456489074748,0.21796475969723697
ECMrest,0.01,16,B16,22,spectral,0.007688989052187874,0.6055377045599554,0.7780780624707656,0.7027696025883408
ECMrest,0.01,16,B16,23,jump_profile,0.018893260287073665,0.16798852258605534,0.2250521094831652,0.16505718556337437
ECMrest,0.01,16,B16,23,spectral,0.007688964162006248,0.5988327402135232,0.7697125697125697,0.6942650602409639
ECMrest,0.01,16,B16,24,jump_profile,0.01910524460623703,0.21480794974770878,0.30059138950671566,0.23736698261324649
ECMrest,0.01,16,B16,24,spectral,0.007688989052187876,0.6512151734972046,0.7823210959667172,0.7070928796817122
ECMrest,0.01,16,B16,25,jump_profile,0.017420482462630053,0.214982634060908,0.31457006795441167,0.24984375945003326
ECMrest,0.01,16,B16,25,spectral,0.0076466123197554015,0.6478511866581141,0.7909306617453203,0.7158854424734913
ECMrest,0.01,16,B16,26,jump_profile,0.021220675108824055,0.20730721249364692,0.2832523891587028,0.22887717303960958
ECMrest,0.01,16,B16,26,spectral,0.007688989052187874,0.6055377045599554,0.7780780624707656,0.7027696025883408
ECMrest,0.01,16,B16,27,jump_profile,0.02183619970008257,0.20433872241101156,0.26903912136416147,0.22554321490182397
ECMrest,0.01,16,B16,27,spectral,0.007646637209937028,0.6469401479488904,0.8226950354609929,0.665911664779162
ECMrest,0.01,16,B16,28,jump_profile,0.017344179680738737,0.15571301728790543,0.24244809431355058,0.17046059244368236
ECMrest,0.01,16,B16,28,spectral,0.007688989052187874,0.619337524829635,0.7952983980642541,0.7203563811763768
ECMrest,0.01,16,B16,29,jump_profile,0.023157678352254754,0.26744059099676115,0.34746831971035164,0.2973662910155034
ECMrest,0.01,16,B16,29,spectral,0.007953863153111251,0.612371385295705,0.7866050969897326,0.7114645538934548
ECMrest,0.01,20,AA20,0,jump_profile,0.015790010856649394,0.17341944530586378,0.2990217015477861,0.21781991859398162
ECMrest,0.01,20,AA20,0,spectral,0.007689469647120356,0.6721563943803627,0.8612453795848735,0.7887217231302089
ECMrest,0.01,20,AA20,1,jump_profile,0.015278413584448071,0.1993959835730112,0.2920419940799421,0.23429693519922448
ECMrest,0.01,20,AA20,1,spectral,0.007689469647120356,0.6338818973862537,0.7803406326034064,0.7479620323841429
ECMrest,0.01,20,AA20,2,jump_profile,0.01706006411059268,0.20351881404887828,0.3022816335461797,0.2521597653475103
ECMrest,0.01,20,AA20,2,spectral,0.007689469647120356,0.6416993522792197,0.7874194110472208,0.7563194922213098
ECMrest,0.01,20,AA20,3,jump_profile,0.021979551914622787,0.2160726525017135,0.29676557415907084,0.23871114136600863
ECMrest,0.01,20,AA20,3,spectral,0.007689469647120356,0.6338818973862537,0.7803406326034064,0.7479620323841429
ECMrest,0.01,20,AA20,4,jump_profile,0.01360157145771031,0.24228223678720223,0.3504482004220635,0.29603408863933955
ECMrest,0.01,20,AA20,4,spectral,0.007689469647120357,0.6338818973862537,0.7803406326034064,0.7479620323841429
ECMrest,0.01,20,AA20,5,jump_profile,0.012550083443986934,0.13068051789540844,0.1830414129365727,0.1388165421220456
ECMrest,0.01,20,AA20,5,spectral,0.00931775726511499,0.5796795403591287,0.7476157967686548,0.6924443590790137
ECMrest,0.01,20,AA20,6,jump_profile,0.01651305258905148,0.22647941096263977,0.30360999691453255,0.2654107547394778
ECMrest,0.01,20,AA20,6,spectral,0.0077027774152733305,0.5922264197513936,0.7476157967686548,0.7070898657895369
ECMrest,0.01,20,AA20,7,jump_profile,0.01705397077964489,0.2807496586818915,0.3844537378024676,0.3438006140160031
ECMrest,0.01,20,AA20,7,spectral,0.011817536561752249,0.6575024201355276,0.851581508515815,0.7752093802345059
ECMrest,0.01,20,AA20,8,jump_profile,0.0196869820403491,0.1448120972016851,0.2360716465660584,0.1702002500061276
ECMrest,0.01,20,AA20,8,spectral,0.007689469647120356,0.6338818973862537,0.7803406326034064,0.7479620323841429
ECMrest,0.01,20,AA20,9,jump_profile,0.014449687350283388,0.21765752347854866,0.2956120092378753,0.25532429231029563
ECMrest,0.01,20,AA20,9,spectral,0.007689469647120356,0.6416993522792197,0.7874194110472208,0.7563194922213098
ECMrest,0.01,20,AA20,10,jump_profile,0.017056570971908273,0.20682529005055514,0.28516123631950113,0.22790448604045468
ECMrest,0.01,20,AA20,10,spectral,0.007689469647120356,0.6416993522792197,0.7874194110472208,0.7563194922213098
ECMrest,0.01,20,AA20,11,jump_profile,0.019533640439197718,0.23220688076893736,0.3362211480109653,0.2872964486527274
ECMrest,0.01,20,AA20,11,spectral,0.0076894696471203556,0.6338818973862537,0.7803406326034064,0.7479620323841429
ECMrest,0.01,20,AA20,12,jump_profile,0.020148363330505577,0.19586809139859945,0.27458904253751765,0.21505429054633693
ECMrest,0.01,20,AA20,12,spectral,0.008136800612051276,0.5758112898827379,0.7553224313483493,0.6872540837009657
ECMrest,0.01,20,AA20,13,jump_profile,0.01848444152373123,0.22405020352781546,0.2978572693465557,0.2479697785418599
ECMrest,0.01,20,AA20,13,spectral,0.011817536561752249,0.6575024201355276,0.851581508515815,0.7752093802345059
ECMrest,0.01,20,AA20,14,jump_profile,0.015848038880718764,0.17687628512679918,0.27047643674445665,0.22333156846431182
ECMrest,0.01,20,AA20,14,spectral,0.007689469647120356,0.6338818973862537,0.7803406326034064,0.7479620323841429
ECMrest,0.01,20,AA20,15,jump_profile,0.013651667361963545,0.23813488759367193,0.3310121595434315,0.27978424597946855
ECMrest,0.01,20,AA20,15,spectral,0.007689036324305968,0.5947091033978058,0.7401792801688254,0.7021682682704898
ECMrest,0.01,20,AA20,16,jump_profile,0.015210061313831942,0.2213960884970566,0.28742817452800407,0.2449569842398098
ECMrest,0.01,20,AA20,16,spectral,0.009317757265114988,0.5796795403591287,0.7476157967686548,0.6924443590790137
ECMrest,0.01,20,AA20,17,jump_profile,0.024320085702042693,0.16409871829833653,0.22832459117556309,0.1781328246095147
ECMrest,0.01,20,AA20,17,spectral,0.007728702278657368,0.5947091033978058,0.7401792801688254,0.7021682682704898
ECMrest,0.01,20,AA20,18,jump_profile,0.017244472326472735,0.2050390964378801,0.2956120092378753,0.22583218507505984
ECMrest,0.01,20,AA20,18,spectral,0.007689469647120356,0.6338818973862537,0.7803406326034064,0.7479620323841429
ECMrest,0.01,20,AA20,19,jump_profile,0.017055329650384105,0.19640522656726625,0.259753655724774,0.2158833290485428
ECMrest,0.01,20,AA20,19,spectral,0.007729182873589848,0.6261432567495364,0.814993839446498,0.7359021539127611
ECMrest,0.01,20,AA20,20,jump_profile,0.017145603302609103,0.16409871829833653,0.25341972642188626,0.1781328246095147
ECMrest,0.01,20,AA20,20,spectral,0.008136800612051277,0.5758112898827379,0.7553224313483493,0.6872540837009657
ECMrest,0.01,20,AA20,21,jump_profile,0.017849193222740926,0.14593167453396272,0.23319053078300045,0.1573216317243621
ECMrest,0.01,20,AA20,21,spectral,0.007688989052187874,0.5682041878463467,0.7704761323652043,0.6770816177681576
ECMrest,0.01,20,AA20,22,jump_profile,0.020503797151435233,0.20327315859118428,0.2554666004675314,0.20914263763174953
ECMrest,0.01,20,AA20,22,spectral,0.0076894696471203556,0.6416993522792197,0.7874194110472208,0.7563194922213098
ECMrest,0.01,20,AA20,23,jump_profile,0.013834016587692134,0.18478375249921078,0.28972160474224623,0.21708009379242255
ECMrest,0.01,20,AA20,23,spectral,0.0076894696471203556,0.6338818973862537,0.7803406326034064,0.7479620323841429
ECMrest,0.01,20,AA20,24,jump_profile,0.018483145376485426,0.19980068742500356,0.27634943036550697,0.2342310334209716
ECMrest,0.01,20,AA20,24,spectral,0.009317757265114992,0.5796795403591287,0.7476157967686548,0.6924443590790137
ECMrest,0.01,20,AA20,25,jump_profile,0.01712513805251924,0.1703400943001423,0.2360716465660584,0.18515159685286403
ECMrest,0.01,20,AA20,25,spectral,0.007688989052187875,0.5682041878463467,0.7704761323652043,0.6770816177681576
ECMrest,0.01,20,AA20,26,jump_profile,0.012542117253538338,0.17194570135746606,0.250979146819096,0.20202394174996915
ECMrest,0.01,20,AA20,26,spectral,0.007689469647120356,0.6416993522792197,0.7874194110472208,0.7563194922213098
ECMrest,0.01,20,AA20,27,jump_profile,0.016903427330565744,0.15757609575091372,0.2360716465660584,0.1702002500061276
ECMrest,0.01,20,AA20,27,spectral,0.009223626785992737,0.5882874284155986,0.7553224313483493,0.701800405389293
ECMrest,0.01,20,AA20,28,jump_profile,0.014176253002490194,0.19980068742500356,0.30130289828393775,0.2342310334209716
ECMrest,0.01,20,AA20,28,spectral,0.007689469647120357,0.6338818973862537,0.7803406326034064,0.7479620323841429
ECMrest,0.01,20,AA20,29,jump_profile,0.01632727240299613,0.24897400820793433,0.3284640626653964,0.29236085400468964
ECMrest,0.01,20,AA20,29,spectral,0.007689469647120356,0.6338818973862537,0.7803406326034064,0.7479620323841429
ECMrest,0.01,23,L23,0,jump_profile,0.015286106457401931,0.2046340147473173,0.33064096472770876,0.2577090743761868
ECMrest,0.01,23,L23,0,spectral,0.0077033052823239035,0.5355295779414253,0.7019566038154885,0.6490861072614597
ECMrest,0.01,23,L23,1,jump_profile,0.015108052003126241,0.18549389754945597,0.2684389366380172,0.2024684255942264
ECMrest,0.01,23,L23,1,spectral,0.007742971236675303,0.5355295779414253,0.7019566038154885,0.6490861072614597
ECMrest,0.01,23,L23,2,jump_profile,0.01383421438333436,0.09618386228425363,0.1944994649727933,0.11229687121028377
ECMrest,0.01,23,L23,2,spectral,0.007729182873589848,0.5108012426847771,0.7272925526114927,0.6177260519247986
ECMrest,0.01,23,L23,3,jump_profile,0.01914784260005685,0.2617684982016423,0.333378867563691,0.29312528633411483
ECMrest,0.01,23,L23,3,spectral,0.007729230145707941,0.5420389021823343,0.6971389561223856,0.6485078389474442
ECMrest,0.01,23,L23,4,jump_profile,0.01266820148052465,0.194652260345691,0.28024835612986,0.24625913152106021
ECMrest,0.01,23,L23,4,spectral,0.011882293974362336,0.5827633378932968,0.7417169471789986,0.6988769591509317
ECMrest,0.01,23,L23,5,jump_profile,0.013268475839655632,0.12966987077865336,0.2022233120810855,0.13513663784715466
ECMrest,0.01,23,L23,5,spectral,0.007742971236675303,0.5259137540524936,0.6933029429509955,0.6384256698016281
ECMrest,0.01,23,L23,6,jump_profile,0.012715231232856136,0.12522573106514712,0.21036955575411825,0.16343046465524264
ECMrest,0.01,23,L23,6,spectral,0.0077033052823239035,0.5355295779414253,0.7019566038154885,0.6490861072614597
ECMrest,0.01,23,L23,7,jump_profile,0.01705604684619836,0.16517746058316557,0.27782710652733195,0.21093055218691892
ECMrest,0.01,23,L23,7,spectral,0.0077364258364972585,0.5202783742826979,0.7355357568663154,0.6282282434800274
ECMrest,0.01,23,L23,8,jump_profile,0.0184204087487709,0.194652260345691,0.2942241162050084,0.2296933981478967
ECMrest,0.01,23,L23,8,spectral,0.007729182873589848,0.5682041878463467,0.7208493501738972,0.6770816177681576
ECMrest,0.01,23,L23,9,jump_profile,0.016640367590899596,0.2143713638584181,0.25711157292574466,0.22060644379462052
ECMrest,0.01,23,L23,9,spectral,0.007703273608556407,0.5355295779414253,0.7019566038154885,0.6490861072614597
ECMrest,0.01,23,L23,10,jump_profile,0.01357615221052482,0.17855886007311275,0.2595001192256834,0.19449452754005941
ECMrest,0.01,23,L23,10,spectral,0.008709831391729364,0.5728506072380186,0.7355357568663154,0.6901902029000229
ECMrest,0.01,23,L23,11,jump_profile,0.015340483697825362,0.1513787409233832,0.25005122600915236,0.17805265852804053
ECMrest,0.01,23,L23,11,spectral,0.007742971236675304,0.5259137540524936,0.6933029429509955,0.6384256698016281
ECMrest,0.01,23,L23,12,jump_profile,0.018123367094177653,0.11271541686073591,0.19831223628691982,0.1318864774624374
ECMrest,0.01,23,L23,12,spectral,0.007742971236675302,0.5355295779414253,0.7019566038154885,0.6490861072614597
ECMrest,0.01,23,L23,13,jump_profile,0.013066796595510622,0.2528084514709885,0.34972349923379303,0.29817221452291925
ECMrest,0.01,23,L23,13,spectral,0.007742971236675304,0.5355295779414253,0.7019566038154885,0.6490861072614597
ECMrest,0.01,23,L23,14,jump_profile,0.01534818959919169,0.15797328961511992,0.28769938578668347,0.20296905840816212
ECMrest,0.01,23,L23,14,spectral,0.009347358140185759,0.5411133642964611,0.7189495162245771,0.6542217412589214
ECMrest,0.01,23,L23,15,jump_profile,0.017783376905070133,0.19092080810502968,0.2892373130613815,0.2250809018212939
ECMrest,0.01,23,L23,15,spectral,0.007729182873589848,0.5682041878463467,0.7208493501738972,0.6770816177681576
ECMrest,0.01,23,L23,16,jump_profile,0.015340483697825362,0.13118939028376633,0.26157064616975767,0.1709866337882142
ECMrest,0.01,23,L23,16,spectral,0.007729193949192612,0.5508590128170167,0.705132160855703,0.6581614403243115
ECMrest,0.01,23,L23,17,jump_profile,0.012544187178062497,0.18549389754945597,0.2684389366380172,0.21841905708234186
ECMrest,0.01,23,L23,17,spectral,0.00789160245149334,0.5220666671571188,0.6884091767161925,0.6331354757733442
ECMrest,0.01,23,L23,18,jump_profile,0.013834145829539261,0.1154793833540481,0.21038197415476426,0.1355543531473036
ECMrest,0.01,23,L23,18,spectral,0.008137297043667814,0.5278123023920106,0.7189495162245771,0.6385045476797815
ECMrest,0.01,23,L23,19,jump_profile,0.01982723788995042,0.10864156825130387,0.220231226950836,0.14351047043406168
ECMrest,0.01,23,L23,19,spectral,0.008709831391729365,0.5636875948269634,0.7272925526114927,0.6801381250799335
ECMrest,0.01,23,L23,20,jump_profile,0.017781873872680935,0.1077554456487425,0.18640838361384565,0.11168702949524867
ECMrest,0.01,23,L23,20,spectral,0.007956777782098858,0.6253180847641054,0.7912941747787122,0.7545876917486438
ECMrest,0.01,23,L23,21,jump_profile,0.01718296519444104,0.18441678192715538,0.27102912170785476,0.20079988967039028
ECMrest,0.01,23,L23,21,spectral,0.00900839257350663,0.5728506072380186,0.7355357568663154,0.6901902029000229
ECMrest,0.01,23,L23,22,jump_profile,0.012668277348769422,0.194652260345691,0.28024835612986,0.24625913152106021
ECMrest,0.01,23,L23,22,spectral,0.007689485245470953,0.5108012426847771,0.7272925526114927,0.6177260519247986
ECMrest,0.01,23,L23,23,jump_profile,0.024574567827889776,0.1316422544122299,0.21424922824083328,0.1386658996417645
ECMrest,0.01,23,L23,23,spectral,0.007729193949192612,0.5595802233114361,0.7130351189380458,0.6676851654468368
ECMrest,0.01,23,L23,24,jump_profile,0.012543195314687373,0.2046340147473173,0.27543609583927237,0.2250809018212939
ECMrest,0.01,23,L23,24,spectral,0.010298303795189591,0.5518876294440384,0.7125291862133968,0.6640548727063359
ECMrest,0.01,23,L23,25,jump_profile,0.01879589175178258,0.18076695448958222,0.26627259605471165,0.2131276647747332
ECMrest,0.01,23,L23,25,spectral,0.009348218553188401,0.5316476059551317,0.7105048230801492,0.6437563267319023
ECMrest,0.01,23,L23,26,jump_profile,0.017538596543516534,0.16541580183428256,0.2198304827556307,0.17900403768506057
ECMrest,0.01,23,L23,26,spectral,0.00900839257350663,0.5819054146675805,0.7436809102075118,0.7000983284169124
ECMrest,0.01,23,L23,27,jump_profile,0.017110489246345468,0.1618320610687023,0.24564362001124226,0.17425348374253483
ECMrest,0.01,23,L23,27,spectral,0.007742971236675304,0.5355295779414253,0.7019566038154885,0.6490861072614597
ECMrest,0.01,23,L23,28,jump_profile,0.017109896346076084,0.10471643284361688,0.18715437404224133,0.12271526815364904
ECMrest,0.01,23,L23,28,spectral,0.008138589006092817,0.5012101785831098,0.6921828034840607,0.6070701605215016
ECMrest,0.01,23,L23,29,jump_profile,0.012758474302608513,0.10998258194403601,0.1944994649727933,0.14517476486916214
ECMrest,0.01,23,L23,29,spectral,0.007750214199582713,0.5450291029278422,0.7105048230801492,0.6595893788771511
ECMrest,0.05,16,B16,0,jump_profile,0.09133633475712645,0.23737289548258042,0.3236664761013807,0.2747578303155515
ECMrest,0.05,16,B16,0,spectral,0.036200591271721025,0.619337524829635,0.7952983980642541,0.7203563811763768
ECMrest,0.05,16,B16,1,jump_profile,0.09206347970143797,0.1989344139276602,0.2810808772227565,0.23223391208933067
ECMrest,0.05,16,B16,1,spectral,0.03620091590399848,0.6055377045599554,0.7780780624707656,0.7027696025883408
ECMrest,0.05,16,B16,2,jump_profile,0.07716766955821147,0.19576101468624832,0.26887938982482606,0.20452200018763486
ECMrest,0.05,16,B16,2,spectral,0.036200591271721025,0.619337524829635,0.7952983980642541,0.7203563811763768
ECMrest,0.05,16,B16,3,jump_profile,0.09388294280409845,0.1703042955652559,0.24920990360029857,0.19854328695130768
ECMrest,0.05,16,B16,3,spectral,0.03620091590399849,0.6512151734972046,0.7823210959667172,0.7070928796817122
ECMrest,0.05,16,B16,4,jump_profile,0.08951401506516124,0.1870407341981206,0.255734504636408,0.21714305669536066
ECMrest,0.05,16,B16,4,spectral,0.03619947823728952,0.6199892572555057,0.8269676794980895,0.6698333302226619
ECMrest,0.05,16,B16,5,jump_profile,0.08089836391505026,0.2709683557098857,0.3822480328368375,0.30118210020478925
ECMrest,0.05,16,B16,5,spectral,0.03620091590399849,0.6055377045599554,0.7780780624707656,0.7027696025883408
ECMrest,0.05,16,B16,6,jump_profile,0.0754435605417762,0.3010528677425041,0.36191441767649946,0.33376304811015023
ECMrest,0.05,16,B16,6,spectral,0.03747459113647782,0.612371385295705,0.7866050969897326,0.7114645538934548
ECMrest,0.05,16,B16,7,jump_profile,0.09385032946352563,0.30396772024209817,0.41742654508611954,0.3261608154020385
ECMrest,0.05,16,B16,7,spectral,0.036200591271721025,0.619337524829635,0.7952983980642541,0.7203563811763768
ECMrest,0.05,16,B16,8,jump_profile,0.06878807255472605,0.21815900331630367,0.3187426821579753,0.2660344651779341
ECMrest,0.05,16,B16,8,spectral,0.03620091590399849,0.6055377045599554,0.7780780624707656,0.7027696025883408
ECMrest,0.05,16,B16,9,jump_profile,0.058542536315005646,0.19105479110466303,0.27593038547590987,0.2105868594106482
ECMrest,0.05,16,B16,9,spectral,0.03620091590399849,0.6055377045599554,0.7780780624707656,0.7027696025883408
ECMrest,0.05,16,B16,10,jump_profile,0.09532114185585974,0.24455516014234877,0.30913770913770916,0.25918072289156624
ECMrest,0.05,16,B16,10,spectral,0.03619947823728953,0.5794547780294262,0.8269676794980895,0.6698333302226619
ECMrest,0.05,16,B16,11,jump_profile,0.07672751946514561,0.2237153024911032,0.2986700986700987,0.23566265060240965
ECMrest,0.05,16,B16,11,spectral,0.036200591271721025,0.619337524829635,0.7952983980642541,0.7203563811763768
ECMrest,0.05,16,B16,12,jump_profile,0.09768647350405679,0.1716713311125443,0.2492910268072128,0.1883555430115114
ECMrest,0.05,16,B16,12,spectral,0.03620091590399848,0.6055377045599554,0.7780780624707656,0.7027696025883408
ECMrest,0.05,16,B16,13,jump_profile,0.0974894371316319,0.24920621707435991,0.30571239088741914,0.26407672499442403
ECMrest,0.05,16,B16,13,spectral,0.03530759787021036,0.5955273955523315,0.7655889737152226,0.6900822485093656
ECMrest,0.05,16,B16,14,jump_profile,0.07690956710905197,0.23934529197687093,0.3317737054159936,0.2782742811265344
ECMrest,0.05,16,B16,14,spectral,0.03619947823728953,0.5794547780294262,0.8269676794980895,0.6698333302226619
ECMrest,0.05,16,B16,15,jump_profile,0.07713458324393428,0.14876704585600226,0.247555153257725,0.1868623088179285
ECMrest,0.05,16,B16,15,spectral,0.03600147837043181,0.6335770432155974,0.7738754116450284,0.6984939233587254
ECMrest,0.05,16,B16,16,jump_profile,0.07073896361036855,0.24504532441427124,0.338405833375048,0.2713563149741503
ECMrest,0.05,16,B16,16,spectral,0.03620091590399849,0.619337524829635,0.7952983980642541,0.7203563811763768
ECMrest,0.05,16,B16,17,jump_profile,0.10108027264836508,0.27253259980152855,0.32780605551765757,0.27866138473363683
ECMrest,0.05,16,B16,17,spectral,0.03620091590399849,0.6512151734972046,0.7823210959667172,0.7070928796817122
ECMrest,0.05,16,B16,18,jump_profile,0.07716921412864627,0.12662505011167746,0.20672213360923108,0.15009682142351108
ECMrest,0.05,16,B16,18,spectral,0.03620091590399848,0.6512151734972046,0.7823210959667172,0.7070928796817122
ECMrest,0.05,16,B16,19,jump_profile,0.08681136412939121,0.1996617878593504,0.2870199490289129,0.24437617679120008
ECMrest,0.05,16,B16,19,spectral,0.036200591271721025,0.619337524829635,0.7952983980642541,0.7203563811763768
ECMrest,0.05,16,B16,20,jump_profile,0.07695589584492371,0.19042205984894206,0.2673837404404882,0.20970281636802138
ECMrest,0.05,16,B16,20,spectral,0.03620091590399848,0.619337524829635,0.7952983980642541,0.7203563811763768
ECMrest,0.05,16,B16,21,jump_profile,0.08900401434998874,0.2988684835636382,0.38326881968917903,0.3475288357629623
ECMrest,0.05,16,B16,21,spectral,0.03620091590399849,0.619337524829635,0.7952983980642541,0.7203563811763768
ECMrest,0.05,16,B16,22,jump_profile,0.09207831905512447,0.17273839280965803,0.25234318673395817,0.19043377571924824
ECMrest,0.05,16,B16,22,spectral,0.03606805056314161,0.6265756936500911,0.7780780624707656,0.7027696025883408
ECMrest,0.05,16,B16,23,jump_profile,0.08780757203098231,0.18829236522071127,0.26205099571933743,0.20752176304360195
ECMrest,0.05,16,B16,23,spectral,0.03620091590399849,0.619337524829635,0.7952983980642541,0.7203563811763768
ECMrest,0.05,16,B16,24,jump_profile,0.08896936147961942,0.24504532441427124,0.2875139744038978,0.2485861998170925
ECMrest,0.05,16,B16,24,spectral,0.03620091590399849,0.6055377045599554,0.7780780624707656,0.7027696025883408
ECMrest,0.05,16,B16,25,jump_profile,0.06521979428195146,0.2754974330157595,0.37152155911183005,0.30716979467613525
ECMrest,0.05,16,B16,25,spectral,0.03620091590399848,0.6476136827402268,0.7780780624707656,0.7027696025883408
ECMrest,0.05,16,B16,26,jump_profile,0.06898433574672078,0.23934529197687093,0.3430995748157225,0.291162240392132
ECMrest,0.05,16,B16,26,spectral,0.03620091590399849,0.619337524829635,0.7952983980642541,0.7203563811763768
ECMrest,0.05,16,B16,27,jump_profile,0.09263636250918925,0.13032315860773047,0.20184664000395003,0.14267604857526042
ECMrest,0.05,16,B16,27,spectral,0.03620091590399848,0.6055377045599554,0.7780780624707656,0.7027696025883408
ECMrest,0.05,16,B16,28,jump_profile,0.07730918650335666,0.21033296402122573,0.26557693997715087,0.22019621444851847
ECMrest,0.05,16,B16,28,spectral,0.03620091590399848,0.619337524829635,0.7952983980642541,0.7203563811763768
ECMrest,0.05,16,B16,29,jump_profile,0.06828644017645813,0.2566848590944977,0.34266108036345455,0.2728382857475141
ECMrest,0.05,16,B16,29,spectral,0.036200591271721025,0.5988327402135232,0.7697125697125697,0.6942650602409639
ECMrest,0.05,20,AA20,0,jump_profile,0.0868867865300414,0.20871248789932237,0.2697810218978102,0.2166387493020659
ECMrest,0.05,20,AA20,0,spectral,0.036214141336120165,0.6416993522792197,0.7874194110472208,0.7563194922213098
ECMrest,0.05,20,AA20,1,jump_profile,0.07786751298005003,0.11928410010322797,0.2360716465660584,0.15524890315939116
ECMrest,0.05,20,AA20,1,spectral,0.03621414133612016,0.6416993522792197,0.7874194110472208,0.7563194922213098
ECMrest,0.05,20,AA20,2,jump_profile,0.08168012788390809,0.21400327242977912,0.25341972642188626,0.2363181113628234
ECMrest,0.05,20,AA20,2,spectral,0.03621414133612016,0.6338818973862537,0.7803406326034064,0.7479620323841429
ECMrest,0.05,20,AA20,3,jump_profile,0.09016832268743268,0.13424797117799048,0.22477005504050324,0.1707656227300085
ECMrest,0.05,20,AA20,3,spectral,0.036214141336120165,0.6416993522792197,0.7874194110472208,0.7563194922213098
ECMrest,0.05,20,AA20,4,jump_profile,0.08415487866112356,0.1993959835730112,0.2920419940799421,0.21913449827247644
ECMrest,0.05,20,AA20,4,spectral,0.03620091590399849,0.5835919076579372,0.7398206520608368,0.6977059008388329
ECMrest,0.05,20,AA20,5,jump_profile,0.06883722919739087,0.194134494691364,0.29792621424236715,0.24275247669352287
ECMrest,0.05,20,AA20,5,spectral,0.03620091590399848,0.5835919076579372,0.7398206520608368,0.6977059008388329
ECMrest,0.05,20,AA20,6,jump_profile,0.06840023354479603,0.23510456132781427,0.3238350926434397,0.2752276309907536
ECMrest,0.05,20,AA20,6,spectral,0.03621414133612016,0.6182042278385127,0.7637993456080231,0.7292438802458998
ECMrest,0.05,20,AA20,7,jump_profile,0.07729533314339046,0.22522191958678503,0.2920419940799421,0.2494593721259725
ECMrest,0.05,20,AA20,7,spectral,0.043396949631596765,0.5882874284155986,0.7553224313483493,0.701800405389293
ECMrest,0.05,20,AA20,8,jump_profile,0.06312029793579009,0.2104598547827002,0.28972160474224623,0.23213624583487596
ECMrest,0.05,20,AA20,8,spectral,0.037919980638764506,0.5671326609668639,0.7476157967686548,0.6777988523684906
ECMrest,0.05,20,AA20,9,jump_profile,0.05804460167167205,0.23510456132781427,0.2866150059999593,0.2608757028915606
ECMrest,0.05,20,AA20,9,spectral,0.03621414133612016,0.6258070138977346,0.8272758530024472,0.7433799985977049
ECMrest,0.05,20,AA20,10,jump_profile,0.10164684746227554,0.15668202764976957,0.24352435243524354,0.18394648829431437
ECMrest,0.05,20,AA20,10,spectral,0.036214141336120165,0.6338818973862537,0.7803406326034064,0.7479620323841429
ECMrest,0.05,20,AA20,11,jump_profile,0.07931466301048867,0.24427415126726373,0.31239296785242027,0.28743746667005254
ECMrest,0.05,20,AA20,11,spectral,0.04381776685582105,0.5796795403591287,0.7476157967686548,0.6924443590790137
ECMrest,0.05,20,AA20,12,jump_profile,0.06892933978366256,0.1671838153158744,0.2575369827101929,0.19634007783982402
ECMrest,0.05,20,AA20,12,spectral,0.03621414133612016,0.6338818973862537,0.7803406326034064,0.7479620323841429
ECMrest,0.05,20,AA20,13,jump_profile,0.06880074047636088,0.15757609575091372,0.2489107785565448,0.18515159685286403
ECMrest,0.05,20,AA20,13,spectral,0.04233176576182668,0.6258070138977346,0.7779260967174322,0.7433799985977049
ECMrest,0.05,20,AA20,14,jump_profile,0.09702983549416169,0.16409871829833653,0.24087215879872467,0.19267914629784189
ECMrest,0.05,20,AA20,14,spectral,0.036214141336120165,0.6338818973862537,0.7803406326034064,0.7479620323841429
ECMrest,0.05,20,AA20,15,jump_profile,0.0850105008642518,0.17817939980665465,0.26808581062909864,0.1944971309212264
ECMrest,0.05,20,AA20,15,spectral,0.03620091590399849,0.5922264197513936,0.7476157967686548,0.7070898657895369
ECMrest,0.05,20,AA20,16,jump_profile,0.0576364654204339,0.1775151648489801,0.2831011278551796,0.20770646173828336
ECMrest,0.05,20,AA20,16,spectral,0.036214141336120165,0.6416993522792197,0.7874194110472208,0.7563194922213098
ECMrest,0.05,20,AA20,17,jump_profile,0.0586324439825449,0.19242066939721153,0.2702286582194203,0.21108613145744193
ECMrest,0.05,20,AA20,17,spectral,0.03620230484286517,0.5947091033978058,0.7401792801688254,0.7021682682704898
ECMrest,0.05,20,AA20,18,jump_profile,0.07684620348464018,0.1775151648489801,0.24841247275139797,0.1945015694339214
ECMrest,0.05,20,AA20,18,spectral,0.036214141336120165,0.6338818973862537,0.7803406326034064,0.7479620323841429
ECMrest,0.05,20,AA20,19,jump_profile,0.07112728007994382,0.20152713389691845,0.30360999691453255,0.2508644330511506
ECMrest,0.05,20,AA20,19,spectral,0.03621414133612016,0.6338818973862537,0.7803406326034064,0.7479620323841429
ECMrest,0.05,20,AA20,20,jump_profile,0.0690626235150427,0.1976218036409555,0.3026357573832963,0.24719239787732938
ECMrest,0.05,20,AA20,20,spectral,0.036214141336120165,0.6416993522792197,0.7874194110472208,0.7563194922213098
ECMrest,0.05,20,AA20,21,jump_profile,0.06909437548665215,0.17357004755923736,0.2790519389254456,0.1888096244189804
ECMrest,0.05,20,AA20,21,spectral,0.03621414133612016,0.6338818973862537,0.7803406326034064,0.7479620323841429
ECMrest,0.05,20,AA20,22,jump_profile,0.0904908940262929,0.2341600870462852,0.31310643850897685,0.25990833108654626
ECMrest,0.05,20,AA20,22,spectral,0.036214141336120165,0.6338818973862537,0.7803406326034064,0.7479620323841429
ECMrest,0.05,20,AA20,23,jump_profile,0.07709500715685601,0.21400327242977912,0.291062429291371,0.2654107547394778
ECMrest,0.05,20,AA20,23,spectral,0.05524894828218856,0.6258952005381095,0.7755166994887709,0.7414010403538119
ECMrest,0.05,20,AA20,24,jump_profile,0.07707886131501741,0.1703400943001423,0.2489107785565448,0.2001029436996005
ECMrest,0.05,20,AA20,24,spectral,0.03621414133612016,0.6416993522792197,0.7874194110472208,0.7563194922213098
ECMrest,0.05,20,AA20,25,jump_profile,0.11466829573317938,0.1732817037754114,0.281654501216545,0.2166387493020659
ECMrest,0.05,20,AA20,25,spectral,0.03621414133612016,0.6338818973862537,0.7803406326034064,0.7479620323841429
ECMrest,0.05,20,AA20,26,jump_profile,0.08419361199299111,0.18823713599833003,0.24984750998563643,0.20657361956251272
ECMrest,0.05,20,AA20,26,spectral,0.036214141336120165,0.6416993522792197,0.7874194110472208,0.7563194922213098
ECMrest,0.05,20,AA20,27,jump_profile,0.07976283878897245,0.18974489610247824,0.269387605829539,0.20874582321565696
ECMrest,0.05,20,AA20,27,spectral,0.03791998063876451,0.5671326609668639,0.7476157967686548,0.6777988523684906
ECMrest,0.05,20,AA20,28,jump_profile,0.08162006007274164,0.1864830155661243,0.2790519389254456,0.20397206134572843
ECMrest,0.05,20,AA20,28,spectral,0.03620091590399849,0.5835919076579372,0.7398206520608368,0.6977059008388329
ECMrest,0.05,20,AA20,29,jump_profile,0.07709500715685598,0.19809349171464397,0.2866150059999593,0.2465237747923676
ECMrest,0.05,20,AA20,29,spectral,0.055248948282188556,0.6258952005381095,0.7755166994887709,0.7414010403538119
ECMrest,0.05,23,L23,0,jump_profile,0.07295602610392274,0.14510516519653643,0.22779665534012924,0.15461653112987997
ECMrest,0.05,23,L23,0,spectral,0.03638341433454398,0.5355295779414253,0.7019566038154885,0.6490861072614597
ECMrest,0.05,23,L23,1,jump_profile,0.08419033525974903,0.16688164863347346,0.2522968359795633,0.17999619802840616
ECMrest,0.05,23,L23,1,spectral,0.036429120540893534,0.5450291029278422,0.7105048230801492,0.6595893788771511
ECMrest,0.05,23,L23,2,jump_profile,0.06464412143239649,0.23206042803189258,0.33064096472770876,0.29033724693107965
ECMrest,0.05,23,L23,2,spectral,0.05558638475543674,0.5738720557727318,0.7337038693328223,0.6891700430016654
ECMrest,0.05,23,L23,3,jump_profile,0.07513092233342793,0.1890895550176876,0.3005059021922428,0.23901791639017916
ECMrest,0.05,23,L23,3,spectral,0.03642912054089353,0.5355295779414253,0.7019566038154885,0.6490861072614597
ECMrest,0.05,23,L23,4,jump_profile,0.08186774099126078,0.14510516519653643,0.21424922824083328,0.15461653112987997
ECMrest,0.05,23,L23,4,spectral,0.04843926351360202,0.5427090472926662,0.7042472040855905,0.6539596097118221
ECMrest,0.05,23,L23,5,jump_profile,0.07452283422833167,0.19277489990273033,0.27782710652733195,0.2273694990163581
ECMrest,0.05,23,L23,5,spectral,0.04233176576182668,0.5728506072380186,0.7355357568663154,0.6901902029000229
ECMrest,0.05,23,L23,6,jump_profile,0.08413535169211342,0.14820331409420964,0.24564362001124226,0.15806237558062375
ECMrest,0.05,23,L23,6,spectral,0.03638341433454398,0.5355295779414253,0.7019566038154885,0.6490861072614597
ECMrest,0.05,23,L23,7,jump_profile,0.06516582166012444,0.12461446196024674,0.24418729932984248,0.16181327685752464
ECMrest,0.05,23,L23,7,spectral,0.036429120540893534,0.5450291029278422,0.7105048230801492,0.6595893788771511
ECMrest,0.05,23,L23,8,jump_profile,0.05863587241707388,0.16349439482045441,0.23403244417294508,0.192452729266401
ECMrest,0.05,23,L23,8,spectral,0.03642912054089353,0.5450291029278422,0.7105048230801492,0.6595893788771511
ECMrest,0.05,23,L23,9,jump_profile,0.07930898629983606,0.19711018163736874,0.2661633887380527,0.21626391881018506
ECMrest,0.05,23,L23,9,spectral,0.058148628866314514,0.5518876294440384,0.7125291862133968,0.6640548727063359
ECMrest,0.05,23,L23,10,jump_profile,0.0901825034012846,0.09618386228425363,0.1944994649727933,0.12873581803972298
ECMrest,0.05,23,L23,10,spectral,0.03793105390937806,0.5278123023920106,0.7189495162245771,0.6385045476797815
ECMrest,0.05,23,L23,11,jump_profile,0.09141790760297208,0.15381836572501986,0.23508886708101626,0.16523852155007035
ECMrest,0.05,23,L23,11,spectral,0.03643050947976022,0.5508590128170167,0.705132160855703,0.6581614403243115
ECMrest,0.05,23,L23,12,jump_profile,0.07711755731913539,0.22449930135072194,0.3108298171589311,0.24874791318864775
ECMrest,0.05,23,L23,12,spectral,0.036214141336120165,0.5394590753652796,0.7069339232642846,0.6544956400326668
ECMrest,0.05,23,L23,13,jump_profile,0.07709972959315865,0.22791668517120398,0.311635494178901,0.2848863247187755
ECMrest,0.05,23,L23,13,spectral,0.03621414133612016,0.5893812210786513,0.7561463122126724,0.7128886332139215
ECMrest,0.05,23,L23,14,jump_profile,0.06337138409907453,0.17035500230520978,0.2568743473720849,0.20079988967039028
ECMrest,0.05,23,L23,14,spectral,0.03638341433454398,0.5259137540524936,0.6933029429509955,0.6384256698016281
ECMrest,0.05,23,L23,15,jump_profile,0.06335354857959405,0.17035500230520978,0.2568743473720849,0.20079988967039028
ECMrest,0.05,23,L23,15,spectral,0.03727061081724818,0.6253180847641054,0.7912941747787122,0.7545876917486438
ECMrest,0.05,23,L23,16,jump_profile,0.07762338787369205,0.19277489990273033,0.3194909273046012,0.24380844584579728
ECMrest,0.05,23,L23,16,spectral,0.03884761405261605,0.5738720557727318,0.7337038693328223,0.6891700430016654
ECMrest,0.05,23,L23,17,jump_profile,0.0772344029364914,0.16349439482045441,0.2616348786171633,0.17613864298895457
ECMrest,0.05,23,L23,17,spectral,0.03791998063876451,0.5465644907603583,0.7355357568663154,0.6592092231900252
ECMrest,0.05,23,L23,18,jump_profile,0.05974482938560171,0.19528575478075053,0.25053204326553896,0.21414032104300326
ECMrest,0.05,23,L23,18,spectral,0.03638341433454398,0.5108012426847771,0.7272925526114927,0.6177260519247986
ECMrest,0.05,23,L23,19,jump_profile,0.07864545719836599,0.16349439482045441,0.220231226950836,0.17613864298895457
ECMrest,0.05,23,L23,19,spectral,0.04841331423059352,0.5240228307203236,0.6873841456765892,0.6333290702135823
ECMrest,0.05,23,L23,20,jump_profile,0.07930978173517024,0.14978118817816677,0.220231226950836,0.1598245567115081
ECMrest,0.05,23,L23,20,spectral,0.03638480327341067,0.5420389021823343,0.6971389561223856,0.6485078389474442
ECMrest,0.05,23,L23,21,jump_profile,0.06468065582558899,0.20271830199218022,0.31422147273749296,0.23901791639017916
ECMrest,0.05,23,L23,21,spectral,0.03638341433454398,0.5355295779414253,0.7019566038154885,0.6490861072614597
ECMrest,0.05,23,L23,22,jump_profile,0.07729343494505003,0.1513787409233832,0.2361632857500626,0.16161371169860134
ECMrest,0.05,23,L23,22,spectral,0.03638341433454398,0.5012101785831098,0.7189495162245771,0.6070701605215016
ECMrest,0.05,23,L23,23,jump_profile,0.08937808180879708,0.1513787409233832,0.25005122600915236,0.17805265852804053
ECMrest,0.05,23,L23,23,spectral,0.03638341433454398,0.5682041878463467,0.7208493501738972,0.6770816177681576
ECMrest,0.05,23,L23,24,jump_profile,0.0841929030390931,0.14820331409420964,0.218212478920742,0.15806237558062375
ECMrest,0.05,23,L23,24,spectral,0.0581486288663145,0.5609590877658448,0.7207138141783258,0.6740076060749174
ECMrest,0.05,23,L23,25,jump_profile,0.07932208979833577,0.14510516519653643,0.2007018011415373,0.15461653112987997
ECMrest,0.05,23,L23,25,spectral,0.036214141336120165,0.5355295779414253,0.7019566038154885,0.6490861072614597
ECMrest,0.05,23,L23,26,jump_profile,0.06904803989925962,0.15299634277736468,0.2522968359795633,0.16343046465524264
ECMrest,0.05,23,L23,26,spectral,0.036383414334543986,0.5355295779414253,0.7019566038154885,0.6490861072614597
ECMrest,0.05,23,L23,27,jump_profile,0.06377491081249737,0.18372868466465822,0.27962828068781315,0.23209697095543386
ECMrest,0.05,23,L23,27,spectral,0.036214141336120165,0.5394590753652796,0.7069339232642846,0.6544956400326668
ECMrest,0.05,23,L23,28,jump_profile,0.07729558205090976,0.14223144306131857,0.2427195730363151,0.16714935870914358
ECMrest,0.05,23,L23,28,spectral,0.044039274937127136,0.5316476059551317,0.7105048230801492,0.6437563267319023
ECMrest,0.05,23,L23,29,jump_profile,0.06360524230333134,0.19170191831194294,0.28594654353905186,0.22547550725005713
ECMrest,0.05,23,L23,29,spectral,0.03642912054089354,0.5202783742826979,0.7355357568663154,0.6282282434800274
ECMrest,0.1,16,B16,0,jump_profile,0.10540143880116384,0.23233301064859632,0.3172749391727494,0.24388609715242882
ECMrest,0.1,16,B16,0,spectral,0.06388939161452867,0.6133965463315061,0.8184613858439561,0.662031137459139
ECMrest,0.1,16,B16,1,jump_profile,0.15891608570054389,0.23503158688751297,0.3177897829589612,0.2605260309557311
ECMrest,0.1,16,B16,1,spectral,0.06971170746418512,0.612371385295705,0.7866050969897326,0.7114645538934548
ECMrest,0.1,16,B16,2,jump_profile,0.1336569564175402,0.2656729231860345,0.35918359690096985,0.3086414472980775
ECMrest,0.1,16,B16,2,spectral,0.0672758977124959,0.5826101468624834,0.8312798591903445,0.6737967914438503
ECMrest,0.1,16,B16,3,jump_profile,0.10468372601985997,0.2824408773434628,0.36335088205412397,0.3146067415730337
ECMrest,0.1,16,B16,3,spectral,0.0672787540245167,0.6055377045599554,0.7780780624707656,0.7027696025883408
ECMrest,0.1,16,B16,4,jump_profile,0.1482009393759809,0.22326832548755884,0.3059777102330294,0.24688561721404303
ECMrest,0.1,16,B16,4,spectral,0.06730884808296676,0.5955273955523315,0.7655889737152226,0.6900822485093656
ECMrest,0.1,16,B16,5,jump_profile,0.12226437440518156,0.19105479110466303,0.2863486533107889,0.22228186890086082
ECMrest,0.1,16,B16,5,spectral,0.0672787540245167,0.6055377045599554,0.7780780624707656,0.7027696025883408
ECMrest,0.1,16,B16,6,jump_profile,0.1301762065856551,0.28766271778685704,0.37849098484434984,0.3077764251965255
ECMrest,0.1,16,B16,6,spectral,0.0672787540245167,0.5943173987596353,0.7938492734031768,0.6395767309448354
ECMrest,0.1,16,B16,7,jump_profile,0.14991352114432527,0.22844568682714966,0.30448935540585237,0.2527879583717147
ECMrest,0.1,16,B16,7,spectral,0.06727875402451672,0.619337524829635,0.7952983980642541,0.7203563811763768
ECMrest,0.1,16,B16,8,jump_profile,0.11157685218919883,0.23331360634701137,0.31047881453222415,0.2461780709971896
ECMrest,0.1,16,B16,8,spectral,0.0672787540245167,0.6512151734972046,0.7823210959667172,0.7070928796817122
ECMrest,0.1,16,B16,9,jump_profile,0.1679281576269112,0.24488028527763628,0.32144227080935944,0.27079270877490463
ECMrest,0.1,16,B16,9,spectral,0.06727875402451672,0.619337524829635,0.7952983980642541,0.7203563811763768
ECMrest,0.1,16,B16,10,jump_profile,0.12080948044103944,0.28503119715435304,0.37279198523596097,0.31691606381924486
ECMrest,0.1,16,B16,10,spectral,0.06727875402451672,0.619337524829635,0.7952983980642541,0.7203563811763768
ECMrest,0.1,16,B16,11,jump_profile,0.1716469154866083,0.15213627241775524,0.22157885501906174,0.1782910012584413
ECMrest,0.1,16,B16,11,spectral,0.0672787540245167,0.619337524829635,0.7952983980642541,0.7203563811763768
ECMrest,0.1,16,B16,12,jump_profile,0.14944194756831725,0.2539903207935695,0.35176876210267793,0.25974751619493286
ECMrest,0.1,16,B16,12,spectral,0.06727355034217956,0.619337524829635,0.7952983980642541,0.7203563811763768
ECMrest,0.1,16,B16,13,jump_profile,0.13469745266076008,0.2899678682079197,0.37650503265596036,0.33420390979788334
ECMrest,0.1,16,B16,13,spectral,0.0672787540245167,0.6233311081441922,0.8312798591903445,0.6737967914438503
ECMrest,0.1,16,B16,14,jump_profile,0.1596744972071372,0.282022157472797,0.36461485045384656,0.312796646166916
ECMrest,0.1,16,B16,14,spectral,0.06727875402451672,0.619337524829635,0.7952983980642541,0.7203563811763768
ECMrest,0.1,16,B16,15,jump_profile,0.1669004266643443,0.25994262533331647,0.3432611139693973,0.28916817320467864
ECMrest,0.1,16,B16,15,spectral,0.06727875402451672,0.5943173987596353,0.7938492734031768,0.6395767309448354
ECMrest,0.1,16,B16,16,jump_profile,0.12878585503384526,0.24067271366144954,0.3384758006681709,0.27866138473363683
ECMrest,0.1,16,B16,16,spectral,0.06727875402451672,0.6055377045599554,0.7780780624707656,0.7027696025883408
ECMrest,0.1,16,B16,17,jump_profile,0.12394761441980377,0.24455516014234877,0.3300729300729301,0.2709397590361446
ECMrest,0.1,16,B16,17,spectral,0.06727875402451672,0.619337524829635,0.7952983980642541,0.7203563811763768
ECMrest,0.1,16,B16,18,jump_profile,0.14993948496262186,0.22063526982891374,0.29488160198548286,0.2439410407490037
ECMrest,0.1,16,B16,18,spectral,0.06727875402451672,0.6055377045599554,0.7780780624707656,0.7027696025883408
ECMrest,0.1,16,B16,19,jump_profile,0.13928705716894635,0.1863335291486346,0.267053111858022,0.21657652442884792
ECMrest,0.1,16,B16,19,spectral,0.0672787540245167,0.6476136827402268,0.7780780624707656,0.7027696025883408
ECMrest,0.1,16,B16,20,jump_profile,0.12827099682954723,0.25994262533331647,0.35488481106728403,0.28916817320467864
ECMrest,0.1,16,B16,20,spectral,0.0672787540245167,0.5943173987596353,0.7938492734031768,0.6395767309448354
ECMrest,0.1,16,B16,21,jump_profile,0.17364382185884378,0.2637274212144504,0.3539890294900342,0.280527578921458
ECMrest,0.1,16,B16,21,spectral,0.0672787540245167,0.6055377045599554,0.7780780624707656,0.7027696025883408
ECMrest,0.1,16,B16,22,jump_profile,0.15852322856932533,0.19998984651312338,0.284512213779387,0.22067768815666533
ECMrest,0.1,16,B16,22,spectral,0.0672787540245167,0.619337524829635,0.7952983980642541,0.7203563811763768
ECMrest,0.1,16,B16,23,jump_profile,0.12210538301512996,0.23585923546300755,0.3273418977780228,0.2868327104949999
ECMrest,0.1,16,B16,23,spectral,0.06727875402451672,0.619337524829635,0.7952983980642541,0.7203563811763768
ECMrest,0.1,16,B16,24,jump_profile,0.17519424323079008,0.20884192559487047,0.27237196081417187,0.23065981375765737
ECMrest,0.1,16,B16,24,spectral,0.06727875402451672,0.6512151734972046,0.7823210959667172,0.7070928796817122
ECMrest,0.1,16,B16,25,jump_profile,0.1499360404992055,0.29669485011529595,0.387117797208494,0.35560296199052327
ECMrest,0.1,16,B16,25,spectral,0.0672787540245167,0.619337524829635,0.7952983980642541,0.7203563811763768
ECMrest,0.1,16,B16,26,jump_profile,0.16146198702334302,0.22783947063984844,0.31170952693713266,0.2520420290128464
ECMrest,0.1,16,B16,26,spectral,0.0672787540245167,0.6055377045599554,0.7780780624707656,0.7027696025883408
ECMrest,0.1,16,B16,27,jump_profile,0.12265112988080625,0.24789189002764828,0.35536961003412854,0.2985362621084842
ECMrest,0.1,16,B16,27,spectral,0.0672787540245167,0.619337524829635,0.7952983980642541,0.7203563811763768
ECMrest,0.1,16,B16,28,jump_profile,0.16251952927388036,0.254759379596046,0.3320263515780922,0.2948117438360806
ECMrest,0.1,16,B16,28,spectral,0.06697581012311514,0.648095663544545,0.8041628765584034,0.7294518476705038
ECMrest,0.1,16,B16,29,jump_profile,0.1583792444552466,0.24789189002764828,0.3130987647904648,0.2747578303155515
ECMrest,0.1,16,B16,29,spectral,0.06690931860116316,0.6478511866581141,0.7909306617453203,0.7158854424734913
ECMrest,0.1,20,AA20,0,jump_profile,0.11563757550765566,0.18820222725369257,0.2943898207056102,0.20594788094224847
ECMrest,0.1,20,AA20,0,spectral,0.0695394302413537,0.5758112898827379,0.7553224313483493,0.6872540837009657
ECMrest,0.1,20,AA20,1,jump_profile,0.1442322513173421,0.24942545099554597,0.3387331001615839,0.29202491769108696
ECMrest,0.1,20,AA20,1,spectral,0.06733654201986598,0.6416993522792197,0.7874194110472208,0.7563194922213098
ECMrest,0.1,20,AA20,2,jump_profile,0.13597806604706833,0.2448976761281285,0.3362211480109653,0.2724484579996592
ECMrest,0.1,20,AA20,2,spectral,0.06733654201986597,0.6416993522792197,0.7874194110472208,0.7563194922213098
ECMrest,0.1,20,AA20,3,jump_profile,0.14935480356358927,0.29110131433703795,0.381658702083204,0.3263066913159348
ECMrest,0.1,20,AA20,3,spectral,0.06733654201986598,0.6416993522792197,0.7874194110472208,0.7563194922213098
ECMrest,0.1,20,AA20,4,jump_profile,0.1257511153996352,0.20867384906242248,0.309103412009789,0.2443966625376867
ECMrest,0.1,20,AA20,4,spectral,0.07844819151246193,0.621611177774614,0.7754187887341228,0.7399275207844809
ECMrest,0.1,20,AA20,5,jump_profile,0.10511301734322878,0.24015728470945624,0.3466572413940835,0.28229904623626306
ECMrest,0.1,20,AA20,5,spectral,0.06733654201986598,0.6416993522792197,0.7874194110472208,0.7563194922213098
ECMrest,0.1,20,AA20,6,jump_profile,0.12737131439992622,0.24015728470945624,0.3205235310498468,0.29756927929506594
ECMrest,0.1,20,AA20,6,spectral,0.07844819151246193,0.6258070138977346,0.7779260967174322,0.7433799985977049
ECMrest,0.1,20,AA20,7,jump_profile,0.11663221821783869,0.29455420652851616,0.3954654855085654,0.32993666300511837
ECMrest,0.1,20,AA20,7,spectral,0.07841451408107225,0.6012697689074222,0.7532512185749246,0.714866665108561
ECMrest,0.1,20,AA20,8,jump_profile,0.14936563193250263,0.2222770125159775,0.28374332178711914,0.24591490413791553
ECMrest,0.1,20,AA20,8,spectral,0.06733654201986598,0.6416993522792197,0.7874194110472208,0.7563194922213098
ECMrest,0.1,20,AA20,9,jump_profile,0.11285559423780715,0.1671838153158744,0.2575369827101929,0.1815940242222061
ECMrest,0.1,20,AA20,9,spectral,0.06733654201986598,0.6416993522792197,0.7874194110472208,0.7563194922213098
ECMrest,0.1,20,AA20,10,jump_profile,0.12731770914284382,0.279123577801279,0.37279095173832016,0.31283951235386886
ECMrest,0.1,20,AA20,10,spectral,0.06728073995776536,0.610591306667683,0.7546118039193149,0.7192451837727661
ECMrest,0.1,20,AA20,11,jump_profile,0.1603711795491912,0.10171802563403327,0.19068188830607838,0.11994753785620603
ECMrest,0.1,20,AA20,11,spectral,0.06733654201986598,0.6416993522792197,0.7874194110472208,0.7563194922213098
ECMrest,0.1,20,AA20,12,jump_profile,0.13805886189816086,0.20017482517482518,0.27385238966609604,0.2203723392222951
ECMrest,0.1,20,AA20,12,spectral,0.06733654201986598,0.6416993522792197,0.7874194110472208,0.7563194922213098
ECMrest,0.1,20,AA20,13,jump_profile,0.1389781504516818,0.20682529005055514,0.27239625839663506,0.25760046734659103
ECMrest,0.1,20,AA20,13,spectral,0.06733654201986598,0.6338818973862537,0.7803406326034064,0.7479620323841429
ECMrest,0.1,20,AA20,14,jump_profile,0.1502209791058385,0.1952919879057884,0.2559679386652727,0.2148072527131095
ECMrest,0.1,20,AA20,14,spectral,0.06727875402451672,0.5835919076579372,0.7398206520608368,0.6977059008388329
ECMrest,0.1,20,AA20,15,jump_profile,0.1494072502935023,0.16731512377837274,0.25374470370591395,0.1822681546323243
ECMrest,0.1,20,AA20,15,spectral,0.06733654201986598,0.6416993522792197,0.7874194110472208,0.7563194922213098
ECMrest,0.1,20,AA20,16,jump_profile,0.14966401684796093,0.16743545349998104,0.26189523428418987,0.19616213979220667
ECMrest,0.1,20,AA20,16,spectral,0.06733654201986598,0.6416993522792197,0.7874194110472208,0.7563194922213098
ECMrest,0.1,20,AA20,17,jump_profile,0.15781153052993377,0.22948645691741537,0.26792679267926794,0.25429592895859765
ECMrest,0.1,20,AA20,17,spectral,0.067336542019866,0.6338818973862537,0.7803406326034064,0.7479620323841429
ECMrest,0.1,20,AA20,18,jump_profile,0.15043849530369402,0.21951608540974626,0.3362211480109653,0.25760046734659103
ECMrest,0.1,20,AA20,18,spectral,0.06733654201986598,0.6338818973862537,0.7803406326034064,0.7479620323841429
ECMrest,0.1,20,AA20,19,jump_profile,0.10506912977792517,0.1899417409184373,0.2836210054517637,0.20795199556261504
ECMrest,0.1,20,AA20,19,spectral,0.067336542019866,0.6338818973862537,0.7803406326034064,0.7479620323841429
ECMrest,0.1,20,AA20,20,jump_profile,0.1667702219966375,0.18739449653236795,0.28882616432472236,0.2342310334209716
ECMrest,0.1,20,AA20,20,spectral,0.07545914783875218,0.6132397054813199,0.7678699989715109,0.7308930487659473
ECMrest,0.1,20,AA20,21,jump_profile,0.18135854192465647,0.15606210861379066,0.24686630255090297,0.18336051408125015
ECMrest,0.1,20,AA20,21,spectral,0.08050755233251652,0.5882874284155986,0.7553224313483493,0.701800405389293
ECMrest,0.1,20,AA20,22,jump_profile,0.18111362512739884,0.1405387616298602,0.20498975982126233,0.17985162421070322
ECMrest,0.1,20,AA20,22,spectral,0.06733654201986598,0.6416993522792197,0.7874194110472208,0.7563194922213098
ECMrest,0.1,20,AA20,23,jump_profile,0.12106414640756426,0.17357004755923736,0.26606188377094914,0.1888096244189804
ECMrest,0.1,20,AA20,23,spectral,0.06733654201986598,0.6416993522792197,0.7874194110472208,0.7563194922213098
ECMrest,0.1,20,AA20,24,jump_profile,0.15306791318725993,0.14626959907397663,0.22515084153699588,0.18696778970751574
ECMrest,0.1,20,AA20,24,spectral,0.06733654201986598,0.6182042278385127,0.7637993456080231,0.7292438802458998
ECMrest,0.1,20,AA20,25,jump_profile,0.12181152360262057,0.26813123164122293,0.39714541331169506,0.31430850678076727
ECMrest,0.1,20,AA20,25,spectral,0.06733654201986598,0.6182042278385127,0.7637993456080231,0.7292438802458998
ECMrest,0.1,20,AA20,26,jump_profile,0.136778146370286,0.18739449653236795,0.30130289828393775,0.2342310334209716
ECMrest,0.1,20,AA20,26,spectral,0.06733654201986598,0.6416993522792197,0.7874194110472208,0.7563194922213098
ECMrest,0.1,20,AA20,27,jump_profile,0.13592061765993083,0.26396082360744577,0.3829723801614174,0.32527155675971264
ECMrest,0.1,20,AA20,27,spectral,0.06771954525339835,0.6102613746369797,0.7565936739659367,0.72071468453378
ECMrest,0.1,20,AA20,28,jump_profile,0.13337564981673208,0.22522191958678503,0.3310121595434315,0.26462180905272054
ECMrest,0.1,20,AA20,28,spectral,0.06733654201986598,0.6416993522792197,0.7874194110472208,0.7563194922213098
ECMrest,0.1,20,AA20,29,jump_profile,0.12704795545602793,0.24692408559551376,0.3387847024899497,0.28981102478001913
ECMrest,0.1,20,AA20,29,spectral,0.06733654201986597,0.6416993522792197,0.7874194110472208,0.7563194922213098
ECMrest,0.1,23,L23,0,jump_profile,0.12883756710371258,0.13606798153587915,0.220231226950836,0.1598245567115081
ECMrest,0.1,23,L23,0,spectral,0.06760900741891722,0.5355295779414253,0.7019566038154885,0.6490861072614597
ECMrest,0.1,23,L23,1,jump_profile,0.11855283653300522,0.2143713638584181,0.311635494178901,0.25274638425669804
ECMrest,0.1,23,L23,1,spectral,0.06760900741891723,0.5355295779414253,0.7019566038154885,0.6490861072614597
ECMrest,0.1,23,L23,2,jump_profile,0.1753237380139373,0.15381836572501986,0.23508886708101626,0.18084153983885407
ECMrest,0.1,23,L23,2,spectral,0.06733654201986598,0.5316476059551317,0.7239697150299097,0.6437563267319023
ECMrest,0.1,23,L23,3,jump_profile,0.13617158621654568,0.19655333022822544,0.26863572433192684,0.21535893155258765
ECMrest,0.1,23,L23,3,spectral,0.06760900741891722,0.5355295779414253,0.7019566038154885,0.6490861072614597
ECMrest,0.1,23,L23,4,jump_profile,0.11868234187098155,0.12522573106514712,0.2522968359795633,0.16343046465524264
ECMrest,0.1,23,L23,4,spectral,0.06771954525339834,0.5450291029278422,0.7105048230801492,0.6595893788771511
ECMrest,0.1,23,L23,5,jump_profile,0.13555151159273734,0.18728072123284628,0.2707425532390338,0.22060644379462052
ECMrest,0.1,23,L23,5,spectral,0.06733654201986598,0.5636875948269634,0.7272925526114927,0.6801381250799335
ECMrest,0.1,23,L23,6,jump_profile,0.15000017475052768,0.15856807598084294,0.2548915095387212,0.1865177941061109
ECMrest,0.1,23,L23,6,spectral,0.08175350272182556,0.5411133642964611,0.7189495162245771,0.6542217412589214
ECMrest,0.1,23,L23,7,jump_profile,0.12825351614590452,0.19277489990273033,0.3056029870455115,0.24380844584579728
ECMrest,0.1,23,L23,7,spectral,0.10235924938730677,0.5827633378932968,0.7417169471789986,0.6988769591509317
ECMrest,0.1,23,L23,8,jump_profile,0.14272968491221846,0.13758002126360078,0.2361632857500626,0.17805265852804053
ECMrest,0.1,23,L23,8,spectral,0.06771954525339835,0.5450291029278422,0.7105048230801492,0.6595893788771511
ECMrest,0.1,23,L23,9,jump_profile,0.13543935858457018,0.19092080810502968,0.27543609583927237,0.2250809018212939
ECMrest,0.1,23,L23,9,spectral,0.06771954525339834,0.5450291029278422,0.7105048230801492,0.6595893788771511
ECMrest,0.1,23,L23,10,jump_profile,0.10583199260500248,0.1391110369212559,0.23832107590441495,0.16343046465524264
ECMrest,0.1,23,L23,10,spectral,0.07552574632247105,0.5819054146675805,0.7436809102075118,0.7000983284169124
ECMrest,0.1,23,L23,11,jump_profile,0.10560701057238313,0.1601900786072745,0.24348059261245558,0.17239653310150427
ECMrest,0.1,23,L23,11,spectral,0.06760900741891722,0.5420389021823343,0.6971389561223856,0.6485078389474442
ECMrest,0.1,23,L23,12,jump_profile,0.10552480464146131,0.19092080810502968,0.27543609583927237,0.20876681554384746
ECMrest,0.1,23,L23,12,spectral,0.10565613257966835,0.5337509741622205,0.6756713952804362,0.6492471450349014
ECMrest,0.1,23,L23,13,jump_profile,0.1111275613404543,0.14820331409420964,0.24564362001124226,0.19044459190444593
ECMrest,0.1,23,L23,13,spectral,0.06953943024135371,0.5182661089824212,0.7105048230801492,0.6279232745866535
ECMrest,0.1,23,L23,14,jump_profile,0.11884867865513402,0.19170191831194294,0.2727233313823676,0.2099850173950583
ECMrest,0.1,23,L23,14,spectral,0.06953943024135371,0.5182661089824212,0.7105048230801492,0.6279232745866535
ECMrest,0.1,23,L23,15,jump_profile,0.1433879548303183,0.16349439482045441,0.23403244417294508,0.192452729266401
ECMrest,0.1,23,L23,15,spectral,0.07844819151246195,0.5728506072380186,0.7355357568663154,0.6901902029000229
ECMrest,0.1,23,L23,16,jump_profile,0.12065447482744328,0.15629322268326418,0.2568743473720849,0.16714935870914358
ECMrest,0.1,23,L23,16,spectral,0.0676154229533978,0.533118199495263,0.6890539500239269,0.6387216863683612
ECMrest,0.1,23,L23,17,jump_profile,0.11335958305796921,0.20657361956251272,0.3194909273046012,0.2273694990163581
ECMrest,0.1,23,L23,17,spectral,0.08175350272182558,0.5411133642964611,0.7189495162245771,0.6542217412589214
ECMrest,0.1,23,L23,18,jump_profile,0.12788341171834133,0.14978118817816677,0.23403244417294508,0.192452729266401
ECMrest,0.1,23,L23,18,spectral,0.06771954525339834,0.5450291029278422,0.7105048230801492,0.6595893788771511
ECMrest,0.1,23,L23,19,jump_profile,0.11704494401200384,0.20853756620179978,0.3081998762801567,0.26282486489422374
ECMrest,0.1,23,L23,19,spectral,0.08196019136046553,0.5442491844680627,0.7675452524610987,0.6537085030235715
ECMrest,0.1,23,L23,20,jump_profile,0.14484926281031707,0.1569656907192372,0.22576871288877115,0.15293171022918992
ECMrest,0.1,23,L23,20,spectral,0.06771954525339834,0.5202783742826979,0.7355357568663154,0.6282282434800274
ECMrest,0.1,23,L23,21,jump_profile,0.1213456071804582,0.12816966343937297,0.2427195730363151,0.1503240932285202
ECMrest,0.1,23,L23,21,spectral,0.10254138212797609,0.5480461197589579,0.7077237590238293,0.6588451691481694
ECMrest,0.1,23,L23,22,jump_profile,0.141557629489374,0.13758002126360078,0.20838740523188307,0.12873581803972298
ECMrest,0.1,23,L23,22,spectral,0.06760900741891722,0.5682041878463467,0.7208493501738972,0.6770816177681576
ECMrest,0.1,23,L23,23,jump_profile,0.11412669264848763,0.1391110369212559,0.23832107590441495,0.16343046465524264
ECMrest,0.1,23,L23,23,spectral,0.06771954525339835,0.5355295779414253,0.7019566038154885,0.6490861072614597
ECMrest,0.1,23,L23,24,jump_profile,0.11820464272439883,0.14358419374652667,0.25269849678829215,0.1845978145196875
ECMrest,0.1,23,L23,24,spectral,0.07844819151246193,0.5728506072380186,0.7355357568663154,0.6901902029000229
ECMrest,0.1,23,L23,25,jump_profile,0.12992960704261577,0.2341600870462852,0.3387847024899497,0.2748596779332827
ECMrest,0.1,23,L23,25,spectral,0.0754591478387522,0.5636875948269634,0.7272925526114927,0.6801381250799335
ECMrest,0.1,23,L23,26,jump_profile,0.13488110893174343,0.22791668517120398,0.3388974548054792,0.2848863247187755
ECMrest,0.1,23,L23,26,spectral,0.06733654201986598,0.5893812210786513,0.7561463122126724,0.7128886332139215
ECMrest,0.1,23,L23,27,jump_profile,0.12138137936211188,0.15463437354448067,0.26863572433192684,0.1986644407345576
ECMrest,0.1,23,L23,27,spectral,0.067336542019866,0.5893812210786513,0.7561463122126724,0.7128886332139215
ECMrest,0.1,23,L23,28,jump_profile,0.11757342675875905,0.19711018163736874,0.2930931726375737,0.23209697095543386
ECMrest,0.1,23,L23,28,spectral,0.07552574632247105,0.5819054146675805,0.7436809102075118,0.7000983284169124
ECMrest,0.1,23,L23,29,jump_profile,0.10564759873295973,0.15299634277736468,0.2942241162050084,0.19656193140156966
ECMrest,0.1,23,L23,29,spectral,0.0695394302413537,0.5182661089824212,0.7105048230801492,0.6279232745866535
ECMrest,0.5,16,B16,0,jump_profile,0.2978594336651097,0.26666872167935635,0.35340358695820373,0.29503312959063127
ECMrest,0.5,16,B16,0,spectral,0.19888961097123387,0.6055377045599554,0.7780780624707656,0.7027696025883408
ECMrest,0.5,16,B16,1,jump_profile,0.3439861422553866,0.317044725639979,0.404956498813604,0.3773659696759489
ECMrest,0.5,16,B16,1,spectral,0.19888961097123387,0.619337524829635,0.7952983980642541,0.7203563811763768
ECMrest,0.5,16,B16,2,jump_profile,0.3490414866859669,0.24857017157941047,0.36696842570103777,0.2845587640540322
ECMrest,0.5,16,B16,2,spectral,0.19888961097123384,0.6476136827402268,0.7780780624707656,0.7027696025883408
ECMrest,0.5,16,B16,3,jump_profile,0.3362248601830503,0.35719303723362733,0.48365859393369387,0.40648075753626967
ECMrest,0.5,16,B16,3,spectral,0.19356789938078522,0.6089382248301991,0.7823210959667172,0.7070928796817122
ECMrest,0.5,16,B16,4,jump_profile,0.32122733552965654,0.305136807743749,0.38011306382469984,0.33923196380298704
ECMrest,0.5,16,B16,4,spectral,0.19888961097123387,0.5988327402135232,0.7697125697125697,0.6942650602409639
ECMrest,0.5,16,B16,5,jump_profile,0.2473859440947041,0.27234463496004346,0.3631638121103275,0.30085119343410865
ECMrest,0.5,16,B16,5,spectral,0.19739583058320573,0.6265756936500911,0.7780780624707656,0.7027696025883408
ECMrest,0.5,16,B16,6,jump_profile,0.28506503070419087,0.2762803802178156,0.3639655633991349,0.28609926238469946
ECMrest,0.5,16,B16,6,spectral,0.19888961097123387,0.5988327402135232,0.7697125697125697,0.6942650602409639
ECMrest,0.5,16,B16,7,jump_profile,0.41054861751844657,0.31214710191449785,0.40495676471074515,0.32406227491827805
ECMrest,0.5,16,B16,7,spectral,0.19888961097123387,0.619337524829635,0.7952983980642541,0.7203563811763768
ECMrest,0.5,16,B16,8,jump_profile,0.29408031596988726,0.32599513273098546,0.4563279857397504,0.349999233399261
ECMrest,0.5,16,B16,8,spectral,0.19888961097123387,0.619337524829635,0.7952983980642541,0.7203563811763768
ECMrest,0.5,16,B16,9,jump_profile,0.30093447287303,0.3077951417675344,0.4049570008272073,0.3197496498902125
ECMrest,0.5,16,B16,9,spectral,0.19888961097123387,0.5988327402135232,0.7697125697125697,0.6942650602409639
ECMrest,0.5,16,B16,10,jump_profile,0.29211446632900345,0.2855798036403506,0.44018955131734827,0.31689654528826594
ECMrest,0.5,16,B16,10,spectral,0.19888961097123387,0.6133965463315061,0.8184613858439561,0.662031137459139
ECMrest,0.5,16,B16,11,jump_profile,0.297210676032971,0.34513628589104406,0.4590121966829411,0.38598675881534983
ECMrest,0.5,16,B16,11,spectral,0.19888961097123387,0.6055377045599554,0.7780780624707656,0.7027696025883408
ECMrest,0.5,16,B16,12,jump_profile,0.3196456210670269,0.31025629820613104,0.41267960302177453,0.36681302933989823
ECMrest,0.5,16,B16,12,spectral,0.19888961097123387,0.6055377045599554,0.7780780624707656,0.7027696025883408
ECMrest,0.5,16,B16,13,jump_profile,0.4000774040967324,0.3306236666956562,0.44544600070879364,0.36600160160842377
ECMrest,0.5,16,B16,13,spectral,0.19888961097123387,0.5988327402135232,0.7697125697125697,0.6942650602409639
ECMrest,0.5,16,B16,14,jump_profile,0.27289001817217884,0.30602778881327425,0.40276935987691737,0.31782598971147397
ECMrest,0.5,16,B16,14,spectral,0.19797444038257764,0.6478511866581141,0.7909306617453203,0.7158854424734913
ECMrest,0.5,16,B16,15,jump_profile,0.2578086093984122,0.2603838501077765,0.33831218491985454,0.2775635816663497
ECMrest,0.5,16,B16,15,spectral,0.19888961097123387,0.619337524829635,0.7952983980642541,0.7203563811763768
ECMrest,0.5,16,B16,16,jump_profile,0.23512703844829874,0.2603838501077765,0.385915624853678,0.29865661577828106
ECMrest,0.5,16,B16,16,spectral,0.19888961097123387,0.619337524829635,0.7952983980642541,0.7203563811763768
ECMrest,0.5,16,B16,17,jump_profile,0.297552517662658,0.3694812583131681,0.48953153414119954,0.3883726343306297
ECMrest,0.5,16,B16,17,spectral,0.1939188894539045,0.5955273955523315,0.7655889737152226,0.6900822485093656
ECMrest,0.5,16,B16,18,jump_profile,0.40649079277742745,0.3516405649500384,0.4533753326454136,0.38062808968021167
ECMrest,0.5,16,B16,18,spectral,0.19888961097123387,0.5988327402135232,0.7697125697125697,0.6942650602409639
ECMrest,0.5,16,B16,19,jump_profile,0.28259642756284326,0.31950022311468096,0.4583527302194865,0.37925219515031694
ECMrest,0.5,16,B16,19,spectral,0.19888961097123387,0.619337524829635,0.7952983980642541,0.7203563811763768
ECMrest,0.5,16,B16,20,jump_profile,0.3035013920510311,0.25872485531380884,0.39672361263977285,0.28641060635601484
ECMrest,0.5,16,B16,20,spectral,0.19888961097123387,0.6055377045599554,0.7780780624707656,0.7027696025883408
ECMrest,0.5,16,B16,21,jump_profile,0.28789907640903445,0.3070747330960854,0.46615186615186616,0.3650120481927711
ECMrest,0.5,16,B16,21,spectral,0.19888961097123384,0.6055377045599554,0.7780780624707656,0.7027696025883408
ECMrest,0.5,16,B16,22,jump_profile,0.2653875160875048,0.291492613346918,0.3775987725354814,0.3121661721068249
ECMrest,0.5,16,B16,22,spectral,0.19888961097123387,0.619337524829635,0.7952983980642541,0.7203563811763768
ECMrest,0.5,16,B16,23,jump_profile,0.28256441337095445,0.32326089143181724,0.42336846986640986,0.38511783561478136
ECMrest,0.5,16,B16,23,spectral,0.19888961097123387,0.619337524829635,0.7952983980642541,0.7203563811763768
ECMrest,0.5,16,B16,24,jump_profile,0.337521637275041,0.33422999327505043,0.41742654508611954,0.36013590033975085
ECMrest,0.5,16,B16,24,spectral,0.19888961097123387,0.619337524829635,0.7952983980642541,0.7203563811763768
ECMrest,0.5,16,B16,25,jump_profile,0.3758844990413675,0.36736336227415956,0.41136786732933683,0.3860120017638375
ECMrest,0.5,16,B16,25,spectral,0.19888961097123387,0.5826101468624834,0.74947615455536,0.6737967914438503
ECMrest,0.5,16,B16,26,jump_profile,0.40412801730664516,0.330112388435895,0.4247124404250661,0.3786195317952878
ECMrest,0.5,16,B16,26,spectral,0.20807046300207827,0.612371385295705,0.7866050969897326,0.7114645538934548
ECMrest,0.5,16,B16,27,jump_profile,0.2518092334513633,0.3002600126728866,0.3725209433993318,0.32198563318697065
ECMrest,0.5,16,B16,27,spectral,0.2080704630020783,0.612371385295705,0.7866050969897326,0.7114645538934548
ECMrest,0.5,16,B16,28,jump_profile,0.22921455365771926,0.3812488473339183,0.4658044089661328,0.4016336232102771
ECMrest,0.5,16,B16,28,spectral,0.19888961097123384,0.6233311081441922,0.8312798591903445,0.6737967914438503
ECMrest,0.5,16,B16,29,jump_profile,0.24972916381789992,0.29406637008536735,0.37876250396053046,0.3150172181464291
ECMrest,0.5,16,B16,29,spectral,0.19888961097123387,0.5988327402135232,0.7697125697125697,0.6942650602409639
ECMrest,0.5,20,AA20,0,jump_profile,0.2586410160272055,0.22948645691741537,0.3777377737773777,0.28243570522431094
ECMrest,0.5,20,AA20,0,spectral,0.20059867999551645,0.6338818973862537,0.7803406326034064,0.7479620323841429
ECMrest,0.5,20,AA20,1,jump_profile,0.27239584668018824,0.2967395239819349,0.46248299906135665,0.3582747057663226
ECMrest,0.5,20,AA20,1,spectral,0.22608731823314987,0.621611177774614,0.7754187887341228,0.7399275207844809
ECMrest,0.5,20,AA20,2,jump_profile,0.2713565005329833,0.311456405458724,0.4260702378760917,0.3498188019612023
ECMrest,0.5,20,AA20,2,spectral,0.20059867999551648,0.6416993522792197,0.7874194110472208,0.7563194922213098
ECMrest,0.5,20,AA20,3,jump_profile,0.280892552813182,0.3000619881035597,0.41148972568677766,0.3500080203487706
ECMrest,0.5,20,AA20,3,spectral,0.228819793964597,0.5882874284155986,0.7553224313483493,0.701800405389293
ECMrest,0.5,20,AA20,4,jump_profile,0.3002456627703861,0.2801424113929114,0.36814899736519235,0.298948248241276
ECMrest,0.5,20,AA20,4,spectral,0.1989819002317252,0.610591306667683,0.7546118039193149,0.7192451837727661
ECMrest,0.5,20,AA20,5,jump_profile,0.2990325062372871,0.3150048402710552,0.38851581508515814,0.38012283640424344
ECMrest,0.5,20,AA20,5,spectral,0.20059867999551645,0.6338818973862537,0.7803406326034064,0.7479620323841429
ECMrest,0.5,20,AA20,6,jump_profile,0.25300935621172166,0.25977860773659445,0.38586857038257366,0.3182834152883326
ECMrest,0.5,20,AA20,6,spectral,0.20059867999551648,0.6338818973862537,0.7803406326034064,0.7479620323841429
ECMrest,0.5,20,AA20,7,jump_profile,0.30417887747465394,0.3362687872439952,0.4510237057945225,0.3931642151637888
ECMrest,0.5,20,AA20,7,spectral,0.20059867999551648,0.6416993522792197,0.7874194110472208,0.7563194922213098
ECMrest,0.5,20,AA20,8,jump_profile,0.2750075053045559,0.22875533192000205,0.32453251680243417,0.25335773989369914
ECMrest,0.5,20,AA20,8,spectral,0.20059867999551645,0.6338818973862537,0.7803406326034064,0.7479620323841429
ECMrest,0.5,20,AA20,9,jump_profile,0.30286061760296024,0.28104472451833923,0.42185574827030614,0.3397553847819028
ECMrest,0.5,20,AA20,9,spectral,0.20059867999551648,0.6338818973862537,0.7803406326034064,0.7479620323841429
ECMrest,0.5,20,AA20,10,jump_profile,0.33575952332126363,0.20568193980330832,0.3603807065655751,0.251708266590969
ECMrest,0.5,20,AA20,10,spectral,0.20059867999551648,0.6338818973862537,0.7803406326034064,0.7479620323841429
ECMrest,0.5,20,AA20,11,jump_profile,0.32631939733395915,0.32326089143181724,0.42336846986640986,0.36052254903937264
ECMrest,0.5,20,AA20,11,spectral,0.1988896109712338,0.5922264197513936,0.7476157967686548,0.7070898657895369
ECMrest,0.5,20,AA20,12,jump_profile,0.21651381644296788,0.3144249577296688,0.46314631463146316,0.35278514588859416
ECMrest,0.5,20,AA20,12,spectral,0.2005986799955165,0.6258070138977346,0.8272758530024472,0.7433799985977049
ECMrest,0.5,20,AA20,13,jump_profile,0.31587484255247383,0.3486749781366308,0.4635004397537379,0.40761268623131763
ECMrest,0.5,20,AA20,13,spectral,0.1988896109712338,0.5922264197513936,0.7476157967686548,0.7070898657895369
ECMrest,0.5,20,AA20,14,jump_profile,0.2965284851827206,0.24602427930938275,0.3553689896084072,0.2870468184576656
ECMrest,0.5,20,AA20,14,spectral,0.2005986799955165,0.6338818973862537,0.7803406326034064,0.7479620323841429
ECMrest,0.5,20,AA20,15,jump_profile,0.269628010560197,0.32932300420831806,0.4711217820461518,0.39546078281893227
ECMrest,0.5,20,AA20,15,spectral,0.22608731823314987,0.6132397054813199,0.7678699989715109,0.7308930487659473
ECMrest,0.5,20,AA20,16,jump_profile,0.29994358711295477,0.23233301064859632,0.3054014598540146,0.23026242322724735
ECMrest,0.5,20,AA20,16,spectral,0.20059867999551645,0.6338818973862537,0.7803406326034064,0.7479620323841429
ECMrest,0.5,20,AA20,17,jump_profile,0.2719696353271409,0.25829393700927167,0.37984910910161057,0.29903433260085077
ECMrest,0.5,20,AA20,17,spectral,0.20059867999551645,0.6416993522792197,0.7874194110472208,0.7563194922213098
ECMrest,0.5,20,AA20,18,jump_profile,0.2756509227222961,0.342562840933259,0.5033175683869515,0.39364998928021516
ECMrest,0.5,20,AA20,18,spectral,0.22422217844071818,0.6175522806639071,0.7704761323652043,0.7344893301649296
ECMrest,0.5,20,AA20,19,jump_profile,0.30936293643459356,0.2721156309409845,0.3610551792869201,0.3039314871891396
ECMrest,0.5,20,AA20,19,spectral,0.20059867999551648,0.6258070138977346,0.8272758530024472,0.7433799985977049
ECMrest,0.5,20,AA20,20,jump_profile,0.27607572594170504,0.25551280460055437,0.3463787112747852,0.27007034592791357
ECMrest,0.5,20,AA20,20,spectral,0.22961097366379782,0.5796795403591287,0.7476157967686548,0.6924443590790137
ECMrest,0.5,20,AA20,21,jump_profile,0.2672091002912723,0.3133723547951373,0.4766268786181667,0.36347597839884677
ECMrest,0.5,20,AA20,21,spectral,0.22881979396459706,0.5882874284155986,0.7553224313483493,0.701800405389293
ECMrest,0.5,20,AA20,22,jump_profile,0.27510596297911827,0.34323608437982356,0.46248299906135665,0.3850132596927258
ECMrest,0.5,20,AA20,22,spectral,0.19888961097123387,0.5866408518877058,0.7328467153284671,0.6934673366834171
ECMrest,0.5,20,AA20,23,jump_profile,0.29763171689302514,0.2658886715512383,0.3655365536553655,0.2965055933571676
ECMrest,0.5,20,AA20,23,spectral,0.27406863636884676,0.6258952005381095,0.7755166994887709,0.7414010403538119
ECMrest,0.5,20,AA20,24,jump_profile,0.26897850446678484,0.25453075117229224,0.37849098484434984,0.2951905420182805
ECMrest,0.5,20,AA20,24,spectral,0.20059867999551648,0.6416993522792197,0.7874194110472208,0.7563194922213098
ECMrest,0.5,20,AA20,25,jump_profile,0.219411175470153,0.24602427930938275,0.3673066009119552,0.2870468184576656
ECMrest,0.5,20,AA20,25,spectral,0.2011349758651937,0.6102613746369797,0.7565936739659367,0.72071468453378
ECMrest,0.5,20,AA20,26,jump_profile,0.2822614196268101,0.2937725238949146,0.40249427157125117,0.3267506257513944
ECMrest,0.5,20,AA20,26,spectral,0.20059867999551645,0.6416993522792197,0.7874194110472208,0.7563194922213098
ECMrest,0.5,20,AA20,27,jump_profile,0.28438366128295633,0.2700169615382037,0.38312804643731163,0.3014233295159745
ECMrest,0.5,20,AA20,27,spectral,0.20059867999551645,0.6416993522792197,0.7874194110472208,0.7563194922213098
ECMrest,0.5,20,AA20,28,jump_profile,0.28607569294218194,0.38449642507923076,0.502165861008224,0.4357763551834092
ECMrest,0.5,20,AA20,28,spectral,0.20059867999551645,0.6338818973862537,0.7803406326034064,0.7479620323841429
ECMrest,0.5,20,AA20,29,jump_profile,0.27565092272229613,0.2935188128961933,0.4150570461261473,0.32817873277741566
ECMrest,0.5,20,AA20,29,spectral,0.20059867999551645,0.6416993522792197,0.7874194110472208,0.7563194922213098
ECMrest,0.5,23,L23,0,jump_profile,0.2929861690304919,0.21049167861007925,0.34695274043661567,0.2637630752459314
ECMrest,0.5,23,L23,0,spectral,0.20069096925600782,0.5544144262009114,0.7189495162245771,0.6699389348380613
ECMrest,0.5,23,L23,1,jump_profile,0.26721272085519127,0.19528575478075053,0.2639153996357972,0.21414032104300326
ECMrest,0.5,23,L23,1,spectral,0.2011349758651937,0.5278123023920106,0.7189495162245771,0.6385045476797815
ECMrest,0.5,23,L23,2,jump_profile,0.24982569234218457,0.19092080810502968,0.33064096472770876,0.24139498809874033
ECMrest,0.5,23,L23,2,spectral,0.20113497586519366,0.5202783742826979,0.7355357568663154,0.6282282434800274
ECMrest,0.5,23,L23,3,jump_profile,0.2851700883566693,0.1737353999200604,0.311635494178901,0.22060644379462052
ECMrest,0.5,23,L23,3,spectral,0.22052634349803574,0.5316476059551317,0.7239697150299097,0.6437563267319023
ECMrest,0.5,23,L23,4,jump_profile,0.2703220025386449,0.20670471786720612,0.3282084832624578,0.25885663128277275
ECMrest,0.5,23,L23,4,spectral,0.20059867999551645,0.5182661089824212,0.7105048230801492,0.6279232745866535
ECMrest,0.5,23,L23,5,jump_profile,0.2379703603996773,0.2199263059027527,0.35481408788572677,0.27445964957155644
ECMrest,0.5,23,L23,5,spectral,0.22422217844071818,0.5728506072380186,0.7355357568663154,0.6901902029000229
ECMrest,0.5,23,L23,6,jump_profile,0.27571081922459606,0.2258826299023755,0.376818353432385,0.28222158303480377
ECMrest,0.5,23,L23,6,spectral,0.23557896004045062,0.5316476059551317,0.7105048230801492,0.6437563267319023
ECMrest,0.5,23,L23,7,jump_profile,0.2546949878984948,0.20183775062471715,0.3483292777019408,0.25005122600915236
ECMrest,0.5,23,L23,7,spectral,0.20113497586519366,0.5355295779414253,0.7019566038154885,0.6490861072614597
ECMrest,0.5,23,L23,8,jump_profile,0.3015880093050227,0.1993959835730112,0.318022104388935,0.23429693519922448
ECMrest,0.5,23,L23,8,spectral,0.20059867999551648,0.5355295779414253,0.7019566038154885,0.6490861072614597
ECMrest,0.5,23,L23,9,jump_profile,0.22240859761655557,0.23613595706618962,0.36720652058854664,0.29236085400468964
ECMrest,0.5,23,L23,9,spectral,0.20059867999551645,0.5355295779414253,0.7019566038154885,0.6490861072614597
ECMrest,0.5,23,L23,10,jump_profile,0.23121591190360358,0.2552690198766278,0.3493438489882992,0.3002294329727958
ECMrest,0.5,23,L23,10,spectral,0.20059867999551648,0.5355295779414253,0.7019566038154885,0.6490861072614597
ECMrest,0.5,23,L23,11,jump_profile,0.24668703609430281,0.28839318811190334,0.424515676078896,0.3555950632552627
ECMrest,0.5,23,L23,11,spectral,0.20059867999551648,0.5355295779414253,0.7019566038154885,0.6490861072614597
ECMrest,0.5,23,L23,12,jump_profile,0.30718880618767747,0.2141797559815744,0.3074566758777285,0.2517585801186572
ECMrest,0.5,23,L23,12,spectral,0.2005986799955165,0.5182661089824212,0.7105048230801492,0.6279232745866535
ECMrest,0.5,23,L23,13,jump_profile,0.24498308989711293,0.22188787858965134,0.3575988942276048,0.26129190178042305
ECMrest,0.5,23,L23,13,spectral,0.20059867999551648,0.5355295779414253,0.7019566038154885,0.6490861072614597
ECMrest,0.5,23,L23,14,jump_profile,0.2835645232781987,0.2372546725555003,0.32002295653709467,0.295429179536429
ECMrest,0.5,23,L23,14,spectral,0.20059867999551645,0.5108012426847771,0.7272925526114927,0.6177260519247986
ECMrest,0.5,23,L23,15,jump_profile,0.24427286567008522,0.19277489990273033,0.26393916626824215,0.21093055218691892
ECMrest,0.5,23,L23,15,spectral,0.21013935720595822,0.5636875948269634,0.7272925526114927,0.6801381250799335
ECMrest,0.5,23,L23,16,jump_profile,0.24754740052942675,0.2283669173757139,0.34380107159850226,0.2823701711843653
ECMrest,0.5,23,L23,16,spectral,0.20059867999551648,0.5636875948269634,0.7272925526114927,0.6801381250799335
ECMrest,0.5,23,L23,17,jump_profile,0.2604630614197323,0.19711018163736874,0.2930931726375737,0.23209697095543386
ECMrest,0.5,23,L23,17,spectral,0.22052634349803574,0.5316476059551317,0.7239697150299097,0.6437563267319023
ECMrest,0.5,23,L23,18,jump_profile,0.2925460566258117,0.24146200648398988,0.3252664744921901,0.3009562949498143
ECMrest,0.5,23,L23,18,spectral,0.20059867999551645,0.5182661089824212,0.7105048230801492,0.6279232745866535
ECMrest,0.5,23,L23,19,jump_profile,0.2695450527001554,0.17897618024294795,0.2917150467864217,0.2273694990163581
ECMrest,0.5,23,L23,19,spectral,0.2005986799955165,0.5182661089824212,0.7105048230801492,0.6279232745866535
ECMrest,0.5,23,L23,20,jump_profile,0.27571081922459606,0.22188787858965134,0.3575988942276048,0.27700909535956303
ECMrest,0.5,23,L23,20,spectral,0.2005986799955165,0.5259137540524936,0.6933029429509955,0.6384256698016281
ECMrest,0.5,23,L23,21,jump_profile,0.3099709938764349,0.194652260345691,0.3081998762801567,0.24625913152106021
ECMrest,0.5,23,L23,21,spectral,0.2242221784407182,0.5819054146675805,0.7436809102075118,0.7000983284169124
ECMrest,0.5,23,L23,22,jump_profile,0.25275124846206165,0.2030071967100754,0.323054711573685,0.23871114136600863
ECMrest,0.5,23,L23,22,spectral,0.21013935720595822,0.5728506072380186,0.7355357568663154,0.6901902029000229
ECMrest,0.5,23,L23,23,jump_profile,0.27571081922459606,0.2291381082933516,0.37563298640291337,0.284849860071099
ECMrest,0.5,23,L23,23,spectral,0.20059867999551648,0.5355295779414253,0.7019566038154885,0.6490861072614597
ECMrest,0.5,23,L23,24,jump_profile,0.2363380516607952,0.24146200648398988,0.3661594154320574,0.3009562949498143
ECMrest,0.5,23,L23,24,spectral,0.22422217844071815,0.5728506072380186,0.7355357568663154,0.6901902029000229
ECMrest,0.5,23,L23,25,jump_profile,0.29122042534989173,0.21798803478960332,0.3652858164791572,0.2719469768150537
ECMrest,0.5,23,L23,25,spectral,0.20113497586519366,0.5450291029278422,0.7105048230801492,0.6595893788771511
ECMrest,0.5,23,L23,26,jump_profile,0.24932514204888553,0.2199263059027527,0.34151128557409227,0.27445964957155644
ECMrest,0.5,23,L23,26,spectral,0.20113497586519366,0.5278123023920106,0.7189495162245771,0.6385045476797815
ECMrest,0.5,23,L23,27,jump_profile,0.2515021836398599,0.2258826299023755,0.34972349923379303,0.28222158303480377
ECMrest,0.5,23,L23,27,spectral,0.22422217844071818,0.5728506072380186,0.7355357568663154,0.6901902029000229
ECMrest,0.5,23,L23,28,jump_profile,0.31924940297084997,0.18372868466465822,0.27962828068781315,0.21626391881018506
ECMrest,0.5,23,L23,28,spectral,0.20113497586519363,0.5202783742826979,0.7355357568663154,0.6282282434800274
ECMrest,0.5,23,L23,29,jump_profile,0.2476198873435192,0.24146200648398988,0.3388974548054792,0.3009562949498143
ECMrest,0.5,23,L23,29,spectral,0.27738487720672594,0.5738720557727318,0.7337038693328223,0.6891700430016654
ECMrest,1.0,16,B16,0,jump_profile,0.34736390286396157,0.34379498397989877,0.41224921130744246,0.39129088312716137
ECMrest,1.0,16,B16,0,spectral,0.23481580023618365,0.619337524829635,0.7952983980642541,0.7203563811763768
ECMrest,1.0,16,B16,1,jump_profile,0.35800966559721237,0.33624382469275693,0.47456572713786666,0.383718250943831
ECMrest,1.0,16,B16,1,spectral,0.23481580023618365,0.5988327402135232,0.7697125697125697,0.6942650602409639
ECMrest,1.0,16,B16,2,jump_profile,0.26590755053215204,0.36607233825776875,0.4337552742616034,0.42594319626960575
ECMrest,1.0,16,B16,2,spectral,0.24810899178029677,0.6055377045599554,0.7780780624707656,0.7027696025883408
ECMrest,1.0,16,B16,3,jump_profile,0.37458773952297575,0.3434823270935083,0.4455123906596927,0.3696176369273166
ECMrest,1.0,16,B16,3,spectral,0.24810899178029674,0.6055377045599554,0.7780780624707656,0.7027696025883408
ECMrest,1.0,16,B16,4,jump_profile,0.36031019159928784,0.3762391694637421,0.4549729602633435,0.3958821996351316
ECMrest,1.0,16,B16,4,spectral,0.23481580023618365,0.619337524829635,0.7952983980642541,0.7203563811763768
ECMrest,1.0,16,B16,5,jump_profile,0.32594777046614143,0.32060383647697954,0.4600814303416534,0.355606882598342
ECMrest,1.0,16,B16,5,spectral,0.24810899178029677,0.6055377045599554,0.7780780624707656,0.7027696025883408
ECMrest,1.0,16,B16,6,jump_profile,0.33074264170768924,0.3836532084231471,0.5287259446551482,0.4357613375058352
ECMrest,1.0,16,B16,6,spectral,0.23481580023618365,0.5794547780294262,0.8269676794980895,0.6698333302226619
ECMrest,1.0,16,B16,7,jump_profile,0.33968869689421066,0.3758729333809725,0.4876123371010096,0.41771668575792287
ECMrest,1.0,16,B16,7,spectral,0.24810899178029677,0.6055377045599554,0.7780780624707656,0.7027696025883408
ECMrest,1.0,16,B16,8,jump_profile,0.3305855813645069,0.3519551873631798,0.43302135363626076,0.34682455414184676
ECMrest,1.0,16,B16,8,spectral,0.23248405569642172,0.6062492664852207,0.8356321258357332,0.6778027201901492
ECMrest,1.0,16,B16,9,jump_profile,0.3262239709284354,0.30385010085282566,0.4680539468253651,0.35208601280365326
ECMrest,1.0,16,B16,9,spectral,0.23481580023618362,0.6233311081441922,0.8312798591903445,0.6737967914438503
ECMrest,1.0,16,B16,10,jump_profile,0.3331436568116476,0.33819071424772645,0.486902186974285,0.38603366883406076
ECMrest,1.0,16,B16,10,spectral,0.23481580023618365,0.619337524829635,0.7952983980642541,0.7203563811763768
ECMrest,1.0,16,B16,11,jump_profile,0.3600949661974937,0.3399062161837201,0.4892047254786584,0.3759045765334132
ECMrest,1.0,16,B16,11,spectral,0.23481580023618362,0.6233311081441922,0.8312798591903445,0.6737967914438503
ECMrest,1.0,16,B16,12,jump_profile,0.3170127961349205,0.2580434213968088,0.3557042576920554,0.2671500675339447
ECMrest,1.0,16,B16,12,spectral,0.24810899178029677,0.6055377045599554,0.7780780624707656,0.7027696025883408
ECMrest,1.0,16,B16,13,jump_profile,0.33186616014093706,0.34431741761936785,0.4579533941236069,0.36013590033975085
ECMrest,1.0,16,B16,13,spectral,0.23481580023618365,0.619337524829635,0.7952983980642541,0.7203563811763768
ECMrest,1.0,16,B16,14,jump_profile,0.33359276798514914,0.3307382469640495,0.4615941700991264,0.3657566834689158
ECMrest,1.0,16,B16,14,spectral,0.23481580023618365,0.6089382248301991,0.7823210959667172,0.7070928796817122
ECMrest,1.0,16,B16,15,jump_profile,0.21943488706910072,0.34675738482547136,0.44557455096299503,0.3729738277852455
ECMrest,1.0,16,B16,15,spectral,0.23481580023618365,0.619337524829635,0.7952983980642541,0.7203563811763768
ECMrest,1.0,16,B16,16,jump_profile,0.37335300936139915,0.36409015507769105,0.49672273914837056,0.40295988794950977
ECMrest,1.0,16,B16,16,spectral,0.23481580023618362,0.5794547780294262,0.8269676794980895,0.6698333302226619
ECMrest,1.0,16,B16,17,jump_profile,0.35800966559721237,0.3306236666956562,0.46424444136273285,0.3763950179754988
ECMrest,1.0,16,B16,17,spectral,0.23481580023618365,0.619337524829635,0.7952983980642541,0.7203563811763768
ECMrest,1.0,16,B16,18,jump_profile,0.33246192188415735,0.34164876106369135,0.4885208435362035,0.3775205316178752
ECMrest,1.0,16,B16,18,spectral,0.23481580023618362,0.619337524829635,0.7952983980642541,0.7203563811763768
ECMrest,1.0,16,B16,19,jump_profile,0.36527533363926823,0.33624581804008186,0.4876123371010096,0.37335224276805035
ECMrest,1.0,16,B16,19,spectral,0.23481580023618365,0.619337524829635,0.7952983980642541,0.7203563811763768
ECMrest,1.0,16,B16,20,jump_profile,0.3281871292472498,0.40022286800533136,0.5231159169834921,0.4676746706839852
ECMrest,1.0,16,B16,20,spectral,0.23481580023618365,0.5988327402135232,0.7697125697125697,0.6942650602409639
ECMrest,1.0,16,B16,21,jump_profile,0.34865304904972577,0.3680542475042381,0.5298343585940113,0.3867585810713773
ECMrest,1.0,16,B16,21,spectral,0.23481580023618362,0.619337524829635,0.7952983980642541,0.7203563811763768
ECMrest,1.0,16,B16,22,jump_profile,0.35763149406310313,0.3765780930624023,0.4892047254786584,0.43679193492039725
ECMrest,1.0,16,B16,22,spectral,0.23248405569642178,0.648095663544545,0.8041628765584034,0.7294518476705038
ECMrest,1.0,16,B16,23,jump_profile,0.3630692293124844,0.3979444791864923,0.5302695174899648,0.4314173444210911
ECMrest,1.0,16,B16,23,spectral,0.23248405569642178,0.6265756936500911,0.7780780624707656,0.7027696025883408
ECMrest,1.0,16,B16,24,jump_profile,0.3593008583439886,0.2903386107253821,0.41151797323937755,0.3202253194315111
ECMrest,1.0,16,B16,24,spectral,0.24810899178029677,0.6055377045599554,0.7780780624707656,0.7027696025883408
ECMrest,1.0,16,B16,25,jump_profile,0.2889033213735338,0.2728584430287021,0.4212601055655776,0.3007327867663063
ECMrest,1.0,16,B16,25,spectral,0.23481580023618365,0.5988327402135232,0.7697125697125697,0.6942650602409639
ECMrest,1.0,16,B16,26,jump_profile,0.3622707100053272,0.355917289925209,0.5285935085007728,0.4029766237968131
ECMrest,1.0,16,B16,26,spectral,0.24810899178029674,0.6055377045599554,0.7780780624707656,0.7027696025883408
ECMrest,1.0,16,B16,27,jump_profile,0.35357787902868487,0.40718324131858885,0.4503679231115783,0.43074712107355495
ECMrest,1.0,16,B16,27,spectral,0.24810899178029674,0.6055377045599554,0.7780780624707656,0.7027696025883408
ECMrest,1.0,16,B16,28,jump_profile,0.3415980625714458,0.38889060139946363,0.49499404236881606,0.4203605732189635
ECMrest,1.0,16,B16,28,spectral,0.24810899178029674,0.6055377045599554,0.7780780624707656,0.7027696025883408
ECMrest,1.0,16,B16,29,jump_profile,0.3234050352063442,0.3449687875837581,0.46092167090572056,0.37097561359593195
ECMrest,1.0,16,B16,29,spectral,0.23481580023618365,0.5826101468624834,0.8312798591903445,0.6737967914438503
ECMrest,1.0,20,AA20,0,jump_profile,0.28086705430292364,0.33418509806576074,0.5333775307256872,0.3835211563030338
ECMrest,1.0,20,AA20,0,spectral,0.2801709741225385,0.6177767463448596,0.7681768176817682,0.7326721254757237
ECMrest,1.0,20,AA20,1,jump_profile,0.33162877923117473,0.3474126317457802,0.529139328444616,0.4141840121923213
ECMrest,1.0,20,AA20,1,spectral,0.23649084320800529,0.6416993522792197,0.7874194110472208,0.7563194922213098
ECMrest,1.0,20,AA20,2,jump_profile,0.308595589164479,0.289272485668616,0.44492846217885423,0.33664750660245457
ECMrest,1.0,20,AA20,2,spectral,0.23481580023618367,0.5922264197513936,0.7476157967686548,0.7070898657895369
ECMrest,1.0,20,AA20,3,jump_profile,0.28285100185824935,0.4336679746976468,0.5730922120821903,0.5137840882521734
ECMrest,1.0,20,AA20,3,spectral,0.27346572938692804,0.5796795403591287,0.7476157967686548,0.6924443590790137
ECMrest,1.0,20,AA20,4,jump_profile,0.33333308768237824,0.3404386777880754,0.5319746892187797,0.402899730573162
ECMrest,1.0,20,AA20,4,spectral,0.23649084320800523,0.6338818973862537,0.7803406326034064,0.7479620323841429
ECMrest,1.0,20,AA20,5,jump_profile,0.36491384068209487,0.2824408773434628,0.41969151196083865,0.3274178305155938
ECMrest,1.0,20,AA20,5,spectral,0.23481580023618367,0.5866408518877058,0.7328467153284671,0.6934673366834171
ECMrest,1.0,20,AA20,6,jump_profile,0.31848596183262545,0.28766271778685704,0.42288448592689626,0.34553407473126047
ECMrest,1.0,20,AA20,6,spectral,0.23481580023618367,0.5835919076579372,0.7398206520608368,0.6977059008388329
ECMrest,1.0,20,AA20,7,jump_profile,0.3023523271005013,0.23934529197687093,0.3204478360162647,0.291162240392132
ECMrest,1.0,20,AA20,7,spectral,0.2801709741225385,0.6575024201355276,0.851581508515815,0.7752093802345059
ECMrest,1.0,20,AA20,8,jump_profile,0.30012729069148386,0.31276761010932297,0.39768833130045883,0.35018531259015956
ECMrest,1.0,20,AA20,8,spectral,0.23649084320800526,0.6416993522792197,0.7874194110472208,0.7563194922213098
ECMrest,1.0,20,AA20,9,jump_profile,0.3308667126535735,0.3562356708759416,0.481320972077459,0.42396695930099826
ECMrest,1.0,20,AA20,9,spectral,0.23649084320800529,0.6338818973862537,0.7803406326034064,0.7479620323841429
ECMrest,1.0,20,AA20,10,jump_profile,0.3372774772857121,0.2399351972716813,0.3458902512937666,0.2758460506167954
ECMrest,1.0,20,AA20,10,spectral,0.2349365737628548,0.5947091033978058,0.7401792801688254,0.7021682682704898
ECMrest,1.0,20,AA20,11,jump_profile,0.25525680114048843,0.33856114655687214,0.4912330584778694,0.3925749539993506
ECMrest,1.0,20,AA20,11,spectral,0.23649084320800526,0.6338818973862537,0.7803406326034064,0.7479620323841429
ECMrest,1.0,20,AA20,12,jump_profile,0.3486818561197257,0.33418509806576074,0.44005303687082464,0.3835211563030338
ECMrest,1.0,20,AA20,12,spectral,0.23649084320800526,0.6416993522792197,0.7874194110472208,0.7563194922213098
ECMrest,1.0,20,AA20,13,jump_profile,0.340134347011706,0.3096578048766857,0.41443944828979945,0.3671124860877931
ECMrest,1.0,20,AA20,13,spectral,0.2801709741225385,0.6177767463448596,0.7681768176817682,0.7326721254757237
ECMrest,1.0,20,AA20,14,jump_profile,0.3317626039116247,0.3580169102519889,0.524385653600043,0.4248666842393398
ECMrest,1.0,20,AA20,14,spectral,0.23481580023618367,0.5835919076579372,0.7398206520608368,0.6977059008388329
ECMrest,1.0,20,AA20,15,jump_profile,0.28619661338984814,0.35126535921670193,0.5690492590826401,0.4163959259333081
ECMrest,1.0,20,AA20,15,spectral,0.23649084320800526,0.6338818973862537,0.7803406326034064,0.7479620323841429
ECMrest,1.0,20,AA20,16,jump_profile,0.2767293212790109,0.305136807743749,0.4634592065037318,0.33923196380298704
ECMrest,1.0,20,AA20,16,spectral,0.23649084320800526,0.6338818973862537,0.7803406326034064,0.7479620323841429
ECMrest,1.0,20,AA20,17,jump_profile,0.32871958498337267,0.3500644309645787,0.4449815183394939,0.41898473860807445
ECMrest,1.0,20,AA20,17,spectral,0.23731524935356776,0.6378541814005697,0.7612477739290398,0.7532085140814996
ECMrest,1.0,20,AA20,18,jump_profile,0.3343554971284761,0.3263390392048592,0.4677137870855148,0.3400789105256459
ECMrest,1.0,20,AA20,18,spectral,0.23649084320800529,0.6258070138977346,0.8272758530024472,0.7433799985977049
ECMrest,1.0,20,AA20,19,jump_profile,0.32751645354216413,0.3083636640814071,0.42742754247840165,0.3582747057663226
ECMrest,1.0,20,AA20,19,spectral,0.23649084320800529,0.6182042278385127,0.7637993456080231,0.7292438802458998
ECMrest,1.0,20,AA20,20,jump_profile,0.3475282543771589,0.3385001838010048,0.41969151196083865,0.3914732752283944
ECMrest,1.0,20,AA20,20,spectral,0.23731524935356776,0.6378541814005697,0.7612477739290398,0.7532085140814996
ECMrest,1.0,20,AA20,21,jump_profile,0.36315684752881267,0.3048645999264796,0.43095963794218156,0.35304000840071403
ECMrest,1.0,20,AA20,21,spectral,0.28017097412253844,0.6575024201355276,0.851581508515815,0.7752093802345059
ECMrest,1.0,20,AA20,22,jump_profile,0.34825004038744706,0.24880529346893762,0.352082756072781,0.3017956526304736
ECMrest,1.0,20,AA20,22,spectral,0.23481580023618367,0.5947091033978058,0.7401792801688254,0.7021682682704898
ECMrest,1.0,20,AA20,23,jump_profile,0.3198794788635006,0.3318386732729434,0.46727798700944273,0.3958776074442404
ECMrest,1.0,20,AA20,23,spectral,0.27346572938692804,0.5882874284155986,0.7553224313483493,0.701800405389293
ECMrest,1.0,20,AA20,24,jump_profile,0.32862415559723374,0.3664843645787678,0.50922360783863,0.4384903675455323
ECMrest,1.0,20,AA20,24,spectral,0.23649084320800526,0.6258070138977346,0.8272758530024472,0.7433799985977049
ECMrest,1.0,20,AA20,25,jump_profile,0.33146817602326595,0.32510195248922563,0.45066254985205195,0.3759786216831249
ECMrest,1.0,20,AA20,25,spectral,0.23481580023618365,0.5835919076579372,0.7398206520608368,0.6977059008388329
ECMrest,1.0,20,AA20,26,jump_profile,0.36165956889643325,0.2976509260941153,0.4074427312386301,0.3434454166749716
ECMrest,1.0,20,AA20,26,spectral,0.23649084320800526,0.6416993522792197,0.7874194110472208,0.7563194922213098
ECMrest,1.0,20,AA20,27,jump_profile,0.31175900902557463,0.2790409725348942,0.3731025249382437,0.3109791518750403
ECMrest,1.0,20,AA20,27,spectral,0.23649084320800526,0.6338818973862537,0.7803406326034064,0.7479620323841429
ECMrest,1.0,20,AA20,28,jump_profile,0.2866948558417961,0.35975785899073676,0.4567384948984531,0.43141214851638965
ECMrest,1.0,20,AA20,28,spectral,0.27346572938692804,0.5882874284155986,0.7553224313483493,0.701800405389293
ECMrest,1.0,20,AA20,29,jump_profile,0.2607375886406385,0.2799495884834535,0.3254499081456115,0.3236296191762595
ECMrest,1.0,20,AA20,29,spectral,0.2348158002361837,0.5866408518877058,0.7328467153284671,0.6934673366834171
ECMrest,1.0,23,L23,0,jump_profile,0.28687330272607503,0.2923433874709977,0.44176270641002435,0.3555988948480416
ECMrest,1.0,23,L23,0,spectral,0.23649084320800529,0.5355295779414253,0.7019566038154885,0.6490861072614597
ECMrest,1.0,23,L23,1,jump_profile,0.3207657654078582,0.2824408773434628,0.39715525999815277,0.3274178305155938
ECMrest,1.0,23,L23,1,spectral,0.23649084320800529,0.5450291029278422,0.7105048230801492,0.6595893788771511
ECMrest,1.0,23,L23,2,jump_profile,0.33186618632407405,0.3000619881035597,0.3993554932267112,0.3639863424918078
ECMrest,1.0,23,L23,2,spectral,0.2523897849313025,0.5636875948269634,0.7272925526114927,0.6801381250799335
ECMrest,1.0,23,L23,3,jump_profile,0.3199170576380114,0.26744059099676115,0.4032402581966464,0.3226864246726024
ECMrest,1.0,23,L23,3,spectral,0.26647827665723606,0.5278123023920106,0.7189495162245771,0.6385045476797815
ECMrest,1.0,23,L23,4,jump_profile,0.3222647114306369,0.29566085756489296,0.40004603762529556,0.3615364019180683
ECMrest,1.0,23,L23,4,spectral,0.24943818933726386,0.5728506072380186,0.7355357568663154,0.6901902029000229
ECMrest,1.0,23,L23,5,jump_profile,0.27248770619255375,0.3411472917833427,0.40495585188760835,0.3980868798031158
ECMrest,1.0,23,L23,5,spectral,0.23649084320800526,0.5450291029278422,0.7105048230801492,0.6595893788771511
ECMrest,1.0,23,L23,6,jump_profile,0.2867139778954646,0.29336808572256007,0.46060379085783243,0.358546667633621
ECMrest,1.0,23,L23,6,spectral,0.26647827665723606,0.5182661089824212,0.7105048230801492,0.6279232745866535
ECMrest,1.0,23,L23,7,jump_profile,0.3185440984081965,0.2979800797924281,0.39014123045189536,0.3645677590137013
ECMrest,1.0,23,L23,7,spectral,0.2523897849313025,0.5394590753652796,0.7069339232642846,0.6544956400326668
ECMrest,1.0,23,L23,8,jump_profile,0.3012485557003031,0.2956763385867863,0.4178816677488539,0.3445608161603366
ECMrest,1.0,23,L23,8,spectral,0.2523897849313025,0.5394590753652796,0.7069339232642846,0.6544956400326668
ECMrest,1.0,23,L23,9,jump_profile,0.24913313545369387,0.34362869650914113,0.49416499807859554,0.4154766634725501
ECMrest,1.0,23,L23,9,spectral,0.23649084320800526,0.5108012426847771,0.7272925526114927,0.6177260519247986
ECMrest,1.0,23,L23,10,jump_profile,0.2785899501908171,0.2724520826939709,0.4286586264233546,0.319713718473492
ECMrest,1.0,23,L23,10,spectral,0.23649084320800529,0.5108012426847771,0.7272925526114927,0.6177260519247986
ECMrest,1.0,23,L23,11,jump_profile,0.29542916173624817,0.25497508896797155,0.4242814242814243,0.30621686746987953
ECMrest,1.0,23,L23,11,spectral,0.23649084320800529,0.5108012426847771,0.7272925526114927,0.6177260519247986
ECMrest,1.0,23,L23,12,jump_profile,0.3318661863240741,0.3105540088375776,0.4420051225759239,0.37443486315418034
ECMrest,1.0,23,L23,12,spectral,0.2364908432080053,0.5202783742826979,0.7355357568663154,0.6282282434800274
ECMrest,1.0,23,L23,13,jump_profile,0.3590499282175226,0.29138431752178123,0.35289537712895375,0.3528754885538805
ECMrest,1.0,23,L23,13,spectral,0.23649084320800529,0.5450291029278422,0.7105048230801492,0.6595893788771511
ECMrest,1.0,23,L23,14,jump_profile,0.32961676174638427,0.3139466128609484,0.47308448659278457,0.3759786216831249
ECMrest,1.0,23,L23,14,spectral,0.23649084320800526,0.5355295779414253,0.7019566038154885,0.6490861072614597
ECMrest,1.0,23,L23,15,jump_profile,0.2818686920124182,0.2724520826939709,0.4029803624423818,0.33466506532022844
ECMrest,1.0,23,L23,15,spectral,0.23649084320800526,0.5738720557727318,0.7337038693328223,0.6891700430016654
ECMrest,1.0,23,L23,16,jump_profile,0.24393296249298738,0.32419778161723006,0.49642935290724277,0.37796466463484496
ECMrest,1.0,23,L23,16,spectral,0.23649084320800526,0.5355295779414253,0.7019566038154885,0.6490861072614597
ECMrest,1.0,23,L23,17,jump_profile,0.2888928071189437,0.28164517949949064,0.40311943482259927,0.341889370883999
ECMrest,1.0,23,L23,17,spectral,0.23649084320800523,0.5738720557727318,0.7337038693328223,0.6891700430016654
ECMrest,1.0,23,L23,18,jump_profile,0.30341948194329144,0.2660075555525083,0.381658702083204,0.3263066913159348
ECMrest,1.0,23,L23,18,spectral,0.23649084320800526,0.5450291029278422,0.7105048230801492,0.6595893788771511
ECMrest,1.0,23,L23,19,jump_profile,0.30187899675897223,0.2968463842225845,0.4181786651058941,0.3648899159450468
ECMrest,1.0,23,L23,19,spectral,0.2364908432080053,0.5450291029278422,0.7105048230801492,0.6595893788771511
ECMrest,1.0,23,L23,20,jump_profile,0.30889678412854976,0.2435394831586527,0.36814899736519235,0.298948248241276
ECMrest,1.0,23,L23,20,spectral,0.25275998230527236,0.5465644907603583,0.709089332552947,0.6592092231900252
ECMrest,1.0,23,L23,21,jump_profile,0.335608888141349,0.29678967734976475,0.38586857038257366,0.3613391995859116
ECMrest,1.0,23,L23,21,spectral,0.2364908432080053,0.5450291029278422,0.7105048230801492,0.6595893788771511
ECMrest,1.0,23,L23,22,jump_profile,0.3116458545256446,0.29138431752178123,0.4003892944038929,0.3528754885538805
ECMrest,1.0,23,L23,22,spectral,0.24943818933726383,0.5819054146675805,0.7436809102075118,0.7000983284169124
ECMrest,1.0,23,L23,23,jump_profile,0.33146817602326584,0.31775960772915113,0.4711217820461518,0.38217420661715057
ECMrest,1.0,23,L23,23,spectral,0.23649084320800526,0.5355295779414253,0.7019566038154885,0.6490861072614597
ECMrest,1.0,23,L23,24,jump_profile,0.2869500173611742,0.29678967734976475,0.4106819614782273,0.3469872714867186
ECMrest,1.0,23,L23,24,spectral,0.2155996666748812,0.5738720557727318,0.6557635384058434,0.6891700430016654
ECMrest,1.0,23,L23,25,jump_profile,0.2997196447937731,0.2837033259837543,0.40495545294920987,0.349399426090048
ECMrest,1.0,23,L23,25,spectral,0.23649084320800529,0.5827633378932968,0.7417169471789986,0.6988769591509317
ECMrest,1.0,23,L23,26,jump_profile,0.3236741938730058,0.3389205982226718,0.44793370406716826,0.4148868141706101
ECMrest,1.0,23,L23,26,spectral,0.24943818933726383,0.5728506072380186,0.7355357568663154,0.6901902029000229
ECMrest,1.0,23,L23,27,jump_profile,0.29611433783007685,0.3461377701673251,0.4975288303130148,0.4187469119826836
ECMrest,1.0,23,L23,27,spectral,0.23649084320800529,0.5450291029278422,0.7105048230801492,0.6595893788771511
ECMrest,1.0,23,L23,28,jump_profile,0.33558828366354276,0.289272485668616,0.42130839673965653,0.35018531259015956
ECMrest,1.0,23,L23,28,spectral,0.23649084320800526,0.5800950393036373,0.7478268642041519,0.7027055507257831
ECMrest,1.0,23,L23,29,jump_profile,0.33385241314191655,0.2638119077418201,0.406763340843877,0.3206228083717443
ECMrest,1.0,23,L23,29,spectral,0.23649084320800529,0.5355295779414253,0.7019566038154885,0.6490861072614597
ECMunrest,0.01,16,B16,0,jump_profile,0.005418793844477989,0.35779388739735846,0.5311784093764318,0.3655230696721978
ECMunrest,0.01,16,B16,0,spectral,0.0023497623775703665,0.5552154612906844,0.7938492734031768,0.6395767309448354
ECMunrest,0.01,16,B16,1,jump_profile,0.004860723515861908,0.3469716967297258,0.5196143372341209,0.3536358489039877
ECMunrest,0.01,16,B16,1,spectral,0.0023497623775703665,0.5552154612906844,0.7938492734031768,0.6395767309448354
ECMunrest,0.01,16,B16,2,jump_profile,0.004772399071644199,0.3674296591630127,0.5173431418673282,0.35751400440026837
ECMunrest,0.01,16,B16,2,spectral,0.002349762377570366,0.5552154612906844,0.7938492734031768,0.6395767309448354
ECMunrest,0.01,16,B16,3,jump_profile,0.0077621991026951345,0.3240730749757219,0.41726295283407633,0.30636110400882777
ECMunrest,0.01,16,B16,3,spectral,0.0023497623775703665,0.5552154612906844,0.7938492734031768,0.6395767309448354
ECMunrest,0.01,16,B16,4,jump_profile,0.006255900859773122,0.37689264963704594,0.5032212090804647,0.37702459029473245
ECMunrest,0.01,16,B16,4,spectral,0.002349762377570366,0.5552154612906844,0.7938492734031768,0.6395767309448354
ECMunrest,0.01,16,B16,5,jump_profile,0.00695277572985771,0.3070447461356335,0.3745727956254272,0.29753342168581687
ECMunrest,0.01,16,B16,5,spectral,0.0023497623775703665,0.5552154612906844,0.7938492734031768,0.6395767309448354
ECMunrest,0.01,16,B16,6,jump_profile,0.006427064748053836,0.4306947805046664,0.48373222337842525,0.3629965947786606
ECMunrest,0.01,16,B16,6,spectral,0.0023497623775703665,0.5552154612906844,0.7938492734031768,0.6395767309448354
ECMunrest,0.01,16,B16,7,jump_profile,0.005678948076820336,0.3807219540663108,0.4942141907792857,0.3604110145611345
ECMunrest,0.01,16,B16,7,spectral,0.0023497623775703665,0.5552154612906844,0.7938492734031768,0.6395767309448354
ECMunrest,0.01,16,B16,8,jump_profile,0.006334565520196725,0.41209998341900184,0.5572880086154423,0.42521482044986947
ECMunrest,0.01,16,B16,8,spectral,0.0023497623775703665,0.5552154612906844,0.7938492734031768,0.6395767309448354
ECMunrest,0.01,16,B16,9,jump_profile,0.005977863087812068,0.3461625435303695,0.5058879586141175,0.353803985480406
ECMunrest,0.01,16,B16,9,spectral,0.002349762377570366,0.5552154612906844,0.7938492734031768,0.6395767309448354
ECMunrest,0.01,16,B16,10,jump_profile,0.004798929468143095,0.43337756615408635,0.5601536170546281,0.42767787333854573
ECMunrest,0.01,16,B16,10,spectral,0.0023497623775703665,0.5552154612906844,0.7938492734031768,0.6395767309448354
ECMunrest,0.01,16,B16,11,jump_profile,0.004687754970212987,0.22596770058959242,0.28608582574772434,0.1999291031549096
ECMunrest,0.01,16,B16,11,spectral,0.0023497623775703665,0.5552154612906844,0.7938492734031768,0.6395767309448354
ECMunrest,0.01,16,B16,12,jump_profile,0.004573851681086592,0.23601795833447398,0.3252976098609954,0.20696482772876118
ECMunrest,0.01,16,B16,12,spectral,0.002349762377570366,0.5552154612906844,0.7938492734031768,0.6395767309448354
ECMunrest,0.01,16,B16,13,jump_profile,0.004395525476918303,0.41050693207931943,0.5806022826236421,0.41325368298486304
ECMunrest,0.01,16,B16,13,spectral,0.002349762377570366,0.5552154612906844,0.7938492734031768,0.6395767309448354
ECMunrest,0.01,16,B16,14,jump_profile,0.003928605541902068,0.23915747845900007,0.33661066658793193,0.22535065258181894
ECMunrest,0.01,16,B16,14,spectral,0.0023497623775703665,0.5552154612906844,0.7938492734031768,0.6395767309448354
ECMunrest,0.01,16,B16,15,jump_profile,0.0055416653370060935,0.3741709500911955,0.5382466326419129,0.40412178633793805
ECMunrest,0.01,16,B16,15,spectral,0.0023497623775703665,0.5552154612906844,0.7938492734031768,0.6395767309448354
ECMunrest,0.01,16,B16,16,jump_profile,0.004446900895440052,0.411105844787587,0.5875591615956728,0.42429009023925823
ECMunrest,0.01,16,B16,16,spectral,0.002349762377570366,0.5552154612906844,0.7938492734031768,0.6395767309448354
ECMunrest,0.01,16,B16,17,jump_profile,0.0045731229919415495,0.30410691003911344,0.4592402580255762,0.3175623449005329
ECMunrest,0.01,16,B16,17,spectral,0.002349762377570366,0.5552154612906844,0.7938492734031768,0.6395767309448354
ECMunrest,0.01,16,B16,18,jump_profile,0.006214641446566544,0.43238530623194155,0.5479883460482662,0.4476618060402558
ECMunrest,0.01,16,B16,18,spectral,0.002349762377570366,0.5552154612906844,0.7938492734031768,0.6395767309448354
ECMunrest,0.01,16,B16,19,jump_profile,0.005516421168285621,0.41885245471390103,0.5563145328336733,0.42197343253724534
ECMunrest,0.01,16,B16,19,spectral,0.002349762377570366,0.5552154612906844,0.7938492734031768,0.6395767309448354
ECMunrest,0.01,16,B16,20,jump_profile,0.005949756589184397,0.2937753694187279,0.36882632497142515,0.2595079744301672
ECMunrest,0.01,16,B16,20,spectral,0.002349762377570366,0.5552154612906844,0.7938492734031768,0.6395767309448354
ECMunrest,0.01,16,B16,21,jump_profile,0.006085006421199045,0.36296537924117683,0.5618008825555996,0.4007955039533648
ECMunrest,0.01,16,B16,21,spectral,0.0023497623775703665,0.5552154612906844,0.7938492734031768,0.6395767309448354
ECMunrest,0.01,16,B16,22,jump_profile,0.007119582524238343,0.3814117697557625,0.5020448410196725,0.40171324707110334
ECMunrest,0.01,16,B16,22,spectral,0.0023497623775703665,0.5552154612906844,0.7938492734031768,0.6395767309448354
ECMunrest,0.01,16,B16,23,jump_profile,0.004908250659226244,0.3877046318566219,0.5323930088921985,0.40841254829039964
ECMunrest,0.01,16,B16,23,spectral,0.002349762377570366,0.5552154612906844,0.7938492734031768,0.6395767309448354
ECMunrest,0.01,16,B16,24,jump_profile,0.005498919350842811,0.452061130396257,0.597572239081673,0.4400876020547835
ECMunrest,0.01,16,B16,24,spectral,0.002349762377570366,0.5552154612906844,0.7938492734031768,0.6395767309448354
ECMunrest,0.01,16,B16,25,jump_profile,0.00599162939154545,0.4175919658102387,0.5870038188263575,0.4211746133046706
ECMunrest,0.01,16,B16,25,spectral,0.0023497623775703665,0.5552154612906844,0.7938492734031768,0.6395767309448354
ECMunrest,0.01,16,B16,26,jump_profile,0.005764022397544612,0.4224179391607551,0.5812399100770983,0.41649614879140257
ECMunrest,0.01,16,B16,26,spectral,0.002349762377570366,0.5552154612906844,0.7938492734031768,0.6395767309448354
ECMunrest,0.01,16,B16,27,jump_profile,0.006304568618477535,0.37496993428838066,0.4654470661510161,0.3362297660084828
ECMunrest,0.01,16,B16,27,spectral,0.0023497623775703665,0.5552154612906844,0.7938492734031768,0.6395767309448354
ECMunrest,0.01,16,B16,28,jump_profile,0.006044683842139917,0.33255693451587426,0.4732057633743921,0.33725575409096226
ECMunrest,0.01,16,B16,28,spectral,0.002349762377570366,0.5552154612906844,0.7938492734031768,0.6395767309448354
ECMunrest,0.01,16,B16,29,jump_profile,0.0045805634380615915,0.3344615563658934,0.47004541007782497,0.33996441338185085
ECMunrest,0.01,16,B16,29,spectral,0.0023497623775703665,0.5552154612906844,0.7938492734031768,0.6395767309448354
ECMunrest,0.01,20,AA20,0,jump_profile,0.007199799674492959,0.29053157442822575,0.3784779371424093,0.2686995048214751
ECMunrest,0.01,20,AA20,0,spectral,0.0021621699888670657,0.7059402239143695,1.0,0.8333447168909227
ECMunrest,0.01,20,AA20,1,jump_profile,0.006095597687972818,0.37323840858814417,0.4787912627108607,0.3694881180419899
ECMunrest,0.01,20,AA20,1,spectral,0.0021621699888670657,0.7059402239143695,1.0,0.8333447168909227
ECMunrest,0.01,20,AA20,2,jump_profile,0.005842327266843002,0.3580169102519889,0.524385653600043,0.3630243922220645
ECMunrest,0.01,20,AA20,2,spectral,0.002162169988867066,0.7059402239143695,1.0,0.8333447168909227
ECMunrest,0.01,20,AA20,3,jump_profile,0.0060712192961005565,0.3580169102519889,0.5025183273287807,0.38776130902897465
ECMunrest,0.01,20,AA20,3,spectral,0.0021621699888670657,0.7059402239143695,1.0,0.8333447168909227
ECMunrest,0.01,20,AA20,4,jump_profile,0.007176276320467795,0.30602778881327425,0.40276935987691737,0.2968360201641347
ECMunrest,0.01,20,AA20,4,spectral,0.0021621699888670657,0.7059402239143695,1.0,0.8333447168909227
ECMunrest,0.01,20,AA20,5,jump_profile,0.006447207592800505,0.4125635833868339,0.48564059322454245,0.40292167617781227
ECMunrest,0.01,20,AA20,5,spectral,0.0021621699888670657,0.7059402239143695,1.0,0.8333447168909227
ECMunrest,0.01,20,AA20,6,jump_profile,0.006413315892784463,0.4237564872587323,0.5014500395465331,0.43781587553265283
ECMunrest,0.01,20,AA20,6,spectral,0.0021621699888670657,0.7059402239143695,1.0,0.8333447168909227
ECMunrest,0.01,20,AA20,7,jump_profile,0.006155914920040482,0.3613771324614698,0.4583527302194865,0.34378089201604933
ECMunrest,0.01,20,AA20,7,spectral,0.0021621699888670657,0.7059402239143695,1.0,0.8333447168909227
ECMunrest,0.01,20,AA20,8,jump_profile,0.006102529080862279,0.4098834973285446,0.4668878306312091,0.39741547890248574
ECMunrest,0.01,20,AA20,8,spectral,0.0021621699888670657,0.7059402239143695,1.0,0.8333447168909227
ECMunrest,0.01,20,AA20,9,jump_profile,0.005573491119944745,0.42990654205607476,0.6369960606822563,0.4563279857397504
ECMunrest,0.01,20,AA20,9,spectral,0.0021621699888670657,0.7059402239143695,1.0,0.8333447168909227
ECMunrest,0.01,20,AA20,10,jump_profile,0.004916126525743132,0.35268884821398494,0.49943319290052957,0.34635006732793444
ECMunrest,0.01,20,AA20,10,spectral,0.0021621699888670657,0.7059402239143695,1.0,0.8333447168909227
ECMunrest,0.01,20,AA20,11,jump_profile,0.006105936155258215,0.4190841374108181,0.6068619088238082,0.49821409243424614
ECMunrest,0.01,20,AA20,11,spectral,0.0021621699888670657,0.7059402239143695,1.0,0.8333447168909227
ECMunrest,0.01,20,AA20,12,jump_profile,0.005827364506854744,0.33828437917222964,0.5142905037297796,0.3647621728117084
ECMunrest,0.01,20,AA20,12,spectral,0.0021621699888670657,0.7059402239143695,1.0,0.8333447168909227
ECMunrest,0.01,20,AA20,13,jump_profile,0.004853488487065772,0.3758729333809725,0.547307987147494,0.4066255750104547
ECMunrest,0.01,20,AA20,13,spectral,0.002162169988867066,0.7059402239143695,1.0,0.8333447168909227
ECMunrest,0.01,20,AA20,14,jump_profile,0.004638868473400509,0.387993148263955,0.610223642172524,0.4314173444210911
ECMunrest,0.01,20,AA20,14,spectral,0.0021621699888670657,0.7059402239143695,1.0,0.8333447168909227
ECMunrest,0.01,20,AA20,15,jump_profile,0.0063769311098552245,0.3891855807743658,0.46316318833291426,0.37620789942771365
ECMunrest,0.01,20,AA20,15,spectral,0.0021621699888670657,0.7059402239143695,1.0,0.8333447168909227
ECMunrest,0.01,20,AA20,16,jump_profile,0.006430277976256869,0.38579865635523664,0.48153058969520796,0.3718894800068646
ECMunrest,0.01,20,AA20,16,spectral,0.0021621699888670657,0.7059402239143695,1.0,0.8333447168909227
ECMunrest,0.01,20,AA20,17,jump_profile,0.005369866822808489,0.355623567037494,0.45510519851334325,0.3512823694145589
ECMunrest,0.01,20,AA20,17,spectral,0.0021621699888670657,0.7059402239143695,1.0,0.8333447168909227
ECMunrest,0.01,20,AA20,18,jump_profile,0.005686620693947699,0.45020429567155373,0.6335522309452097,0.45646782164575334
ECMunrest,0.01,20,AA20,18,spectral,0.0021621699888670657,0.7059402239143695,1.0,0.8333447168909227
ECMunrest,0.01,20,AA20,19,jump_profile,0.0059482577457059625,0.3657081316613644,0.49340275833753244,0.3711607541394775
ECMunrest,0.01,20,AA20,19,spectral,0.0021621699888670657,0.7059402239143695,1.0,0.8333447168909227
ECMunrest,0.01,20,AA20,20,jump_profile,0.006604135180148325,0.39968805317950556,0.45925013530410763,0.4359895423725211
ECMunrest,0.01,20,AA20,20,spectral,0.0021621699888670657,0.7059402239143695,1.0,0.8333447168909227
ECMunrest,0.01,20,AA20,21,jump_profile,0.0056932213568062105,0.3591743772241993,0.528957528957529,0.3767710843373494
ECMunrest,0.01,20,AA20,21,spectral,0.0021621699888670657,0.7059402239143695,1.0,0.8333447168909227
ECMunrest,0.01,20,AA20,22,jump_profile,0.0064665643944139565,0.4167667913289222,0.47116120148911217,0.36025780371069543
ECMunrest,0.01,20,AA20,22,spectral,0.0021621699888670657,0.7059402239143695,1.0,0.8333447168909227
ECMunrest,0.01,20,AA20,23,jump_profile,0.005071704034862597,0.3048645999264796,0.43095963794218156,0.3274178305155938
ECMunrest,0.01,20,AA20,23,spectral,0.0021621699888670657,0.7059402239143695,1.0,0.8333447168909227
ECMunrest,0.01,20,AA20,24,jump_profile,0.006330303838367756,0.38698424432842027,0.5062405347537731,0.39625267036434547
ECMunrest,0.01,20,AA20,24,spectral,0.0021621699888670657,0.7059402239143695,1.0,0.8333447168909227
ECMunrest,0.01,20,AA20,25,jump_profile,0.006600312077504496,0.31082835210974186,0.38154782020953026,0.29007537913376663
ECMunrest,0.01,20,AA20,25,spectral,0.002162169988867066,0.7059402239143695,1.0,0.8333447168909227
ECMunrest,0.01,20,AA20,26,jump_profile,0.006330202176577917,0.4211425317897134,0.5107754855718074,0.41369945152813786
ECMunrest,0.01,20,AA20,26,spectral,0.0021621699888670657,0.7059402239143695,1.0,0.8333447168909227
ECMunrest,0.01,20,AA20,27,jump_profile,0.006382026017302738,0.36156771537228527,0.45654440337408775,0.4057798463037125
ECMunrest,0.01,20,AA20,27,spectral,0.0021621699888670657,0.7059402239143695,1.0,0.8333447168909227
ECMunrest,0.01,20,AA20,28,jump_profile,0.005678948076820336,0.3965856512258682,0.5650885203877273,0.38603366883406076
ECMunrest,0.01,20,AA20,28,spectral,0.0021621699888670657,0.7059402239143695,1.0,0.8333447168909227
ECMunrest,0.01,20,AA20,29,jump_profile,0.0039726061225499095,0.4360024136566249,0.5941212156793675,0.47899575194983257
ECMunrest,0.01,20,AA20,29,spectral,0.0021621699888670657,0.7059402239143695,1.0,0.8333447168909227
ECMunrest,0.01,23,L23,0,jump_profile,0.006590627834113292,0.3689816352072744,0.4302578619985749,0.3475288357629623
ECMunrest,0.01,23,L23,0,spectral,0.0042876000935318775,0.6613669671803526,0.8568747067104646,0.7991253721120156
ECMunrest,0.01,23,L23,1,jump_profile,0.007725817678140948,0.3500644309645787,0.4796701734432755,0.35296027708626476
ECMunrest,0.01,23,L23,1,spectral,0.004287600093531877,0.6613669671803526,0.8568747067104646,0.7991253721120156
ECMunrest,0.01,23,L23,2,jump_profile,0.006719494600723829,0.34065142198308995,0.4975470229366933,0.38062808968021167
ECMunrest,0.01,23,L23,2,spectral,0.0042876000935318775,0.6613669671803526,0.8568747067104646,0.7991253721120156
ECMunrest,0.01,23,L23,3,jump_profile,0.008027788708698778,0.26689836619352325,0.4478152370700201,0.29571446753577335
ECMunrest,0.01,23,L23,3,spectral,0.004287600093531878,0.6613669671803526,0.8568747067104646,0.7991253721120156
ECMunrest,0.01,23,L23,4,jump_profile,0.006036510615183855,0.2602158265302685,0.3549396815728474,0.2885049405427959
ECMunrest,0.01,23,L23,4,spectral,0.004287600093531878,0.6613669671803526,0.8568747067104646,0.7991253721120156
ECMunrest,0.01,23,L23,5,jump_profile,0.005738436309550476,0.37246936864457075,0.5935032125877743,0.41989963106395656
ECMunrest,0.01,23,L23,5,spectral,0.0042876000935318775,0.6613669671803526,0.8568747067104646,0.7991253721120156
ECMunrest,0.01,23,L23,6,jump_profile,0.006322247448081333,0.3474126317457802,0.46187351822241823,0.35050836134366065
ECMunrest,0.01,23,L23,6,spectral,0.0042876000935318775,0.6613669671803526,0.8568747067104646,0.7991253721120156
ECMunrest,0.01,23,L23,7,jump_profile,0.007139774526216531,0.3083738127186326,0.42899026828449816,0.30697016204580335
ECMunrest,0.01,23,L23,7,spectral,0.004287600093531877,0.6613669671803526,0.8568747067104646,0.7991253721120156
ECMunrest,0.01,23,L23,8,jump_profile,0.007757267848281268,0.33625729211750294,0.49550642333351713,0.35050836134366065
ECMunrest,0.01,23,L23,8,spectral,0.0042876000935318775,0.6613669671803526,0.8568747067104646,0.7991253721120156
ECMunrest,0.01,23,L23,9,jump_profile,0.0058127207239839105,0.3982997417071732,0.4635004397537379,0.37871574409625997
ECMunrest,0.01,23,L23,9,spectral,0.004287600093531878,0.6613669671803526,0.8568747067104646,0.7991253721120156
ECMunrest,0.01,23,L23,10,jump_profile,0.006181107891410095,0.38043456399460984,0.5805270715773719,0.45824666370626593
ECMunrest,0.01,23,L23,10,spectral,0.004287600093531877,0.6613669671803526,0.8568747067104646,0.7991253721120156
ECMunrest,0.01,23,L23,11,jump_profile,0.006835677373381914,0.3534939588779764,0.5073922226363523,0.39473209453364605
ECMunrest,0.01,23,L23,11,spectral,0.0042876000935318775,0.6613669671803526,0.8568747067104646,0.7991253721120156
ECMunrest,0.01,23,L23,12,jump_profile,0.006441602653104712,0.36296362840106455,0.5303960881850329,0.3810571433990176
ECMunrest,0.01,23,L23,12,spectral,0.0042876000935318775,0.6613669671803526,0.8568747067104646,0.7991253721120156
ECMunrest,0.01,23,L23,13,jump_profile,0.006430555455455508,0.32510195248922563,0.3497638345187554,0.2868327104949999
ECMunrest,0.01,23,L23,13,spectral,0.0042876000935318775,0.6613669671803526,0.8568747067104646,0.7991253721120156
ECMunrest,0.01,23,L23,14,jump_profile,0.0048834855168912936,0.30169425001635375,0.424515676078896,0.3241606760969828
ECMunrest,0.01,23,L23,14,spectral,0.0042876000935318775,0.6613669671803526,0.8568747067104646,0.7991253721120156
ECMunrest,0.01,23,L23,15,jump_profile,0.00794603589565553,0.21150260227754056,0.3024585477415666,0.21415803797162594
ECMunrest,0.01,23,L23,15,spectral,0.004287600093531878,0.6613669671803526,0.8568747067104646,0.7991253721120156
ECMunrest,0.01,23,L23,16,jump_profile,0.0045037386380882,0.32655902927427644,0.47534753475347535,0.3387152577557375
ECMunrest,0.01,23,L23,16,spectral,0.0042876000935318775,0.6613669671803526,0.8568747067104646,0.7991253721120156
ECMunrest,0.01,23,L23,17,jump_profile,0.005804219978766195,0.397676669893514,0.5191240875912408,0.42099385817978785
ECMunrest,0.01,23,L23,17,spectral,0.0042876000935318775,0.6613669671803526,0.8568747067104646,0.7991253721120156
ECMunrest,0.01,23,L23,18,jump_profile,0.00528250498059819,0.38334762896703833,0.6112496536436686,0.42990654205607476
ECMunrest,0.01,23,L23,18,spectral,0.004287600093531877,0.6613669671803526,0.8568747067104646,0.7991253721120156
ECMunrest,0.01,23,L23,19,jump_profile,0.006604310335988927,0.3562356708759416,0.49247535977471796,0.3733266919868003
ECMunrest,0.01,23,L23,19,spectral,0.004287600093531877,0.6613669671803526,0.8568747067104646,0.7991253721120156
ECMunrest,0.01,23,L23,20,jump_profile,0.005752238259768617,0.4246050650761286,0.57933452100454,0.46522892147193545
ECMunrest,0.01,23,L23,20,spectral,0.0042876000935318775,0.6613669671803526,0.8568747067104646,0.7991253721120156
ECMunrest,0.01,23,L23,21,jump_profile,0.006839760203793769,0.30133624215980365,0.4792759436387946,0.3381423631811136
ECMunrest,0.01,23,L23,21,spectral,0.0042876000935318775,0.6613669671803526,0.8568747067104646,0.7991253721120156
ECMunrest,0.01,23,L23,22,jump_profile,0.006981534581881372,0.2855798036403506,0.3791193205519681,0.2827413725526792
ECMunrest,0.01,23,L23,22,spectral,0.0042876000935318775,0.6613669671803526,0.8568747067104646,0.7991253721120156
ECMunrest,0.01,23,L23,23,jump_profile,0.004952075336680223,0.33625994296863276,0.4766268786181667,0.324103358505992
ECMunrest,0.01,23,L23,23,spectral,0.004287600093531878,0.6613669671803526,0.8568747067104646,0.7991253721120156
ECMunrest,0.01,23,L23,24,jump_profile,0.006607611946253093,0.3340369009061465,0.49247535977471796,0.3733266919868003
ECMunrest,0.01,23,L23,24,spectral,0.0042876000935318775,0.6613669671803526,0.8568747067104646,0.7991253721120156
ECMunrest,0.01,23,L23,25,jump_profile,0.006936106341349773,0.3385001838010048,0.532372771774268,0.3658510973432742
ECMunrest,0.01,23,L23,25,spectral,0.0042876000935318775,0.6613669671803526,0.8568747067104646,0.7991253721120156
ECMunrest,0.01,23,L23,26,jump_profile,0.007297616621693498,0.2855798036403506,0.40965443593465817,0.29412643013120815
ECMunrest,0.01,23,L23,26,spectral,0.004287600093531878,0.6613669671803526,0.8568747067104646,0.7991253721120156
ECMunrest,0.01,23,L23,27,jump_profile,0.006911583186773139,0.37124675091870574,0.5385031072683059,0.37799530947282556
ECMunrest,0.01,23,L23,27,spectral,0.0042876000935318775,0.6613669671803526,0.8568747067104646,0.7991253721120156
ECMunrest,0.01,23,L23,28,jump_profile,0.006618349275359095,0.2441432720232333,0.34102189781021897,0.27113344500279174
ECMunrest,0.01,23,L23,28,spectral,0.0042876000935318775,0.6613669671803526,0.8568747067104646,0.7991253721120156
ECMunrest,0.01,23,L23,29,jump_profile,0.006041494329268867,0.3105540088375776,0.4420051225759239,0.30716979467613525
ECMunrest,0.01,23,L23,29,spectral,0.0042876000935318775,0.6613669671803526,0.8568747067104646,0.7991253721120156
ECMunrest,0.05,16,B16,0,jump_profile,0.027008542455225014,0.38903222704764345,0.49934823540771495,0.3992945515747256
ECMunrest,0.05,16,B16,0,spectral,0.0115703493079937,0.5552154612906844,0.7938492734031768,0.6395767309448354
ECMunrest,0.05,16,B16,1,jump_profile,0.026199341543704853,0.418261072410339,0.4876561058559489,0.40503878877001337
ECMunrest,0.05,16,B16,1,spectral,0.011570349307993699,0.5552154612906844,0.7938492734031768,0.6395767309448354
ECMunrest,0.05,16,B16,2,jump_profile,0.030712349075096235,0.46020058120479823,0.5632745766059349,0.4676746706839852
ECMunrest,0.05,16,B16,2,spectral,0.011570349307993697,0.5552154612906844,0.7938492734031768,0.6395767309448354
ECMunrest,0.05,16,B16,3,jump_profile,0.03059096332611435,0.3000498521625524,0.4516871661557961,0.30440318450840204
ECMunrest,0.05,16,B16,3,spectral,0.0115703493079937,0.5552154612906844,0.7938492734031768,0.6395767309448354
ECMunrest,0.05,16,B16,4,jump_profile,0.03105061448786953,0.4430919050517346,0.5727718419836977,0.44966619096829225
ECMunrest,0.05,16,B16,4,spectral,0.011570349307993699,0.5552154612906844,0.7938492734031768,0.6395767309448354
ECMunrest,0.05,16,B16,5,jump_profile,0.025872862037460434,0.34563090165513993,0.4575681422772086,0.3114068706013518
ECMunrest,0.05,16,B16,5,spectral,0.011570349307993699,0.5552154612906844,0.7938492734031768,0.6395767309448354
ECMunrest,0.05,16,B16,6,jump_profile,0.02633971389442526,0.2929529648724997,0.40316903645535523,0.28866389540546844
ECMunrest,0.05,16,B16,6,spectral,0.011570349307993699,0.5552154612906844,0.7938492734031768,0.6395767309448354
ECMunrest,0.05,16,B16,7,jump_profile,0.03271265949686601,0.4193293743131478,0.5070477256126936,0.41228085267450065
ECMunrest,0.05,16,B16,7,spectral,0.0115703493079937,0.5552154612906844,0.7938492734031768,0.6395767309448354
ECMunrest,0.05,16,B16,8,jump_profile,0.029286189373886752,0.2198010421601137,0.2894348644386795,0.20353554349578207
ECMunrest,0.05,16,B16,8,spectral,0.011570349307993699,0.5552154612906844,0.7938492734031768,0.6395767309448354
ECMunrest,0.05,16,B16,9,jump_profile,0.023131922553202913,0.44764035368062216,0.6085621304487326,0.4441350680909229
ECMunrest,0.05,16,B16,9,spectral,0.011570349307993699,0.5552154612906844,0.7938492734031768,0.6395767309448354
ECMunrest,0.05,16,B16,10,jump_profile,0.030360298827384415,0.355623567037494,0.4842959914501284,0.383718250943831
ECMunrest,0.05,16,B16,10,spectral,0.0115703493079937,0.5552154612906844,0.7938492734031768,0.6395767309448354
ECMunrest,0.05,16,B16,11,jump_profile,0.024703507794165386,0.4500290167468082,0.6048914485492657,0.4357613375058352
ECMunrest,0.05,16,B16,11,spectral,0.0115703493079937,0.5552154612906844,0.7938492734031768,0.6395767309448354
ECMunrest,0.05,16,B16,12,jump_profile,0.020670337038037584,0.4432093145827843,0.5951814181634567,0.44049972325452674
ECMunrest,0.05,16,B16,12,spectral,0.011570349307993699,0.5552154612906844,0.7938492734031768,0.6395767309448354
ECMunrest,0.05,16,B16,13,jump_profile,0.025272716242970256,0.3745852770224761,0.5417324017729698,0.3737892209620002
ECMunrest,0.05,16,B16,13,spectral,0.0115703493079937,0.5552154612906844,0.7938492734031768,0.6395767309448354
ECMunrest,0.05,16,B16,14,jump_profile,0.01988178887908237,0.47234962193275093,0.633526555929011,0.5034639943563121
ECMunrest,0.05,16,B16,14,spectral,0.0115703493079937,0.5552154612906844,0.7938492734031768,0.6395767309448354
ECMunrest,0.05,16,B16,15,jump_profile,0.02328206129215313,0.46760379564425353,0.6202179077578439,0.4871607420268665
ECMunrest,0.05,16,B16,15,spectral,0.011570349307993699,0.5552154612906844,0.7938492734031768,0.6395767309448354
ECMunrest,0.05,16,B16,16,jump_profile,0.03193027255345414,0.3996409656135341,0.5563145328336733,0.42197343253724534
ECMunrest,0.05,16,B16,16,spectral,0.0115703493079937,0.5552154612906844,0.7938492734031768,0.6395767309448354
ECMunrest,0.05,16,B16,17,jump_profile,0.031195079483129183,0.38308113782420566,0.4320735575503076,0.31835533530448784
ECMunrest,0.05,16,B16,17,spectral,0.0115703493079937,0.5552154612906844,0.7938492734031768,0.6395767309448354
ECMunrest,0.05,16,B16,18,jump_profile,0.03050659205136963,0.46498604766137885,0.5372636580932343,0.41679858313872387
ECMunrest,0.05,16,B16,18,spectral,0.0115703493079937,0.5552154612906844,0.7938492734031768,0.6395767309448354
ECMunrest,0.05,16,B16,19,jump_profile,0.030858879846172596,0.4325314790452922,0.5211118183747082,0.4008970690588508
ECMunrest,0.05,16,B16,19,spectral,0.0115703493079937,0.5552154612906844,0.7938492734031768,0.6395767309448354
ECMunrest,0.05,16,B16,20,jump_profile,0.022474750734130862,0.4281341645165943,0.6171486506058996,0.4429822205511092
ECMunrest,0.05,16,B16,20,spectral,0.011570349307993699,0.5552154612906844,0.7938492734031768,0.6395767309448354
ECMunrest,0.05,16,B16,21,jump_profile,0.021923388386107932,0.3544235871649889,0.49342371055348566,0.3616407653389146
ECMunrest,0.05,16,B16,21,spectral,0.011570349307993699,0.5552154612906844,0.7938492734031768,0.6395767309448354
ECMunrest,0.05,16,B16,22,jump_profile,0.018320560649049952,0.5001857233377761,0.7138695501900953,0.5461226139516084
ECMunrest,0.05,16,B16,22,spectral,0.011570349307993699,0.5552154612906844,0.7938492734031768,0.6395767309448354
ECMunrest,0.05,16,B16,23,jump_profile,0.03153384211501043,0.3876218601843055,0.4413211029857266,0.3518532776913719
ECMunrest,0.05,16,B16,23,spectral,0.011570349307993699,0.5552154612906844,0.7938492734031768,0.6395767309448354
ECMunrest,0.05,16,B16,24,jump_profile,0.030715388305772272,0.35056697199510434,0.4863503932366662,0.3786195317952878
ECMunrest,0.05,16,B16,24,spectral,0.011570349307993699,0.5552154612906844,0.7938492734031768,0.6395767309448354
ECMunrest,0.05,16,B16,25,jump_profile,0.027585334165191693,0.40559326988664046,0.5672065371629887,0.428807796505391
ECMunrest,0.05,16,B16,25,spectral,0.011570349307993699,0.5552154612906844,0.7938492734031768,0.6395767309448354
ECMunrest,0.05,16,B16,26,jump_profile,0.017729872299531636,0.41690424283078986,0.5599798023515834,0.4019134972720803
ECMunrest,0.05,16,B16,26,spectral,0.0115703493079937,0.5552154612906844,0.7938492734031768,0.6395767309448354
ECMunrest,0.05,16,B16,27,jump_profile,0.02545893864441006,0.46653836827142847,0.61132609134847,0.48574574609018806
ECMunrest,0.05,16,B16,27,spectral,0.011570349307993699,0.5552154612906844,0.7938492734031768,0.6395767309448354
ECMunrest,0.05,16,B16,28,jump_profile,0.03199503733125159,0.41690424283078986,0.41917333910409005,0.3633272712896339
ECMunrest,0.05,16,B16,28,spectral,0.011570349307993697,0.5552154612906844,0.7938492734031768,0.6395767309448354
ECMunrest,0.05,16,B16,29,jump_profile,0.02574501433832249,0.3502332365235214,0.40675905664964745,0.3252492291525517
ECMunrest,0.05,16,B16,29,spectral,0.011570349307993699,0.5552154612906844,0.7938492734031768,0.6395767309448354
ECMunrest,0.05,20,AA20,0,jump_profile,0.025952511286881662,0.3215248518431233,0.4716144344542037,0.35798234159081604
ECMunrest,0.05,20,AA20,0,spectral,0.010413836404041253,0.7059402239143695,1.0,0.8333447168909227
ECMunrest,0.05,20,AA20,1,jump_profile,0.023190446551436487,0.3384422335753339,0.5494911285238224,0.390435403283369
ECMunrest,0.05,20,AA20,1,spectral,0.010413836404041256,0.7059402239143695,1.0,0.8333447168909227
ECMunrest,0.05,20,AA20,2,jump_profile,0.0207861625224352,0.3154375763544932,0.4129849022710748,0.2813675160328928
ECMunrest,0.05,20,AA20,2,spectral,0.010413836404041255,0.7059402239143695,1.0,0.8333447168909227
ECMunrest,0.05,20,AA20,3,jump_profile,0.026221699359213042,0.43183203050192376,0.5625404488289517,0.45899603855022764
ECMunrest,0.05,20,AA20,3,spectral,0.010413836404041255,0.7059402239143695,1.0,0.8333447168909227
ECMunrest,0.05,20,AA20,4,jump_profile,0.030027489229281775,0.4124222568408034,0.5462529798713054,0.43723514264279484
ECMunrest,0.05,20,AA20,4,spectral,0.010413836404041255,0.7059402239143695,1.0,0.8333447168909227
ECMunrest,0.05,20,AA20,5,jump_profile,0.024805273656705006,0.33624008887671397,0.4221631449481291,0.32060952766668355
ECMunrest,0.05,20,AA20,5,spectral,0.010413836404041255,0.7059402239143695,1.0,0.8333447168909227
ECMunrest,0.05,20,AA20,6,jump_profile,0.028198761465405064,0.37405614714424007,0.5309975669099757,0.40737018425460636
ECMunrest,0.05,20,AA20,6,spectral,0.010413836404041255,0.7059402239143695,1.0,0.8333447168909227
ECMunrest,0.05,20,AA20,7,jump_profile,0.03082000483410851,0.4372337918388697,0.5561561249415311,0.45309606876254704
ECMunrest,0.05,20,AA20,7,spectral,0.010413836404041255,0.7059402239143695,1.0,0.8333447168909227
ECMunrest,0.05,20,AA20,8,jump_profile,0.030393561227284205,0.38460799385088396,0.530675790655153,0.4181657812147443
ECMunrest,0.05,20,AA20,8,spectral,0.010413836404041255,0.7059402239143695,1.0,0.8333447168909227
ECMunrest,0.05,20,AA20,9,jump_profile,0.02499399753480979,0.4032540418082587,0.5530095346471491,0.41472349828458455
ECMunrest,0.05,20,AA20,9,spectral,0.010413836404041255,0.7059402239143695,1.0,0.8333447168909227
ECMunrest,0.05,20,AA20,10,jump_profile,0.0353397315004648,0.4015411875230405,0.43691634851499345,0.3630243922220645
ECMunrest,0.05,20,AA20,10,spectral,0.010413836404041256,0.7059402239143695,1.0,0.8333447168909227
ECMunrest,0.05,20,AA20,11,jump_profile,0.02297879579750889,0.34993028957869265,0.5582484430068073,0.3774507170865338
ECMunrest,0.05,20,AA20,11,spectral,0.010413836404041255,0.7059402239143695,1.0,0.8333447168909227
ECMunrest,0.05,20,AA20,12,jump_profile,0.018445107053663798,0.41101469368555266,0.5958606274378068,0.4359895423725211
ECMunrest,0.05,20,AA20,12,spectral,0.010413836404041255,0.7059402239143695,1.0,0.8333447168909227
ECMunrest,0.05,20,AA20,13,jump_profile,0.02749505105031886,0.3846931805545995,0.532947313011437,0.39453021145358835
ECMunrest,0.05,20,AA20,13,spectral,0.010413836404041255,0.7059402239143695,1.0,0.8333447168909227
ECMunrest,0.05,20,AA20,14,jump_profile,0.019019614922701922,0.38705861763055144,0.6226552407983552,0.4210493738007304
ECMunrest,0.05,20,AA20,14,spectral,0.010413836404041255,0.7059402239143695,1.0,0.8333447168909227
ECMunrest,0.05,20,AA20,15,jump_profile,0.024902237580606584,0.4450988395824829,0.6837156164865102,0.49826578138935684
ECMunrest,0.05,20,AA20,15,spectral,0.010413836404041256,0.7059402239143695,1.0,0.8333447168909227
ECMunrest,0.05,20,AA20,16,jump_profile,0.027921024645367575,0.34213632656565224,0.49218434282204226,0.34682455414184676
ECMunrest,0.05,20,AA20,16,spectral,0.010413836404041255,0.7059402239143695,1.0,0.8333447168909227
ECMunrest,0.05,20,AA20,17,jump_profile,0.02873572725389134,0.4351042367182246,0.5187436676798379,0.41676104190260477
ECMunrest,0.05,20,AA20,17,spectral,0.010413836404041255,0.7059402239143695,1.0,0.8333447168909227
ECMunrest,0.05,20,AA20,18,jump_profile,0.019876696565783284,0.39066011820527763,0.524385653600043,0.41249822583588475
ECMunrest,0.05,20,AA20,18,spectral,0.010413836404041255,0.7059402239143695,1.0,0.8333447168909227
ECMunrest,0.05,20,AA20,19,jump_profile,0.021854371122785883,0.4218301760416535,0.564111358829246,0.4486070876260591
ECMunrest,0.05,20,AA20,19,spectral,0.010413836404041256,0.7059402239143695,1.0,0.8333447168909227
ECMunrest,0.05,20,AA20,20,jump_profile,0.03100274830673636,0.4390947868509106,0.6064667706588095,0.4955119864146616
ECMunrest,0.05,20,AA20,20,spectral,0.010413836404041255,0.7059402239143695,1.0,0.8333447168909227
ECMunrest,0.05,20,AA20,21,jump_profile,0.03139824104124396,0.3835131887752237,0.509754157995364,0.404195194113073
ECMunrest,0.05,20,AA20,21,spectral,0.010413836404041256,0.7059402239143695,1.0,0.8333447168909227
ECMunrest,0.05,20,AA20,22,jump_profile,0.018187833243307104,0.3047804260322916,0.38962630181743924,0.2995777464997407
ECMunrest,0.05,20,AA20,22,spectral,0.010413836404041255,0.7059402239143695,1.0,0.8333447168909227
ECMunrest,0.05,20,AA20,23,jump_profile,0.030758255416764867,0.27581494661921707,0.4556842556842557,0.2944578313253012
ECMunrest,0.05,20,AA20,23,spectral,0.010413836404041255,0.7059402239143695,1.0,0.8333447168909227
ECMunrest,0.05,20,AA20,24,jump_profile,0.0323908372926496,0.38087865063061194,0.5067173917038834,0.38871375185285706
ECMunrest,0.05,20,AA20,24,spectral,0.010413836404041256,0.7059402239143695,1.0,0.8333447168909227
ECMunrest,0.05,20,AA20,25,jump_profile,0.02937683358701455,0.4237564872587323,0.49072853502065206,0.3773659696759489
ECMunrest,0.05,20,AA20,25,spectral,0.010413836404041255,0.7059402239143695,1.0,0.8333447168909227
ECMunrest,0.05,20,AA20,26,jump_profile,0.029057759452198618,0.45061879671608873,0.5999815276623257,0.49396198676887537
ECMunrest,0.05,20,AA20,26,spectral,0.010413836404041255,0.7059402239143695,1.0,0.8333447168909227
ECMunrest,0.05,20,AA20,27,jump_profile,0.030265993369938796,0.40567680820366614,0.42934358921054,0.35798234159081604
ECMunrest,0.05,20,AA20,27,spectral,0.010413836404041255,0.7059402239143695,1.0,0.8333447168909227
ECMunrest,0.05,20,AA20,28,jump_profile,0.027042473855581322,0.36426905956334343,0.5615249454235663,0.40695972898751176
ECMunrest,0.05,20,AA20,28,spectral,0.010413836404041256,0.7059402239143695,1.0,0.8333447168909227
ECMunrest,0.05,20,AA20,29,jump_profile,0.03257714650920378,0.3434823270935083,0.43642242985083524,0.31958729065170677
ECMunrest,0.05,20,AA20,29,spectral,0.010413836404041255,0.7059402239143695,1.0,0.8333447168909227
ECMunrest,0.05,23,L23,0,jump_profile,0.03307689782871168,0.318053085033439,0.4569137077104936,0.32142916000593286
ECMunrest,0.05,23,L23,0,spectral,0.020459835459253797,0.6613669671803526,0.8568747067104646,0.7991253721120156
ECMunrest,0.05,23,L23,1,jump_profile,0.03142448803416953,0.38698424432842027,0.5487144672480722,0.39625267036434547
ECMunrest,0.05,23,L23,1,spectral,0.020459835459253797,0.6613669671803526,0.8568747067104646,0.7991253721120156
ECMunrest,0.05,23,L23,2,jump_profile,0.03140039517822211,0.4013567848771843,0.5325939122272666,0.41175181361912905
ECMunrest,0.05,23,L23,2,spectral,0.020459835459253797,0.6613669671803526,0.8568747067104646,0.7991253721120156
ECMunrest,0.05,23,L23,3,jump_profile,0.03389859124456661,0.2990502145660884,0.4759771737129533,0.33537033089367346
ECMunrest,0.05,23,L23,3,spectral,0.020459835459253797,0.6613669671803526,0.8568747067104646,0.7991253721120156
ECMunrest,0.05,23,L23,4,jump_profile,0.035478547922071973,0.3165725553464193,0.43961091596865715,0.34067502804119504
ECMunrest,0.05,23,L23,4,spectral,0.020459835459253794,0.6613669671803526,0.8568747067104646,0.7991253721120156
ECMunrest,0.05,23,L23,5,jump_profile,0.033255400270885464,0.4057713515500551,0.5211046457929251,0.42990654205607476
ECMunrest,0.05,23,L23,5,spectral,0.020459835459253794,0.6613669671803526,0.8568747067104646,0.7991253721120156
ECMunrest,0.05,23,L23,6,jump_profile,0.03547182680356658,0.3858192609340776,0.5940045790958948,0.443642632349109
ECMunrest,0.05,23,L23,6,spectral,0.020459835459253794,0.6613669671803526,0.8568747067104646,0.7991253721120156
ECMunrest,0.05,23,L23,7,jump_profile,0.038911766734001575,0.3313600740139849,0.5311773152923569,0.40121999672797815
ECMunrest,0.05,23,L23,7,spectral,0.020459835459253797,0.6613669671803526,0.8568747067104646,0.7991253721120156
ECMunrest,0.05,23,L23,8,jump_profile,0.034647708844702765,0.32750739446087657,0.43961091596865715,0.34067502804119504
ECMunrest,0.05,23,L23,8,spectral,0.020459835459253797,0.6613669671803526,0.8568747067104646,0.7991253721120156
ECMunrest,0.05,23,L23,9,jump_profile,0.03415627972623989,0.22655652508374666,0.36768843476973195,0.24137123794753246
ECMunrest,0.05,23,L23,9,spectral,0.020459835459253797,0.6613669671803526,0.8568747067104646,0.7991253721120156
ECMunrest,0.05,23,L23,10,jump_profile,0.022578743210138245,0.2907774142205445,0.42336846986640986,0.29903433260085077
ECMunrest,0.05,23,L23,10,spectral,0.020459835459253794,0.6613669671803526,0.8568747067104646,0.7991253721120156
ECMunrest,0.05,23,L23,11,jump_profile,0.02370700969756643,0.426990919528233,0.6339255848729906,0.4687492930983781
ECMunrest,0.05,23,L23,11,spectral,0.020459835459253797,0.6613669671803526,0.8568747067104646,0.7991253721120156
ECMunrest,0.05,23,L23,12,jump_profile,0.032496951077078326,0.30907492913112905,0.5275553813709573,0.35819499649286884
ECMunrest,0.05,23,L23,12,spectral,0.02045983545925379,0.6613669671803526,0.8568747067104646,0.7991253721120156
ECMunrest,0.05,23,L23,13,jump_profile,0.03744605458035193,0.3106742834335321,0.39508677034032,0.2929878301183873
ECMunrest,0.05,23,L23,13,spectral,0.0204598354592538,0.7361791887339333,0.8253029990606456,0.8923227330744372
ECMunrest,0.05,23,L23,14,jump_profile,0.02762666209978575,0.29678967734976475,0.43549535257388083,0.3469872714867186
ECMunrest,0.05,23,L23,14,spectral,0.020459835459253797,0.6613669671803526,0.8568747067104646,0.7991253721120156
ECMunrest,0.05,23,L23,15,jump_profile,0.031207829301206264,0.3362547716164631,0.45878367478625587,0.3382874754151544
ECMunrest,0.05,23,L23,15,spectral,0.020459835459253797,0.6613669671803526,0.8568747067104646,0.7991253721120156
ECMunrest,0.05,23,L23,16,jump_profile,0.0304079824630189,0.345867028707475,0.4328051120739114,0.3472668078227808
ECMunrest,0.05,23,L23,16,spectral,0.020459835459253797,0.6613669671803526,0.8568747067104646,0.7991253721120156
ECMunrest,0.05,23,L23,17,jump_profile,0.032236246517103634,0.3253737022987002,0.45878367478625587,0.3382874754151544
ECMunrest,0.05,23,L23,17,spectral,0.020459835459253794,0.6613669671803526,0.8568747067104646,0.7991253721120156
ECMunrest,0.05,23,L23,18,jump_profile,0.022066709305551976,0.30774365821094796,0.44271226217416815,0.3075335397316821
ECMunrest,0.05,23,L23,18,spectral,0.02045983545925379,0.6613669671803526,0.8568747067104646,0.7991253721120156
ECMunrest,0.05,23,L23,19,jump_profile,0.025527772886900682,0.3341380584946634,0.5168590178773478,0.3603864923661878
ECMunrest,0.05,23,L23,19,spectral,0.020459835459253797,0.6613669671803526,0.8568747067104646,0.7991253721120156
ECMunrest,0.05,23,L23,20,jump_profile,0.027036401439008033,0.4102667795624866,0.5524876617313592,0.4353205114242774
ECMunrest,0.05,23,L23,20,spectral,0.020459835459253794,0.6613669671803526,0.8568747067104646,0.7991253721120156
ECMunrest,0.05,23,L23,21,jump_profile,0.02974869679030627,0.38087865063061194,0.46187351822241823,0.36324349151339275
ECMunrest,0.05,23,L23,21,spectral,0.020459835459253797,0.6613669671803526,0.8568747067104646,0.7991253721120156
ECMunrest,0.05,23,L23,22,jump_profile,0.02604630329970327,0.289272485668616,0.44492846217885423,0.30957189462704454
ECMunrest,0.05,23,L23,22,spectral,0.020459835459253794,0.6613669671803526,0.8568747067104646,0.7991253721120156
ECMunrest,0.05,23,L23,23,jump_profile,0.030561437563502866,0.3604014718877356,0.4236239581468441,0.3639863424918078
ECMunrest,0.05,23,L23,23,spectral,0.020459835459253794,0.6613669671803526,0.8568747067104646,0.7991253721120156
ECMunrest,0.05,23,L23,24,jump_profile,0.034374392002643445,0.35268884821398494,0.46847029761602627,0.35791909268496214
ECMunrest,0.05,23,L23,24,spectral,0.020459835459253797,0.6613669671803526,0.8568747067104646,0.7991253721120156
ECMunrest,0.05,23,L23,25,jump_profile,0.03589265179328321,0.31988509665629034,0.4247124404250661,0.30957725755031973
ECMunrest,0.05,23,L23,25,spectral,0.020459835459253794,0.6613669671803526,0.8568747067104646,0.7991253721120156
ECMunrest,0.05,23,L23,26,jump_profile,0.026898483918220764,0.4102667795624866,0.5757350559271328,0.4618936638278408
ECMunrest,0.05,23,L23,26,spectral,0.020459835459253794,0.6613669671803526,0.8568747067104646,0.7991253721120156
ECMunrest,0.05,23,L23,27,jump_profile,0.03535851610804373,0.36426905956334343,0.5073922226363523,0.39473209453364605
ECMunrest,0.05,23,L23,27,spectral,0.020459835459253794,0.6613669671803526,0.8568747067104646,0.7991253721120156
ECMunrest,0.05,23,L23,28,jump_profile,0.03389989387558286,0.4040382110290925,0.5594777283494136,0.4416999316322255
ECMunrest,0.05,23,L23,28,spectral,0.020459835459253794,0.6613669671803526,0.8568747067104646,0.7991253721120156
ECMunrest,0.05,23,L23,29,jump_profile,0.0311640734874755,0.37246936864457075,0.4600266555270434,0.37796466463484496
ECMunrest,0.05,23,L23,29,spectral,0.020459835459253794,0.6613669671803526,0.8568747067104646,0.7991253721120156
ECMunrest,0.1,16,B16,0,jump_profile,0.05560618909884989,0.39194022127866807,0.5712823333486119,0.40295988794950977
ECMunrest,0.1,16,B16,0,spectral,0.02270303204503283,0.5552154612906844,0.7938492734031768,0.6395767309448354
ECMunrest,0.1,16,B16,1,jump_profile,0.06465509421025305,0.3276687555869648,0.4671062828479238,0.34245984693327586
ECMunrest,0.1,16,B16,1,spectral,0.02270303204503283,0.5552154612906844,0.7938492734031768,0.6395767309448354
ECMunrest,0.1,16,B16,2,jump_profile,0.05155576131153626,0.31088064960135736,0.4715828415855771,0.3246407063170811
ECMunrest,0.1,16,B16,2,spectral,0.02270303204503283,0.5552154612906844,0.7938492734031768,0.6395767309448354
ECMunrest,0.1,16,B16,3,jump_profile,0.06199056309956954,0.4521473212297552,0.5364119987482677,0.4096419139478044
ECMunrest,0.1,16,B16,3,spectral,0.022703032045032826,0.5552154612906844,0.7938492734031768,0.6395767309448354
ECMunrest,0.1,16,B16,4,jump_profile,0.059056842635847026,0.44530069973182085,0.48555467867477525,0.4308045268546578
ECMunrest,0.1,16,B16,4,spectral,0.022703032045032826,0.5552154612906844,0.7938492734031768,0.6395767309448354
ECMunrest,0.1,16,B16,5,jump_profile,0.05283115596222378,0.4164228299342249,0.570743721687118,0.4106185284787195
ECMunrest,0.1,16,B16,5,spectral,0.02270303204503283,0.5552154612906844,0.7938492734031768,0.6395767309448354
ECMunrest,0.1,16,B16,6,jump_profile,0.04179252352714613,0.3484181550903465,0.47257621893913765,0.3325408296972726
ECMunrest,0.1,16,B16,6,spectral,0.02270303204503283,0.5552154612906844,0.7938492734031768,0.6395767309448354
ECMunrest,0.1,16,B16,7,jump_profile,0.04128244474525339,0.364294099326801,0.48957657072783667,0.3633272712896339
ECMunrest,0.1,16,B16,7,spectral,0.02270303204503283,0.5552154612906844,0.7938492734031768,0.6395767309448354
ECMunrest,0.1,16,B16,8,jump_profile,0.04938450307579682,0.33798902757480653,0.44557455096299503,0.3536807147940223
ECMunrest,0.1,16,B16,8,spectral,0.02270303204503283,0.5552154612906844,0.7938492734031768,0.6395767309448354
ECMunrest,0.1,16,B16,9,jump_profile,0.048759566912823696,0.3815621791465233,0.5734066856263695,0.401785867900831
ECMunrest,0.1,16,B16,9,spectral,0.02270303204503283,0.5552154612906844,0.7938492734031768,0.6395767309448354
ECMunrest,0.1,16,B16,10,jump_profile,0.04760627177540149,0.35048520996909543,0.4477444735368062,0.3332440094213221
ECMunrest,0.1,16,B16,10,spectral,0.02270303204503283,0.5552154612906844,0.7938492734031768,0.6395767309448354
ECMunrest,0.1,16,B16,11,jump_profile,0.06132533578915417,0.40813588558012504,0.4719757628219,0.3826203842808571
ECMunrest,0.1,16,B16,11,spectral,0.02270303204503283,0.5552154612906844,0.7938492734031768,0.6395767309448354
ECMunrest,0.1,16,B16,12,jump_profile,0.046484132050891434,0.3114938022952459,0.49532760982490404,0.3430118473273433
ECMunrest,0.1,16,B16,12,spectral,0.02270303204503283,0.5552154612906844,0.7938492734031768,0.6395767309448354
ECMunrest,0.1,16,B16,13,jump_profile,0.05915871964498842,0.4759750300670065,0.5573421850526649,0.4381995938223209
ECMunrest,0.1,16,B16,13,spectral,0.022703032045032826,0.5552154612906844,0.7938492734031768,0.6395767309448354
ECMunrest,0.1,16,B16,14,jump_profile,0.061524822999636755,0.4957616929181195,0.5904434285369423,0.5078271863718787
ECMunrest,0.1,16,B16,14,spectral,0.02270303204503283,0.5552154612906844,0.7938492734031768,0.6395767309448354
ECMunrest,0.1,16,B16,15,jump_profile,0.043388680493675856,0.3818308138281306,0.5511793983986151,0.39226694077646873
ECMunrest,0.1,16,B16,15,spectral,0.02270303204503283,0.5552154612906844,0.7938492734031768,0.6395767309448354
ECMunrest,0.1,16,B16,16,jump_profile,0.0386612888439221,0.36044419629009244,0.46860805177026943,0.3294456733025002
ECMunrest,0.1,16,B16,16,spectral,0.022703032045032823,0.5552154612906844,0.7938492734031768,0.6395767309448354
ECMunrest,0.1,16,B16,17,jump_profile,0.044817987574372845,0.3807845294721929,0.570743721687118,0.4106185284787195
ECMunrest,0.1,16,B16,17,spectral,0.02270303204503283,0.5552154612906844,0.7938492734031768,0.6395767309448354
ECMunrest,0.1,16,B16,18,jump_profile,0.04381223769175393,0.43132959755476313,0.583505945531262,0.4155998304366257
ECMunrest,0.1,16,B16,18,spectral,0.022703032045032826,0.5552154612906844,0.7938492734031768,0.6395767309448354
ECMunrest,0.1,16,B16,19,jump_profile,0.05983115771759645,0.42066721310670796,0.4770836104583278,0.3853504737449416
ECMunrest,0.1,16,B16,19,spectral,0.02270303204503283,0.5552154612906844,0.7938492734031768,0.6395767309448354
ECMunrest,0.1,16,B16,20,jump_profile,0.042115053616989716,0.31824322664636095,0.4026458741362108,0.29254973690140096
ECMunrest,0.1,16,B16,20,spectral,0.02270303204503283,0.5552154612906844,0.7938492734031768,0.6395767309448354
ECMunrest,0.1,16,B16,21,jump_profile,0.05876407374581156,0.4586953991775933,0.5680202082146977,0.4475257682381418
ECMunrest,0.1,16,B16,21,spectral,0.02270303204503283,0.5552154612906844,0.7938492734031768,0.6395767309448354
ECMunrest,0.1,16,B16,22,jump_profile,0.05049919632532005,0.355917289925209,0.44778096710090526,0.3536358489039877
ECMunrest,0.1,16,B16,22,spectral,0.02270303204503283,0.5552154612906844,0.7938492734031768,0.6395767309448354
ECMunrest,0.1,16,B16,23,jump_profile,0.05849677138891716,0.3587643120282594,0.4303779422037837,0.3384773823084245
ECMunrest,0.1,16,B16,23,spectral,0.02270303204503283,0.5552154612906844,0.7938492734031768,0.6395767309448354
ECMunrest,0.1,16,B16,24,jump_profile,0.05748623320246796,0.3345872762205742,0.5095734187306606,0.35919662665471697
ECMunrest,0.1,16,B16,24,spectral,0.02270303204503283,0.5552154612906844,0.7938492734031768,0.6395767309448354
ECMunrest,0.1,16,B16,25,jump_profile,0.059257267175285774,0.4453732218800411,0.5375726797674247,0.4128447787753781
ECMunrest,0.1,16,B16,25,spectral,0.022703032045032826,0.5552154612906844,0.7938492734031768,0.6395767309448354
ECMunrest,0.1,16,B16,26,jump_profile,0.05022876827518355,0.4357106272669308,0.5630441285284717,0.4301653541932217
ECMunrest,0.1,16,B16,26,spectral,0.02270303204503283,0.5552154612906844,0.7938492734031768,0.6395767309448354
ECMunrest,0.1,16,B16,27,jump_profile,0.04702435099665361,0.30323433930503785,0.45239065163928244,0.3150172181464291
ECMunrest,0.1,16,B16,27,spectral,0.022703032045032826,0.5552154612906844,0.7938492734031768,0.6395767309448354
ECMunrest,0.1,16,B16,28,jump_profile,0.0579336195452958,0.41709565056564224,0.48555467867477525,0.3890287123118804
ECMunrest,0.1,16,B16,28,spectral,0.022703032045032826,0.5552154612906844,0.7938492734031768,0.6395767309448354
ECMunrest,0.1,16,B16,29,jump_profile,0.054166944037228534,0.3867413116757673,0.5247317572681537,0.3576011886296472
ECMunrest,0.1,16,B16,29,spectral,0.02270303204503283,0.5552154612906844,0.7938492734031768,0.6395767309448354
ECMunrest,0.1,20,AA20,0,jump_profile,0.059709783333589235,0.3988077114148812,0.4797148328746842,0.3774507170865338
ECMunrest,0.1,20,AA20,0,spectral,0.01988210652604537,0.7059402239143695,1.0,0.8333447168909227
ECMunrest,0.1,20,AA20,1,jump_profile,0.05193723412364584,0.36198824584121925,0.4936328794221021,0.37992067130413987
ECMunrest,0.1,20,AA20,1,spectral,0.019882106526045374,0.7059402239143695,1.0,0.8333447168909227
ECMunrest,0.1,20,AA20,2,jump_profile,0.05765218769781758,0.31243306569472634,0.5212870315872081,0.36052254903937264
ECMunrest,0.1,20,AA20,2,spectral,0.01988210652604537,0.7059402239143695,1.0,0.8333447168909227
ECMunrest,0.1,20,AA20,3,jump_profile,0.0641464798306381,0.3760146287590298,0.4339828611975329,0.35811995790950546
ECMunrest,0.1,20,AA20,3,spectral,0.01988210652604537,0.7059402239143695,1.0,0.8333447168909227
ECMunrest,0.1,20,AA20,4,jump_profile,0.037540721533573705,0.3243343659002141,0.43710414831592637,0.3109133375059154
ECMunrest,0.1,20,AA20,4,spectral,0.019882106526045374,0.7059402239143695,1.0,0.8333447168909227
ECMunrest,0.1,20,AA20,5,jump_profile,0.051235181937536275,0.4124222568408034,0.579053969278199,0.4248666842393398
ECMunrest,0.1,20,AA20,5,spectral,0.019882106526045374,0.7059402239143695,1.0,0.8333447168909227
ECMunrest,0.1,20,AA20,6,jump_profile,0.04670536834148632,0.3638607591525689,0.5146703037978794,0.37105439285132863
ECMunrest,0.1,20,AA20,6,spectral,0.019882106526045374,0.7059402239143695,1.0,0.8333447168909227
ECMunrest,0.1,20,AA20,7,jump_profile,0.05084095290833864,0.459477485374545,0.5910196731988583,0.47859819843513707
ECMunrest,0.1,20,AA20,7,spectral,0.01988210652604537,0.7059402239143695,1.0,0.8333447168909227
ECMunrest,0.1,20,AA20,8,jump_profile,0.03688243675116605,0.4423669745398174,0.6083257531168067,0.4589036953410076
ECMunrest,0.1,20,AA20,8,spectral,0.01988210652604537,0.7059402239143695,1.0,0.8333447168909227
ECMunrest,0.1,20,AA20,9,jump_profile,0.038934012774729625,0.379903785579291,0.5310456811944073,0.37097561359593195
ECMunrest,0.1,20,AA20,9,spectral,0.01988210652604537,0.7059402239143695,1.0,0.8333447168909227
ECMunrest,0.1,20,AA20,10,jump_profile,0.06257564919057461,0.3159806630599102,0.44018955131734827,0.3282816028667948
ECMunrest,0.1,20,AA20,10,spectral,0.01988210652604537,0.7059402239143695,1.0,0.8333447168909227
ECMunrest,0.1,20,AA20,11,jump_profile,0.041902409150705006,0.4137232691449559,0.5740443800755185,0.42654726599600706
ECMunrest,0.1,20,AA20,11,spectral,0.01988210652604537,0.7059402239143695,1.0,0.8333447168909227
ECMunrest,0.1,20,AA20,12,jump_profile,0.05176029357175337,0.463373665480427,0.6964392964392965,0.5178795180722892
ECMunrest,0.1,20,AA20,12,spectral,0.01988210652604537,0.7059402239143695,1.0,0.8333447168909227
ECMunrest,0.1,20,AA20,13,jump_profile,0.057121650026859996,0.39968805317950556,0.5047869660153407,0.4359895423725211
ECMunrest,0.1,20,AA20,13,spectral,0.01988210652604537,0.7059402239143695,1.0,0.8333447168909227
ECMunrest,0.1,20,AA20,14,jump_profile,0.06207648711862485,0.37977904888751474,0.5571866430069367,0.4001297674324297
ECMunrest,0.1,20,AA20,14,spectral,0.01988210652604537,0.7059402239143695,1.0,0.8333447168909227
ECMunrest,0.1,20,AA20,15,jump_profile,0.0594777370654833,0.345867028707475,0.5052129701070291,0.37504268834096033
ECMunrest,0.1,20,AA20,15,spectral,0.019882106526045374,0.7059402239143695,1.0,0.8333447168909227
ECMunrest,0.1,20,AA20,16,jump_profile,0.06048344858270568,0.35632499313992066,0.4775749380211855,0.34348869939564536
ECMunrest,0.1,20,AA20,16,spectral,0.01988210652604537,0.7059402239143695,1.0,0.8333447168909227
ECMunrest,0.1,20,AA20,17,jump_profile,0.048398256924191946,0.3191007727733979,0.5027823497139274,0.3640865259317175
ECMunrest,0.1,20,AA20,17,spectral,0.01988210652604537,0.7059402239143695,1.0,0.8333447168909227
ECMunrest,0.1,20,AA20,18,jump_profile,0.043352095861063075,0.3904341637010676,0.5394251394251395,0.3885301204819277
ECMunrest,0.1,20,AA20,18,spectral,0.019882106526045374,0.7059402239143695,1.0,0.8333447168909227
ECMunrest,0.1,20,AA20,19,jump_profile,0.04850541162796481,0.43339357252082045,0.6454772385144534,0.48846681623140425
ECMunrest,0.1,20,AA20,19,spectral,0.01988210652604537,0.7059402239143695,1.0,0.8333447168909227
ECMunrest,0.1,20,AA20,20,jump_profile,0.058572740839299885,0.39066011820527763,0.5353193167356742,0.4248666842393398
ECMunrest,0.1,20,AA20,20,spectral,0.01988210652604537,0.7059402239143695,1.0,0.8333447168909227
ECMunrest,0.1,20,AA20,21,jump_profile,0.044435451373690475,0.4538889872695433,0.6138247571567056,0.5000341506727682
ECMunrest,0.1,20,AA20,21,spectral,0.01988210652604537,0.7059402239143695,1.0,0.8333447168909227
ECMunrest,0.1,20,AA20,22,jump_profile,0.06134390409374591,0.4503321016480403,0.5988966883571587,0.4561820587051132
ECMunrest,0.1,20,AA20,22,spectral,0.019882106526045374,0.7059402239143695,1.0,0.8333447168909227
ECMunrest,0.1,20,AA20,23,jump_profile,0.04174215922829122,0.39968805317950556,0.561708004404382,0.4230237847259124
ECMunrest,0.1,20,AA20,23,spectral,0.01988210652604537,0.7059402239143695,1.0,0.8333447168909227
ECMunrest,0.1,20,AA20,24,jump_profile,0.054711971954596206,0.37663424667311174,0.47474510264388736,0.3967319233103324
ECMunrest,0.1,20,AA20,24,spectral,0.019882106526045374,0.7059402239143695,1.0,0.8333447168909227
ECMunrest,0.1,20,AA20,25,jump_profile,0.064605175130345,0.43238530623194155,0.5171693696424662,0.4361547603327611
ECMunrest,0.1,20,AA20,25,spectral,0.01988210652604537,0.7059402239143695,1.0,0.8333447168909227
ECMunrest,0.1,20,AA20,26,jump_profile,0.055067862449903304,0.4201905842451162,0.5671633644451722,0.45880702333546536
ECMunrest,0.1,20,AA20,26,spectral,0.01988210652604537,0.7059402239143695,1.0,0.8333447168909227
ECMunrest,0.1,20,AA20,27,jump_profile,0.04078703647222046,0.4450988395824829,0.6515511029088672,0.46199583787533444
ECMunrest,0.1,20,AA20,27,spectral,0.01988210652604537,0.7059402239143695,1.0,0.8333447168909227
ECMunrest,0.1,20,AA20,28,jump_profile,0.05870147007082798,0.37703477216741144,0.49340275833753244,0.4230237847259124
ECMunrest,0.1,20,AA20,28,spectral,0.01988210652604537,0.7059402239143695,1.0,0.8333447168909227
ECMunrest,0.1,20,AA20,29,jump_profile,0.0561543792335717,0.3404386777880754,0.5004224210762255,0.34378089201604933
ECMunrest,0.1,20,AA20,29,spectral,0.01988210652604537,0.7059402239143695,1.0,0.8333447168909227
ECMunrest,0.1,23,L23,0,jump_profile,0.057760585080900366,0.3715054212110902,0.539408723935645,0.4178743425286846
ECMunrest,0.1,23,L23,0,spectral,0.038608826365268085,0.6613669671803526,0.8568747067104646,0.7991253721120156
ECMunrest,0.1,23,L23,1,jump_profile,0.05655965347049176,0.397676669893514,0.5784914841849148,0.4618648799553322
ECMunrest,0.1,23,L23,1,spectral,0.038608826365268085,0.6613669671803526,0.8568747067104646,0.7991253721120156
ECMunrest,0.1,23,L23,2,jump_profile,0.05390062476365136,0.31867313604919295,0.40920364235413387,0.31806527045599065
ECMunrest,0.1,23,L23,2,spectral,0.038608826365268085,0.6613669671803526,0.8568747067104646,0.7991253721120156
ECMunrest,0.1,23,L23,3,jump_profile,0.04934041510686481,0.34101334648300385,0.4628074913403393,0.38302128520374906
ECMunrest,0.1,23,L23,3,spectral,0.03860882636526809,0.6613669671803526,0.8568747067104646,0.7991253721120156
ECMunrest,0.1,23,L23,4,jump_profile,0.05911490633333348,0.34323608437982356,0.39237208589544664,0.33153615183991936
ECMunrest,0.1,23,L23,4,spectral,0.038608826365268085,0.6613669671803526,0.8568747067104646,0.7991253721120156
ECMunrest,0.1,23,L23,5,jump_profile,0.05913424997828268,0.38334762896703833,0.543640897755611,0.40428436417095454
ECMunrest,0.1,23,L23,5,spectral,0.038608826365268085,0.6613669671803526,0.8568747067104646,0.7991253721120156
ECMunrest,0.1,23,L23,6,jump_profile,0.05368056456664086,0.396077568595405,0.6531134489621837,0.44539452321679834
ECMunrest,0.1,23,L23,6,spectral,0.038608826365268085,0.6613669671803526,0.8568747067104646,0.7991253721120156
ECMunrest,0.1,23,L23,7,jump_profile,0.06774253870250838,0.28738317757009346,0.48361411449166036,0.33042499296369265
ECMunrest,0.1,23,L23,7,spectral,0.038608826365268085,0.6613669671803526,0.8568747067104646,0.7991253721120156
ECMunrest,0.1,23,L23,8,jump_profile,0.06479877989892523,0.2715060218124834,0.37813220526305763,0.28916817320467864
ECMunrest,0.1,23,L23,8,spectral,0.038608826365268085,0.6613669671803526,0.8568747067104646,0.7991253721120156
ECMunrest,0.1,23,L23,9,jump_profile,0.05601335556202935,0.39203399025888924,0.49550642333351713,0.4014488820225892
ECMunrest,0.1,23,L23,9,spectral,0.038608826365268085,0.6613669671803526,0.8568747067104646,0.7991253721120156
ECMunrest,0.1,23,L23,10,jump_profile,0.058947268128922564,0.3218645076527461,0.48911222780569513,0.33478104197090675
ECMunrest,0.1,23,L23,10,spectral,0.038608826365268085,0.6613669671803526,0.8568747067104646,0.7991253721120156
ECMunrest,0.1,23,L23,11,jump_profile,0.056929916501120024,0.4006332108155319,0.49247535977471796,0.3986468256438993
ECMunrest,0.1,23,L23,11,spectral,0.03860882636526809,0.6613669671803526,0.8568747067104646,0.7991253721120156
ECMunrest,0.1,23,L23,12,jump_profile,0.05857395151546309,0.4040382110290925,0.5594777283494136,0.4147939042410074
ECMunrest,0.1,23,L23,12,spectral,0.038608826365268085,0.6613669671803526,0.8568747067104646,0.7991253721120156
ECMunrest,0.1,23,L23,13,jump_profile,0.05556150603575379,0.409486931268151,0.5666180048661801,0.4482412060301508
ECMunrest,0.1,23,L23,13,spectral,0.03860882636526809,0.6613669671803526,0.8568747067104646,0.7991253721120156
ECMunrest,0.1,23,L23,14,jump_profile,0.05551676026255243,0.4137232691449559,0.5845618027897033,0.4383710337074296
ECMunrest,0.1,23,L23,14,spectral,0.03860882636526809,0.6613669671803526,0.8568747067104646,0.7991253721120156
ECMunrest,0.1,23,L23,15,jump_profile,0.05885983835910973,0.2563412060118636,0.3363139320130927,0.24672602370130545
ECMunrest,0.1,23,L23,15,spectral,0.038608826365268085,0.7361791887339333,0.8253029990606456,0.8923227330744372
ECMunrest,0.1,23,L23,16,jump_profile,0.065123481438015,0.32259750278401633,0.40495619712232916,0.32168594829245345
ECMunrest,0.1,23,L23,16,spectral,0.03860882636526808,0.6613669671803526,0.8568747067104646,0.7991253721120156
ECMunrest,0.1,23,L23,17,jump_profile,0.056360778647890186,0.4302432323128575,0.6102689202532381,0.49910117845491464
ECMunrest,0.1,23,L23,17,spectral,0.038608826365268085,0.6613669671803526,0.8568747067104646,0.7991253721120156
ECMunrest,0.1,23,L23,18,jump_profile,0.062342214016747284,0.2762051528450807,0.3966689627156961,0.2948117438360806
ECMunrest,0.1,23,L23,18,spectral,0.03860882636526808,0.7361791887339333,0.8253029990606456,0.8923227330744372
ECMunrest,0.1,23,L23,19,jump_profile,0.054813467790184714,0.3629612439080993,0.48754875487548754,0.40906469842002074
ECMunrest,0.1,23,L23,19,spectral,0.038608826365268085,0.6613669671803526,0.8568747067104646,0.7991253721120156
ECMunrest,0.1,23,L23,20,jump_profile,0.06915138116152993,0.3384422335753339,0.4725749797352067,0.37799530947282556
ECMunrest,0.1,23,L23,20,spectral,0.03860882636526808,0.6613669671803526,0.8568747067104646,0.7991253721120156
ECMunrest,0.1,23,L23,21,jump_profile,0.04504644042870995,0.4058792279086241,0.6258927334955586,0.4583703298954989
ECMunrest,0.1,23,L23,21,spectral,0.038608826365268085,0.6613669671803526,0.8568747067104646,0.7991253721120156
ECMunrest,0.1,23,L23,22,jump_profile,0.0647047669219498,0.3658457699949175,0.5593329503716469,0.4082080630303981
ECMunrest,0.1,23,L23,22,spectral,0.03860882636526809,0.6613669671803526,0.8568747067104646,0.7991253721120156
ECMunrest,0.1,23,L23,23,jump_profile,0.07205287789974862,0.3145476397070316,0.47505155308750224,0.32691785901633413
ECMunrest,0.1,23,L23,23,spectral,0.038608826365268085,0.6613669671803526,0.8568747067104646,0.7991253721120156
ECMunrest,0.1,23,L23,24,jump_profile,0.06901561893016578,0.3424140680269053,0.509754157995364,0.35791909268496214
ECMunrest,0.1,23,L23,24,spectral,0.038608826365268085,0.6613669671803526,0.8568747067104646,0.7991253721120156
ECMunrest,0.1,23,L23,25,jump_profile,0.0671391213627392,0.327914590747331,0.528957528957529,0.3767710843373494
ECMunrest,0.1,23,L23,25,spectral,0.038608826365268085,0.6613669671803526,0.8568747067104646,0.7991253721120156
ECMunrest,0.1,23,L23,26,jump_profile,0.056367484215553126,0.43925408974936214,0.5341404084403462,0.41597280492265326
ECMunrest,0.1,23,L23,26,spectral,0.038608826365268085,0.6613669671803526,0.8568747067104646,0.7991253721120156
ECMunrest,0.1,23,L23,27,jump_profile,0.04644644835509347,0.31686408234801994,0.4842959914501284,0.34047040890480157
ECMunrest,0.1,23,L23,27,spectral,0.038608826365268085,0.6613669671803526,0.8568747067104646,0.7991253721120156
ECMunrest,0.1,23,L23,28,jump_profile,0.05670067541074118,0.35124079629124627,0.4416332407693099,0.367235006557768
ECMunrest,0.1,23,L23,28,spectral,0.038608826365268085,0.6613669671803526,0.8568747067104646,0.7991253721120156
ECMunrest,0.1,23,L23,29,jump_profile,0.06249597256955703,0.3698719083879346,0.42073713573505844,0.36115474808187054
ECMunrest,0.1,23,L23,29,spectral,0.03860882636526809,0.6613669671803526,0.8568747067104646,0.7991253721120156
ECMunrest,0.5,16,B16,0,jump_profile,0.13255582825971682,0.42066721310670796,0.6123206077535879,0.4547463879995449
ECMunrest,0.5,16,B16,0,spectral,0.09758345759159986,0.5552154612906844,0.7938492734031768,0.6395767309448354
ECMunrest,0.5,16,B16,1,jump_profile,0.18964050163548668,0.3661666939262452,0.5361317516186503,0.37499007164302395
ECMunrest,0.5,16,B16,1,spectral,0.09758345759159986,0.5552154612906844,0.7938492734031768,0.6395767309448354
ECMunrest,0.5,16,B16,2,jump_profile,0.22219958395987374,0.4518968176479744,0.5582158224342862,0.4408972984729148
ECMunrest,0.5,16,B16,2,spectral,0.09758345759159988,0.5552154612906844,0.7938492734031768,0.6395767309448354
ECMunrest,0.5,16,B16,3,jump_profile,0.1948234892042833,0.47648692201500176,0.5756052053191657,0.4861986066997736
ECMunrest,0.5,16,B16,3,spectral,0.09758345759159989,0.5552154612906844,0.7938492734031768,0.6395767309448354
ECMunrest,0.5,16,B16,4,jump_profile,0.18529862209325765,0.36687689236179977,0.5145051534084126,0.3679029402875523
ECMunrest,0.5,16,B16,4,spectral,0.09758345759159988,0.5552154612906844,0.7938492734031768,0.6395767309448354
ECMunrest,0.5,16,B16,5,jump_profile,0.20091586726286326,0.4193293743131478,0.5734066856263695,0.44376580699550955
ECMunrest,0.5,16,B16,5,spectral,0.09758345759159988,0.5552154612906844,0.7938492734031768,0.6395767309448354
ECMunrest,0.5,16,B16,6,jump_profile,0.21642184614824178,0.4126846663270504,0.555427694668201,0.42594319626960575
ECMunrest,0.5,16,B16,6,spectral,0.09758345759159988,0.5552154612906844,0.7938492734031768,0.6395767309448354
ECMunrest,0.5,16,B16,7,jump_profile,0.1423579055106484,0.402850229749828,0.49462150063472976,0.3803961401726765
ECMunrest,0.5,16,B16,7,spectral,0.09758345759159988,0.5552154612906844,0.7938492734031768,0.6395767309448354
ECMunrest,0.5,16,B16,8,jump_profile,0.17890346750156166,0.43551560921129606,0.5748618120644076,0.44036697247706424
ECMunrest,0.5,16,B16,8,spectral,0.09758345759159989,0.5552154612906844,0.7938492734031768,0.6395767309448354
ECMunrest,0.5,16,B16,9,jump_profile,0.14833353886559142,0.44764035368062216,0.6178820797237629,0.4544288631262762
ECMunrest,0.5,16,B16,9,spectral,0.09758345759159986,0.5552154612906844,0.7938492734031768,0.6395767309448354
ECMunrest,0.5,16,B16,10,jump_profile,0.2090535924896214,0.40407292289933655,0.5524078416359605,0.416154132473103
ECMunrest,0.5,16,B16,10,spectral,0.09758345759159988,0.5552154612906844,0.7938492734031768,0.6395767309448354
ECMunrest,0.5,16,B16,11,jump_profile,0.14059043785241782,0.36159315944954945,0.4909621947039802,0.3596115676721946
ECMunrest,0.5,16,B16,11,spectral,0.09758345759159988,0.5552154612906844,0.7938492734031768,0.6395767309448354
ECMunrest,0.5,16,B16,12,jump_profile,0.18407381724021082,0.35750991766215995,0.515501527940444,0.3663218575797036
ECMunrest,0.5,16,B16,12,spectral,0.09758345759159988,0.5552154612906844,0.7938492734031768,0.6395767309448354
ECMunrest,0.5,16,B16,13,jump_profile,0.2116793862718399,0.4635350935596387,0.5938262183717137,0.4722226800046144
ECMunrest,0.5,16,B16,13,spectral,0.09758345759159989,0.5552154612906844,0.7938492734031768,0.6395767309448354
ECMunrest,0.5,16,B16,14,jump_profile,0.18095259717935647,0.4154119357483864,0.593351817341636,0.4290203419860598
ECMunrest,0.5,16,B16,14,spectral,0.09758345759159989,0.5552154612906844,0.7938492734031768,0.6395767309448354
ECMunrest,0.5,16,B16,15,jump_profile,0.15677665809763183,0.4304455063252631,0.5788420622507785,0.4270007237561404
ECMunrest,0.5,16,B16,15,spectral,0.09758345759159988,0.5552154612906844,0.7938492734031768,0.6395767309448354
ECMunrest,0.5,16,B16,16,jump_profile,0.16470760235683646,0.3579122922134733,0.518881253172023,0.3665486276091861
ECMunrest,0.5,16,B16,16,spectral,0.09758345759159988,0.5552154612906844,0.7938492734031768,0.6395767309448354
ECMunrest,0.5,16,B16,17,jump_profile,0.14594141142296455,0.3786959361892319,0.48324473932668555,0.33854290551412464
ECMunrest,0.5,16,B16,17,spectral,0.09758345759159988,0.5552154612906844,0.7938492734031768,0.6395767309448354
ECMunrest,0.5,16,B16,18,jump_profile,0.1705362154755528,0.4453732218800411,0.6183852211672922,0.4621855536682035
ECMunrest,0.5,16,B16,18,spectral,0.09758345759159988,0.5552154612906844,0.7938492734031768,0.6395767309448354
ECMunrest,0.5,16,B16,19,jump_profile,0.15855086289907205,0.34786161437786844,0.45817789256480684,0.33745964202288314
ECMunrest,0.5,16,B16,19,spectral,0.09758345759159988,0.5552154612906844,0.7938492734031768,0.6395767309448354
ECMunrest,0.5,16,B16,20,jump_profile,0.1412412366883447,0.40706921944035346,0.5249762583095916,0.3872907413734199
ECMunrest,0.5,16,B16,20,spectral,0.09758345759159986,0.5552154612906844,0.7938492734031768,0.6395767309448354
ECMunrest,0.5,16,B16,21,jump_profile,0.21175910682373525,0.39936752832946026,0.4367741470100267,0.34403415829841066
ECMunrest,0.5,16,B16,21,spectral,0.09758345759159988,0.5552154612906844,0.7938492734031768,0.6395767309448354
ECMunrest,0.5,16,B16,22,jump_profile,0.19139054288160579,0.35220924819613625,0.49676580956969935,0.36929932834265744
ECMunrest,0.5,16,B16,22,spectral,0.09758345759159989,0.5552154612906844,0.7938492734031768,0.6395767309448354
ECMunrest,0.5,16,B16,23,jump_profile,0.20326967929576195,0.4089793403623138,0.5755712169502177,0.4119052720051418
ECMunrest,0.5,16,B16,23,spectral,0.09758345759159989,0.5552154612906844,0.7938492734031768,0.6395767309448354
ECMunrest,0.5,16,B16,24,jump_profile,0.14040095399956487,0.36159315944954945,0.5364119987482677,0.4096419139478044
ECMunrest,0.5,16,B16,24,spectral,0.09758345759159989,0.5552154612906844,0.7938492734031768,0.6395767309448354
ECMunrest,0.5,16,B16,25,jump_profile,0.18233790726076016,0.44268852782853474,0.525982507481441,0.4254529336805363
ECMunrest,0.5,16,B16,25,spectral,0.09758345759159986,0.5552154612906844,0.7938492734031768,0.6395767309448354
ECMunrest,0.5,16,B16,26,jump_profile,0.14802714734042055,0.452061130396257,0.597572239081673,0.4400876020547835
ECMunrest,0.5,16,B16,26,spectral,0.09758345759159988,0.5552154612906844,0.7938492734031768,0.6395767309448354
ECMunrest,0.5,16,B16,27,jump_profile,0.22293699556504243,0.4741150730979324,0.6096738071346509,0.49383247961447013
ECMunrest,0.5,16,B16,27,spectral,0.09758345759159986,0.5552154612906844,0.7938492734031768,0.6395767309448354
ECMunrest,0.5,16,B16,28,jump_profile,0.19509248703088858,0.440324934540928,0.640091815786496,0.46757967858621124
ECMunrest,0.5,16,B16,28,spectral,0.09758345759159988,0.5552154612906844,0.7938492734031768,0.6395767309448354
ECMunrest,0.5,16,B16,29,jump_profile,0.1455682452864217,0.4525222787611791,0.571868370260484,0.4377780534926177
ECMunrest,0.5,16,B16,29,spectral,0.09758345759159988,0.5552154612906844,0.7938492734031768,0.6395767309448354
ECMunrest,0.5,20,AA20,0,jump_profile,0.1953850050187135,0.5043453684731153,0.6697903909979944,0.5292360735261692
ECMunrest,0.5,20,AA20,0,spectral,0.0696073074014937,0.7059402239143695,1.0,0.8333447168909227
ECMunrest,0.5,20,AA20,1,jump_profile,0.18140630920040143,0.45577001574435827,0.6837156164865102,0.49826578138935684
ECMunrest,0.5,20,AA20,1,spectral,0.06960730740149372,0.7059402239143695,1.0,0.8333447168909227
ECMunrest,0.5,20,AA20,2,jump_profile,0.20914536748176277,0.41433752933646256,0.5407170532798673,0.4157642194701007
ECMunrest,0.5,20,AA20,2,spectral,0.06960730740149372,0.7059402239143695,1.0,0.8333447168909227
ECMunrest,0.5,20,AA20,3,jump_profile,0.17567630026939068,0.44781068840027555,0.6412490121482788,0.4905947932107142
ECMunrest,0.5,20,AA20,3,spectral,0.0696073074014937,0.7059402239143695,1.0,0.8333447168909227
ECMunrest,0.5,20,AA20,4,jump_profile,0.21188993497298925,0.3934789134023713,0.48812958458260264,0.41597280492265326
ECMunrest,0.5,20,AA20,4,spectral,0.0696073074014937,0.7059402239143695,1.0,0.8333447168909227
ECMunrest,0.5,20,AA20,5,jump_profile,0.2087064997608082,0.4207113230656356,0.6409652736904061,0.4957966252041207
ECMunrest,0.5,20,AA20,5,spectral,0.0696073074014937,0.7059402239143695,1.0,0.8333447168909227
ECMunrest,0.5,20,AA20,6,jump_profile,0.1853424483369337,0.3847172694854814,0.5460682777138474,0.4155998304366257
ECMunrest,0.5,20,AA20,6,spectral,0.0696073074014937,0.7059402239143695,1.0,0.8333447168909227
ECMunrest,0.5,20,AA20,7,jump_profile,0.20819578601189745,0.4856782774881811,0.6844846344552054,0.5449871983549383
ECMunrest,0.5,20,AA20,7,spectral,0.0696073074014937,0.7059402239143695,1.0,0.8333447168909227
ECMunrest,0.5,20,AA20,8,jump_profile,0.14831757890137465,0.49152998117773594,0.7143114473565703,0.5770368104415213
ECMunrest,0.5,20,AA20,8,spectral,0.0696073074014937,0.7059402239143695,1.0,0.8333447168909227
ECMunrest,0.5,20,AA20,9,jump_profile,0.16694862136471228,0.3539981352634614,0.5840031175410395,0.4041567932275745
ECMunrest,0.5,20,AA20,9,spectral,0.0696073074014937,0.7059402239143695,1.0,0.8333447168909227
ECMunrest,0.5,20,AA20,10,jump_profile,0.2043175576958188,0.44781068840027555,0.6748819172593777,0.5288001837199107
ECMunrest,0.5,20,AA20,10,spectral,0.0696073074014937,0.7059402239143695,1.0,0.8333447168909227
ECMunrest,0.5,20,AA20,11,jump_profile,0.20553451339819034,0.4055189207716667,0.577035085286368,0.40757526707672387
ECMunrest,0.5,20,AA20,11,spectral,0.0696073074014937,0.7059402239143695,1.0,0.8333447168909227
ECMunrest,0.5,20,AA20,12,jump_profile,0.20431755769581883,0.40837967153756627,0.6375721792086745,0.484481629376096
ECMunrest,0.5,20,AA20,12,spectral,0.0696073074014937,0.7059402239143695,1.0,0.8333447168909227
ECMunrest,0.5,20,AA20,13,jump_profile,0.12852861950547897,0.4584942254618752,0.6121443331743761,0.46502959877219907
ECMunrest,0.5,20,AA20,13,spectral,0.0696073074014937,0.7059402239143695,1.0,0.8333447168909227
ECMunrest,0.5,20,AA20,14,jump_profile,0.1326902906144889,0.44773492630260775,0.6267020245805498,0.48820624296855636
ECMunrest,0.5,20,AA20,14,spectral,0.0696073074014937,0.7059402239143695,1.0,0.8333447168909227
ECMunrest,0.5,20,AA20,15,jump_profile,0.20750047446426667,0.414880827531168,0.5394382039784896,0.40757526707672387
ECMunrest,0.5,20,AA20,15,spectral,0.0696073074014937,0.7059402239143695,1.0,0.8333447168909227
ECMunrest,0.5,20,AA20,16,jump_profile,0.158008980237482,0.45054285165257496,0.6963196292474519,0.5057537281286538
ECMunrest,0.5,20,AA20,16,spectral,0.0696073074014937,0.7059402239143695,1.0,0.8333447168909227
ECMunrest,0.5,20,AA20,17,jump_profile,0.13313238599583724,0.3515902542728468,0.5333838617766362,0.3780568204467749
ECMunrest,0.5,20,AA20,17,spectral,0.0696073074014937,0.7059402239143695,1.0,0.8333447168909227
ECMunrest,0.5,20,AA20,18,jump_profile,0.13075904150067838,0.38463881911353043,0.5455884136306152,0.39364998928021516
ECMunrest,0.5,20,AA20,18,spectral,0.0696073074014937,0.7059402239143695,1.0,0.8333447168909227
ECMunrest,0.5,20,AA20,19,jump_profile,0.18557198444009776,0.453455506087085,0.6149204404092167,0.5102575479072912
ECMunrest,0.5,20,AA20,19,spectral,0.0696073074014937,0.7059402239143695,1.0,0.8333447168909227
ECMunrest,0.5,20,AA20,20,jump_profile,0.1758015468398676,0.4010494913508177,0.5809288266007144,0.4456242014145086
ECMunrest,0.5,20,AA20,20,spectral,0.0696073074014937,0.7059402239143695,1.0,0.8333447168909227
ECMunrest,0.5,20,AA20,21,jump_profile,0.20805106355612918,0.43665534877199824,0.5739832019260811,0.46512453287124994
ECMunrest,0.5,20,AA20,21,spectral,0.0696073074014937,0.7059402239143695,1.0,0.8333447168909227
ECMunrest,0.5,20,AA20,22,jump_profile,0.19534180062326678,0.3762391694637421,0.5792773728348617,0.40648075753626967
ECMunrest,0.5,20,AA20,22,spectral,0.0696073074014937,0.7059402239143695,1.0,0.8333447168909227
ECMunrest,0.5,20,AA20,23,jump_profile,0.12520354451474797,0.45054285165257496,0.6631908615289922,0.46821603659412114
ECMunrest,0.5,20,AA20,23,spectral,0.06960730740149369,0.7059402239143695,1.0,0.8333447168909227
ECMunrest,0.5,20,AA20,24,jump_profile,0.14698293810400861,0.45283988979115086,0.5993533067245996,0.5051970345777291
ECMunrest,0.5,20,AA20,24,spectral,0.0696073074014937,0.7059402239143695,1.0,0.8333447168909227
ECMunrest,0.5,20,AA20,25,jump_profile,0.17920632999094382,0.38001423487544483,0.6022308022308023,0.41204819277108434
ECMunrest,0.5,20,AA20,25,spectral,0.0696073074014937,0.7059402239143695,1.0,0.8333447168909227
ECMunrest,0.5,20,AA20,26,jump_profile,0.1966734428278667,0.4246050650761286,0.6611305863647683,0.5053367523615403
ECMunrest,0.5,20,AA20,26,spectral,0.0696073074014937,0.7059402239143695,1.0,0.8333447168909227
ECMunrest,0.5,20,AA20,27,jump_profile,0.1881563953130656,0.408122718661923,0.601806882865946,0.4560296336946083
ECMunrest,0.5,20,AA20,27,spectral,0.0696073074014937,0.7059402239143695,1.0,0.8333447168909227
ECMunrest,0.5,20,AA20,28,jump_profile,0.19797119506904823,0.3845742841876984,0.5721732537200266,0.4585994155211603
ECMunrest,0.5,20,AA20,28,spectral,0.0696073074014937,0.7059402239143695,1.0,0.8333447168909227
ECMunrest,0.5,20,AA20,29,jump_profile,0.15940083246654319,0.3453309616321014,0.5481887148179737,0.3817465680054055
ECMunrest,0.5,20,AA20,29,spectral,0.0696073074014937,0.7059402239143695,1.0,0.8333447168909227
ECMunrest,0.5,23,L23,0,jump_profile,0.22814115582359512,0.4015411875230405,0.524385653600043,0.41249822583588475
ECMunrest,0.5,23,L23,0,spectral,0.12268468347734156,0.6613669671803526,0.8568747067104646,0.7991253721120156
ECMunrest,0.5,23,L23,1,jump_profile,0.21917999373268449,0.4031155411752427,0.5739133856718415,0.4549505734385957
ECMunrest,0.5,23,L23,1,spectral,0.12268468347734156,0.6613669671803526,0.8568747067104646,0.7991253721120156
ECMunrest,0.5,23,L23,2,jump_profile,0.2096013492056334,0.40497180898492235,0.6545517060048945,0.4867599971954098
ECMunrest,0.5,23,L23,2,spectral,0.12268468347734156,0.6613669671803526,0.8568747067104646,0.7991253721120156
ECMunrest,0.5,23,L23,3,jump_profile,0.20334433672098245,0.38586640851887705,0.5666180048661801,0.4482412060301508
ECMunrest,0.5,23,L23,3,spectral,0.12268468347734154,0.6613669671803526,0.8568747067104646,0.7991253721120156
ECMunrest,0.5,23,L23,4,jump_profile,0.24698341899856988,0.45069788383610987,0.6146593501913975,0.5078422513393145
ECMunrest,0.5,23,L23,4,spectral,0.12268468347734157,0.6613669671803526,0.8568747067104646,0.7991253721120156
ECMunrest,0.5,23,L23,5,jump_profile,0.20735070852102164,0.4856782774881811,0.6192055933080065,0.5203919117795295
ECMunrest,0.5,23,L23,5,spectral,0.12268468347734154,0.6613669671803526,0.8568747067104646,0.7991253721120156
ECMunrest,0.5,23,L23,6,jump_profile,0.21507867758609933,0.37977904888751474,0.49158466419314945,0.3753928506255196
ECMunrest,0.5,23,L23,6,spectral,0.12268468347734156,0.6613669671803526,0.8568747067104646,0.7991253721120156
ECMunrest,0.5,23,L23,7,jump_profile,0.21277259527033018,0.3629612439080993,0.5607560756075608,0.43720447468573403
ECMunrest,0.5,23,L23,7,spectral,0.12268468347734154,0.6613669671803526,0.8568747067104646,0.7991253721120156
ECMunrest,0.5,23,L23,8,jump_profile,0.15216830014776592,0.46853823814133594,0.6378588807785888,0.5299832495812395
ECMunrest,0.5,23,L23,8,spectral,0.12268468347734154,0.6613669671803526,0.8568747067104646,0.7991253721120156
ECMunrest,0.5,23,L23,9,jump_profile,0.1293501061167154,0.4921587608906099,0.7803406326034064,0.5844779452819654
ECMunrest,0.5,23,L23,9,spectral,0.12268468347734156,0.6613669671803526,0.8568747067104646,0.7991253721120156
ECMunrest,0.5,23,L23,10,jump_profile,0.20588780251418454,0.4218301760416535,0.5292402675355856,0.4618936638278408
ECMunrest,0.5,23,L23,10,spectral,0.12268468347734154,0.6613669671803526,0.8568747067104646,0.7991253721120156
ECMunrest,0.5,23,L23,11,jump_profile,0.1342876275530191,0.4150532303517378,0.6579304645534502,0.49634673241794286
ECMunrest,0.5,23,L23,11,spectral,0.12268468347734156,0.6613669671803526,0.8568747067104646,0.7991253721120156
ECMunrest,0.5,23,L23,12,jump_profile,0.18043012254166782,0.41367683014078727,0.5994897480631062,0.4390864572418365
ECMunrest,0.5,23,L23,12,spectral,0.12268468347734154,0.6613669671803526,0.8568747067104646,0.7991253721120156
ECMunrest,0.5,23,L23,13,jump_profile,0.20250413439449277,0.4201905842451162,0.5671633644451722,0.45880702333546536
ECMunrest,0.5,23,L23,13,spectral,0.12268468347734156,0.6613669671803526,0.8568747067104646,0.7991253721120156
ECMunrest,0.5,23,L23,14,jump_profile,0.18564971954457918,0.4996071282647641,0.6762392190313714,0.5774434462604178
ECMunrest,0.5,23,L23,14,spectral,0.12268468347734156,0.6613669671803526,0.8568747067104646,0.7991253721120156
ECMunrest,0.5,23,L23,15,jump_profile,0.19183140553832476,0.3294969610759084,0.5469652240108431,0.3813779552513152
ECMunrest,0.5,23,L23,15,spectral,0.12268468347734156,0.6613669671803526,0.8568747067104646,0.7991253721120156
ECMunrest,0.5,23,L23,16,jump_profile,0.2134034539232654,0.3755765901249858,0.5176165704376989,0.39546078281893227
ECMunrest,0.5,23,L23,16,spectral,0.12268468347734156,0.6613669671803526,0.8568747067104646,0.7991253721120156
ECMunrest,0.5,23,L23,17,jump_profile,0.18119512487052455,0.35288697987970646,0.5821836043758195,0.41044256141691576
ECMunrest,0.5,23,L23,17,spectral,0.12268468347734154,0.6613669671803526,0.8568747067104646,0.7991253721120156
ECMunrest,0.5,23,L23,18,jump_profile,0.220638823344257,0.4231121234924444,0.5882677793458919,0.465406570501433
ECMunrest,0.5,23,L23,18,spectral,0.12268468347734156,0.6613669671803526,0.8568747067104646,0.7991253721120156
ECMunrest,0.5,23,L23,19,jump_profile,0.14666186790730995,0.48059514206327864,0.6813473835900207,0.5397165290098909
ECMunrest,0.5,23,L23,19,spectral,0.12268468347734156,0.6613669671803526,0.8568747067104646,0.7991253721120156
ECMunrest,0.5,23,L23,20,jump_profile,0.14544420275414005,0.33833451957295374,0.5498927498927499,0.40028915662650605
ECMunrest,0.5,23,L23,20,spectral,0.12268468347734154,0.6613669671803526,0.8568747067104646,0.7991253721120156
ECMunrest,0.5,23,L23,21,jump_profile,0.20804423693739454,0.4341843954763292,0.6009212955494614,0.4496036010462499
ECMunrest,0.5,23,L23,21,spectral,0.12268468347734154,0.6613669671803526,0.8568747067104646,0.7991253721120156
ECMunrest,0.5,23,L23,22,jump_profile,0.21149929687552832,0.43211387900355874,0.6022308022308023,0.4590843373493976
ECMunrest,0.5,23,L23,22,spectral,0.12268468347734157,0.6613669671803526,0.8568747067104646,0.7991253721120156
ECMunrest,0.5,23,L23,23,jump_profile,0.22651509460407906,0.3552765328281661,0.5380959841244973,0.3842972776982929
ECMunrest,0.5,23,L23,23,spectral,0.12268468347734156,0.6613669671803526,0.8568747067104646,0.7991253721120156
ECMunrest,0.5,23,L23,24,jump_profile,0.21485412928148648,0.4008540925266904,0.5498927498927499,0.40028915662650605
ECMunrest,0.5,23,L23,24,spectral,0.12268468347734154,0.6613669671803526,0.8568747067104646,0.7991253721120156
ECMunrest,0.5,23,L23,25,jump_profile,0.19632910288432465,0.32611428286643,0.5114381538769585,0.3624367756023815
ECMunrest,0.5,23,L23,25,spectral,0.12268468347734156,0.6613669671803526,0.8568747067104646,0.7991253721120156
ECMunrest,0.5,23,L23,26,jump_profile,0.18375426204969106,0.4507803121248499,0.6299612918135075,0.46860595902344354
ECMunrest,0.5,23,L23,26,spectral,0.12268468347734154,0.6613669671803526,0.8568747067104646,0.7991253721120156
ECMunrest,0.5,23,L23,27,jump_profile,0.2020238705577598,0.4621416779228576,0.6261620561558334,0.5209664579702662
ECMunrest,0.5,23,L23,27,spectral,0.12268468347734157,0.6613669671803526,0.8568747067104646,0.7991253721120156
ECMunrest,0.5,23,L23,28,jump_profile,0.1639197523451999,0.3938767880683942,0.6017567808178527,0.4305944493773194
ECMunrest,0.5,23,L23,28,spectral,0.12268468347734154,0.6613669671803526,0.8568747067104646,0.7991253721120156
ECMunrest,0.5,23,L23,29,jump_profile,0.23560618083925564,0.38066716048121374,0.6182140312361585,0.4551529453278345
ECMunrest,0.5,23,L23,29,spectral,0.12268468347734156,0.6613669671803526,0.8568747067104646,0.7991253721120156
ECMunrest,1.0,16,B16,0,jump_profile,0.14840659922371713,0.3010762524642202,0.5044542663196883,0.3501192923487838
ECMunrest,1.0,16,B16,0,spectral,0.162157935189364,0.5552154612906844,0.7938492734031768,0.6395767309448354
ECMunrest,1.0,16,B16,1,jump_profile,0.191995833044875,0.4641040658426066,0.6177057703913468,0.45169243412604654
ECMunrest,1.0,16,B16,1,spectral,0.162157935189364,0.5552154612906844,0.7938492734031768,0.6395767309448354
ECMunrest,1.0,16,B16,2,jump_profile,0.21885099537032807,0.4098907281284733,0.5716469081746458,0.4233452875770899
ECMunrest,1.0,16,B16,2,spectral,0.16215793518936403,0.5552154612906844,0.7938492734031768,0.6395767309448354
ECMunrest,1.0,16,B16,3,jump_profile,0.25742896713062685,0.4256726000814547,0.603981822116425,0.4501462797501384
ECMunrest,1.0,16,B16,3,spectral,0.162157935189364,0.5552154612906844,0.7938492734031768,0.6395767309448354
ECMunrest,1.0,16,B16,4,jump_profile,0.1662678083077172,0.4822122458218584,0.6830499943169824,0.5144981278150607
ECMunrest,1.0,16,B16,4,spectral,0.162157935189364,0.5552154612906844,0.7938492734031768,0.6395767309448354
ECMunrest,1.0,16,B16,5,jump_profile,0.2633043357520984,0.4835317605493943,0.6878886632346227,0.5260253880672592
ECMunrest,1.0,16,B16,5,spectral,0.162157935189364,0.5552154612906844,0.7938492734031768,0.6395767309448354
ECMunrest,1.0,16,B16,6,jump_profile,0.2509533091775215,0.452061130396257,0.6244007564762282,0.4695566756308475
ECMunrest,1.0,16,B16,6,spectral,0.16215793518936403,0.5552154612906844,0.7938492734031768,0.6395767309448354
ECMunrest,1.0,16,B16,7,jump_profile,0.2080418907809774,0.30799900140977443,0.4241279936400676,0.30114097035357157
ECMunrest,1.0,16,B16,7,spectral,0.162157935189364,0.5552154612906844,0.7938492734031768,0.6395767309448354
ECMunrest,1.0,16,B16,8,jump_profile,0.21998506526769726,0.32260065760903284,0.47619936531640844,0.3376231650914941
ECMunrest,1.0,16,B16,8,spectral,0.162157935189364,0.5552154612906844,0.7938492734031768,0.6395767309448354
ECMunrest,1.0,16,B16,9,jump_profile,0.24565322819551297,0.4754904198815992,0.5619623840735818,0.43384127305556963
ECMunrest,1.0,16,B16,9,spectral,0.16215793518936403,0.5552154612906844,0.7938492734031768,0.6395767309448354
ECMunrest,1.0,16,B16,10,jump_profile,0.2422968835153092,0.3918734008957156,0.5613863068857774,0.42126056726943173
ECMunrest,1.0,16,B16,10,spectral,0.162157935189364,0.5552154612906844,0.7938492734031768,0.6395767309448354
ECMunrest,1.0,16,B16,11,jump_profile,0.21531891333804576,0.4186863839738304,0.5284208813117955,0.4150105489901002
ECMunrest,1.0,16,B16,11,spectral,0.16215793518936403,0.5552154612906844,0.7938492734031768,0.6395767309448354
ECMunrest,1.0,16,B16,12,jump_profile,0.24027862562328856,0.4232000155171076,0.5858338078759473,0.42796915826427073
ECMunrest,1.0,16,B16,12,spectral,0.162157935189364,0.5552154612906844,0.7938492734031768,0.6395767309448354
ECMunrest,1.0,16,B16,13,jump_profile,0.17648804499424597,0.4525222787611791,0.6594407490708395,0.4918378560414045
ECMunrest,1.0,16,B16,13,spectral,0.162157935189364,0.5552154612906844,0.7938492734031768,0.6395767309448354
ECMunrest,1.0,16,B16,14,jump_profile,0.19018939830373133,0.4498708825326736,0.6243117700310167,0.46715757506490113
ECMunrest,1.0,16,B16,14,spectral,0.16215793518936403,0.5552154612906844,0.7938492734031768,0.6395767309448354
ECMunrest,1.0,16,B16,15,jump_profile,0.17125790498794352,0.38216885826328595,0.5033673323172717,0.3934671311510091
ECMunrest,1.0,16,B16,15,spectral,0.162157935189364,0.5552154612906844,0.7938492734031768,0.6395767309448354
ECMunrest,1.0,16,B16,16,jump_profile,0.2847998495075735,0.5101820088710206,0.6134729011339883,0.5237089158751447
ECMunrest,1.0,16,B16,16,spectral,0.16215793518936403,0.5552154612906844,0.7938492734031768,0.6395767309448354
ECMunrest,1.0,16,B16,17,jump_profile,0.21028720514256627,0.42533240504973296,0.5796865608186363,0.42044155300407415
ECMunrest,1.0,16,B16,17,spectral,0.16215793518936403,0.5552154612906844,0.7938492734031768,0.6395767309448354
ECMunrest,1.0,16,B16,18,jump_profile,0.17198495303716757,0.4498708825326736,0.6152590415980291,0.45719790357078716
ECMunrest,1.0,16,B16,18,spectral,0.162157935189364,0.5552154612906844,0.7938492734031768,0.6395767309448354
ECMunrest,1.0,16,B16,19,jump_profile,0.19059118081703394,0.5155352344758992,0.6636714500722727,0.509702606499024
ECMunrest,1.0,16,B16,19,spectral,0.162157935189364,0.5552154612906844,0.7938492734031768,0.6395767309448354
ECMunrest,1.0,16,B16,20,jump_profile,0.27510275898578057,0.5036430356857948,0.7214611872146118,0.5599002404916719
ECMunrest,1.0,16,B16,20,spectral,0.162157935189364,0.5552154612906844,0.7938492734031768,0.6395767309448354
ECMunrest,1.0,16,B16,21,jump_profile,0.20141847447747313,0.5338767193071828,0.6958189489835059,0.5397202204323867
ECMunrest,1.0,16,B16,21,spectral,0.162157935189364,0.5552154612906844,0.7938492734031768,0.6395767309448354
ECMunrest,1.0,16,B16,22,jump_profile,0.25559607586791916,0.3240730749757219,0.47820277475992456,0.33919608133385365
ECMunrest,1.0,16,B16,22,spectral,0.162157935189364,0.5552154612906844,0.7938492734031768,0.6395767309448354
ECMunrest,1.0,16,B16,23,jump_profile,0.2067366810046055,0.4266314166922046,0.538050587247167,0.4233452875770899
ECMunrest,1.0,16,B16,23,spectral,0.162157935189364,0.5552154612906844,0.7938492734031768,0.6395767309448354
ECMunrest,1.0,16,B16,24,jump_profile,0.21145315799701636,0.36692008034317775,0.5227820469142345,0.38550756204141085
ECMunrest,1.0,16,B16,24,spectral,0.16215793518936403,0.5552154612906844,0.7938492734031768,0.6395767309448354
ECMunrest,1.0,16,B16,25,jump_profile,0.29061319331354984,0.3317434606455509,0.5057636356940302,0.3717236006391042
ECMunrest,1.0,16,B16,25,spectral,0.162157935189364,0.5552154612906844,0.7938492734031768,0.6395767309448354
ECMunrest,1.0,16,B16,26,jump_profile,0.21934591356335253,0.39936752832946026,0.5951814181634567,0.44049972325452674
ECMunrest,1.0,16,B16,26,spectral,0.162157935189364,0.5552154612906844,0.7938492734031768,0.6395767309448354
ECMunrest,1.0,16,B16,27,jump_profile,0.19332959817714024,0.38568044488922104,0.5349369115236534,0.3974564761081615
ECMunrest,1.0,16,B16,27,spectral,0.16215793518936403,0.5552154612906844,0.7938492734031768,0.6395767309448354
ECMunrest,1.0,16,B16,28,jump_profile,0.29976196465176136,0.4500854052002278,0.6657773119252942,0.4997619173588699
ECMunrest,1.0,16,B16,28,spectral,0.16215793518936403,0.5552154612906844,0.7938492734031768,0.6395767309448354
ECMunrest,1.0,16,B16,29,jump_profile,0.24541370177413746,0.41658217395394537,0.6014578315149798,0.4514675839430078
ECMunrest,1.0,16,B16,29,spectral,0.16215793518936403,0.5552154612906844,0.7938492734031768,0.6395767309448354
ECMunrest,1.0,20,AA20,0,jump_profile,0.2329943815076364,0.45319480027690834,0.6627249540728057,0.5203919117795295
ECMunrest,1.0,20,AA20,0,spectral,0.09227531433255982,0.7059402239143695,1.0,0.8333447168909227
ECMunrest,1.0,20,AA20,1,jump_profile,0.2931842225675152,0.48942829069471233,0.693254338325379,0.5505676275864931
ECMunrest,1.0,20,AA20,1,spectral,0.09227531433255982,0.7059402239143695,1.0,0.8333447168909227
ECMunrest,1.0,20,AA20,2,jump_profile,0.23867230590771638,0.4732944733503602,0.7020832280772664,0.5282111259927185
ECMunrest,1.0,20,AA20,2,spectral,0.09227531433255982,0.7059402239143695,1.0,0.8333447168909227
ECMunrest,1.0,20,AA20,3,jump_profile,0.23118654290325744,0.4842135231316726,0.6545688545688546,0.5178795180722892
ECMunrest,1.0,20,AA20,3,spectral,0.09227531433255982,0.7059402239143695,1.0,0.8333447168909227
ECMunrest,1.0,20,AA20,4,jump_profile,0.24344845613914814,0.40567680820366614,0.6089946814961107,0.4649852846590134
ECMunrest,1.0,20,AA20,4,spectral,0.09227531433255982,0.7059402239143695,1.0,0.8333447168909227
ECMunrest,1.0,20,AA20,5,jump_profile,0.21055274156923343,0.3434823270935083,0.5455019595571252,0.3796237061824385
ECMunrest,1.0,20,AA20,5,spectral,0.09227531433255982,0.7059402239143695,1.0,0.8333447168909227
ECMunrest,1.0,20,AA20,6,jump_profile,0.22206311121668104,0.4653665097511769,0.7112462006079028,0.5413363533408834
ECMunrest,1.0,20,AA20,6,spectral,0.09227531433255982,0.7059402239143695,1.0,0.8333447168909227
ECMunrest,1.0,20,AA20,7,jump_profile,0.20017050972647207,0.4241924964816531,0.6161140709322575,0.4738423368416972
ECMunrest,1.0,20,AA20,7,spectral,0.09227531433255984,0.7059402239143695,1.0,0.8333447168909227
ECMunrest,1.0,20,AA20,8,jump_profile,0.1752698109671147,0.36677579107012265,0.5762574084748519,0.4150915798540573
ECMunrest,1.0,20,AA20,8,spectral,0.09227531433255982,0.7059402239143695,1.0,0.8333447168909227
ECMunrest,1.0,20,AA20,9,jump_profile,0.2782605544662683,0.47431187868869584,0.6052194294310053,0.5070852795679852
ECMunrest,1.0,20,AA20,9,spectral,0.09227531433255982,0.7059402239143695,1.0,0.8333447168909227
ECMunrest,1.0,20,AA20,10,jump_profile,0.2149922061327852,0.506810551020179,0.695531529702384,0.5198854476833501
ECMunrest,1.0,20,AA20,10,spectral,0.09227531433255982,0.7059402239143695,1.0,0.8333447168909227
ECMunrest,1.0,20,AA20,11,jump_profile,0.20135351841125862,0.42385450003902897,0.607963006505212,0.4382764312396838
ECMunrest,1.0,20,AA20,11,spectral,0.09227531433255982,0.7059402239143695,1.0,0.8333447168909227
ECMunrest,1.0,20,AA20,12,jump_profile,0.2097042175556035,0.39528530169385684,0.6175248843953288,0.4488749891408218
ECMunrest,1.0,20,AA20,12,spectral,0.09227531433255981,0.7059402239143695,1.0,0.8333447168909227
ECMunrest,1.0,20,AA20,13,jump_profile,0.2786339572262802,0.461244965731647,0.7130965692277657,0.5292360735261692
ECMunrest,1.0,20,AA20,13,spectral,0.09227531433255984,0.7059402239143695,1.0,0.8333447168909227
ECMunrest,1.0,20,AA20,14,jump_profile,0.2386723059077164,0.5121086585844618,0.7522033239725181,0.5744553626597038
ECMunrest,1.0,20,AA20,14,spectral,0.09227531433255982,0.7059402239143695,1.0,0.8333447168909227
ECMunrest,1.0,20,AA20,15,jump_profile,0.23326930888850284,0.3552765328281661,0.5062405347537731,0.39625267036434547
ECMunrest,1.0,20,AA20,15,spectral,0.09227531433255982,0.7059402239143695,1.0,0.8333447168909227
ECMunrest,1.0,20,AA20,16,jump_profile,0.2547392629527684,0.5197970727156103,0.7266016345900342,0.54662570607472
ECMunrest,1.0,20,AA20,16,spectral,0.09227531433255982,0.7059402239143695,1.0,0.8333447168909227
ECMunrest,1.0,20,AA20,17,jump_profile,0.1929906578284316,0.4302117246050648,0.5833539064171563,0.44526097260752145
ECMunrest,1.0,20,AA20,17,spectral,0.09227531433255982,0.7059402239143695,1.0,0.8333447168909227
ECMunrest,1.0,20,AA20,18,jump_profile,0.23475525499117816,0.43983043016217716,0.6655177816073946,0.4799404190267134
ECMunrest,1.0,20,AA20,18,spectral,0.09227531433255982,0.7059402239143695,1.0,0.8333447168909227
ECMunrest,1.0,20,AA20,19,jump_profile,0.22784354362113265,0.37496993428838066,0.5626385086690132,0.4040603008689298
ECMunrest,1.0,20,AA20,19,spectral,0.09227531433255982,0.7059402239143695,1.0,0.8333447168909227
ECMunrest,1.0,20,AA20,20,jump_profile,0.27793196110889146,0.4024141349349816,0.5443360576500571,0.43781587553265283
ECMunrest,1.0,20,AA20,20,spectral,0.09227531433255982,0.7059402239143695,1.0,0.8333447168909227
ECMunrest,1.0,20,AA20,21,jump_profile,0.2016637682911354,0.452624374154536,0.6434312436066053,0.4703615939800662
ECMunrest,1.0,20,AA20,21,spectral,0.09227531433255982,0.7059402239143695,1.0,0.8333447168909227
ECMunrest,1.0,20,AA20,22,jump_profile,0.2730970894064503,0.45295373665480426,0.6964392964392965,0.5178795180722892
ECMunrest,1.0,20,AA20,22,spectral,0.09227531433255982,0.7059402239143695,1.0,0.8333447168909227
ECMunrest,1.0,20,AA20,23,jump_profile,0.2447628482417546,0.4186919558286744,0.6442808153602451,0.4560296336946083
ECMunrest,1.0,20,AA20,23,spectral,0.09227531433255982,0.7059402239143695,1.0,0.8333447168909227
ECMunrest,1.0,20,AA20,24,jump_profile,0.18292021268016703,0.45061879671608873,0.6450540315876975,0.49396198676887537
ECMunrest,1.0,20,AA20,24,spectral,0.09227531433255982,0.7059402239143695,1.0,0.8333447168909227
ECMunrest,1.0,20,AA20,25,jump_profile,0.27147555961481185,0.4955518027820819,0.7332563712371657,0.5551745205857427
ECMunrest,1.0,20,AA20,25,spectral,0.09227531433255982,0.7059402239143695,1.0,0.8333447168909227
ECMunrest,1.0,20,AA20,26,jump_profile,0.2821730505322223,0.4547023827872137,0.5799483156151835,0.45169243412604654
ECMunrest,1.0,20,AA20,26,spectral,0.09227531433255982,0.7059402239143695,1.0,0.8333447168909227
ECMunrest,1.0,20,AA20,27,jump_profile,0.24619567394276487,0.5079463151752308,0.7212882980741048,0.5920800139559226
ECMunrest,1.0,20,AA20,27,spectral,0.09227531433255982,0.7059402239143695,1.0,0.8333447168909227
ECMunrest,1.0,20,AA20,28,jump_profile,0.18901350254737806,0.49745778841186544,0.6701892356844433,0.49830942154802155
ECMunrest,1.0,20,AA20,28,spectral,0.09227531433255982,0.7059402239143695,1.0,0.8333447168909227
ECMunrest,1.0,20,AA20,29,jump_profile,0.20044765650829088,0.431064500082905,0.623932824522795,0.45685437161776654
ECMunrest,1.0,20,AA20,29,spectral,0.09227531433255981,0.7059402239143695,1.0,0.8333447168909227
ECMunrest,1.0,23,L23,0,jump_profile,0.2467298928907879,0.4711016254740172,0.6377602819761317,0.5320753062879435
ECMunrest,1.0,23,L23,0,spectral,0.14306436845675577,0.6613669671803526,0.8568747067104646,0.7991253721120156
ECMunrest,1.0,23,L23,1,jump_profile,0.28157624433356854,0.43622920517560076,0.64944543417045,0.4919674753983387
ECMunrest,1.0,23,L23,1,spectral,0.14306436845675574,0.6613669671803526,0.8568747067104646,0.7991253721120156
ECMunrest,1.0,23,L23,2,jump_profile,0.20967611153701096,0.4149861073765349,0.6373952985679546,0.48995615376771695
ECMunrest,1.0,23,L23,2,spectral,0.14306436845675574,0.6613669671803526,0.8568747067104646,0.7991253721120156
ECMunrest,1.0,23,L23,3,jump_profile,0.24032689977053698,0.4716233138467328,0.6896221061077517,0.533838304376166
ECMunrest,1.0,23,L23,3,spectral,0.14306436845675577,0.6613669671803526,0.8568747067104646,0.7991253721120156
ECMunrest,1.0,23,L23,4,jump_profile,0.3205941310235226,0.4150532303517378,0.6099207051925309,0.49634673241794286
ECMunrest,1.0,23,L23,4,spectral,0.14306436845675577,0.6613669671803526,0.8568747067104646,0.7991253721120156
ECMunrest,1.0,23,L23,5,jump_profile,0.32081857255273366,0.38334762896703833,0.6450540315876975,0.44271763099863487
ECMunrest,1.0,23,L23,5,spectral,0.14306436845675574,0.6613669671803526,0.8568747067104646,0.7991253721120156
ECMunrest,1.0,23,L23,6,jump_profile,0.270034598866256,0.41435314825186015,0.5889901244996882,0.46890018806157274
ECMunrest,1.0,23,L23,6,spectral,0.14306436845675577,0.6613669671803526,0.8568747067104646,0.7991253721120156
ECMunrest,1.0,23,L23,7,jump_profile,0.1955782249647354,0.38460799385088396,0.5858904035192527,0.4306783450595885
ECMunrest,1.0,23,L23,7,spectral,0.14306436845675577,0.6613669671803526,0.8568747067104646,0.7991253721120156
ECMunrest,1.0,23,L23,8,jump_profile,0.2658662116884239,0.43622920517560076,0.6260751297818133,0.4919674753983387
ECMunrest,1.0,23,L23,8,spectral,0.14306436845675574,0.6613669671803526,0.8568747067104646,0.7991253721120156
ECMunrest,1.0,23,L23,9,jump_profile,0.22793693484974553,0.46764789621578795,0.6983184965380811,0.5008183306055647
ECMunrest,1.0,23,L23,9,spectral,0.14306436845675574,0.6613669671803526,0.8568747067104646,0.7991253721120156
ECMunrest,1.0,23,L23,10,jump_profile,0.21671001981983484,0.44491771539206193,0.6497323600973236,0.48911222780569513
ECMunrest,1.0,23,L23,10,spectral,0.14306436845675574,0.6613669671803526,0.8568747067104646,0.7991253721120156
ECMunrest,1.0,23,L23,11,jump_profile,0.2608548417606996,0.421297192642788,0.625985401459854,0.4618648799553322
ECMunrest,1.0,23,L23,11,spectral,0.14306436845675577,0.6613669671803526,0.8568747067104646,0.7991253721120156
ECMunrest,1.0,23,L23,12,jump_profile,0.2714470658024779,0.43058742181852466,0.6184247938584021,0.511418984738608
ECMunrest,1.0,23,L23,12,spectral,0.1430643684567558,0.6613669671803526,0.8568747067104646,0.7991253721120156
ECMunrest,1.0,23,L23,13,jump_profile,0.24883011355486875,0.4098834973285446,0.5648063923520075,0.4589036953410076
ECMunrest,1.0,23,L23,13,spectral,0.14306436845675571,0.6613669671803526,0.8568747067104646,0.7991253721120156
ECMunrest,1.0,23,L23,14,jump_profile,0.2199398117563005,0.43665534877199824,0.6636709488890115,0.5160650535501785
ECMunrest,1.0,23,L23,14,spectral,0.14306436845675577,0.6613669671803526,0.8568747067104646,0.7991253721120156
ECMunrest,1.0,23,L23,15,jump_profile,0.26768410307544577,0.4621416779228576,0.672172880013577,0.5209664579702662
ECMunrest,1.0,23,L23,15,spectral,0.14306436845675574,0.6613669671803526,0.8568747067104646,0.7991253721120156
ECMunrest,1.0,23,L23,16,jump_profile,0.2552553036055841,0.39090699830159453,0.6567054983398053,0.4521309582362124
ECMunrest,1.0,23,L23,16,spectral,0.1430643684567558,0.6613669671803526,0.8568747067104646,0.7991253721120156
ECMunrest,1.0,23,L23,17,jump_profile,0.24078477056330552,0.4759934233618444,0.6828756568075902,0.5360334664384864
ECMunrest,1.0,23,L23,17,spectral,0.1430643684567558,0.6613669671803526,0.8568747067104646,0.7991253721120156
ECMunrest,1.0,23,L23,18,jump_profile,0.23222879606888214,0.42926119299542576,0.601806882865946,0.4560296336946083
ECMunrest,1.0,23,L23,18,spectral,0.1430643684567557,0.6613669671803526,0.8568747067104646,0.7991253721120156
ECMunrest,1.0,23,L23,19,jump_profile,0.1707009570029455,0.4864545174742458,0.6670487418809017,0.5217364392266903
ECMunrest,1.0,23,L23,19,spectral,0.14306436845675577,0.7361791887339333,0.8253029990606456,0.8923227330744372
ECMunrest,1.0,23,L23,20,jump_profile,0.26887772601268595,0.47012136765683005,0.7309367591112091,0.5415353138896428
ECMunrest,1.0,23,L23,20,spectral,0.14306436845675577,0.6613669671803526,0.8568747067104646,0.7991253721120156
ECMunrest,1.0,23,L23,21,jump_profile,0.2516532437437726,0.42283198078532697,0.5482472982610127,0.4366270261295478
ECMunrest,1.0,23,L23,21,spectral,0.14306436845675574,0.6613669671803526,0.8568747067104646,0.7991253721120156
ECMunrest,1.0,23,L23,22,jump_profile,0.27726075400932687,0.3950005456517971,0.5275986912160462,0.4043365365409796
ECMunrest,1.0,23,L23,22,spectral,0.14306436845675574,0.6613669671803526,0.8568747067104646,0.7991253721120156
ECMunrest,1.0,23,L23,23,jump_profile,0.2514858095805439,0.43310745401742495,0.6022384428223845,0.48911222780569513
ECMunrest,1.0,23,L23,23,spectral,0.1430643684567558,0.6613669671803526,0.8568747067104646,0.7991253721120156
ECMunrest,1.0,23,L23,24,jump_profile,0.2715530742681047,0.4218301760416535,0.5989824501229063,0.48846681623140425
ECMunrest,1.0,23,L23,24,spectral,0.14306436845675577,0.7361791887339333,0.8253029990606456,0.8923227330744372
ECMunrest,1.0,23,L23,25,jump_profile,0.23345738612470954,0.41193072267273223,0.589080314589333,0.4476618060402558
ECMunrest,1.0,23,L23,25,spectral,0.14306436845675574,0.6613669671803526,0.8568747067104646,0.7991253721120156
ECMunrest,1.0,23,L23,26,jump_profile,0.24925231216738264,0.46853823814133594,0.685352798053528,0.5299832495812395
ECMunrest,1.0,23,L23,26,spectral,0.14306436845675577,0.6613669671803526,0.8568747067104646,0.7991253721120156
ECMunrest,1.0,23,L23,27,jump_profile,0.24471745290873773,0.3950005456517971,0.6220789529728369,0.4584877604917996
ECMunrest,1.0,23,L23,27,spectral,0.1430643684567558,0.6613669671803526,0.8568747067104646,0.7991253721120156
ECMunrest,1.0,23,L23,28,jump_profile,0.2507527098882815,0.4422785619881594,0.6448519913396284,0.49656467287020034
ECMunrest,1.0,23,L23,28,spectral,0.1430643684567558,0.6613669671803526,0.8568747067104646,0.7991253721120156
ECMunrest,1.0,23,L23,29,jump_profile,0.27376100971336154,0.5356077392520704,0.5730922120821903,0.5137840882521734
ECMunrest,1.0,23,L23,29,spectral,0.14306436845675571,0.6613669671803526,0.8568747067104646,0.7991253721120156
