model,control,closure_tv,macro_ei_bits,delta_ei_vs_micro_bits
eta_0,0,0.3010988552578552,0.048072036585102,-0.8058804632827328
eta_0,1,0.29371560635282834,0.02759118903419501,-0.8263613108336397
eta_0,2,0.250134265148137,0.040020924001301555,-0.8139315758665332
eta_0,3,0.33088242228974396,0.053850187284977605,-0.8001023125828571
eta_0,4,0.26468608771093327,0.037819494763564776,-0.8161330051042699
eta_0,5,0.2615508894752205,0.028627406761684095,-0.8253250931061507
eta_0,6,0.2463669802918879,0.047858087092805916,-0.8060944127750288
eta_0,7,0.2861421833820864,0.045233023204619055,-0.8087194766632156
eta_0,8,0.27272771443443394,0.03615270548554429,-0.8177997943822904
eta_0,9,0.26652965443031096,0.04258080005894062,-0.8113716998088941
eta_0,10,0.244943782039509,0.02918650085640882,-0.8247659990114259
eta_0,11,0.244798486165834,0.03369565318526536,-0.8202568466825694
eta_0,12,0.30654286687198445,0.05471927980412053,-0.7992332200637142
eta_0,13,0.27875893447705946,0.04083781681436269,-0.813114683053472
eta_0,14,0.3095823945361772,0.04030588024815196,-0.8136466196196828
eta_0,15,0.2718654334126138,0.057216476727913634,-0.7967360231399211
eta_0,16,0.2620777005576505,0.055311461830954915,-0.7986410380368798
eta_0,17,0.25468367960871235,0.033685410785711266,-0.8202670890821234
eta_0,18,0.25729206676199506,0.03394918346223175,-0.820003316405603
eta_0,19,0.2983344001869862,0.06823360734402201,-0.7857188925238128
eta_0,20,0.30267812142782036,0.04731099570029365,-0.8066415041675411
eta_0,21,0.25483974752629857,0.030089605166240034,-0.8238628947015947
eta_0,22,0.27626955199951425,0.04984036261306373,-0.804112137254771
eta_0,23,0.2221942648356258,0.020388655391887618,-0.8335638444759471
eta_0,24,0.21523138439759765,0.02848007108927382,-0.8254724287785609
eta_0,25,0.26806108531451606,0.04193151285544346,-0.8120209870123912
eta_0,26,0.31044467555799726,0.04114339921499099,-0.8128091006528437
eta_0,27,0.26274685042003565,0.04829028600725002,-0.8056622138605847
eta_0,28,0.25571280059202994,0.03211462612931037,-0.8218378737385243
eta_0,29,0.2763173872852742,0.02213794111924143,-0.8318145587485933
eta_0,30,0.26751094012786847,0.04536888387733155,-0.8085836159905032
eta_0,31,0.252850884933246,0.022315847429205508,-0.8316366524386292
eta_0,32,0.2633926661782031,0.03989592076745164,-0.8140565791003831
eta_0,33,0.32816580250463506,0.055476992159689285,-0.7984755077081455
eta_0,34,0.316200823007299,0.046576722150587106,-0.8073757777172477
eta_0,35,0.26337112209038066,0.03250226887708692,-0.8214502309907478
eta_0,36,0.30266734938390905,0.04587896016646978,-0.808073539701365
eta_0,37,0.3394030248099148,0.06257884322917848,-0.7913736566386562
eta_0,38,0.34141343149078995,0.04457146922841884,-0.8093810306394159
eta_0,39,0.24001285237017858,0.038713932855023024,-0.8152385670128117
eta_0,40,0.3002258021921239,0.08614890887081561,-0.7678035909970191
eta_0,41,0.3263114637413461,0.0627266122976419,-0.7912258875701929
eta_0,42,0.2996756570054764,0.04779455697032388,-0.8061579428975109
eta_0,43,0.23771660105206835,0.02708913856825926,-0.8268633612995755
eta_0,44,0.2977364197145787,0.05541198285354452,-0.7985405170142902
eta_0,45,0.32756782203222756,0.043103384322713906,-0.8108491155451208
eta_0,46,0.27445227647807413,0.038091247242565004,-0.8158612526252698
eta_0,47,0.290557074012898,0.0632638280346334,-0.7906886718332014
eta_0,48,0.3684803787375699,0.054282229711339475,-0.7996702701564953
eta_0,49,0.2326774387509116,0.040529348506125995,-0.8134231513617087
eta_0,50,0.28463408660209877,0.03279043196918991,-0.8211620678986448
eta_0,51,0.24519256343489532,0.03479971106074916,-0.8191527888070855
eta_0,52,0.28854666733202283,0.04891159862501815,-0.8050409012428166
eta_0,53,0.2571838341301689,0.05879319680134773,-0.795159303066487
eta_0,54,0.22669405399404624,0.022481289807525257,-0.8314712100603094
eta_0,55,0.2469649607642955,0.02811435938823297,-0.8258381404796018
eta_0,56,0.25081893416454826,0.0336433640197205,-0.8203091358481143
eta_0,57,0.3245653576098835,0.0848583434194658,-0.7690941564483689
eta_0,58,0.24174818645772994,0.03639822162867504,-0.8175542782391597
eta_0,59,0.29995072959880015,0.04140570957970294,-0.8125467902881318
eta_0,60,0.2862133527720639,0.047345359160883206,-0.8066071407069515
eta_0,61,0.2971862745279311,0.029673263477469247,-0.8242792363903655
eta_0,62,0.25603570847111373,0.028288049748610787,-0.825664450119224
eta_0,63,0.2913111224028918,0.04133307556540574,-0.812619424302429
eta_0,64,0.3325095237454693,0.036789253054705,-0.8171632468131297
eta_0,65,0.2894089483538429,0.055038317321348604,-0.7989141825464862
eta_0,66,0.3485927771924706,0.05641262194614136,-0.7975398779216933
eta_0,67,0.35522197770750374,0.07537445068520265,-0.7785780491826321
eta_0,68,0.330882422289744,0.09746614764580222,-0.7564863522220325
eta_0,69,0.2751321983843704,0.04196637476520816,-0.8119861251026266
eta_0,70,0.2645904171394133,0.038792382749859806,-0.8151601171179749
eta_0,71,0.2633125147607093,0.056877475120058765,-0.7970750247477759
eta_0,72,0.3360991965963096,0.10157744415088563,-0.7523750557169491
eta_0,73,0.25272110821359717,0.0305854110373502,-0.8233670888304845
eta_0,74,0.29706726985219367,0.041223279629983844,-0.8127292202378509
eta_0,75,0.26119387544800793,0.027189433484704702,-0.82676306638313
eta_0,76,0.22675445134011235,0.02521094398235362,-0.8287415558854812
eta_0,77,0.23484391334937305,0.02868390732878158,-0.8252685925390532
eta_0,78,0.25523382479535994,0.04372360016363685,-0.8102288997041979
eta_0,79,0.28038603593278466,0.053892004565605243,-0.8000604953022294
eta_0,80,0.29880260393974506,0.08970773031330925,-0.7642447695545255
eta_0,81,0.24131704594681996,0.033716185079602626,-0.8202363147882321
eta_0,82,0.358380510047434,0.07658312708839832,-0.7773693727794364
eta_0,83,0.30665109950381064,0.04683117523522943,-0.8071213246326053
eta_0,84,0.25451683964721483,0.031063733326609753,-0.822888766541225
eta_0,85,0.23255843407517418,0.024332194520982446,-0.8296203053468523
eta_0,86,0.27011932728115123,0.04678291398160672,-0.807169585886228
eta_0,87,0.34082622306229365,0.0758471680840061,-0.7781053317838287
eta_0,88,0.2751214263404591,0.030699233155684597,-0.8232532667121502
eta_0,89,0.2679420806387785,0.0332130364204517,-0.820739463447383
eta_0,90,0.25500658748779614,0.022524949173271754,-0.831427550694563
eta_0,91,0.27837562925190945,0.05032408575836817,-0.8036284141094665
eta_0,92,0.26593167395790335,0.026666320213242042,-0.8272861796545927
eta_0,93,0.29359660167709084,0.055066150623674634,-0.7988863492441601
eta_0,94,0.2767485277961842,0.07697080182169705,-0.7769816980461377
eta_0,95,0.27240480655535015,0.033952201307282506,-0.8200002985605522
eta_0,96,0.2518588271917771,0.036021485671945526,-0.8179310141958892
eta_0,97,0.30468852810869557,0.04311443930819708,-0.8108380605596377
eta_0,98,0.31648666764453404,0.0664680629575359,-0.7874844369102988
eta_0,99,0.274690285829549,0.038211195668325273,-0.8157413041995094
eta_0,100,0.3807204308282297,0.05602860953892164,-0.7979238903289131
eta_0,101,0.3200177331657031,0.08124168122256961,-0.7727108186452651
eta_0,102,0.3163676629687966,0.03234337800466812,-0.8216091218631666
eta_0,103,0.2607735069810092,0.03285805232142423,-0.8210944475464105
eta_0,104,0.2864172559754102,0.05296524503741396,-0.8009872548304208
eta_0,105,0.23572773845901573,0.027404952182239366,-0.8265475476855954
eta_0,106,0.2951866398909672,0.0658405547692581,-0.7881119450985766
eta_0,107,0.22387099159350587,0.02654064624182672,-0.827411853626008
eta_0,108,0.2674027074960422,0.0288037656413921,-0.8251487342264426
eta_0,109,0.26152755537100303,0.03864101372677923,-0.8153114861410555
eta_0,110,0.347180350984003,0.08946230755837743,-0.7644901923094573
eta_0,111,0.24676105756094918,0.03966703680885768,-0.8142854630589771
eta_0,112,0.24707319339612166,0.028722117604052966,-0.8252303822637818
eta_0,113,0.2507818709226995,0.03208541992511248,-0.8218670799427222
eta_0,114,0.3742472982307829,0.07933721152398304,-0.7746152883438517
eta_0,115,0.3579972048222839,0.09530943622879949,-0.7586430636390352
eta_0,116,0.2922924081004494,0.052647807448579984,-0.8013046924192547
eta_0,117,0.26664865910604846,0.034058905232051545,-0.8198935946357832
eta_0,118,0.3042466155538742,0.05165887721137133,-0.8022936226564634
eta_0,119,0.31288622274978245,0.03719102233573389,-0.8167614775321008
eta_0,120,0.25974438599769156,0.02183411339716453,-0.8321183864706702
eta_0,121,0.2515837545984534,0.02820234688207913,-0.8257501529857556
eta_0,122,0.28816336210687277,0.04305827219149722,-0.8108942276763375
eta_0,123,0.3173489486663541,0.06597499393598699,-0.7879775059318477
eta_0,124,0.29185049554562814,0.036820032775303144,-0.8171324670925316
eta_0,125,0.21794800418270668,0.022897910923093005,-0.8310545889447417
eta_0,126,0.25935030872863024,0.03793135830203726,-0.8160211415657974
eta_0,127,0.3206635489238707,0.047825799393266796,-0.8061267004745679
eta_0,128,0.2443087383252527,0.03116530655470621,-0.8227871933131286
eta_0,129,0.2812112537127559,0.07635621736204501,-0.7775962825057897
eta_0,130,0.27847308983982444,0.051721755515272735,-0.802230744352562
eta_0,131,0.30077594737877134,0.057633423589218975,-0.7963190762786158
eta_0,132,0.2572920667619951,0.017526525935823337,-0.8364259739320113
eta_0,133,0.22490011257682352,0.024615941246051716,-0.829336558621783
eta_0,134,0.28420294609118874,0.03590986435477845,-0.8180426355130562
eta_0,135,0.22044815870416307,0.017762779472757225,-0.8361897203950776
eta_0,136,0.2331085792618217,0.021619160625614947,-0.8323333392422197
eta_0,137,0.31479916884274267,0.06347878881184223,-0.7904737110559925
eta_0,138,0.2901629967438367,0.056337072063227904,-0.7976154278046068
eta_0,139,0.3576742969432002,0.08302468574379998,-0.7709278141240348
eta_0,140,0.2601169191789303,0.04188198099530213,-0.8120705188725326
eta_0,141,0.24774234325850672,0.03929726193280231,-0.8146552379350325
eta_0,142,0.2969112019346073,0.04946835571787713,-0.8044841441499576
eta_0,143,0.25327125340024476,0.022885796929122286,-0.8310667029387124
eta_0,144,0.29474472733614593,0.03105382530900011,-0.8228986745588346
eta_0,145,0.27752412027400064,0.05000241242580183,-0.8039500874420329
eta_0,146,0.30424661555387417,0.06709925218219864,-0.786853247685636
eta_0,147,0.22229172542354078,0.02765206040361868,-0.826300439464216
eta_0,148,0.2770236003895081,0.04416775111042856,-0.8097847487574061
eta_0,149,0.3189174427924081,0.08001737653319956,-0.7739351233346352
eta_0,150,0.32962606399886274,0.05201141258602801,-0.8019410872818067
eta_0,151,0.347611491494913,0.06927376336592445,-0.7846787365019103
eta_0,152,0.29567817774794347,0.06673546370537613,-0.7872170361624586
eta_0,153,0.29300939324859454,0.059093871906347885,-0.7948586279614869
eta_0,154,0.2899094682383355,0.04236548985734538,-0.8115870100104894
eta_0,155,0.2797402201746171,0.03357301133627454,-0.8203794885315602
eta_0,156,0.32870517564737134,0.06595327705645658,-0.7879992228113781
eta_0,157,0.2526732729278372,0.032730249173278145,-0.8212222506945566
eta_0,158,0.29936352117030385,0.04636044419126853,-0.8075920556765662
eta_0,159,0.2520256671532747,0.03669819138090812,-0.8172543084869266
eta_0,160,0.267677780089366,0.06254427068709445,-0.7914082291807403
eta_0,161,0.24691712547853542,0.03598667233216421,-0.8179658275356705
eta_0,162,0.24415267040766642,0.027607412184740342,-0.8263450876830943
eta_0,163,0.2851842317887463,0.06522067296406461,-0.7887318269037701
eta_0,164,0.2683361579078398,0.0457775316360718,-0.8081749682317629
eta_0,165,0.27343392753866774,0.054587140785237485,-0.7993653590825972
eta_0,166,0.3121800096455487,0.07040082550895502,-0.7835516743588797
eta_0,167,0.2734339275386678,0.03114061574195267,-0.822811884125882
eta_0,168,0.27011932728115123,0.045445789257410295,-0.8085067106104245
eta_0,169,0.24175895850164122,0.023552461339923912,-0.8304000385279108
eta_0,170,0.255998645229265,0.04795011404751613,-0.8060023858203186
eta_0,171,0.25990045391527783,0.03543012707468205,-0.8185223727931527
eta_0,172,0.28751754634870524,0.05220642372885812,-0.8017460761389766
eta_0,173,0.292890388572857,0.05154143514660173,-0.802411064721233
eta_0,174,0.27306139435742904,0.04531311087304819,-0.8086393889947865
eta_0,175,0.2214294444017207,0.01938008319477581,-0.8345724166730589
eta_0,176,0.2909882145238081,0.04426655970034111,-0.8096859401674936
eta_0,177,0.26397987460669947,0.046154101868101705,-0.807798397999733
eta_0,178,0.3352261435305782,0.045518981381651294,-0.8084335184861834
eta_0,179,0.2838088688221274,0.044907723817833436,-0.8090447760500012
eta_0,180,0.24805447909367928,0.04470575731172657,-0.8092467425561082
eta_0,181,0.26637358651272464,0.046558321180329015,-0.8073941786875057
eta_0,182,0.2542525390978023,0.03964188660855093,-0.8143106132592838
eta_0,183,0.221871356956542,0.025998149153447253,-0.8279543507143875
eta_0,184,0.24758448532452557,0.03274372774943919,-0.8212087721183955
eta_0,185,0.28914464780443044,0.0642676607073882,-0.7896848391604465
eta_0,186,0.30593411435566564,0.046535451589425486,-0.8074170482784092
eta_0,187,0.2927343206552707,0.0821871121044337,-0.771765387763401
eta_0,188,0.3574596216959427,0.09676863643424713,-0.7571838634335876
eta_0,189,0.2699632593635649,0.05244754732305859,-0.8015049525447762
eta_0,190,0.23235453087182786,0.01739858177184446,-0.8365539180959902
eta_0,191,0.2786507018452332,0.028117244215744335,-0.8258352556520904
eta_0,192,0.28294658780030735,0.03274290012679455,-0.8212095997410401
eta_0,193,0.30713007530048064,0.04911480773471809,-0.8048376921331166
eta_0,194,0.3215258299456907,0.04087682644209664,-0.813075673425738
eta_0,195,0.3372365502114534,0.06684587733804703,-0.7871066225297877
eta_0,196,0.27023833195688873,0.029533948637316624,-0.8244185512305181
eta_0,197,0.35479083719659366,0.06841804162402754,-0.7855344582438072
eta_0,198,0.2674027074960422,0.035131479842468484,-0.8188210200253663
eta_0,199,0.2805636479381934,0.03729079255974792,-0.8166617073080868
eta_0,200,0.26399243666700567,0.026310304714009865,-0.8276421951538249
eta_0,201,0.2430523800343714,0.06286404554545483,-0.79108845432238
eta_0,202,0.25731361084981763,0.048252902315075744,-0.805699597552759
eta_0,203,0.31924035067149176,0.02863048593443126,-0.8253220139334034
eta_0,204,0.32023240841296063,0.03867473055972362,-0.8152777693081111
eta_0,205,0.24077767280408358,0.03814786516430281,-0.8158046347035319
eta_0,206,0.30381547504296424,0.06521330567512212,-0.7887391941927127
eta_0,207,0.2820843067784874,0.04147017530676268,-0.8124823245610721
eta_0,208,0.3107675834370811,0.08651506907725326,-0.7674374307905815
eta_0,209,0.29000692882625045,0.0423757452222986,-0.8115767546455361
eta_0,210,0.32701767684558,0.04242688526074137,-0.8115256146070934
eta_0,211,0.2695691820945037,0.027106364777703194,-0.8268461350901315
eta_0,212,0.3281658025046351,0.03562246749113488,-0.8183300323766999
eta_0,213,0.30240304883449654,0.03850759288460879,-0.8154449069832259
eta_0,214,0.316200823007299,0.07440546181526153,-0.7795470380525732
eta_0,215,0.26582344132607716,0.05730488133287359,-0.7966476185349611
eta_0,216,0.2940863495176721,0.06237319515070221,-0.7915793047171326
eta_0,217,0.2939302816000859,0.049156562691502884,-0.8047959371763318
eta_0,218,0.2879486868596153,0.036068250843884334,-0.8178842490239504
eta_0,219,0.27963198754279084,0.03108430399261171,-0.822868195875223
eta_0,220,0.29104682185347935,0.05797580278278268,-0.795976697085052
eta_0,221,0.2508404782523708,0.03508634621772681,-0.818866153650108
eta_0,222,0.2617440206346554,0.02519563283623708,-0.8287568670315977
eta_0,223,0.3039715429605505,0.05357654815916317,-0.8003759517086716
eta_0,224,0.27772981349374193,0.04136850087697479,-0.81258399899086
eta_0,225,0.3114151892116436,0.053655838134459066,-0.8002966617333757
eta_0,226,0.2387194308374485,0.023622355472497,-0.8303301443953377
eta_0,227,0.23066703207003653,0.031973352835295246,-0.8219791470325395
eta_0,228,0.29186126758953934,0.04446191570599199,-0.8094905841618427
eta_0,229,0.27137568557203257,0.04051129490766692,-0.8134412049601678
eta_0,230,0.2814863263060797,0.05035858680845055,-0.8035939130593842
eta_0,231,0.296755134017021,0.040521188794473195,-0.8134313110733615
eta_0,232,0.25686092625108503,0.03883706264995105,-0.8151154372178837
eta_0,233,0.2391397993044472,0.04170782885755722,-0.8122446710102775
eta_0,234,0.2769865371476593,0.03512043837213529,-0.8188320614956994
eta_0,235,0.24332745262769512,0.021874746015650197,-0.8320777538521845
eta_0,236,0.2456237039458053,0.035221624147232705,-0.818730875720602
eta_0,237,0.30409054763628796,0.04000377161530334,-0.8139487282525314
eta_0,238,0.24295491944645642,0.034370574303293946,-0.8195819255645408
eta_0,239,0.2900069288262505,0.07156440362714814,-0.7823880962406866
eta_0,240,0.2372962325850696,0.028859363857628113,-0.8250931360102066
eta_0,241,0.3152303093536526,0.07895074876356051,-0.7750017511042742
eta_0,242,0.27729867298283184,0.025543845078978326,-0.8284086547888564
eta_0,243,0.3154467746173052,0.07139553701309645,-0.7825569628547383
eta_0,244,0.2957260130337035,0.049493618940562784,-0.8044588809272719
eta_0,245,0.35712415175655265,0.07838837393389107,-0.7755641259339436
eta_0,246,0.21582936487000523,0.024887951547876305,-0.8290645483199585
eta_0,247,0.24853345489034934,0.026588337610501313,-0.8273641622573334
eta_0,248,0.26278391366188436,0.03354016541476364,-0.820412334453071
eta_0,249,0.2609403469425067,0.04106755777885151,-0.8128849420889832
eta_0,250,0.23752346989263334,0.040537285517640353,-0.8134152143501944
eta_0,251,0.2629399815794706,0.03121760089769271,-0.822734898970142
eta_0,252,0.28033820064702464,0.03027910774634554,-0.8236733921214892
eta_0,253,0.2981675602254886,0.04616136096976406,-0.8077911388980706
eta_0,254,0.2436025252210189,0.035338666701341774,-0.8186138331664929
eta_0,255,0.29893238065939376,0.0453643457706499,-0.8085881540971849
eta_0,256,0.26366773877152694,0.04137309261316685,-0.8125794072546679
eta_0,257,0.28648842536538766,0.08469642048168617,-0.7692560793861486
eta_0,258,0.31793615709485046,0.06764532743859002,-0.7863071724292447
eta_0,259,0.2539774665044786,0.030493900818244272,-0.8234585990495904
eta_0,260,0.26001945859101533,0.03627933004838371,-0.817673169819451
eta_0,261,0.2742591453186391,0.052144610479176096,-0.8018078893886587
eta_0,262,0.2933215290837671,0.07174419290458517,-0.7822083069632495
eta_0,263,0.20674784511927558,0.01501556959696575,-0.838936930270869
eta_0,264,0.3105636802337348,0.059973175310244216,-0.7939793245575905
eta_0,265,0.27264281590682515,0.046147971511908206,-0.8078045283559265
eta_0,266,0.2894089483538429,0.04419987416413172,-0.809752625703703
eta_0,267,0.26652965443031096,0.04674548518478873,-0.807207014683046
eta_0,268,0.2851130623987688,0.04498963853499516,-0.8089628613328396
eta_0,269,0.2634901267661181,0.03933149703477613,-0.8146210028330586
eta_0,270,0.23674608739842204,0.03183752984608416,-0.8221149700217506
eta_0,271,0.31274092687610755,0.08708295395420415,-0.7668695459136305
eta_0,272,0.2756004021371292,0.028068825989040674,-0.825883673878794
eta_0,273,0.29071314193048436,0.038554151991391304,-0.8153983478764434
eta_0,274,0.34647413787976916,0.05652228410817357,-0.7974302157596611
eta_0,275,0.2869674011620577,0.06339537946453734,-0.7905571204032974
eta_0,276,0.2401318570459161,0.03337185056161775,-0.820580649306217
eta_0,277,0.24159211854014379,0.0341470468218804,-0.8198054530459543
eta_0,278,0.281211253712756,0.036661349096153685,-0.817291150771681
eta_0,279,0.2365421841950758,0.045998290721016216,-0.8079542091468185
eta_0,280,0.30326532985631666,0.035668355760773804,-0.818284144107061
eta_0,281,0.3419743487213488,0.07158101246552158,-0.7823714874023131
eta_0,282,0.2776108088180044,0.0353454257964415,-0.8186070740713932
eta_0,283,0.20576655942171806,0.015005727017855009,-0.8389467728499798
eta_0,284,0.28463408660209877,0.043799978266783474,-0.8101525216010512
eta_0,285,0.2781717260485632,0.04984626105914373,-0.804106238808691
eta_0,286,0.25170275927419083,0.02312792712398691,-0.8308245727438478
eta_0,287,0.29935274912639254,0.03883106951204972,-0.815121430355785
eta_0,288,0.25441937905929984,0.03198770643440412,-0.8219647934334307
eta_0,289,0.28707563379388396,0.051012391112625,-0.8029401087552097
eta_0,290,0.22951890641098138,0.029105613181967943,-0.8248468866858668
eta_0,291,0.3111508886622311,0.049126845018033584,-0.8048256548498012
eta_0,292,0.2604876623437741,0.02827983401563245,-0.8256726658522022
eta_0,293,0.2656673734084909,0.055791281015724135,-0.7981612188521106
eta_0,294,0.36702011724334227,0.06308338756851295,-0.7908691122993218
eta_0,295,0.28767361426629157,0.05631211443407361,-0.7976403854337611
eta_0,296,0.3170738760730304,0.08800344438518067,-0.765949055482654
eta_0,297,0.29804855554975107,0.05368005376853459,-0.8002724460993001
eta_0,298,0.2976174150388411,0.0463132026371768,-0.807639297230658
eta_0,299,0.23669825211266202,0.029510013259675907,-0.8244424866081588
eta_0,300,0.24849639164850054,0.026614820962289377,-0.8273376789055453
eta_0,301,0.26609851391940087,0.041617251149651105,-0.8123352487181836
eta_0,302,0.29187203963345065,0.04503273046956456,-0.8089197693982701
eta_0,303,0.28973185623292674,0.05933597249140684,-0.7946165273764279
eta_0,304,0.23540483057993197,0.024717286275233563,-0.8292352135926011
eta_0,305,0.25011272106031446,0.028834805212518702,-0.825117694655316
eta_0,306,0.3452889489788653,0.0759344268233862,-0.7780180730444485
eta_0,307,0.22261463330262454,0.028471335865182766,-0.8254811640026519
eta_0,308,0.3231529314014159,0.06203243708313749,-0.7919200627846972
eta_0,309,0.2668525623093947,0.030983888376485545,-0.8229686114913491
eta_0,310,0.2243607394340872,0.022301244043629,-0.8316512558242057
eta_0,311,0.255567504718355,0.034347642997424536,-0.8196048568704102
eta_0,312,0.27272771443443394,0.02930303321420417,-0.8246494666536306
eta_0,313,0.23882766346927467,0.021564299281195916,-0.8323882005866388
eta_0,314,0.2704314631163237,0.040806056303273774,-0.813146443564561
eta_0,315,0.2375713051783934,0.02734354178519688,-0.8266089580826379
eta_0,316,0.287075633793884,0.05790272853970488,-0.7960497713281298
eta_0,317,0.25524459683927114,0.04023724064103476,-0.8137152592268
eta_0,318,0.24768194591244053,0.034731358685591955,-0.8192211411822428
eta_0,319,0.2233208464068584,0.01665646509047173,-0.837296034777363
eta_0,320,0.2709816083029713,0.0419873122278354,-0.8119651876399994
eta_0,321,0.26426571924393455,0.03392863898406884,-0.8200238608837659
eta_0,322,0.28061327324034835,0.03452042599066242,-0.8194320738771723
eta_0,323,0.278063493416737,0.051224042855920485,-0.8027284570119142
eta_0,324,0.3191925153857318,0.04541893406022193,-0.8085335658076128
eta_0,325,0.3009320152963577,0.07289637322324029,-0.7810561266445945
eta_0,326,0.28295735984421866,0.03171606245942176,-0.822236437408413
eta_0,327,0.290557074012898,0.06614996070079185,-0.7878025391670429
eta_0,328,0.21219185673340485,0.023073139194517756,-0.8308793606733169
eta_0,329,0.2878296821838778,0.045341763203863544,-0.8086107366639712
eta_0,330,0.31452409624941896,0.04294376551180448,-0.8110087343560303
eta_0,331,0.24001285237017855,0.0402106471042798,-0.8137418527635549
eta_0,332,0.2941467468637383,0.034626052718678954,-0.8193264471491558
eta_0,333,0.3345091583824331,0.06766835653122023,-0.7862841433366144
eta_0,334,0.2755155036095205,0.03426885442703156,-0.8196836454408032
eta_0,335,0.27375683541775153,0.04156960145654584,-0.8123828984112889
eta_0,336,0.25762574668499016,0.038646269001004534,-0.8153062308668302
eta_0,337,0.3442490559516365,0.06486861737567638,-0.7890838824921583
eta_0,338,0.24779017854426677,0.024816192905706837,-0.8291363069621279
eta_0,339,0.26508016497999465,0.026839867924658915,-0.8271126319431759
eta_0,340,0.3826226048772786,0.07663475876724524,-0.7773177411005895
eta_0,341,0.3035404024496404,0.04231369279989611,-0.8116388070679386
eta_0,342,0.2914193550347181,0.06379095846734512,-0.7901615414004897
eta_0,343,0.2652840681833409,0.04572229625694376,-0.8082302036108909
eta_0,344,0.30485536807019303,0.06939981696822306,-0.7845526828996117
eta_0,345,0.26924627421541986,0.037089980368078646,-0.8168625194997561
eta_0,346,0.257900819278314,0.031328458923577274,-0.8226240409442575
eta_0,347,0.2927235486113594,0.04377660092683028,-0.8101758989410044
eta_0,348,0.364578570051557,0.10820223204170595,-0.7457502678261287
eta_0,349,0.2651172282218433,0.048203911245602284,-0.8057485886222324
eta_0,350,0.2599004539152778,0.03163039997546317,-0.8223220998923716
eta_0,351,0.34690527839067925,0.040805245247338945,-0.8131472546204958
eta_0,352,0.29506763521522966,0.03448105492793645,-0.8194714449398983
eta_0,353,0.2521231277411896,0.02889580172459631,-0.8250566981432385
eta_0,354,0.3044134555153717,0.06603577870155292,-0.7879167211662819
eta_0,355,0.26751094012786847,0.031262949838889054,-0.8226895500289457
eta_0,356,0.2644714124636758,0.029626001704992168,-0.8243264981628425
eta_0,357,0.27776687673559064,0.06078242202985265,-0.7931700778379821
eta_0,358,0.2725238112310877,0.028758718345424136,-0.8251937815224106
eta_0,359,0.30972769040985215,0.059129846313235396,-0.7948226535545994
eta_0,360,0.3424425524741076,0.0913387859558919,-0.7626137139119429
eta_0,361,0.2807693411579346,0.0459212608012111,-0.8080312390666237
eta_0,362,0.33392194995393687,0.06305937392731378,-0.790893125940521
eta_0,363,0.3946850449625297,0.07665399163088307,-0.7772985082369517
eta_0,364,0.2690423710120736,0.04497494663114046,-0.8089775532366943
eta_0,365,0.2837718055802787,0.03235310761890047,-0.8215993922489343
eta_0,366,0.29000692882625045,0.048558529981870574,-0.8053939698859641
eta_0,367,0.2668047270236347,0.06309443453101388,-0.7908580653368209
eta_0,368,0.25752828609707523,0.029061123109217192,-0.8248913767586176
eta_0,369,0.319251122715403,0.05547249971150618,-0.7984800001563286
eta_0,370,0.29822616755516,0.08843607077890074,-0.765516429088934
eta_0,371,0.3203884763305469,0.09327448052302317,-0.7606780193448115
eta_0,372,0.3071300753004807,0.05257469687930326,-0.8013778029885315
eta_0,373,0.25272110821359717,0.0420916745497628,-0.8118608253180719
eta_0,374,0.29489002320982094,0.05505702872839094,-0.7988954711394438
eta_0,375,0.3152303093536527,0.038993380440341376,-0.8149591194274933
eta_0,376,0.2594693134043678,0.021328275216900724,-0.832624224650934
eta_0,377,0.24872183893966943,0.05517111421626306,-0.7987813856515716
eta_0,378,0.3002258021921239,0.033209292182884605,-0.8207432076849501
eta_0,379,0.2535463259935685,0.04322117230140812,-0.8107313275664266
eta_0,380,0.2872903090411415,0.03928259817770766,-0.8146699016901271
eta_0,381,0.29414674686373843,0.06346532817597768,-0.790487171691857
eta_0,382,0.28337772831121744,0.054157357990992014,-0.7997951418768428
eta_0,383,0.24348352054528138,0.03483689027142817,-0.8191156095964065
eta_0,384,0.23946270718353105,0.02428316037894151,-0.8296693394888932
eta_0,385,0.31360320789792756,0.044108913442332455,-0.8098435864255022
eta_0,386,0.2932844658419183,0.05078204770691713,-0.8031704521609175
eta_0,387,0.2404439928810886,0.03759699399698592,-0.8163555058708488
eta_0,388,0.20908115967923457,0.01845284516528707,-0.8354996547025476
eta_0,389,0.2463669802918879,0.029149104010991356,-0.8248033958568434
eta_0,390,0.2493586726703206,0.029413952274558848,-0.8245385475932758
eta_0,391,0.3442968912373965,0.07631011023427349,-0.7776423896335612
eta_0,392,0.24360252522101888,0.03138231109573152,-0.8225701887721032
eta_0,393,0.3044134555153718,0.05615011854266201,-0.7978023813251727
eta_0,394,0.2721775692477864,0.03553394754288875,-0.818418552324946
eta_0,395,0.2175646989575566,0.02946963134109934,-0.8244828685267354
eta_0,396,0.4050599862459894,0.08306290316529141,-0.7708895967025433
eta_0,397,0.23065626002612521,0.030245175090097873,-0.8237073247777369
eta_0,398,0.2792379102737296,0.0787272672957492,-0.7752252325720855
eta_0,399,0.270442235160235,0.05052511241049677,-0.803427387457338
eta_0,400,0.3039344797187017,0.04711176485010535,-0.8068407350177293
eta_0,401,0.270442235160235,0.03003135972285975,-0.823921140144975
eta_0,402,0.2954509404403797,0.04644586194248032,-0.8075066379253544
eta_0,403,0.2961571535446136,0.044085778146962955,-0.8098667217208718
eta_0,404,0.38908496543081417,0.1121074359004874,-0.7418450639673473
eta_0,405,0.24664205288521163,0.04108393851782802,-0.8128685613500067
eta_0,406,0.2954987757261397,0.05601654612759525,-0.7979359537402395
eta_0,407,0.3107197481513211,0.06637974409535996,-0.7875727557724748
eta_0,408,0.25397746650447856,0.03485330578068538,-0.8190991940871494
eta_0,409,0.28696740116205766,0.060044193296444316,-0.7939083065713904
eta_0,410,0.28719463846962145,0.042297573061574126,-0.8116549268062606
eta_0,411,0.2604876623437741,0.0355787469176933,-0.8183737529501415
eta_0,412,0.2487002948518468,0.0457940948218425,-0.8081584050459922
eta_0,413,0.29433987802317335,0.08593287391502605,-0.7680196259528087
eta_0,414,0.3203884763305469,0.05110732604274504,-0.8028451738250897
eta_0,415,0.23599203900842816,0.029486514976053146,-0.8244659848917816
eta_0,416,0.230069051597629,0.025735759382698724,-0.828216740485136
eta_0,417,0.24968158054940448,0.03783602090271145,-0.8161164789651233
eta_0,418,0.2935966016770908,0.08652773550729324,-0.7674247643605415
eta_0,419,0.33349080944302684,0.068629250666749,-0.7853232492010858
eta_0,420,0.27212973396202644,0.041118781540993236,-0.8128337183268415
eta_0,421,0.2800631280537008,0.026471016980206895,-0.8274814828876278
eta_0,422,0.23757130517839337,0.03908584050539836,-0.8148666593624364
eta_0,423,0.24616307708854163,0.03776936498588191,-0.8161831348819528
eta_0,424,0.28289875251454744,0.048162714593867506,-0.8057897852739673
eta_0,425,0.26692373169937217,0.06272125459090164,-0.7912312452769331
eta_0,426,0.3185449096111692,0.07418148002627961,-0.7797710198415551
eta_0,427,0.252996180806921,0.033154956731462126,-0.8207975431363725
eta_0,428,0.2812112537127559,0.04029381154915164,-0.813658688318683
eta_0,429,0.2662175185951384,0.03636945613007794,-0.8175830437377568
eta_0,430,0.26017552650860154,0.03328310924037396,-0.8206693906274608
eta_0,431,0.25686092625108503,0.02670864520770469,-0.8272438546601301
eta_0,432,0.2957738483194635,0.046210284554726366,-0.8077422153131084
eta_0,433,0.25081893416454826,0.04106681356724453,-0.8128856863005902
eta_0,434,0.2613236521676567,0.03603722837452182,-0.8179152714933129
eta_0,435,0.3077280557728883,0.05579711367088344,-0.7981553861969513
eta_0,436,0.34386575072648645,0.051439055371244276,-0.8025134444965905
eta_0,437,0.2237627589616796,0.031215896332287055,-0.8227366035355477
eta_0,438,0.2791900749879695,0.03041767288155237,-0.8235348269862823
eta_0,439,0.23827751828262717,0.03141072831550347,-0.8225417715523312
eta_0,440,0.3222906503795958,0.055736310227407576,-0.7982161896404272
eta_0,441,0.305669813806253,0.043184736674793195,-0.8107677631930416
eta_0,442,0.2514276866808672,0.03338524737033344,-0.8205672524975013
eta_0,443,0.2574110714377326,0.0386372055686484,-0.8153152942991864
eta_0,444,0.2515251472687821,0.047957529535270674,-0.8059949703325641
eta_0,445,0.3176240212596779,0.047727066977006946,-0.8062254328908278
eta_0,446,0.18989977123836912,0.013415697501063455,-0.8405368023667713
eta_0,447,0.32429028501655977,0.07172043033828375,-0.7822320695295509
eta_0,448,0.2369733247059858,0.02227246024112111,-0.8316800396267137
eta_0,449,0.347180350984003,0.05947480771841605,-0.7944776921494187
eta_0,450,0.27659245987859804,0.04034438994808037,-0.8136081099197543
eta_0,451,0.267725615375126,0.027679740105856013,-0.8262727597619787
eta_0,452,0.2869674011620577,0.046996695604611095,-0.8069558042632237
eta_0,453,0.32310509611565585,0.0495996500543493,-0.8043528498134854
eta_0,454,0.24016892028776476,0.028442090779754133,-0.8255104090880806
eta_0,455,0.31566144986456274,0.0471692119028222,-0.8067832879650125
eta_0,456,0.23773814513989094,0.025307744585399056,-0.8286447552824356
eta_0,457,0.22979397900430518,0.017257521201153772,-0.836694978666681
eta_0,458,0.34012000995805985,0.05873053022702424,-0.7952219696408105
eta_0,459,0.2974613471212548,0.05934905877850618,-0.7946034410893286
eta_0,460,0.26767778008936605,0.034320797209584364,-0.8196317026582504
eta_0,461,0.24880852748367305,0.04523109475267628,-0.8087214051151584
eta_0,462,0.28159455893790597,0.03127404935749499,-0.8226784505103397
eta_0,463,0.2674027074960423,0.028745518031596203,-0.8252069818362385
eta_0,464,0.26533369348549574,0.03308403081430015,-0.8208684690535346
eta_0,465,0.2969112019346073,0.049647353876123915,-0.8043051459917108
eta_0,466,0.27382800480772906,0.0374778625505751,-0.8164746373172597
eta_0,467,0.22337945373652962,0.028310944756419657,-0.825641555111415
eta_0,468,0.2665296544303109,0.04002836009245253,-0.8139241397753822
eta_0,469,0.23812145036504084,0.034171152042842046,-0.8197813478249927
eta_0,470,0.304424227559283,0.049786078901605774,-0.8041664209662289
eta_0,471,0.2926864853695107,0.03686069248411331,-0.8170918073837214
eta_0,472,0.28093618111943214,0.07191405948774332,-0.7820384403800914
eta_0,473,0.23816928565080092,0.02438807891477089,-0.8295644209530638
eta_0,474,0.3344720951405844,0.06362309954815934,-0.7903294003196754
eta_0,475,0.2911072191995455,0.06531983944347299,-0.7886326604243618
eta_0,476,0.2675695474575398,0.03989734818235635,-0.8140551516854784
eta_0,477,0.2607627349370979,0.02968545989367356,-0.8242670399741612
eta_0,478,0.32729274943890374,0.08232858723868614,-0.7716239126291486
eta_0,479,0.2446208741604252,0.04113179600564576,-0.812820703862189
eta_0,480,0.29316546116618075,0.046519907942739885,-0.8074325919250949
eta_0,481,0.32425322177471105,0.043279895766427164,-0.8106726041014075
eta_0,482,0.3008734079666864,0.07034285231164941,-0.7836096475561853
eta_0,483,0.3396780974032385,0.06865465951045344,-0.7852978403573813
eta_0,484,0.2833406650693686,0.030523764650113992,-0.8234287352177208
eta_0,485,0.22795041228492757,0.016004723503216668,-0.837947776364618
eta_0,486,0.344415895913134,0.049415988408632025,-0.8045365114592027
eta_0,487,0.3375116228047772,0.05390880536559495,-0.8000436945022398
eta_0,488,0.2708255403853851,0.035660483662806046,-0.8182920162050287
eta_0,489,0.27702360038950813,0.04127522184846894,-0.8126772780193657
eta_0,490,0.3091404819813559,0.05320517081256773,-0.800747329055267
eta_0,491,0.2781609540046519,0.038377611304522816,-0.815574888563312
eta_0,492,0.22735243181252,0.022874822093793892,-0.8310776777740408
eta_0,493,0.28353379622880365,0.04496081018089047,-0.8089916896869442
eta_0,494,0.26620674655122717,0.04288033176183268,-0.811072168106002
eta_0,495,0.24179602174349,0.034949244016183524,-0.8190032558516512
eta_0,496,0.24750433390703172,0.047759251200911595,-0.8061932486669231
eta_0,497,0.3158886871721265,0.047296260566702324,-0.8066562393011324
eta_0,498,0.24420050569342644,0.04558908274040612,-0.8083634171274287
eta_0,499,0.22675445134011238,0.01821105696697601,-0.8357414429008587
eta_0,500,0.3475744282530643,0.07965996974909798,-0.7742925301187368
eta_0,501,0.21165248359066863,0.01820848391988996,-0.8357440159479448
eta_0,502,0.34272839711134273,0.05289473526435859,-0.8010577646034761
eta_0,503,0.2680981485563648,0.04522052231957378,-0.808731977548261
eta_0,504,0.31695487139729284,0.07144180611700163,-0.782510693750833
eta_0,505,0.24588800449521783,0.025623790785293917,-0.8283287090825409
eta_0,506,0.26279468570579567,0.04407540705531694,-0.8098770928125177
eta_0,507,0.26577560604031714,0.038112221963858745,-0.815840277903976
eta_0,508,0.24908360007699687,0.04604417806926514,-0.8079083217985696
eta_0,509,0.32382208126380096,0.050863396229989956,-0.8030891036378448
eta_0,510,0.3182220017320855,0.0616695257885763,-0.7922829740792584
eta_0,511,0.2897318562329267,0.04427620412550383,-0.8096762957423309
eta_0,512,0.28621335277206394,0.032055326816093646,-0.821897173051741
eta_0,513,0.3095716224922659,0.07723913383985778,-0.7767133660279769
eta_0,514,0.2873877696290565,0.06557511426602416,-0.7883773856018106
eta_0,515,0.3058258817238394,0.043666360768723,-0.8102861390991117
eta_0,516,0.2941467468637383,0.056450272477520075,-0.7975022273903146
eta_0,517,0.2966361293412836,0.10165178554522997,-0.7523007143226048
eta_0,518,0.2686961290287724,0.05145205814686256,-0.8025004417209721
eta_0,519,0.2456607671876541,0.03901674518471804,-0.8149357546831166
eta_0,520,0.3103256708822597,0.06208908238943483,-0.7918634174784
eta_0,521,0.2718068260829426,0.03551808696167109,-0.8184344129061636
eta_0,522,0.3991956061648614,0.14392434361546813,-0.7100281562523666
eta_0,523,0.28641725597541023,0.06562126627558794,-0.7883312335922468
eta_0,524,0.2577339793168164,0.025243173568329526,-0.8287093262995052
eta_0,525,0.30598194964142567,0.05842274208424612,-0.7955297577835886
eta_0,526,0.22761673236193247,0.01864777304115397,-0.8353047268266808
eta_0,527,0.2981071628794225,0.02842874004133665,-0.8255237598264981
eta_0,528,0.29703020661034485,0.03452155158801594,-0.8194309482798188
eta_0,529,0.24332745262769517,0.02455189900558413,-0.8294006008622506
eta_0,530,0.2935966016770907,0.05231725413635255,-0.8016352457314821
eta_0,531,0.24783801383002677,0.029308837007930875,-0.8246436628599039
eta_0,532,0.2580568871959002,0.04023909344006309,-0.8137134064277717
eta_0,533,0.3576742969432002,0.048187559691743063,-0.8057649401760917
eta_0,534,0.267391935452131,0.04745267137623802,-0.8064998284915967
eta_0,535,0.24664205288521165,0.024173484218189205,-0.8297790156496455
eta_0,536,0.29703020661034485,0.042873448312721274,-0.8110790515551134
eta_0,537,0.3278428946255513,0.07765046687217472,-0.77630203299566
eta_0,538,0.304521688147198,0.02834931715803344,-0.8256031827098013
eta_0,539,0.24375859313860512,0.026513042178241727,-0.827439457689593
eta_0,540,0.3046885281086955,0.07554799962831732,-0.7784045002395175
eta_0,541,0.25642978574017505,0.024624283665511143,-0.8293282162023236
eta_0,542,0.27741767765856934,0.05105678186667609,-0.8028957180011587
eta_0,543,0.24664205288521168,0.05638366206720302,-0.7975688378006317
eta_0,544,0.26582344132607705,0.04867731731326252,-0.8052751825545722
eta_0,545,0.2348439133493731,0.02415775915782713,-0.8297947407100076
eta_0,546,0.2707173077535588,0.04343965842067793,-0.8105128414471567
eta_0,547,0.2754551062634542,0.06416521514549323,-0.7897872847223415
eta_0,548,0.2741401406429016,0.06874182952100882,-0.7852106703468259
eta_0,549,0.2812004816688447,0.05293298430633272,-0.801019515561502
eta_0,550,0.2993156858845438,0.0641881086817421,-0.7897643911860927
eta_0,551,0.2708841477150563,0.03730595632106038,-0.8166465435467744
eta_0,552,0.24751510595094306,0.026295749271904527,-0.8276567505959302
eta_0,553,0.2352858259041944,0.021031007063068496,-0.8329214928047662
eta_0,554,0.23991539178226362,0.030398403331067428,-0.8235540965367673
eta_0,555,0.34761149149491305,0.07606432646010686,-0.7778881734077279
eta_0,556,0.2948529599679721,0.06791778795499212,-0.7860347119128426
eta_0,557,0.23338365185514548,0.03265793643573672,-0.8212945634320981
eta_0,558,0.31348420322219006,0.05737710916906982,-0.7965753906987649
eta_0,559,0.31794692913876166,0.044215745325944356,-0.8097367545418903
eta_0,560,0.2608817396128354,0.02329974961656575,-0.830652750251269
eta_0,561,0.33778669539810086,0.0865984639853609,-0.7673540358824739
eta_0,562,0.27892577443855704,0.03651933359087155,-0.8174331662769632
eta_0,563,0.21234792465099114,0.020000818998317023,-0.8339516808695177
eta_0,564,0.304138382922048,0.04164357622842024,-0.8123089236394145
eta_0,565,0.25681309096532506,0.04281010717633124,-0.8111423926915035
eta_0,566,0.26554836873275334,0.030404202878361992,-0.8235482969894727
eta_0,567,0.29359660167709073,0.03825944134902376,-0.8156930585188109
eta_0,568,0.2674027074960422,0.04063955076218825,-0.8133129491056464
eta_0,569,0.28479015451968503,0.03543656684667516,-0.8185159330211595
eta_0,570,0.29012593350198795,0.03973765942695495,-0.8142148404408798
eta_0,571,0.3203884763305469,0.10107184291039827,-0.7528806569574364
eta_0,572,0.2935966016770908,0.03959603088644974,-0.814356468981385
eta_0,573,0.23685432003024828,0.019601520862965204,-0.8343509790048695
eta_0,574,0.3530555031090423,0.08136290269558792,-0.7725895971722468
eta_0,575,0.255998645229265,0.03998918173998174,-0.8139633181278529
eta_0,576,0.287123469079644,0.05536015498608585,-0.7985923448817489
eta_0,577,0.26056960377766286,0.04585018367832974,-0.808102316189505
eta_0,578,0.28480092656359635,0.039970013914065246,-0.8139824859537694
eta_0,579,0.3412573635732037,0.040571685433356514,-0.8133808144344782
eta_0,580,0.318486302281498,0.059898558648482834,-0.7940539412193519
eta_0,581,0.2501127210603144,0.03462298522837199,-0.8193295146394627
eta_0,582,0.3145844935954851,0.06258443958344534,-0.7913680602843893
eta_0,583,0.19996257668665626,0.022314765356816597,-0.8316377345110181
eta_0,584,0.2912632871171318,0.036227724415894606,-0.8177247754519401
eta_0,585,0.23556089849751818,0.024880257902820377,-0.8290722419650144
eta_0,586,0.26462748038126194,0.0368587924031412,-0.8170937074646936
eta_0,587,0.2708841477150563,0.028947959557343517,-0.8250045403104912
eta_0,588,0.2720215013302002,0.026722337270983915,-0.8272301625968508
eta_0,589,0.25299618080692093,0.028701591161025327,-0.8252509087068094
eta_0,590,0.3194071906329893,0.04535399651644975,-0.808598503351385
eta_0,591,0.23077526470186271,0.025277901647152483,-0.8286745982206822
eta_0,592,0.24099413806773617,0.022470229029252012,-0.8314822708385827
eta_0,593,0.23408986495937933,0.0274606521260789,-0.8264918477417558
eta_0,594,0.30854250150894835,0.09203537697282028,-0.7619171228950145
eta_0,595,0.29255670864986194,0.054086920405256575,-0.7998655794625782
eta_0,596,0.24522962667674403,0.0402159018049507,-0.813736598062884
eta_0,597,0.33478423097575694,0.057609851590523946,-0.7963426482773108
eta_0,598,0.35435969668568357,0.07845165837564375,-0.775500841492191
eta_0,599,0.2576257466849902,0.03353539415441282,-0.8204171057134219
eta_0,600,0.3061009543171631,0.05809988966134136,-0.7958526102064933
eta_0,601,0.2767485277961843,0.04035792924956178,-0.8135945706182729
eta_0,602,0.2572920667619951,0.03716165440393296,-0.8167908454639018
eta_0,603,0.25935030872863024,0.05228450482655798,-0.8016679950412767
eta_0,604,0.27892577443855704,0.06046620331984236,-0.7934862965479924
eta_0,605,0.2891338757605191,0.0525807225040505,-0.8013717773637842
eta_0,606,0.24365036050677896,0.03421979733614265,-0.8197327025316921
eta_0,607,0.24262123952346126,0.016446686246425188,-0.8375058136214095
eta_0,608,0.30148216048300525,0.06392770521324839,-0.7900247946545863
eta_0,609,0.2969112019346073,0.050536282131343306,-0.8034162177364914
eta_0,610,0.26187379735430427,0.025869127670896455,-0.8280833721969383
eta_0,611,0.25974438599769156,0.03469039077623405,-0.8192621090916007
eta_0,612,0.2704314631163237,0.03651159660047707,-0.8174409032673576
eta_0,613,0.2931654611661808,0.04645544593491274,-0.807497053932922
eta_0,614,0.24664205288521165,0.02262738110661522,-0.8313251187612195
eta_0,615,0.2692570462593312,0.04690898189030029,-0.8070435179775345
eta_0,616,0.2834967329869549,0.04695502272432023,-0.8069974771435144
eta_0,617,0.3199095005338768,0.04122073566647661,-0.8127317642013581
eta_0,618,0.2572920667619951,0.03255889275873272,-0.821393607109102
eta_0,619,0.273158854945344,0.037187499298804286,-0.8167650005690305
eta_0,620,0.2957738483194635,0.06200821580133033,-0.7919442840665044
eta_0,621,0.2941467468637384,0.025496523617250036,-0.8284559762505846
eta_0,622,0.26860944048476865,0.04945964421358587,-0.8044928556542489
eta_0,623,0.29175303495771315,0.038779934104624755,-0.81517256576321
eta_0,624,0.29919668120880627,0.039386336739249767,-0.814566163128585
eta_0,625,0.3025220535102341,0.04438550327259284,-0.8095669965952419
eta_0,626,0.2568609262510851,0.025361090857908546,-0.8285914090099262
eta_0,627,0.2602233617943616,0.04825952760355036,-0.8056929722642844
eta_0,628,0.22854839275733507,0.028856212650094797,-0.82509628721774
eta_0,629,0.3131612953431062,0.06247428369545993,-0.7914782161723748
eta_0,630,0.2372962325850696,0.020586670789967433,-0.8333658290778673
eta_0,631,0.3379427633156872,0.06437934987180816,-0.7895731499960266
eta_0,632,0.25957754603619404,0.06495986903953488,-0.7889926308282998
eta_0,633,0.26035313851401043,0.03545007854238545,-0.8185024213254493
eta_0,634,0.2503877936536383,0.023955692849711784,-0.829996807018123
eta_0,635,0.22638191815887374,0.019173122653330037,-0.8347793772145047
eta_0,636,0.35147623693907715,0.04390929785968873,-0.810043202008146
eta_0,637,0.2826715152069836,0.0497701781563396,-0.8041823217114952
eta_0,638,0.2790340070703832,0.03809431445182339,-0.8158581854160113
eta_0,639,0.2992074532527176,0.07625742032841412,-0.7776950795394206
eta_0,640,0.3011682346314378,0.05029823136803693,-0.8036542684997978
eta_0,641,0.2974613471212548,0.03992924823646227,-0.8140232516313725
eta_0,642,0.2664106497545734,0.0486676753888832,-0.8052848244789516
eta_0,643,0.2363257189314233,0.03464983109223639,-0.8193026687755983
eta_0,644,0.2834967329869549,0.03627871810362883,-0.8176737817642059
eta_0,645,0.30654286687198445,0.05709544829966815,-0.7968570515681666
eta_0,646,0.3027863540596466,0.044798650913003335,-0.8091538489548313
eta_0,647,0.2831026557178936,0.029663117925261565,-0.8242893819425732
eta_0,648,0.2832216603936311,0.06386145276157448,-0.7900910471062602
eta_0,649,0.2469171254785354,0.018901786975548226,-0.8350507128922865
eta_0,650,0.3187009775287555,0.03429257230186347,-0.8196599275659713
eta_0,651,0.30381547504296424,0.0485764117687813,-0.8053760880990535
eta_0,652,0.2864172559754101,0.040460441455613214,-0.8134920584122215
eta_0,653,0.27002186669323625,0.03735132511234204,-0.8166011747554927
eta_0,654,0.37728682589497564,0.09182759521898015,-0.7621249046488545
eta_0,655,0.31789909385300164,0.034412270767788064,-0.8195402291000466
eta_0,656,0.2793569149494671,0.05967982092889107,-0.7942726789389436
eta_0,657,0.2701193272811512,0.047079715286797615,-0.8068727845810371
eta_0,658,0.27947591962520457,0.033225526804260955,-0.8207269730635738
eta_0,659,0.2985987007363987,0.06131757212456908,-0.7926349277432656
eta_0,660,0.2741012873846579,0.047419951833374364,-0.8065325480344604
eta_0,661,0.28033820064702464,0.06758379943908505,-0.7863687004287496
eta_0,662,0.29070236988657294,0.06524023299531964,-0.788712266872515
eta_0,663,0.23338365185514548,0.040691440740064186,-0.8132610591277706
eta_0,664,0.2742962085604878,0.03408902535305103,-0.8198634745147837
eta_0,665,0.2603531385140105,0.04379326889596813,-0.8101592309718666
eta_0,666,0.30267812142782036,0.046646755955475516,-0.8073057439123592
eta_0,667,0.25055463361513575,0.03205676751599314,-0.8218957323518415
eta_0,668,0.3414349755786126,0.04636921129799132,-0.8075832885698434
eta_0,669,0.23006905159762892,0.030036307295938137,-0.8239161925718966
eta_0,670,0.2799070601361146,0.046001365313128095,-0.8079511345547066
eta_0,671,0.24181756583131256,0.0340866557632728,-0.8198658441045619
eta_0,672,0.31305306271128,0.05549482362527036,-0.7984576762425644
eta_0,673,0.23614810692601454,0.021123145544668577,-0.8328293543231662
eta_0,674,0.30266734938390905,0.05613718356075323,-0.7978153163070815
eta_0,675,0.2993527491263926,0.05349495235350016,-0.8004575475143345
eta_0,676,0.2919091028752994,0.08080886706260745,-0.7731436328052272
eta_0,677,0.23669825211266204,0.02838199845893563,-0.8255705014088991
eta_0,678,0.2750131937086329,0.03073160644995144,-0.8232208934178833
eta_0,679,0.2544672143450599,0.03933454407603728,-0.8146179557917974
eta_0,680,0.2701193272811512,0.028241910272780495,-0.8257105895950543
eta_0,681,0.2614689480413317,0.0359955680570598,-0.8179569318107749
eta_0,682,0.3143572562879214,0.04194035250145903,-0.8120121473663757
eta_0,683,0.2594693134043678,0.03097444634165802,-0.8229780535261767
eta_0,684,0.31060074347558353,0.0505302622457596,-0.8034222376220751
eta_0,685,0.33783453068386105,0.04499358697821172,-0.808958912889623
eta_0,686,0.2697964194020675,0.03778491600379191,-0.8161675838640428
eta_0,687,0.2855549749535901,0.06476657011266611,-0.7891859297551687
eta_0,688,0.3707766300556802,0.10321732516149808,-0.7507351747063367
eta_0,689,0.2875175463487053,0.035666975481968885,-0.8182855243858659
eta_0,690,0.33235345582788295,0.07727030428796826,-0.7766821955798665
eta_0,691,0.27827995868038935,0.03925326598087021,-0.8146992338869645
eta_0,692,0.2686961290287724,0.031180452147233546,-0.8227720477206012
eta_0,693,0.30326532985631666,0.07609411122211368,-0.7778583886457211
eta_0,694,0.2768675324719218,0.05182855659670858,-0.8021239432711261
eta_0,695,0.25359416127932854,0.041456554948520755,-0.812495944919314
eta_0,696,0.2548983548559699,0.032009853287568765,-0.821942646580266
eta_0,697,0.26800068796844984,0.04248075785615026,-0.8114717420116845
eta_0,698,0.2686961290287724,0.07465679648354002,-0.7792957033842947
eta_0,699,0.24838815901667433,0.04448437651685086,-0.8094681233509838
eta_0,700,0.2594693134043678,0.04545385509493216,-0.8084986447729026
eta_0,701,0.2575671393553189,0.04915737362128914,-0.8047951262465456
eta_0,702,0.2861051201402376,0.06225502777545222,-0.7916974720923825
eta_0,703,0.31762402125967787,0.03920829416431599,-0.8147442057035187
eta_0,704,0.3143094210021614,0.0633134617735638,-0.7906390380942709
eta_0,705,0.3140343484088376,0.05285118810329869,-0.801101311764536
eta_0,706,0.2979510949618362,0.048355000997374456,-0.8055974988704603
eta_0,707,0.2382667462387159,0.03655062427358248,-0.8174018755942523
eta_0,708,0.3379427633156872,0.04031477383876341,-0.8136377260290714
eta_0,709,0.25294834552116097,0.03261978009213645,-0.8213327197756983
eta_0,710,0.3640284248649095,0.0570838520209357,-0.796868647846899
eta_0,711,0.25946931340436774,0.019946767399336915,-0.8340057324684979
eta_0,712,0.2604505991019253,0.04754756745949425,-0.8064049324083404
eta_0,713,0.2584880277068101,0.02819585969087065,-0.825756640176964
eta_0,714,0.33648250182145967,0.08937217478926647,-0.7645803250785682
eta_0,715,0.31273015483219624,0.03165646822677136,-0.8222960316410634
eta_0,716,0.3098574671295009,0.04745888941126089,-0.8064936104565739
eta_0,717,0.27458205319772283,0.038161631415090144,-0.8157908684527446
eta_0,718,0.2814863263060797,0.05852919159053627,-0.7954233082772985
eta_0,719,0.2813194863445822,0.04525688349424089,-0.8086956163735939
eta_0,720,0.2584294203771389,0.04382946856992048,-0.8101230312979142
eta_0,721,0.3267426042522562,0.06237485897341506,-0.7915776408944196
eta_0,722,0.298802603939745,0.07087991282540144,-0.7830725870424333
eta_0,723,0.2527211082135972,0.034789840500027404,-0.8191626593678073
eta_0,724,0.3149074014745689,0.10134448518516558,-0.7526080146826691
eta_0,725,0.29506763521522966,0.0371258813485487,-0.8168266185192861
eta_0,726,0.3027863540596466,0.062284044949511876,-0.7916684549183228
eta_0,727,0.2809361811194322,0.03902594241264823,-0.8149265574551865
eta_0,728,0.2577818146025764,0.02151245756361319,-0.8324400423042215
eta_0,729,0.30458029547686927,0.03907597975561805,-0.8148765201122167
eta_0,730,0.2482320910990881,0.028406074107932184,-0.8255464257599026
eta_0,731,0.2572920667619951,0.03514578925682793,-0.8188067106110068
eta_0,732,0.3055508091305155,0.04590246911644831,-0.8080500307513864
eta_0,733,0.29620498883037355,0.06439017380550224,-0.7895623260623325
eta_0,734,0.2570385382564939,0.03896947957941084,-0.8149830202884238
eta_0,735,0.2734339275386678,0.09017254969955801,-0.7637799501682767
eta_0,736,0.24872183893966943,0.0336365454180625,-0.8203159544497722
eta_0,737,0.27588624677436424,0.06173894749972444,-0.7922135523681103
eta_0,738,0.2694131141769174,0.04714710734078703,-0.8068053925270477
eta_0,739,0.2884276626562853,0.043810960906507865,-0.8101415389613269
eta_0,740,0.27805272137282566,0.04896788555240218,-0.8049846143154326
eta_0,741,0.2274606644443462,0.02581905440116845,-0.8281334454666662
eta_0,742,0.2841425487451225,0.03926225857608434,-0.8146902412917504
eta_0,743,0.2067478451192756,0.0189424338269677,-0.835010066040867
eta_0,744,0.24360252522101888,0.021263249588166597,-0.8326892502796681
eta_0,745,0.3046406928229355,0.05362116404541012,-0.8003313358224247
eta_0,746,0.29230318014436063,0.05197966385493187,-0.8019728360129028
eta_0,747,0.2581651198277264,0.0445221114930381,-0.8094303883747966
eta_0,748,0.31881998220449304,0.0632331976901299,-0.7907193021777048
eta_0,749,0.28469269393177,0.035140766302350745,-0.818811733565484
eta_0,750,0.3677741656333361,0.07044362092794804,-0.7835088789398867
eta_0,751,0.2407776728040837,0.05654024865886009,-0.7974122512089746
eta_0,752,0.23571696641510453,0.026242643608870606,-0.8277098562589641
eta_0,753,0.3278907299113113,0.039545104984741855,-0.8144073948830929
eta_0,754,0.29718627452793117,0.03926239947990999,-0.8146901003879248
eta_0,755,0.2213212117698945,0.024476097875955973,-0.8294764019918788
eta_0,756,0.27257164651684773,0.03797655782466451,-0.8159759420431703
eta_0,757,0.3278428946255513,0.041984141216026574,-0.8119683586518082
eta_0,758,0.21556506432059272,0.01894656526770678,-0.835005934600128
eta_0,759,0.2980485555497512,0.02646745642540757,-0.8274850434424271
eta_0,760,0.20528758362504798,0.013980480119989383,-0.8399720197478453
eta_0,761,0.27288378235202027,0.03073354826933746,-0.8232189515984972
eta_0,762,0.2633711220903806,0.05158112224533451,-0.8023713776225002
eta_0,763,0.3231529314014158,0.0683830279464515,-0.7855694719213833
eta_0,764,0.26609851391940087,0.03466533750675293,-0.8192871623610818
eta_0,765,0.2960489209127873,0.045635339461651714,-0.808317160406183
eta_0,766,0.26376519935944187,0.028412537261530826,-0.8255399626063039
eta_0,767,0.3510929317139271,0.10218926814240575,-0.751763231725429
eta_0,768,0.287457149002639,0.04272587049304957,-0.8112266293747852
eta_0,769,0.38115157133913974,0.06970581436387643,-0.7842466855039583
eta_0,770,0.23295251134423545,0.024443795486217126,-0.8295087043816176
eta_0,771,0.3549469051141799,0.058048309459747496,-0.7959041904080872
eta_0,772,0.24593583978097788,0.03480603062974766,-0.8191464692380871
eta_0,773,0.2977364197145786,0.03906452927263454,-0.8148879705952001
eta_0,774,0.25833195978922396,0.03636414806380954,-0.8175883518040252
eta_0,775,0.3484953166045557,0.05917800338338197,-0.7947744964844528
eta_0,776,0.355663890262325,0.07950289778479575,-0.7744496020830389
eta_0,777,0.3131720673870175,0.04441923109507796,-0.8095332687727568
eta_0,778,0.2581651198277264,0.027430338489360065,-0.8265221613784747
eta_0,779,0.3181137691002592,0.04574139164072989,-0.8082111082271048
eta_0,780,0.253761001240826,0.03384377858140706,-0.8201087212864276
eta_0,781,0.2527211082135973,0.04397669962756029,-0.8099758002402744
eta_0,782,0.270346564588715,0.029101555466396558,-0.8248509444014381
eta_0,783,0.26066527434918296,0.03376429462686326,-0.8201882052409715
eta_0,784,0.27143429290170396,0.05827911032969364,-0.795673389538141
eta_0,785,0.32235104772566203,0.06097161522481289,-0.7929808846430219
eta_0,786,0.2653444655294071,0.03814678979498101,-0.8158057100728537
eta_0,787,0.3365303371072195,0.050676904706895835,-0.8032755951609389
eta_0,788,0.2667090564521146,0.07565939961105139,-0.7782931002567833
eta_0,789,0.3037180144550492,0.03979527101189073,-0.814157228855944
eta_0,790,0.259194240811044,0.04181351222486738,-0.8121389876429673
eta_0,791,0.2685292890672748,0.0463199489875258,-0.8076325508803089
eta_0,792,0.26218593318947675,0.058360964704718056,-0.7955915351631166
eta_0,793,0.32310509611565585,0.054980890349939165,-0.7989716095178956
eta_0,794,0.2687069010726836,0.03536095939877005,-0.8185915404690647
eta_0,795,0.2945778873746484,0.04686021369732378,-0.807092286170511
eta_0,796,0.28681133324447144,0.054128760019989314,-0.7998237398478454
eta_0,797,0.2851238344426801,0.04784100877540599,-0.8061114910924287
eta_0,798,0.3009320152963577,0.051024385418160026,-0.8029281144496747
eta_0,799,0.25796121662438015,0.034990959356128046,-0.8189615405117067
eta_0,800,0.267629944803606,0.032783349363074026,-0.8211691505047607
eta_0,801,0.2761983826095368,0.051090288800715866,-0.8028622110671189
eta_0,802,0.28554420290967886,0.06225925336306356,-0.7916932465047711
eta_0,803,0.2872903090411415,0.02668509112578047,-0.8272674087420543
eta_0,804,0.30077594737877145,0.05274985182426662,-0.8012026480435681
eta_0,805,0.3291949234879527,0.06634723214817319,-0.7876052677196616
eta_0,806,0.32370307658806347,0.08554496196703172,-0.768407537900803
eta_0,807,0.2911072191995455,0.05697214412333886,-0.7969803557444959
eta_0,808,0.29012593350198806,0.04547565743797899,-0.8084768424298557
eta_0,809,0.25718383413016876,0.02952490782475374,-0.824427592043081
eta_0,810,0.2367460873984221,0.02110198647219812,-0.8328505133956366
eta_0,811,0.31348420322219006,0.0539332553852442,-0.8000192444825905
eta_0,812,0.25306735019689847,0.03404766867070837,-0.8199048311971263
eta_0,813,0.2996756570054764,0.04250191032265276,-0.811450589545182
eta_0,814,0.27453421791196275,0.05128578780093736,-0.8026667120668973
eta_0,815,0.31679880347970657,0.05845312552877309,-0.7954993743390616
eta_0,816,0.3335990420748531,0.06742334542682527,-0.7865291544410095
eta_0,817,0.32038847633054696,0.03842032865994896,-0.8155321712078858
eta_0,818,0.30544257649868933,0.05877430169409954,-0.7951781981737351
eta_0,819,0.34137636824894124,0.046392363497587526,-0.8075601363702472
eta_0,820,0.3095716224922659,0.04143000819795374,-0.812522491669881
eta_0,821,0.40478491365266556,0.1071995069313976,-0.7467529929364372
eta_0,822,0.3002258021921239,0.038384239012224694,-0.8155682608556101
eta_0,823,0.22936283849339514,0.026416411756079988,-0.8275360881117547
eta_0,824,0.3201134037372231,0.05665193087863057,-0.7973005689892042
eta_0,825,0.3201134037372231,0.06650275489823629,-0.7874497449695984
eta_0,826,0.2685292890672748,0.049799769563025176,-0.8041527303048095
eta_0,827,0.27252381123108765,0.04071853749326464,-0.8132339623745701
eta_0,828,0.30713007530048075,0.05150142024297666,-0.8024510796248581
eta_0,829,0.3372365502114534,0.060651424617094656,-0.7933010752507401
eta_0,830,0.30354040244964037,0.04811717830990351,-0.8058353215579313
eta_0,831,0.3254491827195261,0.07943108980477386,-0.7745214100630609
eta_0,832,0.2891338757605192,0.03665340369002621,-0.8172990961778085
eta_0,833,0.25615471314685123,0.03446871119124379,-0.8194837886765909
eta_0,834,0.3121429464037,0.08089393266004494,-0.7730585672077898
eta_0,835,0.24676105756094924,0.02967731336175468,-0.82427518650608
eta_0,836,0.3222906503795958,0.07132005076639662,-0.7826324491014381
eta_0,837,0.28806769153535283,0.046224105517902986,-0.8077283943499317
eta_0,838,0.22545025776347108,0.021911494189398376,-0.8320410056784363
eta_0,839,0.2675109401278685,0.031819464404429884,-0.8221330354634049
eta_0,840,0.25894071230554283,0.031429600452495876,-0.8225228994153388
eta_0,841,0.301326092565419,0.03424956384572745,-0.8197029360221073
eta_0,842,0.2411609780292337,0.020189896710565258,-0.8337626031572695
eta_0,843,0.3477304961706505,0.10838558818864823,-0.7455669116791865
eta_0,844,0.2859490522226514,0.06295723925522546,-0.7909952606126093
eta_0,845,0.2675695474575397,0.04766401659490107,-0.8062884832729337
eta_0,846,0.26882590574842113,0.03232583999697443,-0.8216266598708603
eta_0,847,0.22392959892317715,0.017973635415264633,-0.8359788644525701
eta_0,848,0.28006312805370087,0.038826353190611756,-0.8151261466772229
eta_0,849,0.24028792496350243,0.024887185132164466,-0.8290653147356702
eta_0,850,0.3083864335913621,0.04956682735464977,-0.8043856725131849
eta_0,851,0.32772388994981383,0.08302510649095747,-0.7709273933768772
eta_0,852,0.22974614371854515,0.022363630581369455,-0.8315888692864652
eta_0,853,0.30354040244964037,0.05463426592740119,-0.7993182339404336
eta_0,854,0.27159036081929017,0.03319777889768315,-0.8207547209701516
eta_0,855,0.27402113596716404,0.04641193784387415,-0.8075405620239606
eta_0,856,0.24360252522101894,0.028952931983916633,-0.824999567883918
eta_0,857,0.3051196686196056,0.04297167876597542,-0.8109808211018593
eta_0,858,0.29643222613793735,0.0347720808734233,-0.8191804189944114
eta_0,859,0.2551255921635337,0.03458812581712776,-0.819364374050707
eta_0,860,0.22230249746745206,0.03173568437763864,-0.8222168154901961
eta_0,861,0.2455046992700678,0.032237325912255706,-0.821715173955579
eta_0,862,0.3349618429811657,0.09619338668651936,-0.7577591131813154
eta_0,863,0.22099830389081065,0.03386003861963791,-0.8200924612481968
eta_0,864,0.25763651872890136,0.035034490468818194,-0.8189180093990165
eta_0,865,0.2558904125974387,0.04203117058759572,-0.811921329280239
eta_0,866,0.23752346989263337,0.03396636800709378,-0.819986131860741
eta_0,867,0.2532712534002447,0.026370364206275736,-0.827582135661559
eta_0,868,0.3147405615130714,0.04810620542217929,-0.8058462944456555
eta_0,869,0.2744152132362253,0.04749186375324546,-0.8064606361145893
eta_0,870,0.29795109496183625,0.038597147603986276,-0.8153553522638485
eta_0,871,0.23800244568930345,0.027086557189396135,-0.8268659426784386
eta_0,872,0.19403958927585704,0.0160190376000629,-0.8379334622677719
eta_0,873,0.28555497495359006,0.03273226623565098,-0.8212202336321838
eta_0,874,0.32397814918138723,0.039587232281683066,-0.8143652675861517
eta_0,875,0.30713007530048075,0.037260240072518186,-0.8166922597953166
eta_0,876,0.26566737340849084,0.03149813135022164,-0.8224543685176131
eta_0,877,0.3173967839521141,0.05583798459890332,-0.7981145152689314
eta_0,878,0.24664205288521165,0.021691248202201634,-0.8322612516656331
eta_0,879,0.25658585365776126,0.03044366631710134,-0.8235088335507333
eta_0,880,0.2411502059853224,0.031503455174301906,-0.8224490446935329
eta_0,881,0.24477694207801148,0.02649196692314152,-0.8274605329446932
eta_0,882,0.29304645649044325,0.05872617291798496,-0.7952263269498497
eta_0,883,0.2935966016770908,0.04707227888637386,-0.8068802209814608
eta_0,884,0.23599203900842827,0.021846210752828436,-0.8321062891150063
eta_0,885,0.2752774942580454,0.05737264163776947,-0.7965798582300653
eta_0,886,0.20963130486588216,0.018853480662824933,-0.8350990192050098
eta_0,887,0.25169198723027963,0.04309696278952038,-0.8108555370783144
eta_0,888,0.23065626002612521,0.019179963519063127,-0.8347725363487716
eta_0,889,0.2966361293412836,0.05544964415001247,-0.7985028557178222
eta_0,890,0.2339337970417931,0.025791502925496083,-0.8281609969423387
eta_0,891,0.28842766265628533,0.035063840142595754,-0.8188886597252389
eta_0,892,0.25920501285495523,0.0308824841625559,-0.8230700157052788
eta_0,893,0.2633340588485319,0.06032462627706958,-0.7936278735907651
eta_0,894,0.29071314193048425,0.0710717167685978,-0.7828807830992369
eta_0,895,0.3025220535102342,0.07288955927841786,-0.7810629405894168
eta_0,896,0.2531151854826585,0.04216741736151516,-0.8117850825063195
eta_0,897,0.24664205288521165,0.027147368646317453,-0.8268051312215172
eta_0,898,0.2674027074960422,0.033223129421482166,-0.8207293704463525
eta_0,899,0.25370239391115484,0.04061980561555201,-0.8133326942522827
eta_0,900,0.23283350666849797,0.024440723926904516,-0.8295117759409302
eta_0,901,0.2385896541177997,0.03064190438459513,-0.8233105954832396
eta_0,902,0.28936111306808293,0.04609631018506709,-0.8078561896827676
eta_0,903,0.31219078168945996,0.058102915631732505,-0.7958495842361022
eta_0,904,0.33502224032723193,0.04259262996510765,-0.8113598699027271
eta_0,905,0.24458381091857648,0.03136706218667448,-0.8225854376811602
eta_0,906,0.27821956133432324,0.03733610738116372,-0.816616392486671
eta_0,907,0.282359379371811,0.0597053072394154,-0.7942471926284194
eta_0,908,0.3067359980314195,0.08194025965807555,-0.7720122402097591
eta_0,909,0.2663257512269646,0.03060528877286598,-0.8233472110949688
eta_0,910,0.273396864296819,0.04585417792213341,-0.8080983219457013
eta_0,911,0.27398407272531533,0.030713852368563777,-0.823238647499271
eta_0,912,0.2935966016770908,0.03974867638295047,-0.8142038234848843
eta_0,913,0.27647345520286054,0.03841456611837587,-0.8155379337494588
eta_0,914,0.26077350698100915,0.028444187821685164,-0.8255083120461496
eta_0,915,0.2751214263404591,0.03672522055677464,-0.8172272793110601
eta_0,916,0.275875474730453,0.03639347259852209,-0.8175590272693126
eta_0,917,0.25701699416867135,0.027537409052003237,-0.8264150908158315
eta_0,918,0.35854735000893156,0.059563833704504826,-0.7943886661633299
eta_0,919,0.2411609780292337,0.041633457794646084,-0.8123190420731886
eta_0,920,0.26956918209450376,0.025944105248789154,-0.8280083946190455
eta_0,921,0.27386506804957783,0.030603840825030558,-0.8233486590428042
eta_0,922,0.3178990938530017,0.06039914556056736,-0.7935533543072674
eta_0,923,0.31115088866223106,0.05933144156309228,-0.7946210583047424
eta_0,924,0.2966361293412836,0.04045823875190087,-0.8134942611159338
eta_0,925,0.26865906578692367,0.03528730431240132,-0.8186651955554334
eta_0,926,0.24779017854426671,0.028506177641451566,-0.8254463222263831
eta_0,927,0.3277238899498138,0.05619033510897626,-0.7977621647588584
eta_0,928,0.3121692376016374,0.051898610246069135,-0.8020538896217656
eta_0,929,0.25931324548678153,0.027865289887303593,-0.8260872099805311
eta_0,930,0.3209386215171944,0.054951923131747425,-0.7990005767360873
eta_0,931,0.2721297339620264,0.057950357519975765,-0.7960021423478589
eta_0,932,0.3044134555153718,0.05896877773707233,-0.7949837221307624
eta_0,933,0.26625458183698714,0.025628760961997694,-0.828323738905837
eta_0,934,0.25903817289345776,0.02871911061842984,-0.8252333892494049
eta_0,935,0.2372962325850696,0.023269944358695463,-0.8306825555091393
eta_0,936,0.34773049617065055,0.06611258497166514,-0.7878399148961696
eta_0,937,0.3029902572629929,0.09236573253889085,-0.7615867673289438
eta_0,938,0.1867520109423502,0.01902350561973261,-0.8349289942481021
eta_0,939,0.25197783186751466,0.04548086813799583,-0.8084716317298389
eta_0,940,0.23218769091033034,0.02673844866805216,-0.8272140511997825
eta_0,941,0.2602233617943617,0.04692732582958338,-0.8070251740382514
eta_0,942,0.2722965739235239,0.0535097139755458,-0.8004427858922889
eta_0,943,0.33620742922813573,0.06888174739497818,-0.7850707524728565
eta_0,944,0.32239888301142205,0.08151086376892303,-0.7724416360989117
eta_0,945,0.3003818701097102,0.04917674359186046,-0.8047757562759743
eta_0,946,0.4017453859884728,0.0717155545615781,-0.7822369453062566
eta_0,947,0.284790154519685,0.054653191639223914,-0.7992993082286108
eta_0,948,0.310622287563406,0.055746506519348996,-0.7982059933484857
eta_0,949,0.2567634656631701,0.04499960394141039,-0.8089528959264243
eta_0,950,0.29985326901088516,0.051600345608208566,-0.8023521542596261
eta_0,951,0.29158619499621563,0.03763046351565452,-0.8163220363521801
eta_0,952,0.27991783218002586,0.04484246706073959,-0.8091100328070951
eta_0,953,0.3101696029646735,0.03944812584403302,-0.8145043740238017
eta_0,954,0.3002258021921239,0.052858479366770586,-0.8010940205010642
eta_0,955,0.2687069010726836,0.04257139403456874,-0.811381105833266
eta_0,956,0.29256748069377325,0.0507453845992738,-0.8032071152685609
eta_0,957,0.24518179139098406,0.026655623630200243,-0.8272968762376345
eta_0,958,0.29708881394001607,0.04859420617089308,-0.8053582936969417
eta_0,959,0.2564405577840863,0.033141117646687986,-0.8208113822211467
eta_0,960,0.3025220535102341,0.03843999927439402,-0.8155125005934407
eta_0,961,0.344415895913134,0.08378587713985677,-0.770166622727978
eta_0,962,0.3069740073828945,0.02923603407668159,-0.8247164657911531
eta_0,963,0.2966361293412835,0.05418485665575732,-0.7997676432120774
eta_0,964,0.24250223484772376,0.026644912684631917,-0.8273075871832029
eta_0,965,0.36445956537581947,0.07139792071722953,-0.7825545791506052
eta_0,966,0.344032590687984,0.052113401692370914,-0.8018390981754638
eta_0,967,0.301421763136939,0.06402635339922053,-0.7899261464686143
eta_0,968,0.3143464842440101,0.08123811520540208,-0.7727143846624327
eta_0,969,0.24506278671524645,0.03212001442169698,-0.8218324854461377
eta_0,970,0.3326177563772955,0.07901833771740094,-0.7749341621504338
eta_0,971,0.22632331082920237,0.02897879921904549,-0.8249737006487893
eta_0,972,0.3062677942786607,0.05697626993286629,-0.7969762299349684
eta_0,973,0.3461512300006854,0.04273588608858832,-0.8112166137792464
eta_0,974,0.33392194995393687,0.06325660034936659,-0.7906958995184681
eta_0,975,0.268061085314516,0.04663997326275933,-0.8073125266050754
eta_0,976,0.3010880832139439,0.06217829315561802,-0.7917742067122167
eta_0,977,0.2755525668513692,0.06285072145008058,-0.7911017784177541
eta_0,978,0.25701699416867135,0.026569286398528395,-0.8273832134693063
eta_0,979,0.2888217399253466,0.04415932882789345,-0.8097931710399413
eta_0,980,0.29849046810457247,0.04513074529303261,-0.8088217545748021
eta_0,981,0.3042466155538742,0.053990879337034656,-0.7999616205308001
eta_0,982,0.2781609540046519,0.030264868904945754,-0.823687630962889
eta_0,983,0.25098577412604584,0.03810328847685984,-0.8158492113909749
eta_0,984,0.21914396512752174,0.030523900066198283,-0.8234285998016364
eta_0,985,0.2924484760180357,0.04151990340160126,-0.8124325964662334
eta_0,986,0.21067119789311098,0.018430164556651585,-0.8355223353111831
eta_0,987,0.2535463259935685,0.030962067122277268,-0.8229904327455575
eta_0,988,0.23816928565080098,0.038350997400600086,-0.8156015024672346
eta_0,989,0.2718068260829426,0.04102560814513262,-0.8129268917227022
eta_0,990,0.3225178876871596,0.053256027753951295,-0.8006964721138834
eta_0,991,0.2879486868596154,0.03860079533251952,-0.8153517045353152
eta_0,992,0.2321876909103303,0.03157270210835672,-0.822379797759478
eta_0,993,0.3245282943680348,0.05268847018459269,-0.8012640296832421
eta_0,994,0.29115505448530565,0.03289051416213775,-0.821061985705697
eta_0,995,0.2682757605617736,0.08351802641575498,-0.7704344734520797
eta_0,996,0.24028792496350232,0.02221985759179099,-0.8317326422760437
eta_0,997,0.33045128177883404,0.06812852241755044,-0.7858239774502843
eta_0,998,0.28006312805370087,0.03738323803518338,-0.8165692618326513
eta_0,999,0.2205563913359893,0.018423360917771164,-0.8355291389500635
eta_0,1000,0.3136402711397763,0.05311618746257849,-0.8008363124052562
eta_0,1001,0.270442235160235,0.04981431184644369,-0.804138188021391
eta_0,1002,0.23273604608058296,0.031538189476045,-0.8224143103917897
eta_0,1003,0.2625088410685606,0.03720406030834218,-0.8167484395594925
eta_0,1004,0.3210839173908694,0.04693128906351862,-0.8070212108043161
eta_0,1005,0.3170260407872703,0.05609556680287117,-0.7978569330649635
eta_0,1006,0.26888451307809247,0.025129290424018465,-0.8288232094438163
eta_0,1007,0.29043806933716043,0.045644835929617475,-0.8083076639382173
eta_0,1008,0.3035404024496404,0.048985274131864445,-0.8049672257359702
eta_0,1009,0.2800631280537008,0.046255244876444494,-0.8076972549913902
eta_0,1010,0.290604909298658,0.07021362235965772,-0.7837388775081771
eta_0,1011,0.22821471283434003,0.019375205614114197,-0.8345772942537205
eta_0,1012,0.2772986729828319,0.04133060619269023,-0.8126218936751445
eta_0,1013,0.2823486073278998,0.023624839264903087,-0.8303276606029316
eta_0,1014,0.24001285237017858,0.03297524902688947,-0.8209772508409453
eta_0,1015,0.2894567836396029,0.06390539594952536,-0.7900471039183093
eta_0,1016,0.31707387607303034,0.04315027681772374,-0.810802223050111
eta_0,1017,0.2954880036822285,0.03753826726448193,-0.8164142326033528
eta_0,1018,0.31838884169358306,0.05506205240159476,-0.7988904474662399
eta_0,1019,0.2646860877109332,0.03676770243834635,-0.8171847974294884
eta_0,1020,0.333646877360613,0.060723859276853254,-0.7932286405909814
eta_0,1021,0.3176240212596779,0.050999685641468326,-0.8029528142263664
eta_0,1022,0.3163784350127078,0.04545373389341401,-0.8084987659744207
eta_0,1023,0.31821122968817417,0.041057879916740606,-0.8128946199510941
eta_0,1024,0.25631078106443744,0.027268331922930177,-0.8266841679449045
eta_0,1025,0.2823486073278998,0.03179227893867273,-0.822160220929162
eta_0,1026,0.2767485277961843,0.029131628545115213,-0.8248208713227195
eta_0,1027,0.2858300475469139,0.06313880534267291,-0.7908136945251618
eta_0,1028,0.2875175463487053,0.05019068897978189,-0.8037618108880529
eta_0,1029,0.27141274881388133,0.05715712524261185,-0.7967953746252229
eta_0,1030,0.2563107810644375,0.043098124546985014,-0.8108543753208497
eta_0,1031,0.22500834520864976,0.021375452500727816,-0.8325770473671069
eta_0,1032,0.27757374557615566,0.04033484858424969,-0.813617651283585
eta_0,1033,0.3206635489238707,0.06387415974512194,-0.7900783401227128
eta_0,1034,0.24202325905105376,0.0518774603958483,-0.8020750394719864
eta_0,1035,0.33017620918551016,0.047193142283305206,-0.8067593575845295
eta_0,1036,0.24163995382590372,0.02570182883839197,-0.8282506710294427
eta_0,1037,0.2101814500525297,0.027824912468397703,-0.826127587399437
eta_0,1038,0.30464069282293554,0.056892866699134875,-0.7970596331686999
eta_0,1039,0.32425322177471105,0.04853837133578998,-0.8054141285320447
eta_0,1040,0.27099238034688256,0.0390087569295519,-0.8149437429382829
eta_0,1041,0.26066527434918296,0.04200822690632363,-0.8119442729615111
eta_0,1042,0.2948529599679721,0.05330378187398352,-0.8006487179938512
eta_0,1043,0.2803382006470246,0.03089493361971533,-0.8230575662481194
eta_0,1044,0.2337759391078118,0.03281659826489423,-0.8211359016029405
eta_0,1045,0.3284779383398076,0.09222716717178428,-0.7617253326960505
eta_0,1046,0.3303322771030965,0.0650758519685724,-0.7888766478992624
eta_0,1047,0.2433274526276951,0.025237349776361565,-0.8287151500914731
eta_0,1048,0.252996180806921,0.03679675810485644,-0.8171557417629782
eta_0,1049,0.2804942685646109,0.041777440773494684,-0.8121750590943401
eta_0,1050,0.2643153445460894,0.03931688368674012,-0.8146356161810946
eta_0,1051,0.25240897237842463,0.025049644740834404,-0.8289028551270003
eta_0,1052,0.2546836796087124,0.04597983591897696,-0.8079726639488578
eta_0,1053,0.27296572378590894,0.03707415831819199,-0.8168783415496428
eta_0,1054,0.2887739046395866,0.033620130853599856,-0.8203323690142349
eta_0,1055,0.22002779023716434,0.018931912837051562,-0.8350205870307832
eta_0,1056,0.26794208063877856,0.05311398534334806,-0.8008385145244866
eta_0,1057,0.26001945859101533,0.032965866382675305,-0.8209866334851594
eta_0,1058,0.3163676629687966,0.06628020602600282,-0.7876722938418319
eta_0,1059,0.2558904125974388,0.03740953836685765,-0.816542961500977
eta_0,1060,0.2806611085261084,0.06621017244585893,-0.7877423274219758
eta_0,1061,0.27441521323622536,0.055381667850335964,-0.7985708320174988
eta_0,1062,0.36071382460739293,0.06282237622954584,-0.7911301236382888
eta_0,1063,0.3145844935954851,0.05028911601045853,-0.8036633838573762
eta_0,1064,0.25382139858689223,0.037406768432598755,-0.816545731435236
eta_0,1065,0.29371560635282834,0.03742994669971879,-0.816522553168116
eta_0,1066,0.23946270718353102,0.020285530804959425,-0.8336669690628753
eta_0,1067,0.2518588271917771,0.029125757112246905,-0.8248267427555879
eta_0,1068,0.26956918209450365,0.03567421959576204,-0.8182782802720727
eta_0,1069,0.2815341615918397,0.01846824922401324,-0.8354842506438215
eta_0,1070,0.2970888139400162,0.06742771088514529,-0.7865247889826894
eta_0,1071,0.2695691820945037,0.024339729879205026,-0.8296127699886297
eta_0,1072,0.292890388572857,0.04297452110979151,-0.8109779787580432
eta_0,1073,0.3006569427030339,0.06458479231232969,-0.789367707555505
eta_0,1074,0.23267743875091168,0.01794597506922006,-0.8360065247986147
eta_0,1075,0.27425914531863904,0.05876304563877807,-0.7951894542290566
eta_0,1076,0.2939302816000859,0.06072046130128188,-0.7932320385665529
eta_0,1077,0.3689222912923912,0.06063729531955863,-0.7933152045482761
eta_0,1078,0.22033992607233685,0.01956629904971827,-0.8343862008181164
eta_0,1079,0.25717306208625756,0.03827221466721678,-0.815680285200618
eta_0,1080,0.3145844935954851,0.05900890059467463,-0.79494359927316
eta_0,1081,0.2952841004788823,0.09249347971951019,-0.7614590201483246
eta_0,1082,0.3203406410447869,0.05266655639279665,-0.8012859434750381
eta_0,1083,0.2462109123743016,0.026136760433554646,-0.8278157394342801
eta_0,1084,0.3042466155538742,0.056596640974172135,-0.7973558588936626
eta_0,1085,0.2793569149494671,0.030798987988009303,-0.8231535118798254
eta_0,1086,0.24983764846699066,0.036185266196654214,-0.8177672336711805
eta_0,1087,0.268108920600276,0.036827516859314284,-0.8171249830085204
eta_0,1088,0.285221295030595,0.04080776262787383,-0.813144737239961
eta_0,1089,0.2777884208234132,0.05273869835188562,-0.8012138015159491
eta_0,1090,0.26609851391940087,0.025708121187995602,-0.8282443786798391
eta_0,1091,0.22936283849339517,0.024086097557039977,-0.8298664023107948
eta_0,1092,0.3006569427030339,0.05953616902728187,-0.7944163308405529
eta_0,1093,0.2615167833270917,0.06770539230669054,-0.7862471075611441
eta_0,1094,0.30310926193873033,0.05635997844842921,-0.7975925214194055
eta_0,1095,0.2356691311293444,0.024763989864668254,-0.8291885100031665
eta_0,1096,0.3272927494389038,0.07617355142272585,-0.7777789484451089
eta_0,1097,0.24908360007699684,0.026369642957156124,-0.8275828569106786
eta_0,1098,0.2920281075510369,0.05164126696757433,-0.8023112329002604
eta_0,1099,0.2957738483194634,0.045191554860597255,-0.8087609450072375
eta_0,1100,0.21337704563430873,0.018146992913686214,-0.8358055069541485
eta_0,1101,0.33609919659630955,0.05615020858961673,-0.797802291278218
eta_0,1102,0.3398449373647361,0.06145014178421189,-0.7925023580836228
eta_0,1103,0.2677860127211923,0.03302023732030783,-0.8209322625475269
eta_0,1104,0.23789421305747713,0.03009185745845292,-0.8238606424093818
eta_0,1105,0.23338365185514548,0.026895624063091757,-0.827056875804743
eta_0,1106,0.30637602691048693,0.0586535670203452,-0.7952989328474895
eta_0,1107,0.2671772602048734,0.04467005529649957,-0.8092824445713351
eta_0,1108,0.23469861747569812,0.02848561692260187,-0.8254668829452328
eta_0,1109,0.27257164651684773,0.037679123816833006,-0.8162733760510017
eta_0,1110,0.22533125308773352,0.019074369199938386,-0.8348781306678963
eta_0,1111,0.24837738697276301,0.0335552618562405,-0.8203972380115943
eta_0,1112,0.28377180558027865,0.04216653037157809,-0.8117859694962566
eta_0,1113,0.33766769072236336,0.09148274802202033,-0.7624697518458143
eta_0,1114,0.2954987757261397,0.05131383069072054,-0.8026386691771141
eta_0,1115,0.21952727035267175,0.02658623252317025,-0.8273662673446645
eta_0,1116,0.3104446755579973,0.0637554603672883,-0.7901970395005464
eta_0,1117,0.3281658025046351,0.06769706268346812,-0.7862554371843666
eta_0,1118,0.33696147761812967,0.10288912902445943,-0.7510633708433753
eta_0,1119,0.2701193272811512,0.037244334069045246,-0.8167081657987895
eta_0,1120,0.28550713966783003,0.04730581919706252,-0.8066466806707722
eta_0,1121,0.2865362606511477,0.03119131832640281,-0.822761181541432
eta_0,1122,0.25745890672349264,0.030973295026080337,-0.8229792048417544
eta_0,1123,0.23946270718353102,0.020782892573855037,-0.8331696072939797
eta_0,1124,0.2935966016770908,0.04690676989797872,-0.807045729969856
eta_0,1125,0.3345199304263444,0.09169590816748156,-0.7622565917003532
eta_0,1126,0.29000692882625045,0.043120363098568246,-0.8108321367692665
eta_0,1127,0.4478268817146206,0.11118582384016618,-0.7427666760276685
eta_0,1128,0.25272110821359717,0.023187717857109314,-0.8307647820107255
eta_0,1129,0.3387075837495923,0.06262753818428715,-0.7913249616835476
eta_0,1130,0.26206692851373925,0.05103928118615422,-0.8029132186816805
eta_0,1131,0.2539666944605673,0.03290288971058773,-0.821049610157247
eta_0,1132,0.2708255403853851,0.03532679465048229,-0.8186257052173525
eta_0,1133,0.27126745294020627,0.03213204988227348,-0.8218204499855613
eta_0,1134,0.27480929050528663,0.029166038972846788,-0.824786460894988
eta_0,1135,0.31087581606890735,0.06317747547509235,-0.7907750243927424
eta_0,1136,0.23109817258094656,0.019514829746782255,-0.8344376701210525
eta_0,1137,0.31044467555799726,0.05768719242101766,-0.7962653074468171
eta_0,1138,0.2982865649012262,0.06773195552282418,-0.7862205443450105
eta_0,1139,0.2628921462937106,0.039460452074192645,-0.814492047793642
eta_0,1140,0.3203884763305469,0.05313462652776095,-0.8008178733400738
eta_0,1141,0.27820878929041193,0.05128765295039972,-0.802664846917435
eta_0,1142,0.2459466118248891,0.03248741662647655,-0.8214650832413581
eta_0,1143,0.30654286687198434,0.04847112147140134,-0.8054813783964334
eta_0,1144,0.22610684556554986,0.03793061810534118,-0.8160218817624936
eta_0,1145,0.31679880347970657,0.040578265290972915,-0.8133742345768618
eta_0,1146,0.27229657392352397,0.048053206604839235,-0.8058992932629955
eta_0,1147,0.26827576056177355,0.03868172740724003,-0.8152707724605947
eta_0,1148,0.31120949599190234,0.07634443971058923,-0.7776080601572455
eta_0,1149,0.2396187751011173,0.02242804306619182,-0.8315244568016429
eta_0,1150,0.26936527889115736,0.059837841137997436,-0.7941146587298373
eta_0,1151,0.29967565700547627,0.06112337478960447,-0.7928291250782302
eta_0,1152,0.2545646749329748,0.04323342576213912,-0.8107190741056955
eta_0,1153,0.30598194964142567,0.054568117361506636,-0.799384382506328
eta_0,1154,0.21969411031416936,0.025719363390303965,-0.8282331364775307
eta_0,1155,0.33392194995393687,0.05541158553889126,-0.7985409143289435
eta_0,1156,0.2799070601361146,0.025927411644244246,-0.8280250882235904
eta_0,1157,0.27430698060439906,0.04391477418426623,-0.8100377256835685
eta_0,1158,0.2640881072385257,0.049661196383691444,-0.8042913034841432
eta_0,1159,0.27099238034688256,0.040440407639955,-0.8135120922278797
eta_0,1160,0.2675695474575398,0.032008118449349345,-0.8219443814184854
eta_0,1161,0.2722965739235239,0.03436510887327025,-0.8195873909945645
eta_0,1162,0.2856739796293276,0.04175306217500884,-0.8121994376928259
eta_0,1163,0.29469689205038585,0.03916731179725072,-0.814785188070584
eta_0,1164,0.27029693928656,0.04590313404732514,-0.8080493658205096
eta_0,1165,0.2399153917822636,0.026079078164078236,-0.8278734217037564
eta_0,1166,0.28621335277206383,0.05142065139653307,-0.8025318484713017
eta_0,1167,0.2589299402616316,0.03181729876429962,-0.8221352011035351
eta_0,1168,0.2846711498439475,0.04583569341474688,-0.8081168064530878
eta_0,1169,0.32153660198960204,0.05388695620232484,-0.8000655436655099
eta_0,1170,0.2833777283112174,0.051342435929438664,-0.8026100639383961
eta_0,1171,0.2584880277068103,0.03634362659029608,-0.8176088732775386
eta_0,1172,0.2974613471212548,0.0715379267901286,-0.7824145730777061
eta_0,1173,0.27963198754279084,0.048962280557509695,-0.804990219310325
eta_0,1174,0.3201134037372231,0.07698730419224269,-0.7769651956755921
eta_0,1175,0.24544609194039657,0.02479694785823818,-0.8291555520095966
eta_0,1176,0.24250223484772382,0.036189030832650834,-0.8177634690351839
eta_0,1177,0.3377866953981009,0.04983742774430287,-0.8041150721235318
eta_0,1178,0.2104565226458535,0.02147122110454921,-0.8324812787632855
eta_0,1179,0.28696740116205766,0.03518689028825325,-0.8187656095795814
eta_0,1180,0.2702383319568888,0.03409470630877841,-0.8198577935590563
eta_0,1181,0.24631914500612784,0.035404739211059605,-0.8185477606567751
eta_0,1182,0.24332745262769517,0.027081847951279246,-0.8268706519165555
eta_0,1183,0.32185950986868583,0.08621084636970686,-0.7677416534981278
eta_0,1184,0.2868483964863202,0.03520004659144031,-0.8187524532763945
eta_0,1185,0.23405280171753057,0.03387643541788535,-0.8200760644499494
eta_0,1186,0.2686961290287723,0.039296868233041515,-0.8146556316347933
eta_0,1187,0.2790340070703833,0.04760927479675033,-0.8063432250710844
eta_0,1188,0.3082674289156246,0.041683374219519426,-0.8122691256483153
eta_0,1189,0.2793198517076182,0.04033894857808732,-0.8136135512897474
eta_0,1190,0.2460440724128041,0.06870153230708113,-0.7852509675607536
eta_0,1191,0.3401092379141486,0.06774449304415273,-0.786208006823682
eta_0,1192,0.26633652327087587,0.04502444129153378,-0.8089280585763009
eta_0,1193,0.35408462409235986,0.07870742369123421,-0.7752450761766005
eta_0,1194,0.2864172559754101,0.041051933420673044,-0.8129005664471617
eta_0,1195,0.26349012676611816,0.038388327149398084,-0.8155641727184366
eta_0,1196,0.22620430615346487,0.02453820147000619,-0.8294142983978285
eta_0,1197,0.26979641940206744,0.03319377581305269,-0.820758724054782
eta_0,1198,0.27257164651684773,0.03708407749955275,-0.8168684223682819
eta_0,1199,0.292028107551037,0.05580639192571284,-0.7981461079421219
eta_0,1200,0.27284671911017144,0.0478044932913152,-0.8061480065765195
eta_0,1201,0.41368882139798635,0.08030116262957997,-0.7736513372382547
eta_0,1202,0.29859870073639877,0.07425116359047292,-0.7797013362773618
eta_0,1203,0.24056299755682614,0.04222206032322354,-0.8117304395446112
eta_0,1204,0.2966361293412835,0.05075331263877382,-0.8031991872290609
eta_0,1205,0.2369733247059858,0.034405890183683265,-0.8195466096841515
eta_0,1206,0.35523274975141506,0.09831781222071476,-0.7556346876471199
eta_0,1207,0.27560040213712916,0.0410371079441165,-0.8129153919237182
eta_0,1208,0.35250535792239474,0.10880109719599929,-0.7451514026718354
eta_0,1209,0.24513395610522407,0.04567489979473358,-0.8082776000731011
eta_0,1210,0.2921841754686232,0.03670236047954806,-0.8172501393882867
eta_0,1211,0.33663856973904577,0.06053913818321996,-0.7934133616846147
eta_0,1212,0.25946931340436774,0.03159550729488664,-0.8223569925729481
eta_0,1213,0.2953427078085535,0.04744542695907508,-0.8065070729087597
eta_0,1214,0.26719880429269594,0.034015519839834286,-0.8199369800280004
eta_0,1215,0.2182709120617904,0.017532036874120926,-0.8364204629937138
eta_0,1216,0.2691595856714162,0.03971632190921341,-0.8142361779586214
eta_0,1217,0.26619597450731586,0.032792582267864974,-0.8211599175999698
eta_0,1218,0.2214294444017207,0.020749499906512738,-0.833202999961322
eta_0,1219,0.26381303464520195,0.03768834627997541,-0.8162641535878593
eta_0,1220,0.29224457281468935,0.042806696665804486,-0.8111458032020302
eta_0,1221,0.3100135350470872,0.049967816279613664,-0.8039846835882211
eta_0,1222,0.2527211082135972,0.0432394044420487,-0.8107130954257861
eta_0,1223,0.31789909385300164,0.068454882660505,-0.7854976172073297
eta_0,1224,0.2674027074960423,0.0268654590281293,-0.8270870408397054
eta_0,1225,0.30126569521935276,0.05754111930616113,-0.7964113805616736
eta_0,1226,0.22012525082507928,0.014532356212012296,-0.8394201436558224
eta_0,1227,0.3385299717441835,0.055984762626858794,-0.7979677372409759
eta_0,1228,0.25170275927419083,0.028434838322426693,-0.8255176615454081
eta_0,1229,0.2518588271917771,0.02466507412511355,-0.8292874257427212
eta_0,1230,0.2604876623437741,0.0378396323028621,-0.8161128675649726
eta_0,1231,0.3002258021921239,0.03652883674214291,-0.8174236631256918
eta_0,1232,0.2576861440310564,0.04855986613656723,-0.8053926337312675
eta_0,1233,0.2958820809512897,0.05440821590539987,-0.7995442839624348
eta_0,1234,0.2941467468637384,0.051662664011078205,-0.8022898358567565
eta_0,1235,0.3267426042522562,0.049793550529080126,-0.8041589493387546
eta_0,1236,0.3010988552578552,0.05122765963034404,-0.8027248402374907
eta_0,1237,0.23381479236605554,0.024472026721466096,-0.8294804731463686
eta_0,1238,0.2549695242459474,0.029183620436361205,-0.8247688794314735
eta_0,1239,0.3046406928229355,0.08093647904846948,-0.7730160208193653
eta_0,1240,0.24305238003437135,0.03915773704674704,-0.8147947628210876
eta_0,1241,0.28511306239876877,0.041253132823498836,-0.8126993670443359
eta_0,1242,0.2652362328975808,0.03979441626255522,-0.8141580836052795
eta_0,1243,0.29560700835796594,0.04552420682746364,-0.8084282930403711
eta_0,1244,0.29805932759366244,0.04374793915497335,-0.8102045607128614
eta_0,1245,0.30034480686786136,0.0491593657516878,-0.804793134116147
eta_0,1246,0.24881929952758436,0.026415375017564465,-0.8275371248502703
eta_0,1247,0.2674027074960422,0.05261000422284852,-0.8013424956449862
eta_0,1248,0.29344053375950463,0.06501861109463158,-0.7889338887732031
eta_0,1249,0.2980114923079024,0.04567414827778632,-0.8082783515900485
eta_0,1250,0.2745712811538116,0.048937769154331276,-0.8050147307135035
eta_0,1251,0.22555849039529727,0.032569459621694,-0.8213830402461407
eta_0,1252,0.32784289462555133,0.07547555746210807,-0.7784769424057266
eta_0,1253,0.23697332470598584,0.026647123255033253,-0.8273053766128015
eta_0,1254,0.30728614321806696,0.06187543227204845,-0.7920770675957862
eta_0,1255,0.2786028665594732,0.031697933133251074,-0.8222545667345836
eta_0,1256,0.26349012676611816,0.038088945296112335,-0.8158635545717224
eta_0,1257,0.22828588222431753,0.025596771921942492,-0.8283557279458922
eta_0,1258,0.26206692851373925,0.039703009288915375,-0.8142494905789194
eta_0,1259,0.2454939272261565,0.0388240952103049,-0.8151284046575298
eta_0,1260,0.2516441519445196,0.03139750839217774,-0.822554991475657
eta_0,1261,0.2403249882053511,0.03701554727575572,-0.816936952592079
eta_0,1262,0.31132850066763995,0.06472111739508254,-0.7892313824727522
eta_0,1263,0.27717966830709434,0.029508142057945354,-0.8244443578098893
eta_0,1264,0.31060074347558353,0.037824024314451435,-0.8161284755533833
eta_0,1265,0.35175130953240097,0.10548999178909707,-0.7484625080787377
eta_0,1266,0.2655113054909046,0.044377016504248676,-0.8095754833635861
eta_0,1267,0.3353343761624044,0.05254110937468755,-0.8014113904931471
eta_0,1268,0.26364619468370437,0.04423490769384812,-0.8097175921739866
eta_0,1269,0.2844176213384463,0.040146912925773354,-0.8138055869420614
eta_0,1270,0.3559867981414088,0.06284726796813983,-0.791105231899695
eta_0,1271,0.28527990236026635,0.058422084443288516,-0.7955304154245462
eta_0,1272,0.29718627452793117,0.04793112580342525,-0.8060213740644094
eta_0,1273,0.261958695881913,0.030618483991754538,-0.8233340158760802
eta_0,1274,0.2686590657869236,0.06397272076750193,-0.7899797791003328
eta_0,1275,0.31676174023785786,0.07128373942304206,-0.7826687604447926
eta_0,1276,0.2821925394103135,0.03938811259307772,-0.814564387274757
eta_0,1277,0.28435901400877495,0.03268097953593059,-0.8212715203319041
eta_0,1278,0.23881689142536341,0.04227302386033446,-0.8116794760075002
eta_0,1279,0.26321505417279434,0.03479511392464145,-0.8191573859431933
eta_0,1280,0.30556158117442683,0.03587650138320198,-0.8180759984846327
eta_0,1281,0.26802223205627235,0.05296475430366042,-0.8009877455641743
eta_0,1282,0.35147623693907715,0.05420419188881431,-0.7997483079790204
eta_0,1283,0.2510940067578721,0.031028046086048745,-0.822924453781786
eta_0,1284,0.24881929952758433,0.03638471366792213,-0.8175677861999125
eta_0,1285,0.2659316739579033,0.04375523158749818,-0.8101972682803366
eta_0,1286,0.2938716742704146,0.04671853023564333,-0.8072339696321914
eta_0,1287,0.2209504686050506,0.028183058747099476,-0.8257694411207352
eta_0,1288,0.21349605031004623,0.023030019928658534,-0.8309224799391762
eta_0,1289,0.2931654611661808,0.03634407770834346,-0.8176084221594913
eta_0,1290,0.2938716742704146,0.038437156534825746,-0.815515343333009
eta_0,1291,0.3333718047672892,0.07057018495361989,-0.7833823149142148
eta_0,1292,0.23674608739842207,0.03142669813948372,-0.822525801728351
eta_0,1293,0.21768370363329415,0.027802995021769153,-0.8261495048460655
eta_0,1294,0.29904061329122006,0.03555844619103183,-0.8183940536768028
eta_0,1295,0.2977734829564274,0.03366621552876602,-0.8202862843390687
eta_0,1296,0.2711376762205575,0.04138555275457637,-0.8125669471132584
eta_0,1297,0.31794692913876166,0.05188475832011347,-0.8020677415477213
eta_0,1298,0.2828275831245699,0.05648783321959629,-0.7974646666482385
eta_0,1299,0.2947339552922347,0.05350032386812996,-0.8004521759997048
eta_0,1300,0.18675201094235014,0.01342268000937901,-0.8405298198584558
eta_0,1301,0.286547032695059,0.050813869300250905,-0.8031386305675838
eta_0,1302,0.26045059910192536,0.02768712621456659,-0.8262653736532681
eta_0,1303,0.24517101934707272,0.0385514659331823,-0.8154010339346525
eta_0,1304,0.30326532985631666,0.03313029185479853,-0.8208222080130362
eta_0,1305,0.2864172559754101,0.07118314568925437,-0.7827693541785804
eta_0,1306,0.28495699448118256,0.052197423871059495,-0.8017550759967752
eta_0,1307,0.2584880277068101,0.030788926145984344,-0.8231635737218503
eta_0,1308,0.2696881867702412,0.037551243207080164,-0.8164012566607546
eta_0,1309,0.23991539178226368,0.03307664328751889,-0.8208758565803158
eta_0,1310,0.2718546613687026,0.02420857411785121,-0.8297439257499835
eta_0,1311,0.3051088965756943,0.05415291649329096,-0.7997995833745437
eta_0,1312,0.33381371732211057,0.0696877921317216,-0.7842647077361131
eta_0,1313,0.2767485277961843,0.02312999464647804,-0.8308225052213567
eta_0,1314,0.20953384427796723,0.020173768606103024,-0.8337787312617317
eta_0,1315,0.34561185685794915,0.06083890775045147,-0.7931135921173833
eta_0,1316,0.25790081927831393,0.03285817616555995,-0.8210943237022748
eta_0,1317,0.2812112537127559,0.02768632516573127,-0.8262661747021035
eta_0,1318,0.25354632599356847,0.02554193740334968,-0.8284105624644851
eta_0,1319,0.3245761296537948,0.03086034438097627,-0.8230921554868584
eta_0,1320,0.25631078106443755,0.028959198403829982,-0.8249933014640047
eta_0,1321,0.250662866246962,0.023801085679062587,-0.8301514141887721
eta_0,1322,0.2430523800343714,0.0176697819409969,-0.8362827179268378
eta_0,1323,0.28609434809632645,0.052564603469741344,-0.8013878963980934
eta_0,1324,0.28038603593278466,0.03909095505354659,-0.8148615448142882
eta_0,1325,0.2658946107160546,0.028427505743857183,-0.8255249941239775
eta_0,1326,0.2541443064659761,0.03631275391636023,-0.8176397459514745
eta_0,1327,0.311053428074316,0.04842262585768588,-0.8055298740101489
eta_0,1328,0.27604231469195045,0.04265493558662532,-0.8112975642812094
eta_0,1329,0.26984425468782747,0.02291109545291773,-0.831041404414917
eta_0,1330,0.20561049150413183,0.015249829898501441,-0.8387026699693333
eta_0,1331,0.22600040295011856,0.031443229796307745,-0.822509270071527
eta_0,1332,0.22979397900430518,0.027595976309779665,-0.8263565235580551
eta_0,1333,0.3005008747854476,0.04412642697803909,-0.8098260728897957
eta_0,1334,0.2902820014195742,0.04518562768527762,-0.8087668721825572
eta_0,1335,0.33131356280065416,0.05091742356423902,-0.8030350763035957
eta_0,1336,0.30799235632230076,0.03230034923938553,-0.8216521506284492
eta_0,1337,0.2935966016770908,0.057537851207606766,-0.7964146486602279
eta_0,1338,0.3305098891085053,0.05096391951993208,-0.8029885803479027
eta_0,1339,0.3347842309757569,0.05979807318906313,-0.7941544266787716
eta_0,1340,0.27331492286293035,0.035269726721921545,-0.8186827731459132
eta_0,1341,0.27398407272531533,0.03811497785657765,-0.815837522011257
eta_0,1342,0.28435901400877495,0.030618722564564976,-0.8233337773032697
eta_0,1343,0.27343392753866774,0.03622146300384584,-0.8177310368639888
eta_0,1344,0.24262123952346132,0.030659266401890366,-0.8232932334659444
eta_0,1345,0.3196822632263131,0.060439460101526565,-0.7935130397663082
eta_0,1346,0.3077280557728883,0.04658040696459052,-0.8073720929032442
eta_0,1347,0.26392126727702814,0.04317471660309151,-0.8107777832647433
eta_0,1348,0.273158854945344,0.03863708128637641,-0.8153154185814583
eta_0,1349,0.23729623258506963,0.03439448178285546,-0.8195580180849793
eta_0,1350,0.2838088688221274,0.05539110444475341,-0.7985613954230814
eta_0,1351,0.23989384769444108,0.033368371893634854,-0.8205841279741999
eta_0,1352,0.3333239694815293,0.07864069956237817,-0.7753118003054565
eta_0,1353,0.2915861949962156,0.038644645704393334,-0.8153078541634414
eta_0,1354,0.22718559185102244,0.02958780966417809,-0.8243646902036567
eta_0,1355,0.3173489486663541,0.04567491346786143,-0.8082775863999733
eta_0,1356,0.24001285237017855,0.026922220434460256,-0.8270302794333745
eta_0,1357,0.2638842040351794,0.03187750462490702,-0.8220749952429277
eta_0,1358,0.2603315944261878,0.025242182147576085,-0.8287103177202586
eta_0,1359,0.2763173872852743,0.03941073343285946,-0.8145417664349752
eta_0,1360,0.2460919076985641,0.02570160001743179,-0.8282508998504029
eta_0,1361,0.2734339275386678,0.04195205473786484,-0.8120004451299698
eta_0,1362,0.3297450686746002,0.09138655798908962,-0.7625659418787452
eta_0,1363,0.26060666701951163,0.02907462452394524,-0.8248778753438895
eta_0,1364,0.25403607383414983,0.024364703303540507,-0.8295877965642943
eta_0,1365,0.3151824740678927,0.06254172736063934,-0.7914107725071954
eta_0,1366,0.30326532985631666,0.05550865380541817,-0.7984438460624166
eta_0,1367,0.38533922466238757,0.08717369221487768,-0.766778807652957
eta_0,1368,0.28088834583367217,0.035414696439144036,-0.8185378034286906
eta_0,1369,0.31381788314518516,0.07631920082197327,-0.7776332990458614
eta_0,1370,0.3051088965756943,0.045301123828560365,-0.8086513760392744
eta_0,1371,0.24001285237017858,0.031185133166444532,-0.8227673667013902
eta_0,1372,0.2706694724677987,0.02936318831627393,-0.8245893115515608
eta_0,1373,0.2835445682727149,0.05401417074221225,-0.7999383291256225
eta_0,1374,0.2665296544303109,0.03216364069268177,-0.821788859175153
eta_0,1375,0.2505546336151357,0.02483067560696149,-0.8291218242608732
eta_0,1376,0.2887135072935204,0.045304211882415096,-0.8086482879854197
eta_0,1377,0.24163995382590375,0.03435771492766804,-0.8195947849401667
eta_0,1378,0.34088483039196504,0.07480732646823898,-0.7791451733995958
eta_0,1379,0.3381096032771847,0.07917275756907471,-0.77477974229876
eta_0,1380,0.32762642936189884,0.08318061665478849,-0.7707718832130462
eta_0,1381,0.317671856545438,0.059896199942590045,-0.7940562999252447
eta_0,1382,0.23338365185514548,0.026362720532684073,-0.8275897793351507
eta_0,1383,0.29000692882625045,0.04340863529734873,-0.810543864570486
eta_0,1384,0.26680472702363467,0.04422827646918254,-0.8097242233986521
eta_0,1385,0.28572181491508764,0.038051410859266985,-0.8159010890085677
eta_0,1386,0.24375859313860523,0.049335476284394074,-0.8046170235834407
eta_0,1387,0.30294242197723287,0.1092959977758864,-0.7446565020919483
eta_0,1388,0.26180262796432674,0.037977794027990855,-0.8159747058398439
eta_0,1389,0.3571241517565526,0.04408572879930358,-0.8098667710685311
eta_0,1390,0.2950676352152297,0.0524460427562052,-0.8015064571116295
eta_0,1391,0.32239888301142194,0.07274630964366352,-0.7812061902241711
eta_0,1392,0.26066527434918296,0.025704091335317248,-0.8282484085325175
eta_0,1393,0.23642317951933828,0.02809349021577384,-0.8258590096520609
eta_0,1394,0.24696496076429544,0.02382460661256928,-0.8301278932552655
eta_0,1395,0.2977364197145786,0.04600158574493199,-0.8079509141229028
eta_0,1396,0.29071314193048425,0.04391622293822263,-0.8100362769296121
eta_0,1397,0.21834029143537295,0.017431128539223732,-0.836521371328611
eta_0,1398,0.30409054763628796,0.049354389307054006,-0.8045981105607807
eta_0,1399,0.3257134832689387,0.07469773103118507,-0.7792547688366497
eta_0,1400,0.24262123952346124,0.022940658215208413,-0.8310118416526263
eta_0,1401,0.2915754229523044,0.051032907213902266,-0.8029195926539324
eta_0,1402,0.26425494720002324,0.04569151568333224,-0.8082609841845025
eta_0,1403,0.24538569459433035,0.044296503026350686,-0.809655996841484
eta_0,1404,0.25686092625108503,0.028224865723132375,-0.8257276341447024
eta_0,1405,0.24616307708854163,0.0350611260069134,-0.8188913738609214
eta_0,1406,0.2538213985868923,0.028513701517763376,-0.8254387983500714
eta_0,1407,0.2532712534002448,0.03021429332422728,-0.8237382065436074
eta_0,1408,0.27588624677436424,0.04293610964112703,-0.8110163902267077
eta_0,1409,0.24252556895194127,0.03295098407507298,-0.8210015157927617
eta_0,1410,0.3229490281980696,0.059059851098815536,-0.7948926487690192
eta_0,1411,0.30197190832358656,0.03749432680570892,-0.8164581730621258
eta_0,1412,0.34604299736885913,0.054531371489119324,-0.7994211283787154
eta_0,1413,0.33864897641992103,0.05136555949379991,-0.8025869403740348
eta_0,1414,0.25140614259304456,0.045117058334232005,-0.8088354415336028
eta_0,1415,0.2813194863445822,0.042259041747063505,-0.8116934581207712
eta_0,1416,0.2673548722102822,0.02777389779965248,-0.8261786020681823
eta_0,1417,0.29196950022136564,0.051280283799292455,-0.8026722160685422
eta_0,1418,0.3591453304813391,0.06878583024540175,-0.785166669622433
eta_0,1419,0.29935274912639254,0.04686501943563658,-0.8070874804321981
eta_0,1420,0.25990045391527783,0.033646233705034355,-0.8203062661628003
eta_0,1421,0.2935966016770908,0.03588056774786543,-0.8180719321199693
eta_0,1422,0.30973846245376346,0.03833033363022086,-0.8156221662376139
eta_0,1423,0.2690531430559848,0.06012571911842837,-0.7938267807494064
eta_0,1424,0.28180923418516357,0.037628592123501614,-0.8163239077443332
eta_0,1425,0.34141343149078995,0.057436445004469525,-0.7965160548633652
eta_0,1426,0.3248404302032073,0.04635128476468409,-0.8076012151031506
eta_0,1427,0.27000032260541373,0.055149497047654095,-0.7988030028201807
eta_0,1428,0.30550297384475555,0.07154110698764446,-0.7824113928801902
eta_0,1429,0.2787697065209708,0.08924534254637878,-0.7647071573214559
eta_0,1430,0.2381585136068897,0.01854429897094352,-0.8354082008968912
eta_0,1431,0.31550538194697647,0.05964857849454549,-0.7943039213732892
eta_0,1432,0.25342732131783097,0.04239961442191707,-0.8115528854459176
eta_0,1433,0.33576551667331445,0.04766708449435575,-0.806285415373479
eta_0,1434,0.23457961279996062,0.02283512038328148,-0.8311173794845532
eta_0,1435,0.24033576024926243,0.03143058289897847,-0.8225219169688562
eta_0,1436,0.27544433421954295,0.05865559694378577,-0.795296902924049
eta_0,1437,0.2665296544303109,0.03327709326470053,-0.8206754066031342
eta_0,1438,0.27819801724650073,0.05414446917070593,-0.7998080306971288
eta_0,1439,0.25571280059202994,0.03842918417715335,-0.8155233156906814
eta_0,1440,0.2520256671532747,0.04253217408152547,-0.8114203257863093
eta_0,1441,0.22457720469773967,0.01660813647787609,-0.8373443633899587
eta_0,1442,0.26522546085366955,0.0326186068398463,-0.8213338930279884
eta_0,1443,0.2745712811538116,0.0517317478869109,-0.8022207519809238
eta_0,1444,0.24664205288521163,0.03666101293445378,-0.8172914869333809
eta_0,1445,0.32827403513646125,0.03851231164905332,-0.8154401882187814
eta_0,1446,0.3728348720223153,0.07278594291449991,-0.7811665569533348
eta_0,1447,0.27343392753866774,0.022922113475902076,-0.8310303863919326
eta_0,1448,0.2338147923660555,0.034318495422538786,-0.8196340044452959
eta_0,1449,0.2273524318125199,0.022535740870227115,-0.8314167589976076
eta_0,1450,0.26349012676611816,0.06238796508510421,-0.7915645347827305
eta_0,1451,0.24794624646185304,0.029183978480811855,-0.8247685213870228
eta_0,1452,0.3444158959131341,0.053093623166204224,-0.8008588767016305
eta_0,1453,0.2763173872852742,0.04103531806713791,-0.8129171818006968
eta_0,1454,0.252565040296011,0.0374524826595892,-0.8165000172082455
eta_0,1455,0.3059927216853368,0.03952265763931202,-0.8144298422285227
eta_0,1456,0.31044467555799726,0.05476205165380475,-0.79919044821403
eta_0,1457,0.29967565700547627,0.048572267955015194,-0.8053802319128195
eta_0,1458,0.278925774438557,0.04515221227641196,-0.8088002875914228
eta_0,1459,0.27892577443855704,0.03652673982182489,-0.8174257600460099
eta_0,1460,0.27605308673586176,0.03896775408747903,-0.8149847457803557
eta_0,1461,0.21354388559580623,0.024864318029578152,-0.8290881818382566
eta_0,1462,0.2701193272811513,0.029433415874182974,-0.8245190839936517
eta_0,1463,0.3370804822938671,0.04502107128461233,-0.8089314285832224
eta_0,1464,0.199137358906685,0.019464595013022952,-0.8344879048548117
eta_0,1465,0.3042466155538742,0.05151702886257135,-0.8024354710052634
eta_0,1466,0.2748463537471354,0.06152671915164746,-0.7924257807161873
eta_0,1467,0.30381547504296413,0.041646959988666216,-0.8123055398791685
eta_0,1468,0.3380617679914247,0.04592919521928294,-0.8080233046485518
eta_0,1469,0.27674852779618425,0.03614960420435656,-0.8178028956634782
eta_0,1470,0.2879486868596153,0.048220914665904474,-0.8057315852019302
eta_0,1471,0.30657993011383317,0.04632987250013175,-0.807622627367703
eta_0,1472,0.33364687736061305,0.0698313452914953,-0.7841211545763395
eta_0,1473,0.24022752761743613,0.049413100615961485,-0.8045393992518732
eta_0,1474,0.3214175973138645,0.05616780921985044,-0.7977846906479843
eta_0,1475,0.23343148714090547,0.0275872127746427,-0.826365287093192
eta_0,1476,0.24811308642335056,0.030390555056162297,-0.8235619448116724
eta_0,1477,0.2765924598785981,0.06035818464111833,-0.7935943152267164
eta_0,1478,0.23278567138273792,0.044137322798459847,-0.8098151770693749
eta_0,1479,0.2912632871171318,0.05688810293645373,-0.797064396931381
eta_0,1480,0.25902740084954645,0.03420551429670895,-0.8197469855711258
eta_0,1481,0.23729623258506957,0.024190448748889985,-0.8297620511189447
eta_0,1482,0.3245761296537948,0.0365814184016494,-0.8173710814661853
eta_0,1483,0.26419633987035196,0.03485687332625036,-0.8190956265415844
eta_0,1484,0.2983822354727462,0.04911918976954387,-0.8048333100982908
eta_0,1485,0.290125933501988,0.06506606027047948,-0.7888864395973553
eta_0,1486,0.28076934115793467,0.03354901599942857,-0.8204034838684061
eta_0,1487,0.22914637322974268,0.021095920291110785,-0.832856579576724
eta_0,1488,0.2397377797768548,0.040318709292481936,-0.8136337905753528
eta_0,1489,0.2537023939111548,0.03250718073488282,-0.8214453191329519
eta_0,1490,0.25354632599356847,0.03419916024070274,-0.8197533396271319
eta_0,1491,0.22383213833526217,0.02462802009042504,-0.8293244797774096
eta_0,1492,0.25339025807598226,0.024609678737015944,-0.8293428211308188
eta_0,1493,0.2971862745279311,0.05297282766358298,-0.8009796722042517
eta_0,1494,0.24724003335761924,0.04301932412069433,-0.8109331757471404
eta_0,1495,0.21969411031416927,0.029230469699072045,-0.8247220301687627
eta_0,1496,0.31044467555799726,0.07272995835867467,-0.78122254150916
eta_0,1497,0.28598611546450015,0.05768242045401938,-0.7962700794138153
eta_0,1498,0.29217340342471193,0.06181697284363712,-0.7921355270241976
eta_0,1499,0.272727714434434,0.034710052838133054,-0.8192424470297017
eta_0,1500,0.22877563006489887,0.03491694111029851,-0.8190355587575362
eta_0,1501,0.22144021644563197,0.02535841250941666,-0.8285940873584181
eta_0,1502,0.29804855554975124,0.0591608309018619,-0.7947916689659729
eta_0,1503,0.23262960346515169,0.02790522164709813,-0.8260472782207366
eta_0,1504,0.2484485563627406,0.04293816668439425,-0.8110143331834405
eta_0,1505,0.26909020629783365,0.03876951820067159,-0.8151829816671632
eta_0,1506,0.2768675324719218,0.04539314078103463,-0.8085593590868001
eta_0,1507,0.278925774438557,0.04148695023808388,-0.8124655496297508
eta_0,1508,0.27011932728115123,0.036174523353712615,-0.8177779765141221
eta_0,1509,0.2759466441204305,0.039120464101642057,-0.8148320357661927
eta_0,1510,0.30148216048300525,0.06870042830708735,-0.7852520715607474
eta_0,1511,0.258763100300134,0.03594540426735188,-0.8180070956004828
eta_0,1512,0.24088590543590993,0.021822009621667096,-0.8321304902461676
eta_0,1513,0.3229490281980697,0.03364647800017656,-0.8203060218676581
eta_0,1514,0.2933926984737445,0.040231358957305265,-0.8137211409105295
eta_0,1515,0.3139153437331001,0.08670188057887676,-0.767250619288958
eta_0,1516,0.24415267040766642,0.035217752045562635,-0.8187347478222721
eta_0,1517,0.3490239177033806,0.08028328998785388,-0.7736692098799809
eta_0,1518,0.29676590606093234,0.08199078942818405,-0.7719617104396507
eta_0,1519,0.25010194901640315,0.03220530471286173,-0.821747195154973
eta_0,1520,0.3047967607405218,0.0358426055174813,-0.8181098943503534
eta_0,1521,0.24001285237017858,0.031302047682261934,-0.8226504521855728
eta_0,1522,0.2344606081242231,0.03166202355951851,-0.8222904763083162
eta_0,1523,0.281642394223666,0.0443123351562643,-0.8096401647115704
eta_0,1524,0.24300454474861133,0.02123563634328976,-0.832716863524545
eta_0,1525,0.29935274912639254,0.0441647789760465,-0.8097877208917882
eta_0,1526,0.22924383381765764,0.023209729971947764,-0.8307427698958869
eta_0,1527,0.27946514758129326,0.037729079822795886,-0.8162234200450389
eta_0,1528,0.28494622243727125,0.0542390143949317,-0.799713485472903
eta_0,1529,0.24159211854014367,0.03638324863622444,-0.8175692512316103
eta_0,1530,0.27788588141132814,0.038298551314025424,-0.8156539485538093
eta_0,1531,0.26040097379977045,0.040084620775174884,-0.8138678790926599
eta_0,1532,0.3054425764986894,0.04479093322900647,-0.8091615666388282
eta_0,1533,0.31229901432128615,0.051417087754092976,-0.8025354121137418
eta_0,1534,0.23255843407517418,0.026685446640860574,-0.8272670532269741
eta_0,1535,0.3354533808381419,0.05795959743680728,-0.7959929024310275
eta_0,1536,0.25848802770681023,0.042026203429824896,-0.8119262964380098
eta_0,1537,0.2851238344426801,0.06517246363427279,-0.788780036233562
eta_0,1538,0.2822403746960736,0.046324145789509774,-0.8076283540783249
eta_0,1539,0.247515105950943,0.028980683624091202,-0.8249718162437435
eta_0,1540,0.2433274526276951,0.026353046725084685,-0.8275994531427501
eta_0,1541,0.2603531385140104,0.03748798524885695,-0.8164645146189777
eta_0,1542,0.27110061297870885,0.054743615259200046,-0.7992088846086347
eta_0,1543,0.2696881867702411,0.04186795445079217,-0.8120845454170426
eta_0,1544,0.2577339793168164,0.04814719877426222,-0.8058053010935725
eta_0,1545,0.2730027870277577,0.07142477454543861,-0.7825277253223961
eta_0,1546,0.30409054763628796,0.05926347370144462,-0.7946890261663901
eta_0,1547,0.2730027870277578,0.039152733768675146,-0.8147997660991596
eta_0,1548,0.2806132732403484,0.027289357549953208,-0.8266631423178815
eta_0,1549,0.2265272140325487,0.016034666227445826,-0.8379178336403889
eta_0,1550,0.37310994461563907,0.07265163256954901,-0.7813008672982857
eta_0,1551,0.2673919354521309,0.03173445523556506,-0.8222180446322697
eta_0,1552,0.250231725736052,0.038171666699294005,-0.8157808331685408
eta_0,1553,0.2243021321044159,0.038304930201252765,-0.8156475696665819
eta_0,1554,0.2864172559754101,0.03867050660799194,-0.8152819932598427
eta_0,1555,0.3140343484088377,0.04504698090446206,-0.8089055189633727
eta_0,1556,0.3255466433074411,0.05929842286141051,-0.7946540770064242
eta_0,1557,0.2567048583334988,0.03172561549421948,-0.8222268843736152
eta_0,1558,0.2753361015877167,0.033532809804259545,-0.8204196900635752
eta_0,1559,0.2725608744729364,0.041644028754469195,-0.8123084711133656
eta_0,1560,0.28627196010173517,0.0456183932421772,-0.8083341066256575
eta_0,1561,0.28152338954792855,0.0543261652134656,-0.7996263346543692
eta_0,1562,0.374247298230783,0.057604717954423686,-0.796347781913411
eta_0,1563,0.27674852779618436,0.03821486111541338,-0.8157376387524213
eta_0,1564,0.3248512022471185,0.045020213493876075,-0.8089322863739586
eta_0,1565,0.3216448346214283,0.08245635254342516,-0.7714961473244095
eta_0,1566,0.25860703238254773,0.03405803846685986,-0.8198944614009749
eta_0,1567,0.33033227710309654,0.08628666604250788,-0.7676658338253268
eta_0,1568,0.25790081927831393,0.027198176866659558,-0.8267543230011751
eta_0,1569,0.2916944276280418,0.05532633688620385,-0.7986261629816309
eta_0,1570,0.31044467555799726,0.060314993113152915,-0.7936375067546818
eta_0,1571,0.29749841036310365,0.03285175880198074,-0.821100741065854
eta_0,1572,0.2878296821838777,0.04534164674995857,-0.8086108531178762
eta_0,1573,0.24132781799073122,0.06087027828440572,-0.793082221583429
eta_0,1574,0.25011272106031446,0.02637856710520459,-0.8275739327626301
eta_0,1575,0.23457961279996062,0.050947033093547686,-0.8030054667742871
eta_0,1576,0.2583319597892239,0.03461519278493737,-0.8193373070828973
eta_0,1577,0.2712674529402063,0.045772567520815086,-0.8081799323470197
eta_0,1578,0.22475481670314854,0.03702972038789979,-0.816922779479935
eta_0,1579,0.2602233617943617,0.048500937479968705,-0.805451562387866
eta_0,1580,0.22892092593857383,0.02914213222961902,-0.8248103676382157
eta_0,1581,0.25990045391527783,0.02856587361697092,-0.8253866262508638
eta_0,1582,0.28539890703600385,0.05097730413843972,-0.802975195729395
eta_0,1583,0.2622337684752367,0.03524450799721704,-0.8187079918706177
eta_0,1584,0.2686094404847687,0.06568760943732131,-0.7882648904305134
eta_0,1585,0.2865362606511477,0.04583730819118689,-0.8081151916766478
eta_0,1586,0.32945922403736516,0.09531121617613315,-0.7586412836917016
eta_0,1587,0.2695691820945037,0.05831435767581582,-0.7956381421920189
eta_0,1588,0.3288720156088689,0.10118377400141176,-0.752768725866423
eta_0,1589,0.26956918209450365,0.03632650144541119,-0.8176259984224236
eta_0,1590,0.25480268428444985,0.030480561369485137,-0.8234719384983495
eta_0,1591,0.28948011774382043,0.04933152281851917,-0.8046209770493156
eta_0,1592,0.2921841754686232,0.05804212452607717,-0.7959103753417576
eta_0,1593,0.2539774665044786,0.029311088062669095,-0.8246414118051656
eta_0,1594,0.24838815901667433,0.04551322422972019,-0.8084392756381146
eta_0,1595,0.2297939790043052,0.030460873358693817,-0.8234916265091409
eta_0,1596,0.3156614498645628,0.07304732399600164,-0.7809051758718331
eta_0,1597,0.3500638107306095,0.05373918672717648,-0.8002133131406582
eta_0,1598,0.32093862151719443,0.04018527177373087,-0.8137672280941038
eta_0,1599,0.2616465600467405,0.03006894726367099,-0.8238835526041637
eta_0,1600,0.30266734938390905,0.056936827327361474,-0.7970156725404732
eta_0,1601,0.301373927851179,0.046453148603783245,-0.8074993512640515
eta_0,1602,0.2468088928467092,0.028657115086643356,-0.8252953847811914
eta_0,1603,0.29962782171971636,0.04121402783290003,-0.8127384720349347
eta_0,1604,0.3095823945361772,0.032953106185805416,-0.8209993936820293
eta_0,1605,0.24564999514374286,0.06528154020022195,-0.7886709596676128
eta_0,1606,0.2799070601361146,0.04124228546062755,-0.8127102144072071
eta_0,1607,0.22261463330262457,0.030457165362227263,-0.8234953345056074
eta_0,1608,0.2787697065209708,0.04611575833385623,-0.8078367415339784
eta_0,1609,0.28310265571789356,0.03879904133086773,-0.815153458536967
eta_0,1610,0.2999507295988001,0.0431982553564764,-0.8107542445113584
eta_0,1611,0.28190669477307845,0.03697824179100671,-0.816974258076828
eta_0,1612,0.318486302281498,0.08078782559361158,-0.7731646742742231
eta_0,1613,0.3170738760730304,0.06105060683414655,-0.7929018930336882
eta_0,1614,0.31588868717212637,0.04826650076837955,-0.8056859990994552
eta_0,1615,0.30310926193873033,0.0577397866452935,-0.7962127132225412
eta_0,1616,0.3153277699415677,0.05445004179189408,-0.7995024580759407
eta_0,1617,0.34472803174830646,0.06232545766566751,-0.7916270422021672
eta_0,1618,0.32000517110539684,0.0671525753602066,-0.7867999245076281
eta_0,1619,0.21131880366767358,0.01871122341171501,-0.8352412764561197
eta_0,1620,0.34457196383072025,0.047664835320534345,-0.8062876645473004
eta_0,1621,0.3219677425005121,0.0613982641930441,-0.7925542356747907
eta_0,1622,0.2832802677233025,0.038611918029565706,-0.8153405818382691
eta_0,1623,0.3341970225472606,0.05839921165389544,-0.7955532882139393
eta_0,1624,0.2335397197727318,0.03471196365638489,-0.8192405362114499
eta_0,1625,0.26913804158359367,0.03431728101492191,-0.8196352188529128
eta_0,1626,0.34658237051159546,0.05214550628336034,-0.8018069935844744
eta_0,1627,0.31707387607303034,0.036142152231100816,-0.8178103476367339
eta_0,1628,0.24952551263181819,0.03963631282808862,-0.8143161870397461
eta_0,1629,0.35392855617477365,0.07579864782088777,-0.778153852046947
eta_0,1630,0.27892577443855693,0.030865080361853193,-0.8230874195059815
eta_0,1631,0.27414014064290154,0.037218689808174825,-0.81673381005966
eta_0,1632,0.33033227710309654,0.05851839640621978,-0.7954341034616149
eta_0,1633,0.28948011774382043,0.04321367918714877,-0.8107388206806859
eta_0,1634,0.2574110714377326,0.025769156725787192,-0.8281833431420476
eta_0,1635,0.2815341615918397,0.03945025658580849,-0.8145022432820263
eta_0,1636,0.2433860599573664,0.041637130108476986,-0.8123153697593577
eta_0,1637,0.30097985058211774,0.06057447647829187,-0.7933780233895429
eta_0,1638,0.27186543341261393,0.04274628054234635,-0.8112062193254884
eta_0,1639,0.2674027074960422,0.04209889250605725,-0.8118536073617775
eta_0,1640,0.26980719144597876,0.03764540357364432,-0.8163070962941904
eta_0,1641,0.2767485277961843,0.03718214181553727,-0.8167703580522975
eta_0,1642,0.2889885798868441,0.03281999716071658,-0.8211325027071181
eta_0,1643,0.28627196010173517,0.05679305353738196,-0.7971594463304528
eta_0,1644,0.29849046810457247,0.040255850098558074,-0.8136966497692767
eta_0,1645,0.2957738483194635,0.042720824251665596,-0.8112316756161692
eta_0,1646,0.28581927550300257,0.04920172727369226,-0.8047507725941425
eta_0,1647,0.2003937171975663,0.015609148042225,-0.8383433518256097
eta_0,1648,0.25500658748779614,0.028718897127172873,-0.8252336027406618
eta_0,1649,0.2528508849332459,0.028962081842171118,-0.8249904180256636
eta_0,1650,0.3416885040841138,0.061831126601916274,-0.7921213732659185
eta_0,1651,0.31118795190407983,0.042978426552690054,-0.8109740733151447
eta_0,1652,0.2795129828670533,0.05880667505497601,-0.7951458248128587
eta_0,1653,0.29892160861548256,0.04213928304423174,-0.811813216823603
eta_0,1654,0.2930464564904432,0.0536525501082252,-0.8002999497596095
eta_0,1655,0.2842029460911887,0.030470681624940526,-0.8234818182428942
eta_0,1656,0.25280304964748596,0.03129404692136664,-0.8226584529464681
eta_0,1657,0.25762574668499016,0.038768771240655114,-0.8151837286271796
eta_0,1658,0.30224698091691027,0.04286355283486274,-0.811088947032972
eta_0,1659,0.3137592758155138,0.03556250685203926,-0.8183899930157955
eta_0,1660,0.3078362884047146,0.08580395851611883,-0.768148541351716
eta_0,1661,0.23066703207003647,0.03665618040552021,-0.8172963194623145
eta_0,1662,0.30708224001472073,0.04445140454334912,-0.8095010953244856
eta_0,1663,0.29751995445092616,0.05919471329841647,-0.7947577865694182
eta_0,1664,0.2537023939111547,0.03009592528457693,-0.8238565745832578
eta_0,1665,0.2600565218328641,0.042692792948221085,-0.8112597069196137
eta_0,1666,0.2486524595660868,0.02858526332610338,-0.8253672365417314
eta_0,1667,0.2921841754686232,0.04670932610750511,-0.8072431737603296
eta_0,1668,0.30989453037134973,0.053732306842517535,-0.8002201930253172
eta_0,1669,0.31979049585813935,0.05934763694634773,-0.794604862921487
eta_0,1670,0.25240897237842463,0.02605323760918475,-0.82789926225865
eta_0,1671,0.30440268347146043,0.051357413953530565,-0.8025950859143042
eta_0,1672,0.2319712256466779,0.02230315847588693,-0.8316493413919478
eta_0,1673,0.2908321466062218,0.03635524102362864,-0.8175972588442061
eta_0,1674,0.25382139858689223,0.03311338702032467,-0.8208391128475101
eta_0,1675,0.2719736660444401,0.0446841473905821,-0.8092683524772526
eta_0,1676,0.3676180977157498,0.09145182701364174,-0.762500672854193
eta_0,1677,0.32328270812106474,0.07436319580458375,-0.779589304063251
eta_0,1678,0.24305238003437135,0.03442338543402576,-0.8195291144338089
eta_0,1679,0.3331679015639431,0.06097540059233819,-0.7929770992754965
eta_0,1680,0.31766108450152664,0.05629548014524802,-0.7976570197225867
eta_0,1681,0.27429620856048786,0.032954932775779364,-0.8209975670920554
eta_0,1682,0.2845258539702725,0.05254008292005461,-0.8014124169477801
eta_0,1683,0.31430942100216136,0.07375408255190119,-0.7801984173159335
eta_0,1684,0.2685508331550973,0.0339719401608775,-0.8199805597069573
eta_0,1685,0.28294658780030735,0.02755484603525628,-0.8263976538325785
eta_0,1686,0.3618619502664481,0.0904742162878356,-0.7634782835799991
eta_0,1687,0.33751162280477714,0.06022890195479233,-0.7937235979130424
eta_0,1688,0.2589299402616316,0.049148768715631945,-0.8048037311522028
eta_0,1689,0.2653336934854958,0.04456213204173691,-0.8093903678260979
eta_0,1690,0.28669232856873395,0.03957270543343855,-0.8143797944343962
eta_0,1691,0.2668525623093947,0.0377773747601618,-0.816175125107673
eta_0,1692,0.24636698029188792,0.035226511420719794,-0.818725988447115
eta_0,1693,0.2397377797768548,0.046915651421177346,-0.8070368484466574
eta_0,1694,0.33696147761812967,0.04535158489675478,-0.80860091497108
eta_0,1695,0.24479848616583405,0.04308239984480368,-0.8108701000230311
eta_0,1696,0.3087093414704459,0.07165590590233284,-0.7822965939655019
eta_0,1697,0.30638679895439813,0.0491601173711693,-0.8047923824966654
eta_0,1698,0.2524089723784247,0.039671336918254085,-0.8142811629495806
eta_0,1699,0.27071730775355873,0.04557251698779255,-0.8083799828800422
eta_0,1700,0.2576861440310564,0.07349776158842361,-0.7804547382794111
eta_0,1701,0.2752882663019567,0.02573864343986956,-0.8282138564279652
eta_0,1702,0.3405511504689699,0.07933454036404004,-0.7746179595037946
eta_0,1703,0.20674784511927563,0.01388821802645376,-0.8400642818413809
eta_0,1704,0.3032653298563166,0.04786183991575925,-0.8060906599520755
eta_0,1705,0.29718627452793106,0.045326333940825705,-0.808626165927009
eta_0,1706,0.28681133324447144,0.05591306818874054,-0.7980394316790942
eta_0,1707,0.2714235208577926,0.03832577287005466,-0.81562672699778
eta_0,1708,0.2542525390978023,0.027656479948521173,-0.8262960199193136
eta_0,1709,0.23968994449109476,0.0756235298598056,-0.7783289700080291
eta_0,1710,0.27094454506112253,0.03542248462806147,-0.8185300152397732
eta_0,1711,0.29229240810044943,0.046689277947827755,-0.807263221920007
eta_0,1712,0.3051088965756943,0.03562592567846196,-0.8183265741893727
eta_0,1713,0.30310926193873033,0.04087451379677266,-0.8130779860710621
eta_0,1714,0.2767485277961843,0.03013487728511713,-0.8238176225827176
eta_0,1715,0.2835230241848924,0.05860605557623557,-0.7953464442915992
eta_0,1716,0.2790340070703832,0.03059383726643039,-0.8233586626014043
eta_0,1717,0.2767485277961843,0.04795170813690783,-0.8060007917309269
eta_0,1718,0.2528401128893347,0.02513880022569326,-0.8288136996421415
eta_0,1719,0.3327738242948817,0.045731368271269904,-0.8082211315965648
eta_0,1720,0.2496337452636444,0.03432758818311746,-0.8196249116847173
eta_0,1721,0.2666486591060484,0.04261524955786941,-0.8113372503099653
eta_0,1722,0.2922816360565381,0.04002038115471073,-0.813932118713124
eta_0,1723,0.25674192157534753,0.0283049489588918,-0.8256475509089429
eta_0,1724,0.2644714124636757,0.05300132169163327,-0.8009511781762014
eta_0,1725,0.30093201529635766,0.05468585007301893,-0.7992666497948158
eta_0,1726,0.25081893416454826,0.029359006914685855,-0.8245934929531489
eta_0,1727,0.3543596966856837,0.07926660846259648,-0.7746858914052382
eta_0,1728,0.2655113054909046,0.03393778695009559,-0.8200147129177391
eta_0,1729,0.26017552650860165,0.022529415787525327,-0.8314230840803094
eta_0,1730,0.31789909385300175,0.03795201136986166,-0.816000488497973
eta_0,1731,0.34110129565561753,0.04988426823373369,-0.804068231634101
eta_0,1732,0.2921841754686232,0.0379883319289455,-0.8159641679388893
eta_0,1733,0.2935966016770908,0.0366461516078872,-0.8173063482599475
eta_0,1734,0.2969112019346073,0.04554311233800961,-0.8084093875298252
eta_0,1735,0.21871282461661168,0.011664877492555414,-0.8422876223752793
eta_0,1736,0.27094454506112253,0.03254565216907283,-0.8214068476987619
eta_0,1737,0.284359014008775,0.03737364255566278,-0.816578857312172
eta_0,1738,0.2925196454080132,0.04200494020862656,-0.8119475596592082
eta_0,1739,0.22577316564255484,0.028662977744697116,-0.8252895221231376
eta_0,1740,0.24725080540153052,0.06815392650381816,-0.7857985733640166
eta_0,1741,0.31789909385300164,0.07125262366970772,-0.782699876198127
eta_0,1742,0.3249594348789448,0.053921172706849305,-0.8000313271609855
eta_0,1743,0.29446965474282205,0.03383899174922441,-0.8201135081186103
eta_0,1744,0.2946968920503859,0.0389983838790109,-0.8149541159888238
eta_0,1745,0.257900819278314,0.04119255904276038,-0.8127599408250743
eta_0,1746,0.3313135628006541,0.06720870558912106,-0.7867437942787137
eta_0,1747,0.2600672938767754,0.0335688466591573,-0.8203836532086775
eta_0,1748,0.24664205288521165,0.025199667759013923,-0.8287528321088208
eta_0,1749,0.2753361015877167,0.036415484822331014,-0.8175370150455037
eta_0,1750,0.2751214263404591,0.04124563798529549,-0.8127068618825393
eta_0,1751,0.24940650795608066,0.03892227806576316,-0.8150302218020715
eta_0,1752,0.29749841036310365,0.048223174123446386,-0.8057293257443884
eta_0,1753,0.23154008513576782,0.03647196662010812,-0.8174805332477266
eta_0,1754,0.2722965739235239,0.05401064884112259,-0.7999418510267121
eta_0,1755,0.2640988792824369,0.03478436140262195,-0.8191681384652127
eta_0,1756,0.29272354861135946,0.04325899191424162,-0.8106935079535931
eta_0,1757,0.2699632593635649,0.040880735161192935,-0.8130717647066418
eta_0,1758,0.2842029460911887,0.036995399765794,-0.8169571001020407
eta_0,1759,0.266960794941221,0.04899325520149197,-0.8049592446663427
eta_0,1760,0.2920281075510369,0.03196727555402584,-0.8219852243138088
eta_0,1761,0.2514169146369558,0.03917569670170695,-0.8147768031661278
eta_0,1762,0.28294658780030735,0.030490340158921464,-0.8234621597089132
eta_0,1763,0.22779434436734125,0.022717926308100222,-0.8312345735597345
eta_0,1764,0.26349012676611816,0.042154431348105786,-0.8117980685197289
eta_0,1765,0.30544257649868933,0.05129333337723836,-0.8026591664905963
eta_0,1766,0.23587303433269075,0.020995621098547558,-0.8329568787692871
eta_0,1767,0.26349012676611816,0.032802356580964864,-0.8211501432868699
eta_0,1768,0.2899094682383356,0.05156154765758507,-0.8023909522102497
eta_0,1769,0.2803382006470246,0.039438281868450865,-0.8145142179993838
eta_0,1770,0.2821925394103135,0.03477598023983548,-0.8191765196279992
eta_0,1771,0.3605948199316555,0.0762942776458528,-0.7776582222219819
eta_0,1772,0.23353971977273175,0.01785160436506194,-0.8361008955027728
eta_0,1773,0.3311945581249166,0.04389867949828194,-0.8100538203695528
eta_0,1774,0.32787995786740004,0.07895312422906164,-0.7749993756387731
eta_0,1775,0.268108920600276,0.03822672392676352,-0.8157257759410712
eta_0,1776,0.24245439956196374,0.03631006408196509,-0.8176424357858696
eta_0,1777,0.25169198723027963,0.026857396325980706,-0.827095103541854
eta_0,1778,0.2925674806937732,0.03845593063246606,-0.8154965692353686
eta_0,1779,0.2665296544303109,0.0357516001598545,-0.8182008997079803
eta_0,1780,0.29995072959880015,0.034061206031296976,-0.8198912938365377
eta_0,1781,0.28388003821210495,0.0484260190826999,-0.8055264807851348
eta_0,1782,0.2505067983293757,0.02514871642323055,-0.8288037834446041
eta_0,1783,0.29919668120880627,0.06115594173217903,-0.7927965581356557
eta_0,1784,0.27000032260541373,0.03697036260901619,-0.8169821372588185
eta_0,1785,0.29549877572613975,0.05710740357583927,-0.7968450962919954
eta_0,1786,0.2879486868596153,0.03689899381940351,-0.8170535060484312
eta_0,1787,0.2525172050102508,0.02634685280115387,-0.8276056470666808
eta_0,1788,0.32517411012620234,0.037818677437864566,-0.8161338224299701
eta_0,1789,0.2464859849676254,0.024601284835742622,-0.8293512150320921
eta_0,1790,0.2769045957137705,0.05776918700152574,-0.796183312866309
eta_0,1791,0.2921841754686232,0.04229127012105405,-0.8116612297467807
eta_0,1792,0.2535941612793285,0.034037444073455395,-0.8199150557943793
eta_0,1793,0.2670797996169585,0.031012052137546514,-0.8229404477302882
eta_0,1794,0.2140461954966938,0.021103205243480624,-0.8328492946243541
eta_0,1795,0.3065320948280732,0.05503650817141953,-0.7989159916964153
eta_0,1796,0.27425914531863915,0.07421135352838541,-0.7797411463394494
eta_0,1797,0.3239781491813871,0.05688511562627672,-0.797067384241558
eta_0,1798,0.2666008238202884,0.041847778898547995,-0.8121047209692868
eta_0,1799,0.27430698060439906,0.03498838307853278,-0.8189641167893019
eta_0,1800,0.272965723785909,0.03848924284838292,-0.8154632570194518
eta_0,1801,0.27386506804957783,0.03900274175914899,-0.8149497581086858
eta_0,1802,0.27125668089629507,0.052748972919038274,-0.8012035269487965
eta_0,1803,0.32875301093313136,0.06702513297458092,-0.7869273668932538
eta_0,1804,0.2866444932829739,0.0681383492783768,-0.7858141505894579
eta_0,1805,0.33033227710309654,0.06387109767929379,-0.790081402188541
eta_0,1806,0.26305898625520807,0.026287103847207283,-0.8276653960206275
eta_0,1807,0.30258066083990537,0.05077117103886891,-0.8031813288289658
eta_0,1808,0.2528401128893347,0.027950056003902907,-0.8260024438639318
eta_0,1809,0.30458029547686927,0.053447314052197104,-0.8005051858156376
eta_0,1810,0.2832216603936311,0.048425675759665616,-0.8055268241081691
eta_0,1811,0.2692092109735712,0.0390773437159862,-0.8148751561518486
eta_0,1812,0.24120881331499372,0.02929621929049539,-0.8246562805773393
eta_0,1813,0.2864172559754102,0.03550907325068571,-0.818443426617149
eta_0,1814,0.27272771443443394,0.039108952258456224,-0.8148435476093785
eta_0,1815,0.27315885494534403,0.035266354295176876,-0.8186861455726578
eta_0,1816,0.27220090335200386,0.035637483927592375,-0.8183150159402424
eta_0,1817,0.31201316968405113,0.04166395095250903,-0.8122885489153256
eta_0,1818,0.2902820014195742,0.052044683794376476,-0.8019078160734583
eta_0,1819,0.34300346970466633,0.06337657774051071,-0.790575922127324
eta_0,1820,0.26447141246367567,0.03306857634453566,-0.8208839235232991
eta_0,1821,0.23761914046415342,0.02980768931574653,-0.8241448105520882
eta_0,1822,0.4305476673228041,0.10343288638400311,-0.7505196134838317
eta_0,1823,0.24061083284258616,0.02393591610449997,-0.8300165837633348
eta_0,1824,0.22153767703354693,0.02835552316510647,-0.8255969767027282
eta_0,1825,0.25741107143773256,0.03426100850352852,-0.8196914913643062
eta_0,1826,0.2640402719527657,0.03174878214040707,-0.8222037177274276
eta_0,1827,0.3044134555153718,0.05768848416118196,-0.7962640157066527
eta_0,1828,0.2869674011620577,0.03840131052997012,-0.8155511893378646
eta_0,1829,0.3424054892322589,0.06900782465956448,-0.7849446752082703
eta_0,1830,0.2626278457442981,0.044022777525772834,-0.8099297223420618
eta_0,1831,0.25576063587778997,0.02551758110209606,-0.8284349187657387
eta_0,1832,0.32499649812079345,0.08443881650497471,-0.76951368336286
eta_0,1833,0.31391534373310004,0.07188475231407093,-0.7820677475537638
eta_0,1834,0.30724907997621825,0.037404388947217246,-0.8165481109206175
eta_0,1835,0.2628317489476444,0.06956364511194824,-0.7843888547558865
eta_0,1836,0.33696147761812956,0.06946089883068914,-0.7844916010371455
eta_0,1837,0.2969112019346073,0.04916053245171348,-0.8047919674161212
eta_0,1838,0.28696740116205766,0.04695548657547251,-0.8069970132923622
eta_0,1839,0.2875175463487053,0.03298299308019258,-0.8209695067876421
eta_0,1840,0.28250467524548606,0.0562383676732459,-0.7977141321945889
eta_0,1841,0.32315293140141593,0.04423649906289319,-0.8097160008049415
eta_0,1842,0.26924627421541986,0.04564252782447088,-0.8083099720433639
eta_0,1843,0.2705504677920613,0.037635496281622674,-0.8163170035862121
eta_0,1844,0.23838575091445338,0.026262629536846188,-0.8276898703309885
eta_0,1845,0.27098160830297124,0.07666330292955637,-0.7772891969382784
eta_0,1846,0.29115505448530554,0.03422615053334323,-0.8197263493344915
eta_0,1847,0.2905570740128981,0.04004619551116806,-0.8139063043566667
eta_0,1848,0.27458205319772283,0.027441757714529183,-0.8265107421533056
eta_0,1849,0.21578152958424518,0.03092604214829331,-0.8230264577195414
eta_0,1850,0.33855151583200604,0.07873726250794177,-0.775215237359893
eta_0,1851,0.19479363766585087,0.00874114142222583,-0.8452113584456089
eta_0,1852,0.29086920984807063,0.0788588616537993,-0.7750936382140354
eta_0,1853,0.380876498745816,0.08893010495017602,-0.7650223949176587
eta_0,1854,0.2981675602254887,0.025036648037444417,-0.8289158518303903
eta_0,1855,0.31391534373310004,0.06662382180186156,-0.7873286780659732
eta_0,1856,0.24056299755682609,0.017344892405191274,-0.8366076074626434
eta_0,1857,0.2610378075304216,0.03803061670797087,-0.8159218831598638
eta_0,1858,0.2902820014195742,0.05901698592680467,-0.79493551394103
eta_0,1859,0.273589995456254,0.04722609204314896,-0.8067264078246857
eta_0,1860,0.33419702254726064,0.06033059875537812,-0.7936219011124566
eta_0,1861,0.2716878214072051,0.03171072935520962,-0.8222417705126251
eta_0,1862,0.2911442824413943,0.04077647630435066,-0.8131760235634841
eta_0,1863,0.2902820014195743,0.033146882932977094,-0.8208056169348577
eta_0,1864,0.26956918209450365,0.035155611304418494,-0.8187968885634163
eta_0,1865,0.2904010060953117,0.061299027896462174,-0.7926534719713726
eta_0,1866,0.32140682526995323,0.0685663274260333,-0.7853861724418014
eta_0,1867,0.298802603939745,0.041808014159065515,-0.8121444857087692
eta_0,1868,0.2476233385827693,0.03402470919080476,-0.8199277906770299
eta_0,1869,0.25603570847111373,0.07018385951214956,-0.7837686403556852
eta_0,1870,0.2159854327875915,0.023780226011030005,-0.8301722738568047
eta_0,1871,0.2590381728934578,0.03280996691638048,-0.8211425329514542
eta_0,1872,0.2858904448929801,0.023953406037152753,-0.8299990938306819
eta_0,1873,0.2572920667619951,0.023629658619300345,-0.8303228412485344
eta_0,1874,0.3229968634838296,0.0526063576983614,-0.8013461421694733
eta_0,1875,0.3001283416042089,0.056243282567905124,-0.7977092172999296
eta_0,1876,0.29028200141957416,0.03841364702976574,-0.8155388528380689
eta_0,1877,0.2609403469425067,0.038160732426470834,-0.815791767441364
eta_0,1878,0.278063493416737,0.0639114076518304,-0.7900410922160044
eta_0,1879,0.24631914500612787,0.02263186600582994,-0.8313206338620048
eta_0,1880,0.25974438599769156,0.0621311612384077,-0.791821338629427
eta_0,1881,0.24490671879766024,0.03947688044472039,-0.8144756194231143
eta_0,1882,0.2554485000426175,0.037599613875797105,-0.8163528859920376
eta_0,1883,0.29000692882625045,0.04762711533872731,-0.8063253845291074
eta_0,1884,0.25990045391527783,0.026381165108362546,-0.8275713347594722
eta_0,1885,0.2470731933961217,0.02668901270363426,-0.8272634871642005
eta_0,1886,0.26180262796432674,0.02953805563611124,-0.8244144442317235
eta_0,1887,0.2931654611661808,0.029000197768221343,-0.8249523020996133
eta_0,1888,0.2542525390978023,0.031736068933546094,-0.8222164309342886
eta_0,1889,0.264913325018497,0.027528542251771596,-0.8264239576160631
eta_0,1890,0.3360991965963095,0.0481341628695339,-0.8058183369983009
eta_0,1891,0.3165237308863828,0.07321908101183275,-0.780733418856002
eta_0,1892,0.32115329676445203,0.042339092305582304,-0.8116134075622524
eta_0,1893,0.3052279012514318,0.04863586392641002,-0.8053166359414247
eta_0,1894,0.2767485277961843,0.038148277613064274,-0.8158042222547705
eta_0,1895,0.3055508091305156,0.04272615869996338,-0.8112263411678713
eta_0,1896,0.27692613980159303,0.0403564879588726,-0.8135960119089621
eta_0,1897,0.29430281478132453,0.05478470039040702,-0.7991677994774277
eta_0,1898,0.25492168896018735,0.02575735193831896,-0.8281951479295158
eta_0,1899,0.2335397197727317,0.025121191105414806,-0.82883130876242
eta_0,1900,0.26898197366600746,0.031808789644620056,-0.8221437102232146
eta_0,1901,0.25990045391527783,0.04423749653874595,-0.8097150033290887
eta_0,1902,0.22505618049440976,0.022454641506753126,-0.8314978583610816
eta_0,1903,0.25023172573605196,0.0282574294498355,-0.8256950704179993
eta_0,1904,0.25571280059202994,0.03551373165111438,-0.8184387682167203
eta_0,1905,0.2977842550003387,0.029004790496058728,-0.824947709371776
eta_0,1906,0.28451508192636116,0.041939313573113986,-0.8120131862947207
eta_0,1907,0.24854422693426065,0.023642368818268346,-0.8303101310495664
eta_0,1908,0.3049157654162593,0.04289907208213761,-0.8110534277856971
eta_0,1909,0.26696079494122094,0.02072990773887813,-0.8332225921289566
eta_0,1910,0.317624021259678,0.04623876070515538,-0.8077137391626793
eta_0,1911,0.25658585365776126,0.04254935268551143,-0.8114031471823233
eta_0,1912,0.2924484760180356,0.04273180533249562,-0.8112206945353391
eta_0,1913,0.30093201529635766,0.043857423193135334,-0.8100950766746994
eta_0,1914,0.2996756570054764,0.07634489288710289,-0.7776076069807318
eta_0,1915,0.24707319339612172,0.0532991894247616,-0.8006533104430731
eta_0,1916,0.2793569149494671,0.04353547740972103,-0.8104170224581136
eta_0,1917,0.2778966534552394,0.03435895554084681,-0.8195935443269879
eta_0,1918,0.23545266586569194,0.020551634090021864,-0.8334008657778129
eta_0,1919,0.2270773592191962,0.02699250732675266,-0.8269599925410821
eta_0,1920,0.2971492112860824,0.060507039647923117,-0.7934454602199116
eta_0,1921,0.2590274008495465,0.03831391081976944,-0.8156385890480653
eta_0,1922,0.27170936549502767,0.04200935001638908,-0.8119431498514457
eta_0,1923,0.28294658780030735,0.084750965507232,-0.7692015343606027
eta_0,1924,0.29962782171971636,0.04886210966827842,-0.8050903901995563
eta_0,1925,0.3083260362452959,0.034187232506265944,-0.8197652673615687
eta_0,1926,0.2276275044058437,0.0376700239465671,-0.8162824759212677
eta_0,1927,0.2909882145238081,0.035973020331903055,-0.8179794795359316
eta_0,1928,0.29375266959467705,0.053803421434576046,-0.8001490784332587
eta_0,1929,0.2833777283112174,0.05039293592377679,-0.8035595639440579
eta_0,1930,0.26625458183698714,0.036373222870777176,-0.8175792769970576
eta_0,1931,0.3392469568923286,0.07069404683834926,-0.7832584530294855
eta_0,1932,0.26855083315509737,0.05870428630208438,-0.7952482135657504
eta_0,1933,0.30409054763628796,0.029558961983742027,-0.8243935378840928
eta_0,1934,0.2643524077879382,0.04198237656405866,-0.811970123303776
eta_0,1935,0.2604984343876854,0.03604461998682677,-0.817907879881008
eta_0,1936,0.2586548676683077,0.04383961156958756,-0.8101128882982471
eta_0,1937,0.25962538132195406,0.025499722327984444,-0.8284527775398502
eta_0,1938,0.3170738760730304,0.08125593324300841,-0.7726965666248263
eta_0,1939,0.25382139858689223,0.022362464133888513,-0.8315900357339462
eta_0,1940,0.2561068778610912,0.028983485673029816,-0.824969014194805
eta_0,1941,0.270346564588715,0.03148831082252672,-0.822464189045308
eta_0,1942,0.2977734829564274,0.05292550406274597,-0.8010269958050887
eta_0,1943,0.24925044003849436,0.025926134291874573,-0.8280263655759601
eta_0,1944,0.3375116228047771,0.09277159410874826,-0.7611809057590865
eta_0,1945,0.3241342170989734,0.03921821868459008,-0.8147342811832446
eta_0,1946,0.2541335344220648,0.02168908463592182,-0.8322634152319129
eta_0,1947,0.25339025807598226,0.04595148804786735,-0.8080010118199674
eta_0,1948,0.2674027074960422,0.0337329394426007,-0.820219560425234
eta_0,1949,0.27327785962108153,0.04713231575295172,-0.806820184114883
eta_0,1950,0.2582841245034639,0.024263212673881505,-0.8296892871939532
eta_0,1951,0.28065033648219717,0.030443606737619013,-0.8235088931302157
eta_0,1952,0.29773641971457865,0.055112704475201085,-0.7988397953926336
eta_0,1953,0.27827995868038946,0.03940690882588938,-0.8145455910419453
eta_0,1954,0.2338147923660555,0.03064731678096092,-0.8233051830868738
eta_0,1955,0.2778488181694794,0.04559963651973517,-0.8083528633480995
eta_0,1956,0.33908011693083107,0.0772253920848106,-0.7767271077830241
eta_0,1957,0.2506520942030508,0.03753633924155228,-0.8164161606262824
eta_0,1958,0.29631322146219974,0.0410240075158429,-0.8129284923519918
eta_0,1959,0.219300033045108,0.019637637517685533,-0.8343148623501492
eta_0,1960,0.27343392753866774,0.052945688975800875,-0.8010068108920338
eta_0,1961,0.2742591453186391,0.04658655016870776,-0.807365949699127
eta_0,1962,0.25413353442206477,0.03977940741751529,-0.8141730924503194
eta_0,1963,0.28033820064702464,0.04114646203309551,-0.8128060378347393
eta_0,1964,0.38201385236095975,0.051988511715253025,-0.8019639881525817
eta_0,1965,0.31679880347970657,0.06115247212810718,-0.7928000277397276
eta_0,1966,0.25153591931269337,0.03647854015081548,-0.8174739597170192
eta_0,1967,0.32425322177471105,0.06143158876374299,-0.7925209111040917
eta_0,1968,0.2855549749535901,0.04280047700102351,-0.8111520228668112
eta_0,1969,0.23844435824412466,0.024785554741353646,-0.829166945126481
eta_0,1970,0.29838223547274617,0.03831844685332276,-0.815634053014512
eta_0,1971,0.2578900472344027,0.029261028949129866,-0.8246914709187049
eta_0,1972,0.29919668120880627,0.054353349519335625,-0.7995991503484992
eta_0,1973,0.3427283971113427,0.05840260007710959,-0.7955498997907251
eta_0,1974,0.28392787349786497,0.04667894217719371,-0.807273557690641
eta_0,1975,0.23006905159762892,0.028372155801033448,-0.8255803440668013
eta_0,1976,0.3140343484088376,0.030935690629405804,-0.8230168092384289
eta_0,1977,0.24544609194039652,0.02521106504003638,-0.8287414348277984
eta_0,1978,0.24120881331499372,0.02565602250064221,-0.8282964773671925
eta_0,1979,0.2902820014195743,0.06664418223684841,-0.7873083176309863
eta_0,1980,0.3365303371072196,0.0692639143171146,-0.7846885855507202
eta_0,1981,0.2612046474919192,0.0255408792533577,-0.828411620614477
eta_0,1982,0.3112698933379686,0.09574728767139805,-0.7582052121964367
eta_0,1983,0.2703943998744751,0.030109392279202875,-0.8238431075886319
eta_0,1984,0.2935966016770908,0.05581191608439698,-0.7981405837834378
eta_0,1985,0.29750918240701485,0.043215136929338815,-0.810737362938496
eta_0,1986,0.2558796405535275,0.03455676577871943,-0.8193957340891153
eta_0,1987,0.26594244600181466,0.046191114850415965,-0.8077613850174188
eta_0,1988,0.2250561804944097,0.015766499975638143,-0.8381859998921966
eta_0,1989,0.2848703059371789,0.049545069426443655,-0.8044074304413911
eta_0,1990,0.3245282943680347,0.05622133841802634,-0.7977311614498084
eta_0,1991,0.2997946616812138,0.041326942775100434,-0.8126255570927343
eta_0,1992,0.2234769143244446,0.05619876752565126,-0.7977537323421835
eta_0,1993,0.2638130346452019,0.03775064447156478,-0.81620185539627
eta_0,1994,0.24995665314272822,0.028549794920480483,-0.8254027049473542
eta_0,1995,0.3003818701097101,0.032019881801441025,-0.8219326180663937
eta_0,1996,0.2909882145238081,0.04557872536664956,-0.8083737745011852
eta_0,1997,0.31403434840883765,0.042475789083356724,-0.811476710784478
eta_0,1998,0.3369614776181296,0.06972749952761353,-0.7842250003402211
eta_0,1999,0.3296260639988627,0.07371502462770547,-0.7802374752401292
eta_0.02,0,0.3094575869463271,0.054940827030577476,-0.8001509937593541
eta_0.02,1,0.24841719356455455,0.03418363687163027,-0.8209081839183012
eta_0.02,2,0.30365525538706956,0.08539742137074154,-0.7696943994191899
eta_0.02,3,0.2630818778307808,0.05081050793251947,-0.804281312857412
eta_0.02,4,0.2522271785620169,0.032285789462135686,-0.8228060313277958
eta_0.02,5,0.21910702797050557,0.017926106372209316,-0.8371657144177223
eta_0.02,6,0.2590249557979948,0.021797636106193185,-0.8332941846837383
eta_0.02,7,0.3117181309000955,0.09517470228841554,-0.759917118501516
eta_0.02,8,0.22060613939066884,0.033089153767841495,-0.82200266702209
eta_0.02,9,0.29521651010329747,0.06544708140381811,-0.7896447393861135
eta_0.02,10,0.2550384420163747,0.0405273788383653,-0.8145644419515662
eta_0.02,11,0.30746424519513127,0.05984931557406082,-0.7952425052158707
eta_0.02,12,0.2454106497699112,0.03537917924381557,-0.8197126415461159
eta_0.02,13,0.2976435022884401,0.04144769692226203,-0.8136441238676695
eta_0.02,14,0.21058964454962062,0.0187760246899367,-0.8363157960999948
eta_0.02,15,0.25854462966612807,0.04054289812563931,-0.8145489226642922
eta_0.02,16,0.3271730290153838,0.04512164381460052,-0.809970176975331
eta_0.02,17,0.2161855364739072,0.020218263871918662,-0.8348735569180128
eta_0.02,18,0.2692485094286572,0.04045792229430448,-0.8146338984956271
eta_0.02,19,0.28915075289257525,0.07246593969941353,-0.782625881090518
eta_0.02,20,0.2593697164287543,0.04430130039615236,-0.8107905203937792
eta_0.02,21,0.2542775982344736,0.03488930277560448,-0.8202025180143271
eta_0.02,22,0.29596281447603867,0.04388122969666184,-0.8112105910932697
eta_0.02,23,0.2397800848280522,0.032246455792170454,-0.8228453649977611
eta_0.02,24,0.302256002169038,0.04574539070863955,-0.8093464300812919
eta_0.02,25,0.3218014476258383,0.09530045201424263,-0.7597913687756889
eta_0.02,26,0.2285302826718761,0.025358203667302234,-0.8297336171226293
eta_0.02,27,0.3232233935688345,0.051494821473377,-0.8035969993165545
eta_0.02,28,0.28495775438804394,0.04292275635164497,-0.8121690644382865
eta_0.02,29,0.2803198019297981,0.0452672788629379,-0.8098245419269936
eta_0.02,30,0.3332810538378559,0.058334771515380496,-0.796757049274551
eta_0.02,31,0.2878735929837605,0.055715216793026656,-0.7993766039969048
eta_0.02,32,0.2557700289309064,0.0348162139019146,-0.8202756068880169
eta_0.02,33,0.2508551679260188,0.038331527877261476,-0.81676029291267
eta_0.02,34,0.3080747248410155,0.08468629933252927,-0.7704055214574023
eta_0.02,35,0.28286545972555976,0.039273997197522385,-0.8158178235924092
eta_0.02,36,0.31989792813202306,0.04823552866829421,-0.8068562921216373
eta_0.02,37,0.28640859210073555,0.03983067896158789,-0.8152611418283436
eta_0.02,38,0.2447069812832873,0.037134521269482176,-0.8179572995204494
eta_0.02,39,0.2699387957025606,0.055537570056792794,-0.7995542507331387
eta_0.02,40,0.3227039630273495,0.06781682607460404,-0.7872749947153275
eta_0.02,41,0.2810973611939039,0.05441964336862873,-0.8006721774213028
eta_0.02,42,0.28000586569735697,0.038745960821414724,-0.8163458599685168
eta_0.02,43,0.31125495032999717,0.07088893757880502,-0.7842028832111265
eta_0.02,44,0.2837234025684068,0.043741541940266145,-0.8113502788496654
eta_0.02,45,0.3113871290506306,0.04767715752903362,-0.8074146632608978
eta_0.02,46,0.3180494694620424,0.055519754183597274,-0.7995720666063343
eta_0.02,47,0.2848625638864315,0.051318523923223884,-0.8037732968667076
eta_0.02,48,0.2624838335857498,0.029179780662675465,-0.825912040127256
eta_0.02,49,0.26433229489242827,0.045118600699091516,-0.80997322009084
eta_0.02,50,0.25437113792202415,0.04105501791347794,-0.8140368028764535
eta_0.02,51,0.27529801847729474,0.042334278949488005,-0.8127575418404435
eta_0.02,52,0.22134570702407058,0.0245723233563378,-0.8305194974335937
eta_0.02,53,0.3069143091306574,0.06784223982086618,-0.7872495809690654
eta_0.02,54,0.24551947315457173,0.02994935625329698,-0.8251424645366345
eta_0.02,55,0.269627231441142,0.029502249907069414,-0.8255895708828621
eta_0.02,56,0.2126906886108748,0.028089226869617005,-0.8270025939203145
eta_0.02,57,0.28975052050281025,0.03381062374918181,-0.8212811970407496
eta_0.02,58,0.32572882064347675,0.04700476947756267,-0.8080870513123688
eta_0.02,59,0.2920497650888426,0.04254105415354743,-0.812550766636384
eta_0.02,60,0.2871027962271915,0.05946004230755214,-0.7956317784823794
eta_0.02,61,0.28823380056235004,0.06548962857541867,-0.7896021922145129
eta_0.02,62,0.23980318304578274,0.03009383379240447,-0.824997986997527
eta_0.02,63,0.2977598614679878,0.04883521283379578,-0.8062566079561357
eta_0.02,64,0.24545918604638772,0.03869016289558545,-0.816401657894346
eta_0.02,65,0.2810209715212994,0.05014734433916596,-0.8049444764507655
eta_0.02,66,0.33393278748111094,0.08285754542456483,-0.7722342753653667
eta_0.02,67,0.2565115463294988,0.029177132015456256,-0.8259146887744753
eta_0.02,68,0.25781927177559627,0.03881085563296487,-0.8162809651569667
eta_0.02,69,0.3292211324810558,0.11796492827592354,-0.737126892514008
eta_0.02,70,0.22056365545201037,0.028145712347872595,-0.826946108442059
eta_0.02,71,0.28814127581640897,0.03997035010037135,-0.8151214706895602
eta_0.02,72,0.25865800671065864,0.04369403991993186,-0.8113977808699997
eta_0.02,73,0.24100539553517636,0.054279600656974764,-0.8008122201329567
eta_0.02,74,0.3096810407692474,0.06598793261935813,-0.7891038881705734
eta_0.02,75,0.35612574401183156,0.07051517301140606,-0.7845766477785254
eta_0.02,76,0.2473914274845445,0.05366169546452098,-0.8014301253254106
eta_0.02,77,0.28109117347852625,0.04256001604310849,-0.8125318047468231
eta_0.02,78,0.27523833778770185,0.03495229512419298,-0.8201395256657386
eta_0.02,79,0.2501097522728081,0.05199794166933242,-0.803093879120599
eta_0.02,80,0.2667696839547998,0.03281028282853583,-0.8222815379613957
eta_0.02,81,0.2413730935407475,0.02784440935458821,-0.8272474114353433
eta_0.02,82,0.26460821400749907,0.052252280048667166,-0.8028395407412643
eta_0.02,83,0.1994469284991893,0.023058874605173606,-0.8320329461847579
eta_0.02,84,0.23477371896947954,0.028024359806066962,-0.8270674609838645
eta_0.02,85,0.29066695790016556,0.0504617361356385,-0.804630084654293
eta_0.02,86,0.254043695251923,0.03491024576438395,-0.8201815750255476
eta_0.02,87,0.2685925916439422,0.039672595918768185,-0.8154192248711634
eta_0.02,88,0.27197834578444313,0.04204425166184955,-0.813047569128082
eta_0.02,89,0.29059531441761677,0.05861320872558498,-0.7964786120643466
eta_0.02,90,0.252636208640569,0.03658966360950386,-0.8185021571804276
eta_0.02,91,0.334313792531555,0.07539097537524897,-0.7797008454146825
eta_0.02,92,0.3519083632845923,0.09841949828164631,-0.7566723225082852
eta_0.02,93,0.3272141056444967,0.05159983447453707,-0.8034919863153944
eta_0.02,94,0.3093293320493656,0.05064702743349241,-0.8044447933564391
eta_0.02,95,0.25723635854525495,0.03678891212692122,-0.8183029086630103
eta_0.02,96,0.267985119158664,0.05258253281462572,-0.8025092879753057
eta_0.02,97,0.25642929421962063,0.026765340015908346,-0.8283264807740232
eta_0.02,98,0.3200765647140508,0.05165462238002694,-0.8034371984099046
eta_0.02,99,0.2633072454591496,0.04682972117578549,-0.8082620996141461
eta_0.02,100,0.32835227778231524,0.07550319454617468,-0.7795886262437568
eta_0.02,101,0.28929572928557284,0.049023817042900146,-0.8060680037470314
eta_0.02,102,0.3149283124684631,0.04361729381020747,-0.811474526979724
eta_0.02,103,0.28540221319880726,0.06857645091362954,-0.786515369876302
eta_0.02,104,0.2700256855712408,0.029520145561063756,-0.8255716752288678
eta_0.02,105,0.34355644947375485,0.062399368219744844,-0.7926924525701866
eta_0.02,106,0.30731014219648334,0.04998310883195945,-0.8051087119579721
eta_0.02,107,0.2621519669458036,0.04011638858353975,-0.8149754322063918
eta_0.02,108,0.25102931665094785,0.029774682800041117,-0.8253171379898904
eta_0.02,109,0.2166716620005843,0.02688080611274178,-0.8282110146771897
eta_0.02,110,0.314243779050009,0.07113240971814817,-0.7839594110717834
eta_0.02,111,0.30893216363931764,0.06778788125862394,-0.7873039395313076
eta_0.02,112,0.25684362847782205,0.04645661924556238,-0.8086352015443692
eta_0.02,113,0.2622756636510545,0.06129433381788872,-0.7937974869720428
eta_0.02,114,0.28400048532951283,0.05470433463108812,-0.8003874861588434
eta_0.02,115,0.26682552124947734,0.042049956545526304,-0.8130418642444052
eta_0.02,116,0.25689852698328364,0.03258716679993989,-0.8225046539899916
eta_0.02,117,0.19919139192713847,0.024810138170888056,-0.8302816826190434
eta_0.02,118,0.322948614307809,0.06118175788836894,-0.7939100629015625
eta_0.02,119,0.24053552991544822,0.027230594257358826,-0.8278612265325727
eta_0.02,120,0.28237826768180696,0.04991216722457883,-0.8051796535653527
eta_0.02,121,0.24153028105268592,0.03339652883865629,-0.8216952919512752
eta_0.02,122,0.314845281576389,0.06218496588823373,-0.7929068549016978
eta_0.02,123,0.2781614251168988,0.04632287252899267,-0.8087689482609388
eta_0.02,124,0.27835468538538316,0.04457233039895682,-0.8105194903909747
eta_0.02,125,0.2779086772816285,0.04783742155478214,-0.8072543992351494
eta_0.02,126,0.2630320708143462,0.037322915838248,-0.8177689049516835
eta_0.02,127,0.24131305461193905,0.02465701240952177,-0.8304348083804097
eta_0.02,128,0.28838012843423244,0.055899398774155756,-0.7991924220157758
eta_0.02,129,0.31382093227580043,0.05265874117180197,-0.8024330796181296
eta_0.02,130,0.31056836502485635,0.0699812767295251,-0.7851105440604064
eta_0.02,131,0.24287775770026174,0.021273638771271936,-0.8338181820186595
eta_0.02,132,0.26238324645991673,0.060815192080869496,-0.794276628709062
eta_0.02,133,0.29536015367055635,0.07824807948528037,-0.7768437413046512
eta_0.02,134,0.34989904443925113,0.06669119757564214,-0.7884006232142894
eta_0.02,135,0.22969448019923105,0.030493613117721533,-0.8245982076722099
eta_0.02,136,0.34308069512575806,0.04400470443815928,-0.8110871163517722
eta_0.02,137,0.2856217046067342,0.08272974624011069,-0.7723620745498209
eta_0.02,138,0.2863995405745563,0.03540467903782732,-0.8196871417521042
eta_0.02,139,0.3106828472437806,0.06376515865003107,-0.7913266621399004
eta_0.02,140,0.25793633900922,0.02924300200784334,-0.8258488187820882
eta_0.02,141,0.3009476876459303,0.07334050832718053,-0.781751312462751
eta_0.02,142,0.36902341240871306,0.0566265938459012,-0.7984652269440303
eta_0.02,143,0.28980136614927343,0.03576764084400366,-0.8193241799459279
eta_0.02,144,0.27556761073254277,0.06337675139565234,-0.7917150693942792
eta_0.02,145,0.24326011747135168,0.04138775711587028,-0.8137040636740612
eta_0.02,146,0.21265868683301642,0.03014283772498561,-0.8249489830649459
eta_0.02,147,0.24999940811256335,0.04126813304481146,-0.81382368774512
eta_0.02,148,0.2665151420547104,0.035736393602044225,-0.8193554271878873
eta_0.02,149,0.31346406918026126,0.06128497821282729,-0.7938068425771042
eta_0.02,150,0.2669454971799492,0.04206204433612611,-0.8130297764538054
eta_0.02,151,0.2785192408067433,0.05167569564626606,-0.8034161251436654
eta_0.02,152,0.27860200018672787,0.05411333886103069,-0.8009784819289009
eta_0.02,153,0.2897299976394043,0.06348940246730528,-0.7916024183226262
eta_0.02,154,0.30886096396908236,0.054510584168448464,-0.8005812366214831
eta_0.02,155,0.26554408934064316,0.038466597716749956,-0.8166252230731815
eta_0.02,156,0.2628074524057188,0.03923826114682848,-0.815853559643103
eta_0.02,157,0.2882427834381257,0.07696887897697423,-0.7781229418129573
eta_0.02,158,0.3753158141985672,0.07358213572556123,-0.7815096850643702
eta_0.02,159,0.26714373480796727,0.030123785467887854,-0.8249680353220437
eta_0.02,160,0.2789599171896725,0.05099450704851123,-0.8040973137414202
eta_0.02,161,0.26975382758683697,0.04116055422614604,-0.8139312665637854
eta_0.02,162,0.24861936446206365,0.03186651640661844,-0.8232253043833131
eta_0.02,163,0.2358563156944421,0.03990616583251208,-0.8151856549574195
eta_0.02,164,0.29738652626196355,0.047532581116463773,-0.8075592396734678
eta_0.02,165,0.3119593012225391,0.07084381759187486,-0.7842480031980567
eta_0.02,166,0.25580769153941363,0.041701537187228646,-0.8133902836027028
eta_0.02,167,0.2841454118654241,0.05462816137207913,-0.8004636594178524
eta_0.02,168,0.25397183162472237,0.03913771486114378,-0.8159541059287877
eta_0.02,169,0.24660089377110325,0.03680695197692406,-0.8182848688130074
eta_0.02,170,0.30802167622283516,0.0777288307195171,-0.7773629900704144
eta_0.02,171,0.25610231807624984,0.02182259305737784,-0.8332692277325536
eta_0.02,172,0.28721686160587595,0.08004818655711274,-0.7750436342328187
eta_0.02,173,0.23204433630952792,0.02855047278065502,-0.8265413480092765
eta_0.02,174,0.31205024846926305,0.03826598788887417,-0.8168258329010574
eta_0.02,175,0.25212829361100075,0.04241678011092846,-0.8126750406790031
eta_0.02,176,0.25691231982204854,0.05170696231759381,-0.8033848584723378
eta_0.02,177,0.31439942213087957,0.07145014892510969,-0.7836416718648218
eta_0.02,178,0.24103539655405504,0.029418526358518608,-0.8256732944314129
eta_0.02,179,0.332378291171444,0.06588417003508282,-0.7892076507548487
eta_0.02,180,0.25845795721988757,0.043615764395377954,-0.8114760563945536
eta_0.02,181,0.3122140835417496,0.0748233608306238,-0.7802684599593077
eta_0.02,182,0.2744264173385445,0.07963375278887731,-0.7754580680010542
eta_0.02,183,0.273746644620643,0.04562461850010702,-0.8094672022898245
eta_0.02,184,0.31489821950491065,0.08562265659887026,-0.7694691641910613
eta_0.02,185,0.3261480588943424,0.04566054724451295,-0.8094312735454186
eta_0.02,186,0.2756422583741225,0.04987110569503635,-0.8052207150948951
eta_0.02,187,0.2509047997824376,0.042671060424606354,-0.8124207603653252
eta_0.02,188,0.28708455822446066,0.04970953148345283,-0.8053822893064787
eta_0.02,189,0.25192912492172204,0.03641052907081963,-0.8186812917191119
eta_0.02,190,0.2732786783803225,0.0389035356169572,-0.8161882851729743
eta_0.02,191,0.23275656724780225,0.04341284496745152,-0.8116789758224799
eta_0.02,192,0.3853633024005815,0.08935393339091774,-0.7657378873990137
eta_0.02,193,0.28472157708234985,0.046757437376229394,-0.8083343834137021
eta_0.02,194,0.2862343020483752,0.05535704882213045,-0.7997347719678011
eta_0.02,195,0.33135086731168567,0.07304437224704283,-0.7820474485428887
eta_0.02,196,0.352879026922707,0.1099946916017428,-0.7450971291881887
eta_0.02,197,0.23045952087761426,0.032965331730252255,-0.8221264890596792
eta_0.02,198,0.26961746502567896,0.05408314856397163,-0.8010086722259598
eta_0.02,199,0.2964258863802406,0.056126446523683406,-0.7989653742662481
eta_0.02,200,0.31270104665044174,0.070576432651939,-0.7845153881379925
eta_0.02,201,0.22997693287741405,0.03816102174739169,-0.8169307990425398
eta_0.02,202,0.2401471713787649,0.02653582571298917,-0.8285559950769423
eta_0.02,203,0.26492909900542067,0.041267277197508334,-0.8138245435924232
eta_0.02,204,0.24992788405333682,0.0483274757230146,-0.8067643450669169
eta_0.02,205,0.2893069830774696,0.043410977093597106,-0.8116808436963344
eta_0.02,206,0.21622993669981116,0.023910623302013947,-0.8311811974879175
eta_0.02,207,0.25883715359414994,0.04780293430489267,-0.8072888864850388
eta_0.02,208,0.2607832681644242,0.034672968110384915,-0.8204188526795466
eta_0.02,209,0.22090692767783635,0.03395958726491147,-0.8211322335250201
eta_0.02,210,0.24156038814305864,0.027593861539328454,-0.8274979592506031
eta_0.02,211,0.20504965122042568,0.020004303832805687,-0.8350875169571258
eta_0.02,212,0.3324615545630194,0.05351545427553269,-0.8015763665143988
eta_0.02,213,0.2216253365883204,0.027385351979372242,-0.8277064688105593
eta_0.02,214,0.2665536342944257,0.02918230257087195,-0.8259095182190596
eta_0.02,215,0.2377319112324856,0.026028070706041018,-0.8290637500838904
eta_0.02,216,0.2513258171547139,0.032961048382384006,-0.8221307724075475
eta_0.02,217,0.28148596070761167,0.05577132527699738,-0.7993204955129342
eta_0.02,218,0.30299402994645885,0.06956760291407116,-0.7855242178758604
eta_0.02,219,0.2971938358203997,0.07308602887479385,-0.7820057919151376
eta_0.02,220,0.27079149783223805,0.0607727430605159,-0.7943190777294156
eta_0.02,221,0.2859913999275719,0.04246100791821662,-0.8126308128717149
eta_0.02,222,0.2647447474406275,0.024606743256677093,-0.8304850775332544
eta_0.02,223,0.2661756112236896,0.04535609817033733,-0.8097357226195941
eta_0.02,224,0.2463652236265942,0.02773974451788824,-0.8273520762720433
eta_0.02,225,0.23231705713478773,0.030767619000020643,-0.8243242017899108
eta_0.02,226,0.23756791691113444,0.040407793081761935,-0.8146840277081696
eta_0.02,227,0.294996905463835,0.047868608715693706,-0.8072232120742378
eta_0.02,228,0.3696130376881312,0.0663667386977725,-0.788725082092159
eta_0.02,229,0.326394924842114,0.04800775383360251,-0.8070840669563291
eta_0.02,230,0.2729945259809966,0.03785062026597599,-0.8172412005239555
eta_0.02,231,0.302424106879831,0.04681491103738907,-0.8082769097525424
eta_0.02,232,0.26384692407352706,0.038827838941933146,-0.8162639818479984
eta_0.02,233,0.26636589443915815,0.05844363975879994,-0.7966481810311316
eta_0.02,234,0.2169415208062121,0.023951386902258003,-0.8311404338876736
eta_0.02,235,0.28541503187677125,0.04055906299367583,-0.8145327577962557
eta_0.02,236,0.2637997830308596,0.03912396821581403,-0.8159678525741175
eta_0.02,237,0.315572478335251,0.06480038342552326,-0.7902914373644082
eta_0.02,238,0.2648259910897212,0.04315417560127176,-0.8119376451886597
eta_0.02,239,0.2758791294439625,0.04648277559192066,-0.8086090451980108
eta_0.02,240,0.33958974517711465,0.07682944681501386,-0.7782623739749177
eta_0.02,241,0.2675357747714427,0.036672438732790434,-0.818419382057141
eta_0.02,242,0.28863370376426134,0.03550989888145292,-0.8195819219084786
eta_0.02,243,0.2799320764659032,0.06653275122180145,-0.78855906956813
eta_0.02,244,0.22590463631326582,0.029726313912175062,-0.8253655068777564
eta_0.02,245,0.31989513726353624,0.06610436670856212,-0.7889874540813694
eta_0.02,246,0.24960030127870114,0.030319539378837367,-0.8247722814110942
eta_0.02,247,0.27037976907890443,0.0423855404194621,-0.8127062803704694
eta_0.02,248,0.23089611524826473,0.03216902390671726,-0.8229227968832142
eta_0.02,249,0.2624547548905932,0.02850937662935931,-0.8265824441605722
eta_0.02,250,0.22214267600056453,0.02369997159580472,-0.8313918491941268
eta_0.02,251,0.24236557667308373,0.03347019207867667,-0.8216216287112549
eta_0.02,252,0.3634728346130581,0.08375175734052015,-0.7713400634494114
eta_0.02,253,0.2782805909536632,0.0770147734964117,-0.7780770472935198
eta_0.02,254,0.2862886661403341,0.051919163025522796,-0.8031726577644087
eta_0.02,255,0.2807368228471375,0.06549782458761669,-0.7895939962023149
eta_0.02,256,0.29533315632533497,0.04029907467635366,-0.8147927461135779
eta_0.02,257,0.26097453520414016,0.03424585417708825,-0.8208459666128433
eta_0.02,258,0.259939064037631,0.03820603497152094,-0.8168857858184105
eta_0.02,259,0.2436204885414145,0.02389264779862969,-0.8311991729913019
eta_0.02,260,0.2700060999713736,0.029740326056390196,-0.8253514947335413
eta_0.02,261,0.2682564148811417,0.03435079106774723,-0.8207410297221843
eta_0.02,262,0.2394856711567922,0.019845544746972144,-0.8352462760429593
eta_0.02,263,0.2325355684359484,0.0320811360846488,-0.8230106847052827
eta_0.02,264,0.3252791078586746,0.07626566870663223,-0.7788261520832993
eta_0.02,265,0.19487298177847462,0.01954244433246144,-0.8355493764574701
eta_0.02,266,0.25010413703763584,0.04884690581706688,-0.8062449149728647
eta_0.02,267,0.267931741796012,0.035027659144234016,-0.8200641616456975
eta_0.02,268,0.24201537285599173,0.024410776050485194,-0.8306810447394464
eta_0.02,269,0.2832398704369761,0.048836896894719595,-0.8062549238952119
eta_0.02,270,0.34355581760143383,0.08927387992045445,-0.7658179408694771
eta_0.02,271,0.2989283149876111,0.058129502328281145,-0.7969623184616503
eta_0.02,272,0.29197121765521866,0.04732286998122889,-0.8077689508087026
eta_0.02,273,0.2703211037682546,0.05172772068911774,-0.8033641001008138
eta_0.02,274,0.28205117909471034,0.06882093964461206,-0.7862708811453194
eta_0.02,275,0.24360747757310772,0.036110184153474605,-0.818981636636457
eta_0.02,276,0.258859607800895,0.04460429695821512,-0.8104875238317164
eta_0.02,277,0.23320841562025743,0.02947757180590683,-0.8256142489840247
eta_0.02,278,0.2605897292107558,0.05020916328237514,-0.8048826575075564
eta_0.02,279,0.38154849153994397,0.06764128916185427,-0.7874505316280772
eta_0.02,280,0.28759121664502363,0.03997570792831022,-0.8151161128616213
eta_0.02,281,0.25226961909140755,0.02182456014807474,-0.8332672606418567
eta_0.02,282,0.2581188510380773,0.0394179979673462,-0.8156738228225853
eta_0.02,283,0.23136009629527984,0.03036052082117289,-0.8247312999687586
eta_0.02,284,0.2318263538154755,0.04701781359426571,-0.8080740071956658
eta_0.02,285,0.27721777340317055,0.04082092812901718,-0.8142708926609143
eta_0.02,286,0.2834966336078621,0.08957519662003657,-0.765516624169895
eta_0.02,287,0.3344537536641939,0.072247620322938,-0.7828442004669935
eta_0.02,288,0.2296137480408443,0.030911791575069306,-0.8241800292148622
eta_0.02,289,0.3680327821504388,0.0804742758563589,-0.7746175449335726
eta_0.02,290,0.30037915680583777,0.05772325133216411,-0.7973685694577674
eta_0.02,291,0.31681292375981696,0.05717288770560833,-0.7979189330843232
eta_0.02,292,0.31323245555944323,0.07705104186599876,-0.7780407789239328
eta_0.02,293,0.21086072058196653,0.01942047508058218,-0.8356713457093493
eta_0.02,294,0.2688760265046058,0.06449554399159915,-0.7905962767983323
eta_0.02,295,0.26461585094410867,0.05689019593093425,-0.7982016248589973
eta_0.02,296,0.2626918186702025,0.02808877959295505,-0.8270030411969764
eta_0.02,297,0.2903790388288847,0.042888502408306606,-0.8122033183816249
eta_0.02,298,0.24897884643350782,0.03567004258082363,-0.8194217782091079
eta_0.02,299,0.3321958266049313,0.09052575789560433,-0.7645660628943272
eta_0.02,300,0.2906849987085899,0.04489508310248351,-0.810196737687448
eta_0.02,301,0.2535644970064216,0.048244679365987024,-0.8068471414239445
eta_0.02,302,0.2708647535030859,0.03779938313658729,-0.8172924376533443
eta_0.02,303,0.2619497578027138,0.0445050932835027,-0.8105867275064288
eta_0.02,304,0.2629344126291998,0.02169274873158331,-0.8333990720583482
eta_0.02,305,0.3018217458184901,0.05307351982360245,-0.8020183009663291
eta_0.02,306,0.25958851406195105,0.05040745100302185,-0.8046843697869097
eta_0.02,307,0.25501227454530334,0.05453476803080061,-0.8005570527591309
eta_0.02,308,0.24120122206111488,0.031722274860926214,-0.8233695459290054
eta_0.02,309,0.3573140399845103,0.08994371425422291,-0.7651481065357086
eta_0.02,310,0.23210541990829658,0.03175317361633752,-0.823338647173594
eta_0.02,311,0.2786546923047633,0.04736696980896663,-0.8077248509809649
eta_0.02,312,0.2825031310548697,0.05058208054047493,-0.8045097402494565
eta_0.02,313,0.2562378203327218,0.07754432379914644,-0.7775474969907851
eta_0.02,314,0.31530810803610376,0.05735665830248601,-0.7977351624874455
eta_0.02,315,0.23126830132617243,0.04076657502683917,-0.8143252457630923
eta_0.02,316,0.309333219898998,0.06325752521463468,-0.7918342955752968
eta_0.02,317,0.26863105588798014,0.028879841775807144,-0.8262119790141244
eta_0.02,318,0.3164045268556551,0.06375865237354952,-0.791333168416382
eta_0.02,319,0.29070647280619516,0.03243163849732202,-0.8226601822926095
eta_0.02,320,0.32924316547039095,0.05203077635227135,-0.8030610444376601
eta_0.02,321,0.24696735114428392,0.02067941788594138,-0.8344124029039901
eta_0.02,322,0.2739982347324801,0.05574249785660969,-0.7993493229333218
eta_0.02,323,0.2437923183187593,0.03313092351923034,-0.8219608972707012
eta_0.02,324,0.2953178972791183,0.06309064105102741,-0.7920011797389042
eta_0.02,325,0.2553825595475766,0.030392064275230363,-0.8246997565147012
eta_0.02,326,0.231717183883891,0.026190350988147065,-0.8289014698017845
eta_0.02,327,0.2603036177821335,0.034639606473791995,-0.8204522143161395
eta_0.02,328,0.2754080934786235,0.03128719749235252,-0.823804623297579
eta_0.02,329,0.28013838613982767,0.045197795003927496,-0.809894025786004
eta_0.02,330,0.2543415477916895,0.031914902793973784,-0.8231769179959577
eta_0.02,331,0.21001884545863944,0.024508765836409374,-0.8305830549535221
eta_0.02,332,0.24824898773910534,0.05952361958232368,-0.7955682012076079
eta_0.02,333,0.21632571079710117,0.0251049772931465,-0.829986843496785
eta_0.02,334,0.2355365508471515,0.03014176868749764,-0.8249500521024339
eta_0.02,335,0.25073643663587947,0.03513721919083278,-0.8199546015990987
eta_0.02,336,0.308268382838057,0.09009798160703622,-0.7649938391828953
eta_0.02,337,0.24118392036502664,0.0323342045320229,-0.8227576162579087
eta_0.02,338,0.2919935754509182,0.04774977230022963,-0.8073420484897019
eta_0.02,339,0.29492021539805074,0.04826784132667407,-0.8068239794632575
eta_0.02,340,0.27656844570276184,0.03783917762293,-0.8172526431670015
eta_0.02,341,0.20505047798572518,0.022011970986570466,-0.833079849803361
eta_0.02,342,0.2952757442096441,0.05009491610705319,-0.8049969046828783
eta_0.02,343,0.3632536991130885,0.06979423211895283,-0.7852975886709787
eta_0.02,344,0.2983957966244764,0.04738294972313241,-0.8077088710667991
eta_0.02,345,0.26279127687164117,0.06141098542577206,-0.7936808353641595
eta_0.02,346,0.2564697617895025,0.03852724320512892,-0.8165645775848026
eta_0.02,347,0.28260987326174686,0.048275460152721925,-0.8068163606372096
eta_0.02,348,0.26412341798417355,0.0413672442927508,-0.8137245764971807
eta_0.02,349,0.3864617574043337,0.11274139751047188,-0.7423504232794597
eta_0.02,350,0.2731683732892676,0.05771609370776851,-0.797375727082163
eta_0.02,351,0.28918293947330753,0.043660908114004165,-0.8114309126759274
eta_0.02,352,0.27766551015601726,0.0514067952435147,-0.8036850255464169
eta_0.02,353,0.2668097553531714,0.030213050982348142,-0.8248787698075833
eta_0.02,354,0.34034010606237525,0.04427207458321451,-0.810819746206717
eta_0.02,355,0.22320155973054423,0.03682293742597033,-0.8182688833639612
eta_0.02,356,0.3193251635638915,0.06307028775487551,-0.792021533035056
eta_0.02,357,0.24366743997405316,0.03962728006274316,-0.8154645407271883
eta_0.02,358,0.2709919381812341,0.0458464594116405,-0.8092453613782911
eta_0.02,359,0.3777049761130299,0.05958424306330527,-0.7955075777266263
eta_0.02,360,0.29677191096921074,0.05700635842918396,-0.7980854623607475
eta_0.02,361,0.3315074484141739,0.05003793187704367,-0.8050538889128879
eta_0.02,362,0.29727080931172534,0.06626923013858277,-0.7888225906513487
eta_0.02,363,0.25133018611647495,0.04362416726112933,-0.8114676535288021
eta_0.02,364,0.29038217414836837,0.058907169347281504,-0.79618465144265
eta_0.02,365,0.22743109671589548,0.04249319913996749,-0.812598621649964
eta_0.02,366,0.2875756263985023,0.035093500798520916,-0.8199983199914106
eta_0.02,367,0.314845318149082,0.06158429438598985,-0.7935075264039416
eta_0.02,368,0.328666742282162,0.07358267233282367,-0.7815091484571078
eta_0.02,369,0.24442098606364496,0.03467787208653492,-0.8204139487033966
eta_0.02,370,0.2870090531733236,0.046824453639308206,-0.8082673671506233
eta_0.02,371,0.2806709080140758,0.07497914854490045,-0.7801126722450311
eta_0.02,372,0.269082318988622,0.04526612178915469,-0.8098256990007768
eta_0.02,373,0.26063381515060646,0.04271278836505482,-0.8123790324248767
eta_0.02,374,0.2466364160234828,0.047409360248730964,-0.8076824605412005
eta_0.02,375,0.24849795006235742,0.03207330459139883,-0.8230185161985327
eta_0.02,376,0.26770574320526164,0.04698906346023111,-0.8081027573297004
eta_0.02,377,0.2747600934995486,0.08495486253949158,-0.7701369582504399
eta_0.02,378,0.29709730974941934,0.040855020554662794,-0.8142368002352687
eta_0.02,379,0.27979784641551986,0.06095268641664282,-0.7941391343732886
eta_0.02,380,0.3067649294579456,0.07207315627426475,-0.7830186645156667
eta_0.02,381,0.2759229762428233,0.04646871456239308,-0.8086231062275384
eta_0.02,382,0.28127939644480116,0.06250940055348395,-0.7925824202364475
eta_0.02,383,0.2510982317532763,0.0397450760302404,-0.8153467447596912
eta_0.02,384,0.2753687648976675,0.04190866908958639,-0.8131831517003452
eta_0.02,385,0.3310051780763289,0.048648662280503394,-0.8064431585094282
eta_0.02,386,0.311404620611072,0.05687608840841765,-0.7982157323815139
eta_0.02,387,0.2854543339117912,0.0671181135282994,-0.7879737072616321
eta_0.02,388,0.2611898617368124,0.0450825205133689,-0.8100093002765626
eta_0.02,389,0.25537212493934464,0.027399085972175177,-0.8276927348177563
eta_0.02,390,0.30917849341487247,0.06845665667749454,-0.786635164112437
eta_0.02,391,0.2995789679909004,0.037537180609096554,-0.8175546401808349
eta_0.02,392,0.23033575788514776,0.020476992656250727,-0.8346148281336808
eta_0.02,393,0.22895584512226194,0.02323988988839018,-0.8318519309015413
eta_0.02,394,0.21160689429815221,0.018546593900784177,-0.8365452268891473
eta_0.02,395,0.29066344558849255,0.051879721774549976,-0.8032120990153815
eta_0.02,396,0.31901341305683767,0.05293070654987693,-0.8021611142400545
eta_0.02,397,0.3533466883470302,0.05856124211134267,-0.7965305786785888
eta_0.02,398,0.2929397168082294,0.044552716567272166,-0.8105391042226593
eta_0.02,399,0.22521052074553105,0.029744200725575133,-0.8253476200643564
eta_0.02,400,0.2592811760190478,0.0833802245880327,-0.7717115962018988
eta_0.02,401,0.34409385211068144,0.06982502818750835,-0.7852667926024232
eta_0.02,402,0.29058471273772646,0.062074331561431835,-0.7930174892284997
eta_0.02,403,0.2474957374661242,0.028529891744665387,-0.8265619290452662
eta_0.02,404,0.2771885357269076,0.03582565468695709,-0.8192661661029744
eta_0.02,405,0.2630283818591913,0.04151354282301241,-0.8135782779669191
eta_0.02,406,0.27447035978789436,0.04102945710035488,-0.8140623636895766
eta_0.02,407,0.29310897779085304,0.06624433437147052,-0.788847486418461
eta_0.02,408,0.311030559189321,0.042367390248708496,-0.812724430541223
eta_0.02,409,0.25041454046380274,0.04620720372146532,-0.8088846170684661
eta_0.02,410,0.2727247840215712,0.061480349858249406,-0.7936114709316822
eta_0.02,411,0.3233957883541785,0.07000817807632327,-0.7850836427136082
eta_0.02,412,0.2933602829555199,0.07060823487530321,-0.7844835859146283
eta_0.02,413,0.2716318786263241,0.04640377160509243,-0.808688049184839
eta_0.02,414,0.30323898455938636,0.048503238407836075,-0.8065885823820954
eta_0.02,415,0.22406054289865412,0.027032074382759865,-0.8280597464071716
eta_0.02,416,0.3010170312375132,0.07706073269694469,-0.7780310880929868
eta_0.02,417,0.24377141333669833,0.03234505980243518,-0.8227467609874963
eta_0.02,418,0.2505747624090035,0.04075127456260237,-0.8143405462273291
eta_0.02,419,0.2667433644029269,0.03408257041922805,-0.8210092503707035
eta_0.02,420,0.25191363517864623,0.02910519768162777,-0.8259866231083037
eta_0.02,421,0.29489358940516947,0.07563870427731052,-0.779453116512621
eta_0.02,422,0.2212736046375779,0.021629527411287854,-0.8334622933786436
eta_0.02,423,0.3081693091104579,0.059043033219487166,-0.7960487875704444
eta_0.02,424,0.27602439134969814,0.038172053722149026,-0.8169197670677825
eta_0.02,425,0.295019645901503,0.07191300550961714,-0.7831788152803144
eta_0.02,426,0.3148025438452443,0.0701232522299388,-0.7849685685599928
eta_0.02,427,0.23873573256166486,0.040325371735680744,-0.8147664490542508
eta_0.02,428,0.3625126225239569,0.061658116665293,-0.7934337041246385
eta_0.02,429,0.2747936001638589,0.07336519779883252,-0.781726622991099
eta_0.02,430,0.2560728065628787,0.04534324224380819,-0.8097485785461234
eta_0.02,431,0.32738577353328324,0.061640068615601035,-0.7934517521743305
eta_0.02,432,0.27747487690442635,0.03624324827613023,-0.8188485725138013
eta_0.02,433,0.29477548869101694,0.03599903384283229,-0.8190927869470992
eta_0.02,434,0.3142161739498499,0.05668195605511121,-0.7984098647348203
eta_0.02,435,0.2774191452974859,0.06909760274399945,-0.7859942180459321
eta_0.02,436,0.2662752880902201,0.04349599759077526,-0.8115958231991562
eta_0.02,437,0.31318015188766785,0.07400730658523205,-0.7810845142046995
eta_0.02,438,0.2678692248156138,0.044123078246743955,-0.8109687425431875
eta_0.02,439,0.24201839441352088,0.033982308780696524,-0.821109512009235
eta_0.02,440,0.28669347030507575,0.06427895941541953,-0.790812861374512
eta_0.02,441,0.31727130133522974,0.08582087550523958,-0.769270945284692
eta_0.02,442,0.33661407140379596,0.05115678012660928,-0.8039350406633222
eta_0.02,443,0.23162091163551662,0.0386731838308283,-0.8164186369591032
eta_0.02,444,0.2466707299666164,0.02996716868902078,-0.8251246521009107
eta_0.02,445,0.22046018291404584,0.02709747685479852,-0.8279943439351329
eta_0.02,446,0.23261098032888808,0.034363845631995196,-0.8207279751579363
eta_0.02,447,0.28836946113836237,0.06591856137064472,-0.7891732594192868
eta_0.02,448,0.3219185377936465,0.04717021110904528,-0.8079216096808862
eta_0.02,449,0.27119030841701397,0.05155122369286885,-0.8035405970970626
eta_0.02,450,0.2872603466372578,0.0686933593456064,-0.7863984614443251
eta_0.02,451,0.35123431700902236,0.058497975754624516,-0.796593845035307
eta_0.02,452,0.25620030028161,0.042603654954293205,-0.8124881658356383
eta_0.02,453,0.24686057220234037,0.03414014910891151,-0.82095167168102
eta_0.02,454,0.25366527666888883,0.023266556959152827,-0.8318252638307787
eta_0.02,455,0.2833701002197376,0.037848930489030326,-0.8172428903009011
eta_0.02,456,0.24128442797563907,0.02889154382262782,-0.8262002769673037
eta_0.02,457,0.28321012821239316,0.04816328488207308,-0.8069285359078584
eta_0.02,458,0.2706306977468728,0.0245676665939042,-0.8305241541960273
eta_0.02,459,0.2103051213725086,0.026750822450365513,-0.828340998339566
eta_0.02,460,0.21809506947778756,0.02648525254100001,-0.8286065682489315
eta_0.02,461,0.2129204745579163,0.02917028960965068,-0.8259215311802808
eta_0.02,462,0.29997559109802485,0.06208212262533756,-0.793009698164594
eta_0.02,463,0.2653182449801512,0.03066413921155981,-0.8244276815783717
eta_0.02,464,0.27350074044354133,0.04379114175627509,-0.8113006790336564
eta_0.02,465,0.23617810993846378,0.028053693718629258,-0.8270381270713023
eta_0.02,466,0.2503093763493183,0.030080494998738078,-0.8250113257911934
eta_0.02,467,0.2631981956333239,0.07310159686106585,-0.7819902239288656
eta_0.02,468,0.3819530938254911,0.11052446143452846,-0.7445673593554031
eta_0.02,469,0.2599840420134605,0.030866956491767267,-0.8242248642981642
eta_0.02,470,0.24471973729216145,0.03971834027674447,-0.815373480513187
eta_0.02,471,0.2909830516023373,0.05183400504263121,-0.8032578157473003
eta_0.02,472,0.2719337366057366,0.05255097451447298,-0.8025408462754585
eta_0.02,473,0.3261686588016063,0.038775748168081395,-0.8163160726218501
eta_0.02,474,0.31222394863124303,0.05917610124517583,-0.7959157195447557
eta_0.02,475,0.3360566052548688,0.06996777600039662,-0.7851240447895349
eta_0.02,476,0.28995732285967846,0.04191148810549542,-0.8131803326844361
eta_0.02,477,0.36098910674322593,0.06419577308750063,-0.7908960477024309
eta_0.02,478,0.25574580806947683,0.03646375032966542,-0.8186280704602661
eta_0.02,479,0.24885312778040863,0.05435061315926664,-0.8007412076306649
eta_0.02,480,0.30645100732474556,0.07624783983789189,-0.7788439809520397
eta_0.02,481,0.30078744535766644,0.05292859259155745,-0.802163228198374
eta_0.02,482,0.26355262118188116,0.0272655786982261,-0.8278262420917054
eta_0.02,483,0.2993041465648244,0.057396203610848844,-0.7976956171790827
eta_0.02,484,0.25777113018593445,0.0748664214858491,-0.7802253993040824
eta_0.02,485,0.19640845831563125,0.020923150344178364,-0.8341686704457532
eta_0.02,486,0.31173924548980025,0.0555775481401298,-0.7995142726498017
eta_0.02,487,0.32709143012840153,0.08600966692846546,-0.7690821538614661
eta_0.02,488,0.3097991864531956,0.053670629395055,-0.8014211913948766
eta_0.02,489,0.2743524030543699,0.04228463067067831,-0.8128071901192532
eta_0.02,490,0.29839190313640684,0.03607609552251169,-0.8190157252674198
eta_0.02,491,0.3788539135085274,0.10440807906840448,-0.7506837417215271
eta_0.02,492,0.2780895133453107,0.03358462649169361,-0.8215071942982379
eta_0.02,493,0.28524802366236635,0.0618628492445306,-0.793228971545401
eta_0.02,494,0.23663033328484956,0.035652150950400904,-0.8194396698395306
eta_0.02,495,0.3151015221566461,0.07288510950139085,-0.7822067112885407
eta_0.02,496,0.24854893288805088,0.04228574550684873,-0.8128060752830828
eta_0.02,497,0.3135031011883598,0.04555527265350317,-0.8095365481364284
eta_0.02,498,0.2723672434740967,0.047994660718358714,-0.8070971600715728
eta_0.02,499,0.21953643494064207,0.03061880229722928,-0.8244730184927023
eta_0.02,500,0.3278333961755275,0.04980640243523214,-0.8052854183546994
eta_0.02,501,0.27480271018305075,0.03883319084859277,-0.8162586299413388
eta_0.02,502,0.295016151108746,0.0704769866082327,-0.7846148341816988
eta_0.02,503,0.25478661162646915,0.03271872385959136,-0.8223730969303401
eta_0.02,504,0.32376568681443507,0.09579319694768157,-0.7592986238422499
eta_0.02,505,0.3278878814672025,0.05726376294594497,-0.7978280578439866
eta_0.02,506,0.255823951495734,0.03971010971562878,-0.8153817110743027
eta_0.02,507,0.29262907649030767,0.054468267053145725,-0.8006235537367858
eta_0.02,508,0.27812306353319083,0.04644121085283212,-0.8086506099370994
eta_0.02,509,0.3036330615489321,0.07208743415708768,-0.7830043866328438
eta_0.02,510,0.2927352793657174,0.04469760615508925,-0.8103942146348423
eta_0.02,511,0.27920614088209483,0.059417585612256074,-0.7956742351776754
eta_0.02,512,0.33717473820624944,0.06576993137867454,-0.789321889411257
eta_0.02,513,0.2606338336860792,0.05820988109346117,-0.7968819396964704
eta_0.02,514,0.21559797707566805,0.026063128338483215,-0.8290286924514483
eta_0.02,515,0.2377063883111721,0.02298810745238425,-0.8321037133375473
eta_0.02,516,0.2226484842871483,0.026733552391530094,-0.8283582683984014
eta_0.02,517,0.27509165160598503,0.05076891801412856,-0.804322902775803
eta_0.02,518,0.4038086700902702,0.07379561062764968,-0.7812962101622818
eta_0.02,519,0.3127719696320914,0.04852980271243239,-0.8065620180774992
eta_0.02,520,0.2633915251894708,0.048564162337931885,-0.8065276584519996
eta_0.02,521,0.28936069753564897,0.054126620598351896,-0.8009652001915796
eta_0.02,522,0.29517007050128397,0.05516566009132123,-0.7999261606986103
eta_0.02,523,0.25408359218800847,0.04109764302618374,-0.8139941777637478
eta_0.02,524,0.24909442112536445,0.027776953572370613,-0.8273148672175609
eta_0.02,525,0.2596527062630909,0.03386701125638763,-0.8212248095335439
eta_0.02,526,0.2769293857143367,0.053316972275391665,-0.8017748485145398
eta_0.02,527,0.2628943082146774,0.049977631912815665,-0.8051141888771158
eta_0.02,528,0.2666118547002085,0.03377726118796838,-0.8213145596019631
eta_0.02,529,0.3287213823631452,0.06235994159196237,-0.7927318791979692
eta_0.02,530,0.2453430629212089,0.033715159016737196,-0.8213766617731943
eta_0.02,531,0.2916638967505214,0.05622361400466827,-0.7988682067852633
eta_0.02,532,0.25528500455308634,0.02173030075075098,-0.8333615200391805
eta_0.02,533,0.3139707255440321,0.05423190035751668,-0.8008599204324148
eta_0.02,534,0.2829901011651032,0.05870609166264214,-0.7963857291272893
eta_0.02,535,0.2489076504374916,0.02574948642315237,-0.8293423343667792
eta_0.02,536,0.2469250290597681,0.03063971121496699,-0.8244521095749645
eta_0.02,537,0.33867077210891705,0.050597681416476886,-0.8044941393734546
eta_0.02,538,0.2472877482953964,0.0314316675703075,-0.823660153219624
eta_0.02,539,0.34089398855590075,0.0938366712540088,-0.7612551495359228
eta_0.02,540,0.24590839994621072,0.0613487532654962,-0.7937430675244354
eta_0.02,541,0.2726374767436086,0.05245236023879792,-0.8026394605511336
eta_0.02,542,0.2413487029704364,0.049036508781668084,-0.8060553120082634
eta_0.02,543,0.3392023728215232,0.07152365892705115,-0.7835681618628804
eta_0.02,544,0.27040329846728955,0.05011934600628836,-0.8049724747836432
eta_0.02,545,0.31359192685331044,0.045223046337218166,-0.8098687744527133
eta_0.02,546,0.283452563063156,0.049882604079937366,-0.8052092167099941
eta_0.02,547,0.28247894292983833,0.06494749869551983,-0.7901443220944117
eta_0.02,548,0.2760446749780122,0.04397251636821236,-0.8111193044217192
eta_0.02,549,0.3087861430941974,0.07284218930109039,-0.7822496314888411
eta_0.02,550,0.2801954905150488,0.03549561615068208,-0.8195962046392494
eta_0.02,551,0.27141240931684607,0.05248589863266325,-0.8026059221572682
eta_0.02,552,0.25401484376415284,0.05271947563402306,-0.8023723451559085
eta_0.02,553,0.2699083226999286,0.039562478038477566,-0.815529342751454
eta_0.02,554,0.2391771953178381,0.0317552811168892,-0.8233365396730423
eta_0.02,555,0.29226031921760487,0.05157926607192818,-0.8035125547180033
eta_0.02,556,0.28674742838601985,0.0385490644495395,-0.816542756340392
eta_0.02,557,0.240617417084356,0.02344357746438358,-0.8316482433255479
eta_0.02,558,0.31271959628363427,0.06091718295606446,-0.7941746378338671
eta_0.02,559,0.2834476909179927,0.06317771202408126,-0.7919141087658502
eta_0.02,560,0.2650198328210508,0.0490653658679447,-0.8060264549219868
eta_0.02,561,0.27143656505264224,0.04796022514724194,-0.8071315956426895
eta_0.02,562,0.27739792879120523,0.05569557636793193,-0.7993962444219995
eta_0.02,563,0.2847342389289832,0.05801563888661191,-0.7970761819033196
eta_0.02,564,0.26143116633445207,0.027879932457680025,-0.8272118883322515
eta_0.02,565,0.3180495476613226,0.05865032665199104,-0.7964414941379405
eta_0.02,566,0.24370867176328762,0.029756276837471014,-0.8253355439524604
eta_0.02,567,0.2950207355921719,0.04364195094001471,-0.8114498698499168
eta_0.02,568,0.33874400503117774,0.07971702149812437,-0.7753747992918072
eta_0.02,569,0.2916729315044386,0.04638432434509461,-0.8087074964448369
eta_0.02,570,0.2283177683556688,0.03280410800762802,-0.8222877127823035
eta_0.02,571,0.2957119668249072,0.0834267437869945,-0.771665077002937
eta_0.02,572,0.2843003639718165,0.05427164581515016,-0.8008201749747813
eta_0.02,573,0.25123613079240054,0.054823139007231354,-0.8002686817827002
eta_0.02,574,0.3028883650405828,0.05936581936865494,-0.7957260014212766
eta_0.02,575,0.26342381215599037,0.054458713886867634,-0.8006331069030639
eta_0.02,576,0.17105456592246526,0.014248949709373694,-0.8408428710805578
eta_0.02,577,0.3048058550087326,0.06618503311722446,-0.788906787672707
eta_0.02,578,0.2826549472629789,0.03385489364344251,-0.821236927146489
eta_0.02,579,0.3043949707998155,0.059855480399792466,-0.795236340390139
eta_0.02,580,0.27205546788471746,0.03642100954516166,-0.8186708112447698
eta_0.02,581,0.22708714541460134,0.032118887100025556,-0.822972933689906
eta_0.02,582,0.28704093798158337,0.034529666680770746,-0.8205621541091608
eta_0.02,583,0.28566991500501016,0.05337974896657285,-0.8017120718233587
eta_0.02,584,0.3162136070859283,0.09315489958267835,-0.7619369212072532
eta_0.02,585,0.2715116625413409,0.045274436732080564,-0.809817384057851
eta_0.02,586,0.2491952299570201,0.037808116937941796,-0.8172837038519897
eta_0.02,587,0.34016418689390354,0.0660968212216743,-0.7889949995682572
eta_0.02,588,0.24569680770931926,0.033182760318219075,-0.8219090604717124
eta_0.02,589,0.29576916966717637,0.06720252929633104,-0.7878892914936004
eta_0.02,590,0.32648212692381984,0.03900096703926438,-0.8160908537506671
eta_0.02,591,0.25255534675225655,0.03931489686692228,-0.8157769239230093
eta_0.02,592,0.25712896863937473,0.04269311929362893,-0.8123987014963026
eta_0.02,593,0.31558369926209884,0.04862626707743694,-0.8064655537124946
eta_0.02,594,0.3108298694344681,0.03697640896596631,-0.8181154118239652
eta_0.02,595,0.27159151454327474,0.05582440359046093,-0.7992674171994706
eta_0.02,596,0.31137187520168064,0.05791763925863533,-0.7971741815312962
eta_0.02,597,0.31585061683831,0.07393872070069579,-0.7811531000892358
eta_0.02,598,0.23059368424197316,0.031127376770458803,-0.8239644440194727
eta_0.02,599,0.23616495574872914,0.03819799640284875,-0.8168938243870828
eta_0.02,600,0.2260165413746134,0.028823742417513724,-0.8262680783724178
eta_0.02,601,0.3468633095935399,0.05823185965491162,-0.7968599611350199
eta_0.02,602,0.3350815653095882,0.06140976618875145,-0.79368205460118
eta_0.02,603,0.2762202844867089,0.05056228827982155,-0.80452953251011
eta_0.02,604,0.26823363166033476,0.048463894293956575,-0.8066279264959749
eta_0.02,605,0.271424394658607,0.05021065003498264,-0.8048811707549489
eta_0.02,606,0.23342060301120007,0.04086863339484349,-0.814223187395088
eta_0.02,607,0.26648813088705026,0.04434623373362372,-0.8107455870563078
eta_0.02,608,0.2751400167216741,0.051366284711479866,-0.8037255360784517
eta_0.02,609,0.2661410965489321,0.0412277862112297,-0.8138640345787018
eta_0.02,610,0.2225706414993991,0.030736516243085696,-0.8243553045468458
eta_0.02,611,0.28315224565091324,0.0487831341901296,-0.8063086865998019
eta_0.02,612,0.27226435769134605,0.051636379029895305,-0.8034554417600362
eta_0.02,613,0.26870400023900953,0.04232404886083201,-0.8127677719290995
eta_0.02,614,0.3329106329341934,0.0720594457363326,-0.7830323750535989
eta_0.02,615,0.325605181113698,0.05669746139356209,-0.7983943593963694
eta_0.02,616,0.33419497972590767,0.07369475144208693,-0.7813970693478446
eta_0.02,617,0.2653109032702229,0.031916810641723754,-0.8231750101482077
eta_0.02,618,0.32144019217018227,0.05970329739891061,-0.795388523391021
eta_0.02,619,0.26335641883516575,0.027558828896096815,-0.8275329918938347
eta_0.02,620,0.2548756800958071,0.03911551858601241,-0.8159763022039191
eta_0.02,621,0.2566520750182984,0.05392159159934916,-0.8011702291905823
eta_0.02,622,0.28550221361996997,0.04690461012588472,-0.8081872106640468
eta_0.02,623,0.2684835413687965,0.03350652673237381,-0.8215852940575576
eta_0.02,624,0.31251755326744296,0.0642452312327754,-0.7908465895571561
eta_0.02,625,0.2781869463081542,0.0430142795873861,-0.8120775412025454
eta_0.02,626,0.24228870273234318,0.03800860761641134,-0.8170832131735202
eta_0.02,627,0.309687387599067,0.052357121919034175,-0.8027346988708973
eta_0.02,628,0.26886169421458694,0.04075569032711121,-0.8143361304628203
eta_0.02,629,0.24023289671318965,0.028748025798842308,-0.8263437949910892
eta_0.02,630,0.29413497278960216,0.04807594362923245,-0.8070158771606991
eta_0.02,631,0.313169672999594,0.07283017444055538,-0.7822616463493761
eta_0.02,632,0.297549031465109,0.08103844455541422,-0.7740533762345173
eta_0.02,633,0.2595905776368418,0.045848965700806966,-0.8092428550891245
eta_0.02,634,0.2755063123064251,0.029369472878880896,-0.8257223479110506
eta_0.02,635,0.37762761278902324,0.061513494442174244,-0.7935783263477573
eta_0.02,636,0.3933198589713329,0.0699622717510109,-0.7851295490389206
eta_0.02,637,0.2555432858509503,0.03333072099593036,-0.8217610997940011
eta_0.02,638,0.341571031553509,0.06844057306122873,-0.7866512477287028
eta_0.02,639,0.2783913541353652,0.040331082111594946,-0.8147607386783365
eta_0.02,640,0.31857633455642126,0.04945205130114311,-0.8056397694887885
eta_0.02,641,0.2517476480354936,0.03217302088938431,-0.8229187999005472
eta_0.02,642,0.25548685688154693,0.037819857778011605,-0.81727196301192
eta_0.02,643,0.3085487697966934,0.05964473177072484,-0.7954470890192067
eta_0.02,644,0.29935682551070997,0.046815977728650635,-0.8082758430612809
eta_0.02,645,0.23477459431561012,0.02840919538561737,-0.8266826254043141
eta_0.02,646,0.2935341916920676,0.06463158309088798,-0.7904602376990435
eta_0.02,647,0.2864898197391613,0.055668640124748425,-0.799423180665183
eta_0.02,648,0.2803104685772225,0.05984171669614746,-0.795250104093784
eta_0.02,649,0.26307900965527037,0.05112899506894095,-0.8039628257209905
eta_0.02,650,0.21892268480348842,0.03083956255814775,-0.8242522582317837
eta_0.02,651,0.24922795161659203,0.0596240958753528,-0.7954677249145787
eta_0.02,652,0.2942604629711386,0.03829034244888696,-0.8168014783410446
eta_0.02,653,0.2500378728555314,0.02853114231885427,-0.8265606784710773
eta_0.02,654,0.2829042541583052,0.05033956263987435,-0.8047522581500571
eta_0.02,655,0.28561010918942686,0.04355719506790398,-0.8115346257220275
eta_0.02,656,0.23130260578264733,0.032598665922524486,-0.822493154867407
eta_0.02,657,0.28339763322521405,0.05165071590381841,-0.8034411048861131
eta_0.02,658,0.3163393858455018,0.06329554510185947,-0.7917962756880721
eta_0.02,659,0.27763123939678913,0.03751998004088622,-0.8175718407490453
eta_0.02,660,0.2820428099155042,0.04283569545718194,-0.8122561253327496
eta_0.02,661,0.22374987634530066,0.0308753556380437,-0.8242164651518878
eta_0.02,662,0.3929053545697321,0.1086724553261416,-0.74641936546379
eta_0.02,663,0.3359835286895245,0.08275033162920473,-0.7723414891607268
eta_0.02,664,0.28040152763618,0.04057278345208003,-0.8145190373378515
eta_0.02,665,0.3264973671151914,0.09287312870879212,-0.7622186920811393
eta_0.02,666,0.26838112574593637,0.022724406305078847,-0.8323674144848526
eta_0.02,667,0.32192652486115564,0.06963278510877202,-0.7854590356811595
eta_0.02,668,0.24859975421206226,0.0416631935641331,-0.8134286272257985
eta_0.02,669,0.2591360623666421,0.05049478460462885,-0.8045970361853026
eta_0.02,670,0.3210481942659088,0.061218676741368334,-0.7938731440485631
eta_0.02,671,0.269079844661126,0.03823304474576009,-0.8168587760441715
eta_0.02,672,0.2793715721486882,0.03943582852655831,-0.8156559922633732
eta_0.02,673,0.24610278113012984,0.04245262927350071,-0.8126391915164308
eta_0.02,674,0.28220044324371013,0.05629405451175114,-0.7987977662781803
eta_0.02,675,0.26301233833444765,0.03628010758104695,-0.8188117132088846
eta_0.02,676,0.26693423567006397,0.0410827537496644,-0.8140090670402671
eta_0.02,677,0.2618775118745499,0.05105772625704104,-0.8040340945328904
eta_0.02,678,0.253039286030714,0.024305365532254326,-0.8307864552576771
eta_0.02,679,0.2367558291090939,0.028961294436198975,-0.8261305263537325
eta_0.02,680,0.2570926866914762,0.04161971993168895,-0.8134721008582426
eta_0.02,681,0.3072381243752734,0.06434447640373817,-0.7907473443861933
eta_0.02,682,0.29841342440705687,0.044307593507512955,-0.8107842272824186
eta_0.02,683,0.331098318006053,0.050002397890500545,-0.805089422899431
eta_0.02,684,0.28768824330845466,0.05683998652020431,-0.7982518342697272
eta_0.02,685,0.2691826686636758,0.03507066879224153,-0.82002115199769
eta_0.02,686,0.23573861995806056,0.03074946532732911,-0.8243423554626024
eta_0.02,687,0.24759883231925237,0.03589499397570088,-0.8191968268142307
eta_0.02,688,0.27250026986942333,0.03798607913648308,-0.8171057416534484
eta_0.02,689,0.24578555886808828,0.05819561719802684,-0.7968962035919047
eta_0.02,690,0.25488571208037814,0.035876586457916956,-0.8192152343320146
eta_0.02,691,0.2170683504482796,0.027978893615071408,-0.8271129271748601
eta_0.02,692,0.26754823922085236,0.044639447830027976,-0.8104523729599036
eta_0.02,693,0.25459505727803877,0.03815718902033291,-0.8169346317695986
eta_0.02,694,0.27452858601064056,0.04378368645269758,-0.8113081343372339
eta_0.02,695,0.2622064170233739,0.030123561916300955,-0.8249682588736306
eta_0.02,696,0.24535652530994653,0.033861852883669843,-0.8212299679062617
eta_0.02,697,0.24955354238429528,0.05535063398552113,-0.7997411868044104
eta_0.02,698,0.29828045185361823,0.05883474381382085,-0.7962570769761107
eta_0.02,699,0.27346756795023286,0.0501607503131537,-0.8049310704767778
eta_0.02,700,0.2920604917259785,0.0470227913957883,-0.8080690293941433
eta_0.02,701,0.24189516811087652,0.043954182325788155,-0.8111376384641433
eta_0.02,702,0.3116603266522024,0.07309645477652882,-0.7819953660134027
eta_0.02,703,0.3372385891094294,0.03322190142534959,-0.821869919364582
eta_0.02,704,0.21414546079607394,0.01876087860785749,-0.836330942182074
eta_0.02,705,0.2966581836355374,0.07260244434076465,-0.7824893764491668
eta_0.02,706,0.2580798208749135,0.023549690136161677,-0.8315421306537698
eta_0.02,707,0.3074117777393097,0.04738837092741306,-0.8077034498625184
eta_0.02,708,0.2532185779096353,0.03447311208020731,-0.8206187087097242
eta_0.02,709,0.30583459515644223,0.0594729032985756,-0.7956189174913559
eta_0.02,710,0.2784363798635677,0.053931324382366544,-0.8011604964075649
eta_0.02,711,0.2872061497302129,0.04679147982401226,-0.8083003409659193
eta_0.02,712,0.2795533945540057,0.05657329361527531,-0.7985185271746562
eta_0.02,713,0.26316165370427413,0.05193057726358878,-0.8031612435263428
eta_0.02,714,0.25884445645082527,0.03879267275041185,-0.8162991480395196
eta_0.02,715,0.2986867489805507,0.05672653903881397,-0.7983652817511175
eta_0.02,716,0.24092149469052235,0.047026590921696435,-0.808065229868235
eta_0.02,717,0.25301590543422764,0.04054834997067569,-0.8145434708192558
eta_0.02,718,0.2892534637718086,0.04346513276791534,-0.8116266880220162
eta_0.02,719,0.3219550034752974,0.06893353000736636,-0.7861582907825652
eta_0.02,720,0.37837502630254105,0.10681765577118409,-0.7482741650187474
eta_0.02,721,0.3107310089728944,0.05970641473189834,-0.7953854060580332
eta_0.02,722,0.254068252031392,0.03896056936417504,-0.8161312514257565
eta_0.02,723,0.2748528817970919,0.07412816323538801,-0.7809636575545436
eta_0.02,724,0.26967314746246196,0.07413452588905003,-0.7809572949008815
eta_0.02,725,0.28490713873742357,0.08351612315838797,-0.7715756976315435
eta_0.02,726,0.26242687857412705,0.04338448899871605,-0.8117073317912155
eta_0.02,727,0.27126883640433813,0.08113208677382439,-0.7739597340161071
eta_0.02,728,0.2703932492767517,0.03657803749739654,-0.818513783292535
eta_0.02,729,0.2912636456080088,0.05116101338752336,-0.8039308074024082
eta_0.02,730,0.2658434455554963,0.03573204132606875,-0.8193597794638627
eta_0.02,731,0.2787323905513814,0.03910988720282351,-0.815981933587108
eta_0.02,732,0.3250669610974952,0.07303205226302385,-0.7820597685269076
eta_0.02,733,0.2550705807623669,0.05298189966914689,-0.8021099211207846
eta_0.02,734,0.28585888302283646,0.04511957048890428,-0.8099722503010273
eta_0.02,735,0.26088743642819295,0.03582383197442339,-0.8192679888155081
eta_0.02,736,0.28349046593150296,0.07160444536020878,-0.7834873754297227
eta_0.02,737,0.23308272027374263,0.02580681545615499,-0.8292850053337765
eta_0.02,738,0.2712357934448231,0.04881875805252907,-0.8062730627374024
eta_0.02,739,0.217559278074914,0.02064100971145293,-0.8344508110784786
eta_0.02,740,0.2538160651447531,0.037335297310611935,-0.8177565234793196
eta_0.02,741,0.26639122478015304,0.0359795638075551,-0.8191122569823764
eta_0.02,742,0.2462861824238357,0.02759640033378647,-0.827495420456145
eta_0.02,743,0.2504549524143723,0.030586497436548378,-0.8245053233533831
eta_0.02,744,0.2631415534282818,0.029760143669842802,-0.8253316771200887
eta_0.02,745,0.2745216085871083,0.0810541480846805,-0.774037672705251
eta_0.02,746,0.31285805917959636,0.061486675659934105,-0.7936051451299974
eta_0.02,747,0.37107009406729063,0.08291692010534808,-0.7721749006845834
eta_0.02,748,0.28483074174574163,0.06843150912164658,-0.7866603116682849
eta_0.02,749,0.3044026048743145,0.05636197079433787,-0.7987298499955936
eta_0.02,750,0.18356621056210057,0.017489858876561418,-0.8376019619133701
eta_0.02,751,0.3177646947555184,0.05602884087579103,-0.7990629799141404
eta_0.02,752,0.3370052335137764,0.048379068184632154,-0.8067127526052994
eta_0.02,753,0.3412015851915986,0.0997982104014781,-0.7552936103884534
eta_0.02,754,0.3147295379538375,0.044717030496559444,-0.8103747902933721
eta_0.02,755,0.3184330560051269,0.1086684936456957,-0.7464233271442358
eta_0.02,756,0.26718495183044066,0.044271931645293375,-0.8108198891446381
eta_0.02,757,0.20610697937332206,0.02358352740421544,-0.8315082933857161
eta_0.02,758,0.23957082357674236,0.038047246361760066,-0.8170445744281715
eta_0.02,759,0.2892578085701107,0.054988011347184895,-0.8001038094427466
eta_0.02,760,0.2411851123391982,0.04936183986730642,-0.805729980922625
eta_0.02,761,0.3898712469828221,0.096133144954273,-0.7589586758356586
eta_0.02,762,0.27406942313438043,0.041499391532714064,-0.8135924292572174
eta_0.02,763,0.2589424086257025,0.05283346090273746,-0.8022583598871941
eta_0.02,764,0.23610798603844857,0.02773516060657371,-0.8273566601833579
eta_0.02,765,0.2678115382455061,0.038025280452990376,-0.8170665403369411
eta_0.02,766,0.2879295737760105,0.03632657517001306,-0.8187652456199185
eta_0.02,767,0.20776918744025838,0.017247886249768404,-0.8378439345401631
eta_0.02,768,0.3155163145604952,0.05129990048971845,-0.8037919203002131
eta_0.02,769,0.25412277065086475,0.04443606597556129,-0.8106557548143702
eta_0.02,770,0.25058181355470927,0.03316874820701182,-0.8219230725829196
eta_0.02,771,0.29903564681717104,0.03656715645031223,-0.8185246643396192
eta_0.02,772,0.26193403304961527,0.05580985172776226,-0.7992819690621693
eta_0.02,773,0.2976642807994012,0.056302315332758604,-0.7987895054571729
eta_0.02,774,0.273972534311522,0.05339632206692802,-0.8016954987230035
eta_0.02,775,0.2684886379106903,0.05037843127308691,-0.8047133895168446
eta_0.02,776,0.2949390677744581,0.04713416946620154,-0.80795765132373
eta_0.02,777,0.2800709919473191,0.0438554119257196,-0.8112364088642119
eta_0.02,778,0.2616323230974661,0.030080742013373327,-0.8250110787765582
eta_0.02,779,0.3225021449039686,0.0669299326553059,-0.7881618881346256
eta_0.02,780,0.3223738709267388,0.0870508933020113,-0.7680409274879202
eta_0.02,781,0.2880558434951541,0.05035108892696492,-0.8047407318629666
eta_0.02,782,0.24185536471385022,0.03573881182672122,-0.8193530089632103
eta_0.02,783,0.31819503348839095,0.09141498789215405,-0.7636768328977774
eta_0.02,784,0.23706627531265057,0.03808946048517239,-0.8170023603047591
eta_0.02,785,0.2548993997868573,0.045806963444471396,-0.8092848573454601
eta_0.02,786,0.22375618963276303,0.026981057677320876,-0.8281107631126107
eta_0.02,787,0.25596174994684795,0.04417661794971925,-0.8109152028402122
eta_0.02,788,0.22400123187337873,0.027827715665934998,-0.8272641051239965
eta_0.02,789,0.25225379804870407,0.04108178173694706,-0.8140100390529844
eta_0.02,790,0.24617321057847394,0.04864201655409124,-0.8064498042358402
eta_0.02,791,0.2172773918468403,0.024041031662170587,-0.831050789127761
eta_0.02,792,0.2927246240962458,0.04674515775082923,-0.8083466630391023
eta_0.02,793,0.27814274611313694,0.04071545709035982,-0.8143763636995717
eta_0.02,794,0.2655394671340501,0.041327837502630374,-0.8137639832873012
eta_0.02,795,0.32997237083634845,0.08936566413102259,-0.7657261566589089
eta_0.02,796,0.2711164535362744,0.05675135271265494,-0.7983404680772765
eta_0.02,797,0.24240439047349827,0.0394225595697049,-0.8156692612202266
eta_0.02,798,0.2389345467927684,0.03409414571367812,-0.8209976750762534
eta_0.02,799,0.2567213681132766,0.051150951146282965,-0.8039408696436485
eta_0.02,800,0.2500773929294216,0.03184490452969969,-0.8232469162602318
eta_0.02,801,0.23431459093976462,0.03732422256135172,-0.8177675982285798
eta_0.02,802,0.3134420319298548,0.07950737270517075,-0.7755844480847608
eta_0.02,803,0.32577996486776056,0.05745347708159525,-0.7976383437083363
eta_0.02,804,0.2684160842650747,0.04562644892895015,-0.8094653718609813
eta_0.02,805,0.3038899957102331,0.0722102090758199,-0.7828816117141116
eta_0.02,806,0.25107194639705155,0.036343246404484955,-0.8187485743854466
eta_0.02,807,0.3270923748810045,0.09404116088778286,-0.7610506599021487
eta_0.02,808,0.22990908579442193,0.029360741478632695,-0.8257310793112989
eta_0.02,809,0.279018188597099,0.04846492246589463,-0.8066268983240369
eta_0.02,810,0.2517906252558956,0.04176235811251088,-0.8133294626774207
eta_0.02,811,0.30069024361845365,0.06652352915866105,-0.7885682916312704
eta_0.02,812,0.2748518244124888,0.04533164721402447,-0.809760173575907
eta_0.02,813,0.30804040617735695,0.05493453122123809,-0.8001572895686935
eta_0.02,814,0.25504333901092946,0.04593583473538441,-0.8091559860545471
eta_0.02,815,0.27224818207424084,0.041839709910025155,-0.8132521108799063
eta_0.02,816,0.2886533874932532,0.040194080419401645,-0.8148977403705299
eta_0.02,817,0.22063448441205363,0.03556490856907782,-0.8195269122208537
eta_0.02,818,0.27490618180924403,0.03527480812152295,-0.8198170126684086
eta_0.02,819,0.2997729463058451,0.06000299793539276,-0.7950888228545387
eta_0.02,820,0.2677791561376865,0.03123870157799006,-0.8238531192119415
eta_0.02,821,0.2807366807956605,0.0413579302867387,-0.8137338905031928
eta_0.02,822,0.2617188826192696,0.033491134399891306,-0.8216006863900402
eta_0.02,823,0.3047232718080347,0.0584712664398343,-0.7966205543500973
eta_0.02,824,0.25439517626015845,0.035449572607062774,-0.8196422481828687
eta_0.02,825,0.3110272859799489,0.06422513865587877,-0.7908666821340528
eta_0.02,826,0.4151868087239706,0.1095152745055243,-0.7455765462844072
eta_0.02,827,0.2761322829595003,0.06482761585724744,-0.790264204932684
eta_0.02,828,0.22299652895248587,0.04040671843395414,-0.8146851023559774
eta_0.02,829,0.22614331267864907,0.0341594322611805,-0.8209323885287511
eta_0.02,830,0.2974574962184931,0.036206586818466474,-0.8188852339714651
eta_0.02,831,0.31425176181411807,0.07709574419782184,-0.7779960765921097
eta_0.02,832,0.25106171213868034,0.043056681226064306,-0.8120351395638672
eta_0.02,833,0.25486381180730766,0.05115400305124157,-0.80393781773869
eta_0.02,834,0.2784072871259172,0.051271754254995236,-0.8038200665349363
eta_0.02,835,0.29054448731794696,0.05235415003353061,-0.8027376707564009
eta_0.02,836,0.31906201290223124,0.032542355735849654,-0.8225494650540819
eta_0.02,837,0.2503745875972453,0.02824655004935331,-0.8268452707405782
eta_0.02,838,0.22281302685633825,0.028886249257217,-0.8262055715327146
eta_0.02,839,0.24123608206269936,0.03133245298928113,-0.8237593678006504
eta_0.02,840,0.2516552752911351,0.028777176064976706,-0.8263146447249547
eta_0.02,841,0.24518233902459002,0.025222924891874665,-0.8298688958980569
eta_0.02,842,0.26578153556550854,0.07656036697023995,-0.7785314538196916
eta_0.02,843,0.2311994645253017,0.03826199438137927,-0.8168298264085523
eta_0.02,844,0.2132301168783353,0.021484789166791363,-0.8336070316231401
eta_0.02,845,0.2978158997990922,0.061205335228545134,-0.7938864855613864
eta_0.02,846,0.22582062966328134,0.033093190015821616,-0.8219986307741098
eta_0.02,847,0.29650374678775493,0.060889119957697926,-0.7942027008322335
eta_0.02,848,0.2942270531664861,0.039581220163513786,-0.8155106006264177
eta_0.02,849,0.2775289485220622,0.03053260886446668,-0.8245592119254648
eta_0.02,850,0.29664131537720384,0.05953677603759405,-0.7955550447523374
eta_0.02,851,0.2599565568529285,0.08058833641210415,-0.7745034843778273
eta_0.02,852,0.33215112069342256,0.05744881381711204,-0.7976430069728194
eta_0.02,853,0.3438127034480324,0.06143298335599014,-0.7936588374339414
eta_0.02,854,0.25978823638381227,0.05476378998799235,-0.8003280308019391
eta_0.02,855,0.27593458749883537,0.057033177730538676,-0.7980586430593928
eta_0.02,856,0.28225660549471865,0.044845935420609315,-0.8102458853693222
eta_0.02,857,0.2994374489827121,0.055579048138638135,-0.7995127726512934
eta_0.02,858,0.27015474227775615,0.04413441627886733,-0.8109574045110641
eta_0.02,859,0.3289551819181551,0.10043936104373158,-0.7546524597461999
eta_0.02,860,0.26745791891197956,0.036967675788931495,-0.8181241450010001
eta_0.02,861,0.26943843490780384,0.05326956618141537,-0.8018222546085161
eta_0.02,862,0.2570043789775164,0.02084941086350446,-0.8342424099264271
eta_0.02,863,0.31552147066764846,0.06104289728908818,-0.7940489235008433
eta_0.02,864,0.25280211513745,0.03878203865511742,-0.8163097821348141
eta_0.02,865,0.2699721405355942,0.04191566273457291,-0.8131761580553586
eta_0.02,866,0.24649280695754644,0.020572632465775044,-0.8345191883241565
eta_0.02,867,0.26791713950089824,0.046576290534133785,-0.8085155302557977
eta_0.02,868,0.25610020310172676,0.040031280296816615,-0.8150605404931149
eta_0.02,869,0.27995079340870194,0.052275820078750354,-0.8028160007111812
eta_0.02,870,0.23892095381891515,0.030172011909688268,-0.8249198088802432
eta_0.02,871,0.2715828362946665,0.07258775998507043,-0.7825040608048611
eta_0.02,872,0.2720313101588189,0.0412021355002336,-0.813889685289698
eta_0.02,873,0.2560974446502188,0.03327363525888228,-0.8218181855310492
eta_0.02,874,0.2673287901264666,0.043106898317440315,-0.8119849224724912
eta_0.02,875,0.33166958181953676,0.06974859379182437,-0.7853432269981071
eta_0.02,876,0.23449000017565344,0.03777615078288873,-0.8173156700070427
eta_0.02,877,0.3551777759088566,0.06976499104431175,-0.7853268297456197
eta_0.02,878,0.25711887993158233,0.03291952097187288,-0.8221722998180586
eta_0.02,879,0.23591438329697925,0.03221523031390755,-0.822876590476024
eta_0.02,880,0.29366003841618393,0.07959352723669888,-0.7754982935532326
eta_0.02,881,0.2566017338042295,0.0374898579378162,-0.8176019628521153
eta_0.02,882,0.2955350176024187,0.06591643096630304,-0.7891753898236284
eta_0.02,883,0.2807360594995869,0.03940690067101823,-0.8156849201189132
eta_0.02,884,0.22570068869089327,0.026161061934669154,-0.8289307588552624
eta_0.02,885,0.2590881854711393,0.037324203003672354,-0.8177676177862592
eta_0.02,886,0.2574707728290724,0.04209491155370826,-0.8129969092362233
eta_0.02,887,0.2812831616847374,0.030233357752760783,-0.8248584630371707
eta_0.02,888,0.32377148104614795,0.0839838647087168,-0.7711079560812147
eta_0.02,889,0.3034835140962953,0.03533019888709946,-0.8197616219028321
eta_0.02,890,0.27064396571952914,0.06292275729191323,-0.7921690634980183
eta_0.02,891,0.2979955650897596,0.07294729684795126,-0.7821445239419802
eta_0.02,892,0.2857401285980497,0.05444906440893704,-0.8006427563809945
eta_0.02,893,0.25606300800869347,0.07876842269426125,-0.7763233980956703
eta_0.02,894,0.26187172939724124,0.04076723021334329,-0.8143245905765882
eta_0.02,895,0.362009455263653,0.06616467521359828,-0.7889271455763333
eta_0.02,896,0.2783425374734721,0.033767401426588066,-0.8213244193633434
eta_0.02,897,0.28782469858677245,0.06807310279284617,-0.7870187179970853
eta_0.02,898,0.2301740715524561,0.02561409305297169,-0.8294777277369598
eta_0.02,899,0.22675045953378636,0.02606173633026984,-0.8290300844596616
eta_0.02,900,0.23851119665106904,0.029554260169276463,-0.8255375606206551
eta_0.02,901,0.26804974033046625,0.046037796831938704,-0.8090540239579929
eta_0.02,902,0.2885118766684326,0.053472187818694304,-0.8016196329712372
eta_0.02,903,0.2706888056644782,0.05554749162031539,-0.7995443291696162
eta_0.02,904,0.2687440137164816,0.04122542228770004,-0.8138663985022314
eta_0.02,905,0.27079777493415325,0.048427146218936304,-0.8066646745709952
eta_0.02,906,0.25381614254533946,0.05180061882170185,-0.8032912019682297
eta_0.02,907,0.26400855291329106,0.056384318337451764,-0.7987075024524798
eta_0.02,908,0.259183888767598,0.039764727677890445,-0.8153270931120411
eta_0.02,909,0.2592225841985117,0.047953500256091616,-0.8071383205338399
eta_0.02,910,0.22969437783078864,0.040993225346558054,-0.8140985954433735
eta_0.02,911,0.297422988847754,0.0632750581910875,-0.791816762598844
eta_0.02,912,0.2598455984439722,0.027377001971324512,-0.827714818818607
eta_0.02,913,0.31450159969937996,0.058631865826374835,-0.7964599549635567
eta_0.02,914,0.2739420372081177,0.06050770138136724,-0.7945841194085643
eta_0.02,915,0.2520527067727157,0.028623075992745096,-0.8264687447971865
eta_0.02,916,0.2860478830704228,0.05923593523793587,-0.7958558855519956
eta_0.02,917,0.23811779485228352,0.028287796037582857,-0.8268040247523487
eta_0.02,918,0.22459609387996377,0.032209051124144926,-0.8228827696657866
eta_0.02,919,0.26235940539649094,0.06111456777372,-0.7939772530162115
eta_0.02,920,0.2502485314053319,0.0412450806847429,-0.8138467401051886
eta_0.02,921,0.2529306423224512,0.037552475132060927,-0.8175393456578706
eta_0.02,922,0.2785827102276177,0.04238822817870604,-0.8127035926112255
eta_0.02,923,0.27751091377317444,0.039190741219930866,-0.8159010795700007
eta_0.02,924,0.24729593494920737,0.04715916041673951,-0.807932660373192
eta_0.02,925,0.27366643051839157,0.0594121489794444,-0.7956796718104872
eta_0.02,926,0.3085601279958887,0.0415301076748956,-0.8135617131150359
eta_0.02,927,0.25593225715085227,0.029717589154898007,-0.8253742316350335
eta_0.02,928,0.2506012955808292,0.030238882095431692,-0.8248529386944998
eta_0.02,929,0.266619840377108,0.03812661188446355,-0.816965208905468
eta_0.02,930,0.2940783508128598,0.04565157191819467,-0.8094402488717368
eta_0.02,931,0.2460210029782358,0.03478630946318844,-0.8203055113267431
eta_0.02,932,0.3102795335807552,0.06131716735853063,-0.7937746534314009
eta_0.02,933,0.23818626591641448,0.033214838667284696,-0.8218769821226468
eta_0.02,934,0.28236343581923623,0.03768321606989456,-0.817408604720037
eta_0.02,935,0.278673687382025,0.041386679578399595,-0.8137051412115319
eta_0.02,936,0.2837688206517066,0.04842816631161183,-0.8066636544783197
eta_0.02,937,0.2355945401624122,0.04293738897551816,-0.8121544318144134
eta_0.02,938,0.2559840189231619,0.043432570289664255,-0.8116592505002672
eta_0.02,939,0.23541674921395608,0.026848641692505542,-0.828243179097426
eta_0.02,940,0.2765356369977855,0.03817085464830314,-0.8169209661416283
eta_0.02,941,0.21244426272543215,0.025317403135175796,-0.8297744176547557
eta_0.02,942,0.2333854418495775,0.025207742316651183,-0.8298840784732804
eta_0.02,943,0.33333617961061335,0.07162465685221256,-0.783467163937719
eta_0.02,944,0.3248503900993145,0.04941810457259527,-0.8056737162173362
eta_0.02,945,0.2652938633361124,0.04571697917340176,-0.8093748416165297
eta_0.02,946,0.2287237131811265,0.04891358812517796,-0.8061782326647535
eta_0.02,947,0.26620658523521556,0.031707980223819744,-0.8233838405661118
eta_0.02,948,0.27694595469155137,0.04171039428981575,-0.8133814265001158
eta_0.02,949,0.22312656758088042,0.03692889440955996,-0.8181629263803716
eta_0.02,950,0.2503560198521828,0.043745447006083765,-0.8113463737838478
eta_0.02,951,0.23434972016273983,0.031167546716654834,-0.8239242740732767
eta_0.02,952,0.2351644581643364,0.027548801543608024,-0.8275430192463235
eta_0.02,953,0.30340688092565904,0.05569459818582791,-0.7993972226041036
eta_0.02,954,0.25982562775743,0.02363985887442236,-0.8314519619155092
eta_0.02,955,0.23930977517590646,0.022700453836649467,-0.8323913669532821
eta_0.02,956,0.2882614845302035,0.052343567038111584,-0.8027482537518199
eta_0.02,957,0.2896435828465732,0.04827451324959425,-0.8068173075403373
eta_0.02,958,0.2669364465034708,0.041220209083142875,-0.8138716117067887
eta_0.02,959,0.2668595482177827,0.04711169263936914,-0.8079801281505624
eta_0.02,960,0.3112155917307665,0.059017362301439995,-0.7960744584884916
eta_0.02,961,0.2652963918445055,0.0527378620657484,-0.8023539587241831
eta_0.02,962,0.2824630881838101,0.04785958069772091,-0.8072322400922106
eta_0.02,963,0.28918102641926097,0.036070609751664665,-0.8190212110382669
eta_0.02,964,0.2503433567412956,0.03396669165899363,-0.8211251291309378
eta_0.02,965,0.2854716610780746,0.04470838341490669,-0.8103834373750248
eta_0.02,966,0.2641421085049428,0.03554946491844594,-0.8195423558714856
eta_0.02,967,0.31335642386863627,0.0558018118169617,-0.7992900089729698
eta_0.02,968,0.2675954967476841,0.04400360004775933,-0.8110882207421721
eta_0.02,969,0.3916635908426469,0.10290113049065641,-0.7521906902992751
eta_0.02,970,0.2857334163819118,0.06577038533325179,-0.7893214354566798
eta_0.02,971,0.3252131777676341,0.05406403471155678,-0.8010277860783748
eta_0.02,972,0.24801802287840574,0.036219844547365015,-0.8188719762425665
eta_0.02,973,0.3125017635215394,0.10377531032293362,-0.7513165104669979
eta_0.02,974,0.3182188606124916,0.08332180805201542,-0.7717700127379161
eta_0.02,975,0.22711972905639669,0.034053648905459546,-0.8210381718844719
eta_0.02,976,0.22786112521708984,0.03163946828757914,-0.8234523525023524
eta_0.02,977,0.2723977840326869,0.04701438442707359,-0.8080774363628579
eta_0.02,978,0.24557860489390784,0.046967665287630786,-0.8081241555023008
eta_0.02,979,0.25766008897512294,0.03969802746120077,-0.8153937933287307
eta_0.02,980,0.265913773884463,0.036793613182438664,-0.8182982076074928
eta_0.02,981,0.2550103753757076,0.06234990622001864,-0.7927419145699128
eta_0.02,982,0.26839926958841986,0.035121428808673014,-0.8199703919812585
eta_0.02,983,0.29441795111582675,0.05355571061139826,-0.8015361101785332
eta_0.02,984,0.3099092490383042,0.09515344756970469,-0.7599383732202268
eta_0.02,985,0.24571108359237176,0.03377607676344044,-0.8213157440264911
eta_0.02,986,0.28652381145310374,0.027574031683536178,-0.8275177891063953
eta_0.02,987,0.2868377962690117,0.0459432662029962,-0.8091485545869354
eta_0.02,988,0.3049300797515476,0.04484980583605251,-0.810242014953879
eta_0.02,989,0.21242648768676878,0.026407175701659215,-0.8286846450882723
eta_0.02,990,0.26195800378753975,0.04380921754380678,-0.8112826032461248
eta_0.02,991,0.29983780076224253,0.05551897598451803,-0.7995728448054135
eta_0.02,992,0.24101452907273074,0.030956945850952575,-0.824134874938979
eta_0.02,993,0.29363696526220995,0.06436454893207913,-0.7907272718578524
eta_0.02,994,0.3123727625701981,0.05265083661775254,-0.802440984172179
eta_0.02,995,0.2554970072137034,0.05339414071646531,-0.8016976800734662
eta_0.02,996,0.25083739577213054,0.0321048838506523,-0.8229869369392793
eta_0.02,997,0.3107205997348981,0.08748832601502175,-0.7676034947749097
eta_0.02,998,0.27450069572265984,0.05129871267718946,-0.8037931081127421
eta_0.02,999,0.28932476928207934,0.04164713949706035,-0.8134446812928712
eta_0.02,1000,0.27682234262907246,0.04480936695079105,-0.8102824538391404
eta_0.02,1001,0.22050174283164306,0.036582399970989145,-0.8185094208189424
eta_0.02,1002,0.29669757223651894,0.04571778556999018,-0.8093740352199413
eta_0.02,1003,0.27851834988493906,0.02902370556004774,-0.8260681152298838
eta_0.02,1004,0.3264855325991499,0.11857260744953389,-0.7365192133403976
eta_0.02,1005,0.26504964757122895,0.046997797919602624,-0.8080940228703288
eta_0.02,1006,0.29855731248983747,0.056212137512107185,-0.7988796832778243
eta_0.02,1007,0.36533305534215055,0.08160665995950234,-0.7734851608304292
eta_0.02,1008,0.26657940225000265,0.039946662807726616,-0.8151451579822049
eta_0.02,1009,0.23840061618550154,0.04678763279778765,-0.8083041879921439
eta_0.02,1010,0.26628643291988396,0.045009485801733695,-0.8100823349881978
eta_0.02,1011,0.2761623197527705,0.04295106436465414,-0.8121407564252774
eta_0.02,1012,0.339129725919778,0.06085597245545707,-0.7942358483344745
eta_0.02,1013,0.28968184989630463,0.04286807313680044,-0.8122237476531311
eta_0.02,1014,0.3250738029082112,0.060014579029023116,-0.7950772417609084
eta_0.02,1015,0.2572071174790991,0.04053479486567947,-0.814557025924252
eta_0.02,1016,0.2779330069948287,0.06652472062860672,-0.7885671001613248
eta_0.02,1017,0.2674525496855362,0.03954729329485415,-0.8155445274950773
eta_0.02,1018,0.3135584635650148,0.06878573977119398,-0.7863060810187376
eta_0.02,1019,0.270507602275168,0.06338510652927329,-0.7917067142606582
eta_0.02,1020,0.2503967973418511,0.017851391629135377,-0.8372404291607961
eta_0.02,1021,0.30083525955548424,0.0449181625964597,-0.8101736581934718
eta_0.02,1022,0.22630045802767268,0.023281747612600233,-0.8318100731773312
eta_0.02,1023,0.26507934994073024,0.046747397233723245,-0.8083444235562083
eta_0.02,1024,0.3182550081425096,0.03429820037987104,-0.8207936204100604
eta_0.02,1025,0.2161772778158798,0.02467084033199711,-0.8304209804579344
eta_0.02,1026,0.2981383684257595,0.08365925011540609,-0.7714325706745254
eta_0.02,1027,0.2856632982851711,0.06275116655726197,-0.7923406542326695
eta_0.02,1028,0.28766910042694727,0.056820259536526266,-0.7982715612534053
eta_0.02,1029,0.22901790777163056,0.029971646383929178,-0.8251201744060024
eta_0.02,1030,0.2425010468553489,0.040109062208531665,-0.8149827585813998
eta_0.02,1031,0.24209676622764512,0.03447790085089851,-0.820613919939033
eta_0.02,1032,0.25642309673708813,0.04714826456831178,-0.8079435562216197
eta_0.02,1033,0.27338443479289376,0.05407643791460375,-0.8010153828753278
eta_0.02,1034,0.26252633629688576,0.0270871637820048,-0.8280046570079267
eta_0.02,1035,0.3019690649958846,0.0529095674906224,-0.8021822532993091
eta_0.02,1036,0.2682242489453217,0.04978672757580653,-0.805305093214125
eta_0.02,1037,0.25258364077849677,0.03387757234743957,-0.8212142484424919
eta_0.02,1038,0.3537854877056802,0.07736505282925824,-0.7777267679606733
eta_0.02,1039,0.251277172777029,0.042502162720580286,-0.8125896580693512
eta_0.02,1040,0.2247492525543049,0.030005020240357744,-0.8250868005495737
eta_0.02,1041,0.2835862369263496,0.071681254872942,-0.7834105659169895
eta_0.02,1042,0.23113274633002798,0.037551750701580074,-0.8175400700883514
eta_0.02,1043,0.281478523032219,0.07935665906468932,-0.7757351617252422
eta_0.02,1044,0.26489015890484346,0.045377250952931325,-0.8097145698370002
eta_0.02,1045,0.2444951614517618,0.032232631164349566,-0.8228591896255819
eta_0.02,1046,0.2888623340182774,0.06610108167620218,-0.7889907391137293
eta_0.02,1047,0.2954643125695832,0.04181702922683887,-0.8132747915630927
eta_0.02,1048,0.22971628389334517,0.021226537421425894,-0.8338652833685056
eta_0.02,1049,0.31114908571088895,0.06525642035020258,-0.7898354004397289
eta_0.02,1050,0.26117427969574847,0.05121577557196843,-0.8038760452179631
eta_0.02,1051,0.23827079604246584,0.026721549978656688,-0.8283702708112748
eta_0.02,1052,0.26471533335373393,0.0709325492619389,-0.7841592715279926
eta_0.02,1053,0.23476562478341062,0.02908095826969377,-0.8260108625202377
eta_0.02,1054,0.3128491943374273,0.05562779830779206,-0.7994640224821394
eta_0.02,1055,0.2584611209148847,0.04696873462318708,-0.8081230861667444
eta_0.02,1056,0.28051119092884086,0.036193585371922445,-0.8188982354180091
eta_0.02,1057,0.22204406098980006,0.02710644794348855,-0.8279853728464429
eta_0.02,1058,0.3174267950125659,0.06405100967400865,-0.7910408111159228
eta_0.02,1059,0.2587955036009808,0.03277142597448254,-0.8223203948154489
eta_0.02,1060,0.3287409939496614,0.051157121905972956,-0.8039346988839585
eta_0.02,1061,0.2651507501202716,0.04136869731068182,-0.8137231234792497
eta_0.02,1062,0.3085708481285118,0.06327366000351148,-0.7918181607864201
eta_0.02,1063,0.23922842461739435,0.05068422640849749,-0.804407594381434
eta_0.02,1064,0.21804912374361873,0.02018088659397234,-0.8349109341959592
eta_0.02,1065,0.27410229351863896,0.02942379359708845,-0.825668027192843
eta_0.02,1066,0.2524304314298404,0.041207435017689184,-0.8138843857722423
eta_0.02,1067,0.2924588690870828,0.05715728574310827,-0.7979345350468232
eta_0.02,1068,0.36929739118237237,0.12776072307336656,-0.727331097716565
eta_0.02,1069,0.2791931645508883,0.05258572591844733,-0.8025060948714842
eta_0.02,1070,0.2552920932222258,0.04212669418568164,-0.8129651266042499
eta_0.02,1071,0.25725920715582673,0.051334091374704495,-0.803757729415227
eta_0.02,1072,0.2952870704035464,0.03785491018078939,-0.8172369106091422
eta_0.02,1073,0.25587937374655456,0.04024516721305911,-0.8148466535768724
eta_0.02,1074,0.23896569280838179,0.036995226007712684,-0.8180965947822189
eta_0.02,1075,0.23765620461386225,0.03383831257437561,-0.8212535082155559
eta_0.02,1076,0.20776237693339836,0.018214934924963504,-0.836876885864968
eta_0.02,1077,0.3010339331702304,0.042526200496072517,-0.812565620293859
eta_0.02,1078,0.3058702817336195,0.04302137233978601,-0.8120704484501455
eta_0.02,1079,0.2984690919323285,0.08414538738760413,-0.7709464334023274
eta_0.02,1080,0.3398549581536823,0.06976647700442959,-0.7853253437855019
eta_0.02,1081,0.2928341617007286,0.04490213588014673,-0.8101896849097848
eta_0.02,1082,0.2689636494104497,0.05193278816853737,-0.8031590326213941
eta_0.02,1083,0.2523667452802836,0.026949987009262648,-0.8281418337806689
eta_0.02,1084,0.25490092596033154,0.05035162455502376,-0.8047401962349078
eta_0.02,1085,0.2289118869220825,0.026703147787126087,-0.8283886730028054
eta_0.02,1086,0.3361261964559537,0.07837226211626727,-0.7767195586736643
eta_0.02,1087,0.24316800843571612,0.03334416865885984,-0.8217476521310717
eta_0.02,1088,0.2484965632133629,0.04601784337753258,-0.809073977412399
eta_0.02,1089,0.2540030612249184,0.026450432728571206,-0.8286413880613603
eta_0.02,1090,0.2790213360618238,0.06642256836021905,-0.7886692524297124
eta_0.02,1091,0.33303871034981636,0.06409895106022329,-0.7909928697297082
eta_0.02,1092,0.24952986212541642,0.03875143997290356,-0.816340380817028
eta_0.02,1093,0.24394016691164971,0.02987175139607969,-0.8252200693938518
eta_0.02,1094,0.3540320850510561,0.0808837250843592,-0.7742080957055724
eta_0.02,1095,0.2617937197161003,0.047358601253247576,-0.807733219536684
eta_0.02,1096,0.2576864357251688,0.06057037634748996,-0.7945214444424415
eta_0.02,1097,0.3228641205522086,0.06415759572594627,-0.7909342250639853
eta_0.02,1098,0.3088343727173529,0.05724877284509351,-0.797843047944838
eta_0.02,1099,0.35192138651250515,0.07783075028032628,-0.7772610705096052
eta_0.02,1100,0.23852595493604198,0.024195828182629678,-0.8308959926073018
eta_0.02,1101,0.22300003816146208,0.032985467564088565,-0.8221063532258429
eta_0.02,1102,0.2500171944407816,0.051078913841144234,-0.8040129069487872
eta_0.02,1103,0.3206608320141102,0.08652222074175063,-0.7685696000481809
eta_0.02,1104,0.23061297592044264,0.030533912670544682,-0.8245579081193868
eta_0.02,1105,0.30710029121593196,0.06516258733517752,-0.789929233454754
eta_0.02,1106,0.246006038308312,0.04128454039667153,-0.81380728039326
eta_0.02,1107,0.2147149342638015,0.030003991706220895,-0.8250878290837106
eta_0.02,1108,0.3362329079248522,0.05925157990849151,-0.79584024088144
eta_0.02,1109,0.22775264285119684,0.034796560098929,-0.8202952606910026
eta_0.02,1110,0.260968443646666,0.04948605234872592,-0.8056057684412056
eta_0.02,1111,0.24364204597401237,0.02702449747838053,-0.828067323311551
eta_0.02,1112,0.3769069413445744,0.13560241728242392,-0.7194894035075076
eta_0.02,1113,0.2856839244605405,0.04080150121880584,-0.8142903195711256
eta_0.02,1114,0.28274911183640894,0.04908281980746458,-0.806009000982467
eta_0.02,1115,0.2518502967321352,0.031512335220902035,-0.8235794855690295
eta_0.02,1116,0.26415739262304366,0.03910793923340254,-0.815983881556529
eta_0.02,1117,0.23337714419089045,0.04342971440829334,-0.8116621063816382
eta_0.02,1118,0.23890875340365103,0.042394363827069556,-0.812697456962862
eta_0.02,1119,0.23081997394894993,0.031159107321693188,-0.8239327134682384
eta_0.02,1120,0.26175033071973963,0.04382971411465863,-0.8112621066752729
eta_0.02,1121,0.27182292245187833,0.05801285773785865,-0.7970789630520728
eta_0.02,1122,0.2917590934051868,0.047674924678882256,-0.8074168961110493
eta_0.02,1123,0.27957470582103505,0.06455639000974289,-0.7905354307801886
eta_0.02,1124,0.24353404035026796,0.02869850686885631,-0.8263933139210752
eta_0.02,1125,0.24785431198635893,0.0313608439799422,-0.8237309768099893
eta_0.02,1126,0.24279368891337472,0.024951365774033153,-0.8301404550158984
eta_0.02,1127,0.3145932393688098,0.03933384766771495,-0.8157579731222165
eta_0.02,1128,0.27476305781273247,0.03672582401395826,-0.8183659967759732
eta_0.02,1129,0.2929046060993414,0.03562415677819372,-0.8194676640117378
eta_0.02,1130,0.32076853295463714,0.06507786770308897,-0.7900139530868425
eta_0.02,1131,0.2819530643637859,0.049274806153387446,-0.8058170146365441
eta_0.02,1132,0.25971610463260436,0.051392099110699495,-0.803699721679232
eta_0.02,1133,0.2208940764888035,0.025745898429917848,-0.8293459223600137
eta_0.02,1134,0.298448651734998,0.05436058832975821,-0.8007312324601733
eta_0.02,1135,0.23925467672103473,0.037945648748151393,-0.8171461720417801
eta_0.02,1136,0.3449891748689792,0.06639132123324136,-0.7887004995566902
eta_0.02,1137,0.266623465073348,0.06770034127792532,-0.7873914795120062
eta_0.02,1138,0.3125698255889653,0.07939987647819564,-0.7756919443117358
eta_0.02,1139,0.28846390721672527,0.05327653773164865,-0.8018152830582829
eta_0.02,1140,0.23896351168773286,0.02232749246351197,-0.8327643283264196
eta_0.02,1141,0.2851983903482559,0.0522764890098489,-0.8028153317800826
eta_0.02,1142,0.23269861467446806,0.024542475097817932,-0.8305493456921136
eta_0.02,1143,0.30731859650516363,0.07897237709245791,-0.7761194436974737
eta_0.02,1144,0.24341074240000998,0.0381020041444894,-0.8169898166454421
eta_0.02,1145,0.23315237522681795,0.02372381490669006,-0.8313680058832414
eta_0.02,1146,0.25079369411765917,0.026635722573388247,-0.8284560982165433
eta_0.02,1147,0.31621702189272116,0.0336702621578617,-0.8214215586320698
eta_0.02,1148,0.32952359775156315,0.0939440432606414,-0.7611477775292901
eta_0.02,1149,0.30521165062990196,0.03459505939147671,-0.8204967613984548
eta_0.02,1150,0.2268908965716825,0.03110257002711147,-0.82398925076282
eta_0.02,1151,0.2932194595768972,0.07364479884654573,-0.7814470219433858
eta_0.02,1152,0.3380979437506467,0.09219596990658141,-0.7628958508833501
eta_0.02,1153,0.21219883064436035,0.02829877592738679,-0.8267930448625447
eta_0.02,1154,0.36912919683007994,0.05998054842977171,-0.7951112723601598
eta_0.02,1155,0.28378588207328614,0.0367869178308594,-0.8183049029590721
eta_0.02,1156,0.28175074758141133,0.06859027421092119,-0.7865015465790103
eta_0.02,1157,0.2222367427609836,0.03669457377490001,-0.8183972470150315
eta_0.02,1158,0.27312034579093447,0.05269893004709354,-0.8023928907428379
eta_0.02,1159,0.2571665917853454,0.031102099892997802,-0.8239897208969337
eta_0.02,1160,0.20225190007388527,0.01984276259163436,-0.8352490581982972
eta_0.02,1161,0.367185125303897,0.10155772527058074,-0.7535340955193508
eta_0.02,1162,0.2886282788362792,0.04378487899744589,-0.8113069417924856
eta_0.02,1163,0.2741296017612134,0.0496902452591723,-0.8054015755307592
eta_0.02,1164,0.2688658580404043,0.06306646908396735,-0.7920253517059641
eta_0.02,1165,0.27286340576375673,0.053174207590825515,-0.801917613199106
eta_0.02,1166,0.29753811670804375,0.07318215343221282,-0.7819096673577187
eta_0.02,1167,0.3248932385087527,0.049890587311212556,-0.805201233478719
eta_0.02,1168,0.2020440741982323,0.028352830528830558,-0.826738990261101
eta_0.02,1169,0.3259785963726767,0.07320544816979993,-0.7818863726201316
eta_0.02,1170,0.3468351378918127,0.10508206562567912,-0.7500097551642524
eta_0.02,1171,0.2521656694731539,0.043429447455496054,-0.8116623733344355
eta_0.02,1172,0.2924148417980822,0.06413004578144757,-0.790961775008484
eta_0.02,1173,0.27270279026623356,0.043248770846882285,-0.8118430499430492
eta_0.02,1174,0.27665703471602765,0.0549172442559988,-0.8001745765339328
eta_0.02,1175,0.2533000759650461,0.04619006314692537,-0.8089017576430061
eta_0.02,1176,0.3225743837646471,0.05682396051069846,-0.798267860279233
eta_0.02,1177,0.3306550187972922,0.08919033530230969,-0.7659014854876218
eta_0.02,1178,0.3630511015892146,0.09139621774254439,-0.7636956030473872
eta_0.02,1179,0.258426513256188,0.02965747392852839,-0.8254343468614032
eta_0.02,1180,0.26580569028609846,0.03931827347113118,-0.8157735473188004
eta_0.02,1181,0.24746965015788772,0.03248726558421449,-0.8226045552057171
eta_0.02,1182,0.2955401053701544,0.039900270334688556,-0.8151915504552429
eta_0.02,1183,0.30672413092669243,0.05414488404062681,-0.8009469367493047
eta_0.02,1184,0.3219996816580003,0.05666526891088796,-0.7984265518790435
eta_0.02,1185,0.279806701972386,0.04371754108091842,-0.8113742797090131
eta_0.02,1186,0.33269275645017116,0.06912492546907728,-0.7859668953208543
eta_0.02,1187,0.31249968580760823,0.047140385663236486,-0.807951435126695
eta_0.02,1188,0.2797505011330712,0.0643527045888615,-0.79073911620107
eta_0.02,1189,0.2910610820196353,0.053940227666477214,-0.8011515931234543
eta_0.02,1190,0.3078407803870422,0.04803812572575667,-0.8070536950641748
eta_0.02,1191,0.26167210078139697,0.03633654077133098,-0.8187552800186005
eta_0.02,1192,0.3168253025201665,0.04097978685394204,-0.8141120339359895
eta_0.02,1193,0.24390844370274312,0.03623067020392199,-0.8188611505860095
eta_0.02,1194,0.2442129219211925,0.0468491131985746,-0.808242707591357
eta_0.02,1195,0.2712258725780596,0.08089376988971159,-0.77419805090022
eta_0.02,1196,0.1981968306912622,0.02448646663836051,-0.830605354151571
eta_0.02,1197,0.32874287387873746,0.04962304487241731,-0.8054687759175142
eta_0.02,1198,0.1830915828764791,0.0197005811585663,-0.8353912396313652
eta_0.02,1199,0.24796127884740224,0.03667969037552195,-0.8184121304144095
eta_0.02,1200,0.2759147005846678,0.042057678950197894,-0.8130341418397337
eta_0.02,1201,0.25807010614414616,0.037117266913719624,-0.8179745538762119
eta_0.02,1202,0.2880165528517319,0.030936935662789662,-0.8241548851271419
eta_0.02,1203,0.3007429419096098,0.08158376824369823,-0.7735080525462332
eta_0.02,1204,0.28566237101347924,0.07779039196562787,-0.7773014288243036
eta_0.02,1205,0.27071269192770564,0.06885575988529193,-0.7862360609046396
eta_0.02,1206,0.3050719345099435,0.08218300527802262,-0.7729088155119089
eta_0.02,1207,0.31809955871446416,0.08758182252997918,-0.7675099982599524
eta_0.02,1208,0.30846977078107185,0.038179483777554465,-0.8169123370123771
eta_0.02,1209,0.23080926017825126,0.024858078887985025,-0.8302337419019465
eta_0.02,1210,0.2463112463267048,0.05826717675966505,-0.7968246440302664
eta_0.02,1211,0.2559049929850931,0.0754178724802067,-0.7796739483097248
eta_0.02,1212,0.2990109817450114,0.057464798371878845,-0.7976270224180526
eta_0.02,1213,0.25010425806038555,0.028792154541435824,-0.8262996662484957
eta_0.02,1214,0.31813461091851747,0.06313666697593526,-0.7919551538139963
eta_0.02,1215,0.24428630906077548,0.03763296487306256,-0.817458855916869
eta_0.02,1216,0.3314111113106445,0.05846815666719268,-0.7966236641227389
eta_0.02,1217,0.29118859986176526,0.043965188757186566,-0.8111266320327449
eta_0.02,1218,0.2809372897625292,0.07209662012849091,-0.7829952006614406
eta_0.02,1219,0.2521141333633796,0.0424944500739322,-0.8125973707159994
eta_0.02,1220,0.25102956794803494,0.04674279948707835,-0.8083490213028531
eta_0.02,1221,0.24759817004211485,0.03656995930380941,-0.818521861486122
eta_0.02,1222,0.29618845799514865,0.06943718723758524,-0.7856546335523462
eta_0.02,1223,0.318690375988701,0.05943525968373548,-0.795656561106196
eta_0.02,1224,0.2618887527319041,0.045653786270579116,-0.8094380345193524
eta_0.02,1225,0.245817359863385,0.04022647147857625,-0.8148653493113552
eta_0.02,1226,0.29858138385450805,0.055278428002372204,-0.7998133927875593
eta_0.02,1227,0.2635014281802356,0.03740125653978917,-0.8176905642501423
eta_0.02,1228,0.29702401872499107,0.11146632930931806,-0.7436254914806134
eta_0.02,1229,0.2677215240069778,0.04731918160148136,-0.8077726391884501
eta_0.02,1230,0.21774074887982328,0.02009111338868337,-0.8350007074012481
eta_0.02,1231,0.2766819958805523,0.03812604001986001,-0.8169657807700715
eta_0.02,1232,0.22866699613247185,0.026113452309232944,-0.8289783684806986
eta_0.02,1233,0.23316485299463108,0.036401223158972984,-0.8186905976309585
eta_0.02,1234,0.24736688039475552,0.029352445055598357,-0.8257393757343332
eta_0.02,1235,0.24907971687582656,0.030505838949269254,-0.8245859818406622
eta_0.02,1236,0.22960358621846477,0.036527488344250326,-0.8185643324456812
eta_0.02,1237,0.3049404115183917,0.05895165896022903,-0.7961401618297025
eta_0.02,1238,0.2678684257140189,0.03192994130664569,-0.8231618794832858
eta_0.02,1239,0.3590920359859713,0.07175659111223778,-0.7833352296776938
eta_0.02,1240,0.25959788288716334,0.041676207705995845,-0.8134156130839356
eta_0.02,1241,0.2755087399546093,0.06311731400680456,-0.791974506783127
eta_0.02,1242,0.25756418639831036,0.03795919746507752,-0.817132623324854
eta_0.02,1243,0.32820227757369425,0.088274068337598,-0.7668177524523335
eta_0.02,1244,0.3026388064855155,0.04066476082518072,-0.8144270599647508
eta_0.02,1245,0.27379243369733236,0.040081381106345404,-0.8150104396835861
eta_0.02,1246,0.28414402296556174,0.05416823610056606,-0.8009235846893654
eta_0.02,1247,0.24593179401711787,0.04641002168011063,-0.8086817991098209
eta_0.02,1248,0.28721057128652683,0.05491309320107185,-0.8001787275888597
eta_0.02,1249,0.21892117103644057,0.02844926552301514,-0.8266425552669163
eta_0.02,1250,0.22667153274938356,0.035417223003768754,-0.8196745977861628
eta_0.02,1251,0.2921749993227961,0.041164175713680175,-0.8139276450762514
eta_0.02,1252,0.2941340212432357,0.0523991725927051,-0.8026926481972264
eta_0.02,1253,0.24523550685482265,0.031433123486417996,-0.8236586973035135
eta_0.02,1254,0.25643096015252453,0.04619346304196191,-0.8088983577479696
eta_0.02,1255,0.250190026035361,0.038167372804954705,-0.8169244479849768
eta_0.02,1256,0.2630648920137242,0.0322444890140788,-0.8228473317758527
eta_0.02,1257,0.2895611687828174,0.04841525433351332,-0.8066765664564182
eta_0.02,1258,0.2908848533999367,0.06782247998632646,-0.7872693408036051
eta_0.02,1259,0.25890525340982434,0.030180937089283294,-0.8249108837006482
eta_0.02,1260,0.2983295884013887,0.07108841434510718,-0.7840034064448244
eta_0.02,1261,0.21513423013361171,0.024453359869609368,-0.8306384609203221
eta_0.02,1262,0.289695154269607,0.04198773550885028,-0.8131040852810812
eta_0.02,1263,0.28967715486068313,0.05666785282613559,-0.7984239679637959
eta_0.02,1264,0.3841686675979906,0.07164107058185673,-0.7834507502080748
eta_0.02,1265,0.2931736394165987,0.04587204376824021,-0.8092197770216913
eta_0.02,1266,0.30106434467838705,0.04837585846767356,-0.806715962322258
eta_0.02,1267,0.3071062618628249,0.045535841977399634,-0.8095559788125318
eta_0.02,1268,0.2681317338047492,0.046722074850582856,-0.8083697459393486
eta_0.02,1269,0.2470067637168448,0.029855091966325416,-0.8252367288236061
eta_0.02,1270,0.26704445902425034,0.03737022800212892,-0.8177215927878025
eta_0.02,1271,0.26569755233708753,0.047965706920895905,-0.8071261138690357
eta_0.02,1272,0.28013071568533787,0.04529549498169989,-0.8097963258082316
eta_0.02,1273,0.3408755912308451,0.07787835325755799,-0.7772134675323735
eta_0.02,1274,0.3092795847240848,0.0633627187240888,-0.7917291020658427
eta_0.02,1275,0.3445196934993191,0.06734635160981511,-0.7877454691801165
eta_0.02,1276,0.31869391437666833,0.05577956072894459,-0.7993122600609869
eta_0.02,1277,0.2805430262896357,0.07042075630516761,-0.7846710644847639
eta_0.02,1278,0.26292169816317706,0.0451425553731951,-0.8099492654167364
eta_0.02,1279,0.2668248443234571,0.05028587714794023,-0.8048059436419913
eta_0.02,1280,0.2773271188818994,0.031875059404221806,-0.8232167613857098
eta_0.02,1281,0.2769090843964589,0.054353863278229636,-0.8007379575117018
eta_0.02,1282,0.2503778068361768,0.040657557217700646,-0.8144342635722308
eta_0.02,1283,0.24257460988285873,0.038029509133379824,-0.8170623116565516
eta_0.02,1284,0.2716236386922054,0.04520124976523353,-0.809890571024698
eta_0.02,1285,0.30636258396100646,0.07992663050020982,-0.7751651902897216
eta_0.02,1286,0.31935869006021855,0.055228650329261664,-0.7998631704606698
eta_0.02,1287,0.2981416690432413,0.04815233508974167,-0.8069394857001898
eta_0.02,1288,0.27024335357224444,0.03955310030672337,-0.8155387204832082
eta_0.02,1289,0.3190970654432704,0.05360233317263888,-0.8014894876172927
eta_0.02,1290,0.26447712546008284,0.09876997483997237,-0.7563218459499591
eta_0.02,1291,0.317898047649367,0.06842645589990966,-0.7866653648900218
eta_0.02,1292,0.2728040278894611,0.04394995258028342,-0.8111418682096481
eta_0.02,1293,0.24953571705593752,0.043190937919208375,-0.8119008828707232
eta_0.02,1294,0.2264219727449172,0.025477797159925986,-0.8296140236300056
eta_0.02,1295,0.27565815165011653,0.05509806386102224,-0.7999937569289093
eta_0.02,1296,0.28702578412247814,0.06160419405326409,-0.7934876267366674
eta_0.02,1297,0.27404325825297304,0.05127116475967185,-0.8038206560302597
eta_0.02,1298,0.29830396182751096,0.06689212866118227,-0.7881996921287493
eta_0.02,1299,0.2679889719008195,0.04585084193400492,-0.8092409788559266
eta_0.02,1300,0.29229517745540323,0.05675591071253584,-0.7983359100773957
eta_0.02,1301,0.2285270201920559,0.035311578050443465,-0.819780242739488
eta_0.02,1302,0.30933025016727855,0.04449127656316218,-0.8106005442267693
eta_0.02,1303,0.29353599670767994,0.06071542996020755,-0.794376390829724
eta_0.02,1304,0.2837375939208596,0.0328665457470871,-0.8222252750428444
eta_0.02,1305,0.2470610693115246,0.03872019642450214,-0.8163716243654293
eta_0.02,1306,0.2913528140028355,0.05578182237955149,-0.79930999841038
eta_0.02,1307,0.24838995409073042,0.04684727186430446,-0.808244548925627
eta_0.02,1308,0.3211116765097377,0.053802548903051785,-0.8012892718868797
eta_0.02,1309,0.29798871639218383,0.04315949992505522,-0.8119323208648763
eta_0.02,1310,0.32802383206118324,0.07598052360286078,-0.7791112971870707
eta_0.02,1311,0.31668800768285427,0.040777775177447614,-0.8143140456124839
eta_0.02,1312,0.30487407088390195,0.03698085406159528,-0.8181109667283363
eta_0.02,1313,0.26554737324057753,0.044608696720743565,-0.810483124069188
eta_0.02,1314,0.2661229455815164,0.05534422753496808,-0.7997475932549635
eta_0.02,1315,0.34004464793878864,0.0957937068043399,-0.7592981139855917
eta_0.02,1316,0.2973248647968132,0.04810091494820195,-0.8069909058417296
eta_0.02,1317,0.25936871693222935,0.045666686364825876,-0.8094251344251057
eta_0.02,1318,0.2531533946283495,0.048905603805860426,-0.8061862169840711
eta_0.02,1319,0.22680747486892994,0.025680426126352025,-0.8294113946635795
eta_0.02,1320,0.2722427309397696,0.024463222022958538,-0.8306285987669729
eta_0.02,1321,0.26358345764243507,0.057868595568868565,-0.7972232252210629
eta_0.02,1322,0.2726514133867306,0.04395486756214466,-0.8111369532277869
eta_0.02,1323,0.2782837605579975,0.038163572475474576,-0.816928248314457
eta_0.02,1324,0.22947930637959574,0.028873423412390367,-0.8262183973775411
eta_0.02,1325,0.3062481794374245,0.10562155248622697,-0.7494702683037046
eta_0.02,1326,0.360006522701384,0.06242816384740166,-0.7926636569425298
eta_0.02,1327,0.2973741101927325,0.046039132171459815,-0.8090526886184717
eta_0.02,1328,0.21161565627387727,0.03367846735643926,-0.8214133534334922
eta_0.02,1329,0.3036019237240558,0.06068616345447034,-0.7944056573354612
eta_0.02,1330,0.2620376985966272,0.04716982266961248,-0.8079219981203191
eta_0.02,1331,0.30744970644157504,0.04680941954408751,-0.808282401245844
eta_0.02,1332,0.27320263458856264,0.0381024887233602,-0.8169893320665713
eta_0.02,1333,0.28772110138649976,0.08211532538007447,-0.772976495409857
eta_0.02,1334,0.2541538264344587,0.045266322447635086,-0.8098254983422964
eta_0.02,1335,0.32495532229363855,0.060501826190162276,-0.7945899945997692
eta_0.02,1336,0.2759928852757303,0.0356675581453814,-0.8194242626445501
eta_0.02,1337,0.21939249979586856,0.018711908986911666,-0.8363799118030198
eta_0.02,1338,0.25359271502581626,0.032177845496769386,-0.8229139752931621
eta_0.02,1339,0.29499195873591066,0.0408452560311848,-0.8142465647587467
eta_0.02,1340,0.2622978807441667,0.0300053065612684,-0.8250865142286631
eta_0.02,1341,0.24033598469483075,0.03678456419817501,-0.8183072565917565
eta_0.02,1342,0.26881902200787994,0.04057732358857119,-0.8145144972013603
eta_0.02,1343,0.284771520961427,0.04312203751921171,-0.8119697832707198
eta_0.02,1344,0.2689441430771984,0.06258082475573741,-0.7925109960341941
eta_0.02,1345,0.23549511208113635,0.028275164290067954,-0.8268166564998636
eta_0.02,1346,0.3115980642816107,0.10755047664849007,-0.7475413441414415
eta_0.02,1347,0.29202151358690187,0.048480131846372024,-0.8066116889435595
eta_0.02,1348,0.30649743818552944,0.03953608299855181,-0.8155557377913797
eta_0.02,1349,0.2371661380569422,0.03219652043403606,-0.8228953003558954
eta_0.02,1350,0.2949675740874442,0.05118895667422421,-0.8039028641157073
eta_0.02,1351,0.2474087012406023,0.03874717931719972,-0.8163446414727318
eta_0.02,1352,0.36001465544765565,0.05286806153331914,-0.8022237592566124
eta_0.02,1353,0.3016867244671304,0.06816603148775235,-0.7869257893021792
eta_0.02,1354,0.31913782640163824,0.05018139603735589,-0.8049104247525756
eta_0.02,1355,0.25762989969156386,0.031991518833580035,-0.8231003019563514
eta_0.02,1356,0.2556329849344643,0.03796058520872074,-0.8171312355812108
eta_0.02,1357,0.2902516991142601,0.08438340118221509,-0.7707084196077164
eta_0.02,1358,0.2509427585933074,0.04600466418263181,-0.8090871566072997
eta_0.02,1359,0.3434595135237254,0.12084231605213051,-0.734249504737801
eta_0.02,1360,0.250261122625574,0.028670160445535484,-0.826421660344396
eta_0.02,1361,0.266424201876315,0.04597504361550672,-0.8091167771744248
eta_0.02,1362,0.2709464038102636,0.07156629140718919,-0.7835255293827423
eta_0.02,1363,0.2009100135465579,0.022703609999978037,-0.8323882107899535
eta_0.02,1364,0.26486367779863407,0.046364844158302734,-0.8087269766316287
eta_0.02,1365,0.28037266940772476,0.04476718107077028,-0.8103246397191612
eta_0.02,1366,0.253583462749712,0.02862928555137424,-0.8264625352385573
eta_0.02,1367,0.3105613918866481,0.05254206739665844,-0.8025497533932731
eta_0.02,1368,0.2684009713868768,0.038832192196359736,-0.8162596285935718
eta_0.02,1369,0.2724581973010647,0.04276148366061175,-0.8123303371293198
eta_0.02,1370,0.2621000377646767,0.05191965960273551,-0.803172161187196
eta_0.02,1371,0.2507480107602441,0.044299361954621266,-0.8107924588353103
eta_0.02,1372,0.28952938685396873,0.052134152633565065,-0.8029576681563665
eta_0.02,1373,0.25586145270379834,0.04147343644648667,-0.8136183843434448
eta_0.02,1374,0.22057844048854613,0.021746429565330058,-0.8333453912246015
eta_0.02,1375,0.3198209471608871,0.08123294552766483,-0.7738588752622667
eta_0.02,1376,0.2642337612000508,0.028926474662902782,-0.8261653461270287
eta_0.02,1377,0.2759219560137593,0.029134040123460606,-0.8259577806664709
eta_0.02,1378,0.23299766517992387,0.04623888888710817,-0.8088529319028234
eta_0.02,1379,0.2579666848888529,0.053374955996098455,-0.8017168647938331
eta_0.02,1380,0.278503176041833,0.06818755366528326,-0.7869042671246482
eta_0.02,1381,0.25603110384923977,0.039436239185505886,-0.8156555816044256
eta_0.02,1382,0.3486167374878047,0.0639628332575192,-0.7911289875324123
eta_0.02,1383,0.2504274307968021,0.03152299955995444,-0.8235688212299771
eta_0.02,1384,0.2771526453553057,0.05042915153498985,-0.8046626692549417
eta_0.02,1385,0.28036152262540825,0.05875389290802607,-0.7963379278819054
eta_0.02,1386,0.31223347615848973,0.044707544041728164,-0.8103842767482033
eta_0.02,1387,0.2852062313520381,0.054055244262766436,-0.8010365765271651
eta_0.02,1388,0.33074150778894956,0.07863640072024117,-0.7764554200696904
eta_0.02,1389,0.24927188425109015,0.03606332431421007,-0.8190284964757214
eta_0.02,1390,0.2972097097631962,0.06651547804232695,-0.7885763427476046
eta_0.02,1391,0.22428737868703486,0.031136476301633048,-0.8239553444882984
eta_0.02,1392,0.24060928243181348,0.028891071926264847,-0.8262007488636667
eta_0.02,1393,0.2626875398291585,0.03846512121740634,-0.8166266995725252
eta_0.02,1394,0.36137489409105245,0.10967697520091718,-0.7454148455890144
eta_0.02,1395,0.24658337913680986,0.037221303735497924,-0.8178705170544336
eta_0.02,1396,0.26427376859771257,0.05178682251241711,-0.8033049982775144
eta_0.02,1397,0.24257021504495635,0.031045147152340646,-0.8240466736375909
eta_0.02,1398,0.24795923762748034,0.03824821418409907,-0.8168436066058324
eta_0.02,1399,0.30257327006940393,0.04446529963100382,-0.8106265211589276
eta_0.02,1400,0.2494367802782629,0.03603597231048333,-0.8190558484794481
eta_0.02,1401,0.30130813483730395,0.060726856861378624,-0.7943649639285529
eta_0.02,1402,0.2730322350943041,0.04591082140288384,-0.8091809993870477
eta_0.02,1403,0.2502232933330204,0.04715011836263663,-0.8079417024272949
eta_0.02,1404,0.28668641261130134,0.04733946209254568,-0.8077523586973858
eta_0.02,1405,0.27223307751036463,0.04257258469247073,-0.8125192360974608
eta_0.02,1406,0.2766152345961155,0.034247812293939056,-0.8208440084959925
eta_0.02,1407,0.2645367114292797,0.03351038875730443,-0.8215814320326271
eta_0.02,1408,0.254284828281707,0.03570679422095935,-0.8193850265689722
eta_0.02,1409,0.30405852286455876,0.08270271610604168,-0.7723891046838898
eta_0.02,1410,0.28631416871765303,0.0400465570162197,-0.8150452637737118
eta_0.02,1411,0.224396477615013,0.027465492708663004,-0.8276263280812685
eta_0.02,1412,0.265366964353132,0.06002999908990864,-0.7950618217000229
eta_0.02,1413,0.29517463280080125,0.05091115269021523,-0.8041806680997163
eta_0.02,1414,0.24244151622750498,0.021600164375138804,-0.8334916564147927
eta_0.02,1415,0.22829346381021742,0.02598797993202575,-0.8291038408579058
eta_0.02,1416,0.29041565385419066,0.06408342172406117,-0.7910083990658703
eta_0.02,1417,0.24396412914998777,0.03716863628105942,-0.8179231845088721
eta_0.02,1418,0.32092643911263785,0.07473013951157748,-0.780361681278354
eta_0.02,1419,0.26104254245968117,0.03854094372083737,-0.8165508770690941
eta_0.02,1420,0.29405673479953087,0.05296485159567217,-0.8021269691942593
eta_0.02,1421,0.264419431607425,0.04288585000888774,-0.8122059707810437
eta_0.02,1422,0.26895837890085983,0.059384018656776186,-0.7957078021331553
eta_0.02,1423,0.2925985758804131,0.06883564912321635,-0.7862561716667151
eta_0.02,1424,0.2526150778962115,0.02900773890243901,-0.8260840818874925
eta_0.02,1425,0.35163419274603325,0.057413848924257445,-0.797677971865674
eta_0.02,1426,0.23944427007934344,0.035983852868523916,-0.8191079679214076
eta_0.02,1427,0.25882976894389187,0.06462681950309845,-0.7904650012868331
eta_0.02,1428,0.2942134378748511,0.04831370228141736,-0.8067781185085141
eta_0.02,1429,0.26300253859334755,0.058871162769625986,-0.7962206580203055
eta_0.02,1430,0.2254639568515442,0.03762619263154144,-0.8174656281583901
eta_0.02,1431,0.27328941062495227,0.0474591148656304,-0.8076327059243011
eta_0.02,1432,0.30479146549130187,0.05420919286314317,-0.8008826279267883
eta_0.02,1433,0.27885957061551525,0.061202515939852896,-0.7938893048500786
eta_0.02,1434,0.2927064625316292,0.038692116042229996,-0.8163997047477015
eta_0.02,1435,0.2948169366362846,0.040165373827284426,-0.814926446962647
eta_0.02,1436,0.2533116255303358,0.029971774901924375,-0.8251200458880071
eta_0.02,1437,0.2316554450866553,0.03513296237529101,-0.8199588584146404
eta_0.02,1438,0.27253489255552144,0.04814479237447605,-0.8069470284154554
eta_0.02,1439,0.26853866463553144,0.04090884495310399,-0.8141829758368275
eta_0.02,1440,0.27293015334114606,0.04388264353627997,-0.8112091772536515
eta_0.02,1441,0.299963471309603,0.06497219119380243,-0.790119629596129
eta_0.02,1442,0.2996602224245787,0.06368136808775583,-0.7914104527021757
eta_0.02,1443,0.2917676936661302,0.06356447011833918,-0.7915273506715923
eta_0.02,1444,0.2931850476320691,0.07875534124618926,-0.7763364795437423
eta_0.02,1445,0.2811286218770668,0.04170807560998514,-0.8133837451799464
eta_0.02,1446,0.24818740328736533,0.039226184680660275,-0.8158656361092712
eta_0.02,1447,0.2763316171878327,0.040477300730276326,-0.8146145200596552
eta_0.02,1448,0.2918186091037563,0.060916624669897515,-0.794175196120034
eta_0.02,1449,0.23559678512132431,0.0423342144008436,-0.8127576063890879
eta_0.02,1450,0.22917800386361536,0.030146488358233307,-0.8249453324316982
eta_0.02,1451,0.35932840517328457,0.148637358229966,-0.7064544625599656
eta_0.02,1452,0.27982469964484136,0.04778558709238971,-0.8073062336975418
eta_0.02,1453,0.3225705876480184,0.06430626126003094,-0.7907855595299006
eta_0.02,1454,0.2340857437958228,0.04908460780702163,-0.8060072129829099
eta_0.02,1455,0.2874512766929449,0.040764237362674614,-0.8143275834272569
eta_0.02,1456,0.358999677474898,0.0615626017721525,-0.793529219017779
eta_0.02,1457,0.2981935506740262,0.03334614982334892,-0.8217456709665826
eta_0.02,1458,0.22977076248820907,0.035718073096378575,-0.819373747693553
eta_0.02,1459,0.33775641354085667,0.059840180707869985,-0.7952516400820615
eta_0.02,1460,0.2682918745568169,0.049805130007209215,-0.8052866907827223
eta_0.02,1461,0.2919166309704633,0.05824343481478199,-0.7968483859751495
eta_0.02,1462,0.3000227465300981,0.05592385208475691,-0.7991679687051746
eta_0.02,1463,0.2199287176347642,0.02564864647248797,-0.8294431743174435
eta_0.02,1464,0.2622345794714131,0.05336675897356814,-0.8017250618163634
eta_0.02,1465,0.2801524257484953,0.04395656091958769,-0.8111352598703438
eta_0.02,1466,0.2745649420074082,0.049944242376739154,-0.8051475784131924
eta_0.02,1467,0.2419598300337314,0.029457449204349288,-0.8256343715855822
eta_0.02,1468,0.29943022160428584,0.0391855656034641,-0.8159062551864674
eta_0.02,1469,0.2993579270673273,0.03888034643643108,-0.8162114743535004
eta_0.02,1470,0.3400307782376107,0.04762292214490393,-0.8074688986450276
eta_0.02,1471,0.2625376618856242,0.048546462822241385,-0.8065453579676901
eta_0.02,1472,0.22936255926523044,0.03638994660153385,-0.8187018741883977
eta_0.02,1473,0.28211866861665547,0.05577045228079142,-0.79932136850914
eta_0.02,1474,0.29560294194671466,0.05854533146676682,-0.7965464893231647
eta_0.02,1475,0.3137318569681065,0.06450137448334309,-0.7905904463065885
eta_0.02,1476,0.22793453333749242,0.030838794298355402,-0.8242530264915761
eta_0.02,1477,0.28033694398299114,0.03891372559771024,-0.8161780951922213
eta_0.02,1478,0.29116707885657445,0.05651839565269451,-0.798573425137237
eta_0.02,1479,0.3302348683994577,0.09085358473123063,-0.7642382360587009
eta_0.02,1480,0.29219247181493213,0.04538309947167269,-0.8097087213182588
eta_0.02,1481,0.27951283791492526,0.03984190581326178,-0.8152499149766698
eta_0.02,1482,0.2773397580561136,0.06411473686912615,-0.7909770839208053
eta_0.02,1483,0.228915773430246,0.0341171380130718,-0.8209746827768597
eta_0.02,1484,0.2118689706993933,0.03396057924729205,-0.8211312415426395
eta_0.02,1485,0.2778937409741582,0.041781579216688916,-0.8133102415732426
eta_0.02,1486,0.28105754544716566,0.036791520828413464,-0.8183002999615181
eta_0.02,1487,0.2525837406845237,0.03839259404085425,-0.8166992267490772
eta_0.02,1488,0.30994633031777274,0.07338375726304265,-0.7817080635268888
eta_0.02,1489,0.2758140409787572,0.03149334786703463,-0.8235984729228969
eta_0.02,1490,0.25508806965650266,0.03419408470281969,-0.8208977360871118
eta_0.02,1491,0.28269010987258647,0.05073044768008088,-0.8043613731098507
eta_0.02,1492,0.2203874233979418,0.02392358397627349,-0.831168236813658
eta_0.02,1493,0.25845297493741687,0.04037328417910088,-0.8147185366108306
eta_0.02,1494,0.2462352739670523,0.031580568109006946,-0.8235112526809245
eta_0.02,1495,0.25920264983429886,0.032105535530561315,-0.8229862852593702
eta_0.02,1496,0.21396376130773223,0.035177289927034464,-0.819914530862897
eta_0.02,1497,0.3750726032806194,0.04623433846221078,-0.8088574823277207
eta_0.02,1498,0.30365351996931944,0.04962564973432177,-0.8054661710556097
eta_0.02,1499,0.24755964770340466,0.029473893021973875,-0.8256179277679576
eta_0.02,1500,0.2420177598839168,0.04310391982118549,-0.8119879009687461
eta_0.02,1501,0.29190620998618066,0.06466140268719293,-0.7904304181027386
eta_0.02,1502,0.23091793537374236,0.04042303609555126,-0.8146687846943803
eta_0.02,1503,0.2729788052813449,0.038897552725518376,-0.8161942680644131
eta_0.02,1504,0.25491813699737775,0.038108828870253506,-0.816982991919678
eta_0.02,1505,0.2793436022924555,0.033488804644496564,-0.821603016145435
eta_0.02,1506,0.27993529938975825,0.04920003633058631,-0.8058917844593452
eta_0.02,1507,0.3285418018214282,0.061710889097001266,-0.7933809316929302
eta_0.02,1508,0.28900026476823043,0.045025166156091936,-0.8100666546338395
eta_0.02,1509,0.2693419227103575,0.04903241310168262,-0.8060594076882489
eta_0.02,1510,0.29682160381178424,0.06353210010026988,-0.7915597206896616
eta_0.02,1511,0.3347516570157373,0.054127153708107265,-0.8009646670818242
eta_0.02,1512,0.25918548227798954,0.04097038477780751,-0.8141214360121241
eta_0.02,1513,0.2162664124213905,0.037956327783075575,-0.817135493006856
eta_0.02,1514,0.29439782066079195,0.04355357051292842,-0.8115382502770031
eta_0.02,1515,0.2082516867917367,0.02687125352612072,-0.8282205672638108
eta_0.02,1516,0.25025165980459574,0.05357107438812827,-0.8015207464018033
eta_0.02,1517,0.2634972006479951,0.05087341672222401,-0.8042184040677075
eta_0.02,1518,0.2900427486500041,0.06231221773707442,-0.7927796030528571
eta_0.02,1519,0.23306011609871227,0.03004879699540499,-0.8250430237945265
eta_0.02,1520,0.3260863354334189,0.08314543840124448,-0.7719463823886871
eta_0.02,1521,0.2911641632121894,0.05704146445442684,-0.7980503563355047
eta_0.02,1522,0.24315194714804209,0.02602769524142523,-0.8290641255485063
eta_0.02,1523,0.24152721674453,0.024052557239474696,-0.8310392635504568
eta_0.02,1524,0.33316504511007783,0.1021169745202466,-0.7529748462696849
eta_0.02,1525,0.2607019821091775,0.03123599825719699,-0.8238558225327345
eta_0.02,1526,0.28669423726554016,0.04759482154718575,-0.8074969992427458
eta_0.02,1527,0.2603376501961556,0.03763540858703994,-0.8174564122028916
eta_0.02,1528,0.27708787980785343,0.038364806663743214,-0.8167270141261883
eta_0.02,1529,0.28627912307101167,0.059746237991938594,-0.795345582797993
eta_0.02,1530,0.24243641588137638,0.04754309341567123,-0.8075487273742603
eta_0.02,1531,0.2441164831977951,0.03519377874863362,-0.8198980420412979
eta_0.02,1532,0.2140888617246743,0.02516469315080736,-0.8299271276391241
eta_0.02,1533,0.24031882393177767,0.04404105486758002,-0.8110507659223515
eta_0.02,1534,0.24673811559961725,0.03550139016327761,-0.8195904306266539
eta_0.02,1535,0.2380395965183069,0.02673416965199751,-0.828357651137934
eta_0.02,1536,0.25032294139927525,0.05426829703726717,-0.8008235237526643
eta_0.02,1537,0.2771734956292077,0.03497757959134648,-0.820114241198585
eta_0.02,1538,0.29934102377063954,0.08056692261339288,-0.7745248981765387
eta_0.02,1539,0.21178874337025108,0.03223914303335181,-0.8228526777565797
eta_0.02,1540,0.3070029008318127,0.07756526077570783,-0.7775265600142237
eta_0.02,1541,0.3025409127559161,0.05878384365368207,-0.7963079771362495
eta_0.02,1542,0.3528080304175013,0.07494196470969011,-0.7801498560802413
eta_0.02,1543,0.2888667810759917,0.044550594841113365,-0.8105412259488182
eta_0.02,1544,0.2907144860691063,0.06157701216646489,-0.7935148086234666
eta_0.02,1545,0.28199810692408733,0.04350077337163269,-0.8115910474182988
eta_0.02,1546,0.25498271660258404,0.04096193683332902,-0.8141298839566025
eta_0.02,1547,0.3145931375296331,0.07760028171911701,-0.7774915390708145
eta_0.02,1548,0.2429572647348906,0.02715155385707654,-0.8279402669328549
eta_0.02,1549,0.3384379359658054,0.05833083436050676,-0.7967609864294247
eta_0.02,1550,0.3425833497469486,0.04822597770581275,-0.8068658430841188
eta_0.02,1551,0.27361502368206453,0.05122572105009557,-0.8038660997398359
eta_0.02,1552,0.2722951399995003,0.03589020732434504,-0.8192016134655865
eta_0.02,1553,0.32098157508563174,0.07475146736536459,-0.780340353424567
eta_0.02,1554,0.26395535026747013,0.03363391094390203,-0.8214579098460295
eta_0.02,1555,0.30315406091076835,0.0742664255865547,-0.7808253952033768
eta_0.02,1556,0.30213170045828824,0.04836883629864105,-0.8067229844912904
eta_0.02,1557,0.25115515671408284,0.04001158164323888,-0.8150802391466926
eta_0.02,1558,0.24981801610947296,0.03300467995254096,-0.8220871408373905
eta_0.02,1559,0.3613334684780002,0.06317226413261867,-0.7919195566573128
eta_0.02,1560,0.27240954001591283,0.058690686650093665,-0.7964011341398378
eta_0.02,1561,0.31498413152991395,0.04934906974197624,-0.8057427510479552
eta_0.02,1562,0.3010747583450304,0.0421186061609595,-0.812973214628972
eta_0.02,1563,0.3567099699947447,0.10826311907175581,-0.7468287017181757
eta_0.02,1564,0.27299919689404983,0.05353741022199448,-0.8015544105679371
eta_0.02,1565,0.2607764189657974,0.04909508482353617,-0.8059967359663953
eta_0.02,1566,0.30401261333509494,0.06346506290840265,-0.7916267578815288
eta_0.02,1567,0.2809439958647133,0.04191671033197723,-0.8131751104579543
eta_0.02,1568,0.30561517720293924,0.052265791175665724,-0.8028260296142657
eta_0.02,1569,0.28336321313878093,0.06185294777594527,-0.7932388730139862
eta_0.02,1570,0.2848723192929272,0.055861822976123125,-0.7992299978138084
eta_0.02,1571,0.3065985671769178,0.040048266931852726,-0.8150435538580788
eta_0.02,1572,0.2527383745925098,0.02921618405766731,-0.8258756367322642
eta_0.02,1573,0.2797803720699452,0.04416011563199953,-0.810931705157932
eta_0.02,1574,0.28277464642108585,0.05697096904598416,-0.7981208517439473
eta_0.02,1575,0.292602299329186,0.04745203059340272,-0.8076397901965288
eta_0.02,1576,0.2485808721766262,0.036682563195480446,-0.818409257594451
eta_0.02,1577,0.26012359672610963,0.035281205568070635,-0.8198106152218608
eta_0.02,1578,0.2805056549393006,0.07231450070495202,-0.7827773200849795
eta_0.02,1579,0.28295150431818444,0.03555334812012498,-0.8195384726698065
eta_0.02,1580,0.2088607830647138,0.047135748127959134,-0.8079560726619723
eta_0.02,1581,0.31836743159837366,0.048268377457732825,-0.8068234433321987
eta_0.02,1582,0.26162346219497334,0.04100902061910018,-0.8140828001708313
eta_0.02,1583,0.24577214802362418,0.044179978903212964,-0.8109118418867185
eta_0.02,1584,0.3143279715738411,0.05919208541636357,-0.795899735373568
eta_0.02,1585,0.3161130555319901,0.07081778543837175,-0.7842740353515598
eta_0.02,1586,0.25931940174956225,0.058495484101828595,-0.7965963366881029
eta_0.02,1587,0.2792542977270297,0.0342903278513071,-0.8208014929386244
eta_0.02,1588,0.32423231537097774,0.055639162179785075,-0.7994526586101465
eta_0.02,1589,0.25881393405346764,0.04551599915594481,-0.8095758216339867
eta_0.02,1590,0.27172599410132114,0.03617199144859191,-0.8189198293413396
eta_0.02,1591,0.30406480748028386,0.04489671372326078,-0.8101951070666707
eta_0.02,1592,0.3098624046584333,0.03646444754670701,-0.8186273732432245
eta_0.02,1593,0.25570129582403744,0.03929746644193144,-0.8157943543480001
eta_0.02,1594,0.36576113832749807,0.08402519952477629,-0.7710666212651552
eta_0.02,1595,0.3784912299766949,0.09702787956331971,-0.7580639412266118
eta_0.02,1596,0.31275013025440845,0.056063963659663006,-0.7990278571302685
eta_0.02,1597,0.2886567955730338,0.0747288354075751,-0.7803629853823564
eta_0.02,1598,0.23177137712131976,0.031589599947246,-0.8235022208426855
eta_0.02,1599,0.28192055487682277,0.028607663567046776,-0.8264841572228847
eta_0.02,1600,0.23983157043404607,0.025837753321209966,-0.8292540674687215
eta_0.02,1601,0.26438498411679995,0.04176443608396106,-0.8133273847059704
eta_0.02,1602,0.31606639844931694,0.08892383449394303,-0.7661679862959885
eta_0.02,1603,0.23718072974518895,0.03643498667428716,-0.8186568341156444
eta_0.02,1604,0.3388471252886779,0.05655155685709931,-0.7985402639328322
eta_0.02,1605,0.30103458610958445,0.07695327985014394,-0.7781385409397876
eta_0.02,1606,0.22557242938586725,0.02429808472963318,-0.8307937360602984
eta_0.02,1607,0.34695740123637003,0.05677860838427256,-0.798313212405659
eta_0.02,1608,0.26827153888490296,0.040153736249342514,-0.814938084540589
eta_0.02,1609,0.26422222196977174,0.04483923247179007,-0.8102525883181414
eta_0.02,1610,0.2800490043163368,0.04341685406691968,-0.8116749667230119
eta_0.02,1611,0.2832967144958435,0.04638712274130177,-0.8087046980486298
eta_0.02,1612,0.27898661050713913,0.03374473442639984,-0.8213470863635317
eta_0.02,1613,0.3087352475587123,0.06906749571425545,-0.7860243250756761
eta_0.02,1614,0.2684674603202235,0.05906672828515725,-0.7960250925047743
eta_0.02,1615,0.2809557457786801,0.04204260013065409,-0.8130492206592774
eta_0.02,1616,0.2614819225246603,0.04406804974829527,-0.8110237710416363
eta_0.02,1617,0.2991539690784536,0.05605967188610015,-0.7990321489038313
eta_0.02,1618,0.28845092466554567,0.05267735429699167,-0.8024144664929398
eta_0.02,1619,0.2881713365092072,0.05422940068761249,-0.800862420102319
eta_0.02,1620,0.23193838310658832,0.02419063130628876,-0.8309011894836428
eta_0.02,1621,0.24519020073300568,0.028311378576457918,-0.8267804422134736
eta_0.02,1622,0.2697324045307641,0.03994071035778131,-0.8151511104321502
eta_0.02,1623,0.218072215272889,0.030726824500094813,-0.8243649962898367
eta_0.02,1624,0.2734432422496673,0.05528195987632202,-0.7998098609136095
eta_0.02,1625,0.239076213970154,0.031235825184580623,-0.8238559956053508
eta_0.02,1626,0.238611859887015,0.042748733259650645,-0.8123430875302808
eta_0.02,1627,0.2909449248598896,0.03226932137467235,-0.8228224994152592
eta_0.02,1628,0.3026554357449134,0.04237230393560743,-0.8127195168543241
eta_0.02,1629,0.2825363940825133,0.05050542002778862,-0.8045864007621429
eta_0.02,1630,0.28901040757163515,0.04147623040139445,-0.813615590388537
eta_0.02,1631,0.2369761974788496,0.022638981016370262,-0.8324528397735612
eta_0.02,1632,0.2544827005024271,0.029340351631039728,-0.8257514691588917
eta_0.02,1633,0.2610059175284698,0.048411865568238344,-0.8066799552216932
eta_0.02,1634,0.2759818332390882,0.04234821119648956,-0.8127436095934419
eta_0.02,1635,0.2960705814807699,0.05391747837104593,-0.8011743424188856
eta_0.02,1636,0.37331452560864387,0.07551873919348075,-0.7795730815964508
eta_0.02,1637,0.30039604405394416,0.07931404967931227,-0.7757777711106193
eta_0.02,1638,0.2505105513397902,0.02680668620491059,-0.828285134585021
eta_0.02,1639,0.25294411066063494,0.03668374126640186,-0.8184080795235297
eta_0.02,1640,0.2628910358428227,0.03170407337025309,-0.8233877474196785
eta_0.02,1641,0.29403887577116383,0.06597503525441842,-0.7891167855355131
eta_0.02,1642,0.3207679438176625,0.08010132100655995,-0.7749904997833715
eta_0.02,1643,0.2444232663472062,0.04305625658545644,-0.8120355642044751
eta_0.02,1644,0.286948145116145,0.03587997269340297,-0.8192118480965286
eta_0.02,1645,0.22853755370273313,0.04275824852238768,-0.8123335722675439
eta_0.02,1646,0.261110516950946,0.04596639218641756,-0.809125428603514
eta_0.02,1647,0.27993368978322475,0.04373576794286495,-0.8113560528470666
eta_0.02,1648,0.30915472235618047,0.05866868763380974,-0.7964231331561218
eta_0.02,1649,0.33747712872220204,0.06448627057579585,-0.7906055502141357
eta_0.02,1650,0.23175948800983998,0.026928398897852035,-0.8281634218920795
eta_0.02,1651,0.34219291253091355,0.04506884094386131,-0.8100229798460702
eta_0.02,1652,0.1892502834933108,0.01763824598677561,-0.8374535748031559
eta_0.02,1653,0.30626357509225877,0.09676538486627632,-0.7583264359236552
eta_0.02,1654,0.2900303253842277,0.05247051333037825,-0.8026213074595533
eta_0.02,1655,0.2124348175566588,0.035466781784951454,-0.8196250390049801
eta_0.02,1656,0.32870166425549663,0.04355515132125104,-0.8115366694686805
eta_0.02,1657,0.29654206862350113,0.05310524071273583,-0.8019865800771957
eta_0.02,1658,0.2279242770346686,0.027265682169144868,-0.8278261386207867
eta_0.02,1659,0.22932515898953937,0.029399208297346414,-0.8256926124925851
eta_0.02,1660,0.24828563958132074,0.02608839426380475,-0.8290034265261268
eta_0.02,1661,0.2852322505126846,0.053560817068799754,-0.8015310037211317
eta_0.02,1662,0.2401700981483379,0.05026384607925818,-0.8048279747106734
eta_0.02,1663,0.2875813120469603,0.05663068922168112,-0.7984611315682504
eta_0.02,1664,0.2301204159474235,0.03262110674876445,-0.8224707140411671
eta_0.02,1665,0.2721460630253015,0.06079292099971769,-0.7942988997902138
eta_0.02,1666,0.3017183599241384,0.05212228158693383,-0.8029695392029976
eta_0.02,1667,0.2606500613266163,0.04183370770969231,-0.8132581130802392
eta_0.02,1668,0.3063049910996629,0.05507738649090442,-0.8000144342990271
eta_0.02,1669,0.2578661552337598,0.05253720476749234,-0.8025546160224392
eta_0.02,1670,0.25475214566221094,0.05324865492667446,-0.8018431658632571
eta_0.02,1671,0.207139674393888,0.023820216674213045,-0.8312716041157184
eta_0.02,1672,0.30978133313932216,0.07156677123241734,-0.7835250495575141
eta_0.02,1673,0.3011360022505254,0.09189562358303754,-0.7631961972068939
eta_0.02,1674,0.28011885692744265,0.0607893090130909,-0.7943025117768406
eta_0.02,1675,0.2864496395555754,0.03565355184875345,-0.8194382689411781
eta_0.02,1676,0.2415217773645487,0.03739731228363462,-0.8176945085062969
eta_0.02,1677,0.3132044504252679,0.058007521241917076,-0.7970842995480144
eta_0.02,1678,0.2663494549189013,0.06372612898277326,-0.7913656918071582
eta_0.02,1679,0.2703542169855341,0.04402938108494082,-0.8110624397049907
eta_0.02,1680,0.3421652080524828,0.06388745357654915,-0.7912043672133824
eta_0.02,1681,0.31021768047161835,0.03460496921526127,-0.8204868515746703
eta_0.02,1682,0.26558440884714773,0.047973327765064966,-0.8071184930248665
eta_0.02,1683,0.33236567459116845,0.06478259566997317,-0.7903092251199584
eta_0.02,1684,0.3192971231963064,0.03956222019649688,-0.8155296005934346
eta_0.02,1685,0.24111256517148635,0.03737720093579805,-0.8177146198541334
eta_0.02,1686,0.28174457137616893,0.0555529739248395,-0.799538846865092
eta_0.02,1687,0.2577602923902388,0.05303053147902638,-0.8020612893109051
eta_0.02,1688,0.3045114197250067,0.04722991479980543,-0.8078619059901261
eta_0.02,1689,0.32626111856317364,0.04814864242181584,-0.8069431783681157
eta_0.02,1690,0.24628441730425082,0.03147418245420241,-0.8236176383357291
eta_0.02,1691,0.2981667793357281,0.05025530237051945,-0.8048365184194121
eta_0.02,1692,0.2372846828329962,0.03776020567215692,-0.8173316151177746
eta_0.02,1693,0.2544335669590584,0.05912239548953892,-0.7959694253003926
eta_0.02,1694,0.21720491519027024,0.025547095880155524,-0.829544724909776
eta_0.02,1695,0.27428219475812404,0.03435532872984878,-0.8207364920600827
eta_0.02,1696,0.2410184832950042,0.026344914175148514,-0.828746906614783
eta_0.02,1697,0.2922135192782415,0.046115032043167026,-0.8089767887467645
eta_0.02,1698,0.2840646190604628,0.06904196744879268,-0.7860498533411389
eta_0.02,1699,0.24512311800592013,0.024892059019898886,-0.8301997617700326
eta_0.02,1700,0.29223747583769233,0.05277185441233846,-0.8023199663775931
eta_0.02,1701,0.27212619040195885,0.048378065190578336,-0.8067137555993532
eta_0.02,1702,0.2593726327065131,0.036959303148202435,-0.8181325176417291
eta_0.02,1703,0.22993798484431288,0.031213960274066983,-0.8238778605158645
eta_0.02,1704,0.29604267801655615,0.04506532048442269,-0.8100265003055088
eta_0.02,1705,0.30059436140449947,0.06599539796822526,-0.7890964228217062
eta_0.02,1706,0.3306578692569446,0.05912978192020825,-0.7959620388697233
eta_0.02,1707,0.2905228406141909,0.042668276649991725,-0.8124235441399398
eta_0.02,1708,0.2675883716637674,0.03602172533300594,-0.8190700954569256
eta_0.02,1709,0.25628652028906906,0.04786307562729144,-0.8072287451626401
eta_0.02,1710,0.31861284487634006,0.06361183583251113,-0.7914799849574203
eta_0.02,1711,0.29378698305861256,0.10066982778109965,-0.7544219930088318
eta_0.02,1712,0.30360681506739085,0.06063371202441713,-0.7944581087655144
eta_0.02,1713,0.2691576983646058,0.0477028165466408,-0.8073890042432907
eta_0.02,1714,0.2532240920507215,0.04706912485115505,-0.8080226959387764
eta_0.02,1715,0.2766185833088035,0.06930450401766536,-0.7857873167722662
eta_0.02,1716,0.28653715708614974,0.06891452646314061,-0.7861772943267908
eta_0.02,1717,0.31243314103265807,0.07342818075123227,-0.7816636400386993
eta_0.02,1718,0.3021273503976401,0.04431225833736228,-0.8107795624525692
eta_0.02,1719,0.2868486805734101,0.04450400000006781,-0.8105878207898637
eta_0.02,1720,0.2922833968974171,0.07303785327201984,-0.7820539675179117
eta_0.02,1721,0.2449453130532957,0.030060018328794565,-0.8250318024611369
eta_0.02,1722,0.28383353084107577,0.05132886987749989,-0.8037629509124317
eta_0.02,1723,0.23002702211833323,0.03319359587620368,-0.8218982249137279
eta_0.02,1724,0.33776616416734884,0.08043297199323726,-0.7746588487966942
eta_0.02,1725,0.2696708904419587,0.03248155090746929,-0.8226102698824622
eta_0.02,1726,0.26915898537794614,0.028119511747962456,-0.8269723090419691
eta_0.02,1727,0.2745903840274822,0.05352907336594033,-0.8015627474239911
eta_0.02,1728,0.3040419053158818,0.032004070935069795,-0.8230877498548617
eta_0.02,1729,0.3235299282258803,0.07597883841521888,-0.7791129823747126
eta_0.02,1730,0.3104870694942009,0.07592534045368651,-0.779166480336245
eta_0.02,1731,0.3124013426169169,0.06499811152955436,-0.7900937092603771
eta_0.02,1732,0.3051239615923497,0.06140609706548368,-0.7936857237244478
eta_0.02,1733,0.2648283826332478,0.035560577300513714,-0.8195312434894177
eta_0.02,1734,0.272972411334548,0.04138307507480832,-0.8137087457151232
eta_0.02,1735,0.23934797604090624,0.03887123528813649,-0.816220585501795
eta_0.02,1736,0.2761660533515644,0.06844680035670649,-0.786645020433225
eta_0.02,1737,0.24199744099557696,0.04020183471831301,-0.8148899860716186
eta_0.02,1738,0.28922822671943416,0.06648743163646656,-0.788604389153465
eta_0.02,1739,0.24995599537398108,0.028949501110173477,-0.826142319679758
eta_0.02,1740,0.3004309535658699,0.05448801857311866,-0.8006038022168128
eta_0.02,1741,0.3208430297269965,0.056152477150690265,-0.7989393436392412
eta_0.02,1742,0.27769118386578706,0.03689983112338925,-0.8181919896665423
eta_0.02,1743,0.2824602838051229,0.03626845592806372,-0.8188233648618678
eta_0.02,1744,0.30316052681450445,0.055865504758677714,-0.7992263160312538
eta_0.02,1745,0.35627395700730385,0.064056614762522,-0.7910352060274095
eta_0.02,1746,0.24811141810607223,0.033034319804085485,-0.8220575009858461
eta_0.02,1747,0.24730026926483634,0.03308295701609565,-0.8220088637738359
eta_0.02,1748,0.2762624771101539,0.05671407323000745,-0.7983777475599241
eta_0.02,1749,0.2570206191906258,0.039652310159707195,-0.8154395106302244
eta_0.02,1750,0.28176762524718396,0.05755935783995327,-0.7975324629499783
eta_0.02,1751,0.27545502211521145,0.048980187119195204,-0.8061116336707363
eta_0.02,1752,0.2569777962418196,0.02912466369173917,-0.8259671570981924
eta_0.02,1753,0.27898011642000553,0.02878980268764085,-0.8263020181022906
eta_0.02,1754,0.2932220857521989,0.07459551597484895,-0.7804963048150826
eta_0.02,1755,0.29140780565427815,0.0475266424325982,-0.8075651783573333
eta_0.02,1756,0.30772371767740214,0.06341442803599923,-0.7916773927539322
eta_0.02,1757,0.24942399888672095,0.04014736639281667,-0.8149444543971148
eta_0.02,1758,0.29327461262702403,0.06567520167512725,-0.7894166191148042
eta_0.02,1759,0.23918503893419085,0.03732305420803328,-0.8177687665818982
eta_0.02,1760,0.29753424017706886,0.05065040113989125,-0.8044414196500402
eta_0.02,1761,0.2739899617580579,0.037622759000306163,-0.8174690617896253
eta_0.02,1762,0.23874195417043073,0.039393619517183606,-0.815698201272748
eta_0.02,1763,0.3743279027058566,0.06312567475535784,-0.7919661460345737
eta_0.02,1764,0.25380083560390576,0.04744048471003977,-0.8076513360798917
eta_0.02,1765,0.26630729557356136,0.04668723131982495,-0.8084045894701065
eta_0.02,1766,0.3149294571719744,0.07050639587460586,-0.7845854249153257
eta_0.02,1767,0.32341591095535593,0.06899958913808973,-0.7860922316518417
eta_0.02,1768,0.26332869925758795,0.032624459760788954,-0.8224673610291425
eta_0.02,1769,0.22810396159406313,0.02957946206421469,-0.8255123587257168
eta_0.02,1770,0.335992020920345,0.09653040418302487,-0.7585614166069067
eta_0.02,1771,0.2748705327011651,0.03405377136664152,-0.82103804942329
eta_0.02,1772,0.322731023817422,0.07214836249219668,-0.7829434582977348
eta_0.02,1773,0.35978960104679925,0.09774237988251311,-0.7573494409074184
eta_0.02,1774,0.33037869661635416,0.07315336307548591,-0.7819384577144456
eta_0.02,1775,0.29339606159402937,0.07112001240612612,-0.7839718083838054
eta_0.02,1776,0.19873747134567277,0.019332628808585994,-0.8357591919813455
eta_0.02,1777,0.3109484306512065,0.041659598170849736,-0.8134322226190818
eta_0.02,1778,0.25427443301954245,0.043688582103731055,-0.8114032386862005
eta_0.02,1779,0.21617071779349306,0.02452819689812509,-0.8305636238918064
eta_0.02,1780,0.2642937958396976,0.028374132756568946,-0.8267176880333625
eta_0.02,1781,0.2760694415247689,0.08586440473837348,-0.769227416051558
eta_0.02,1782,0.29198189536578484,0.09518154359591574,-0.7599102771940158
eta_0.02,1783,0.23891842852966438,0.035167628481032824,-0.8199241923088987
eta_0.02,1784,0.3313814542702657,0.09658448923242968,-0.7585073315575018
eta_0.02,1785,0.31278736672551727,0.11379127794813168,-0.7413005428417998
eta_0.02,1786,0.38428888963217456,0.10929872594262746,-0.745793094847304
eta_0.02,1787,0.2824873815311888,0.033060174050628485,-0.8220316467393031
eta_0.02,1788,0.27858426155218874,0.04349999384640209,-0.8115918269435294
eta_0.02,1789,0.24317460015940817,0.034097638296468134,-0.8209941824934633
eta_0.02,1790,0.2865441195329568,0.04503837522226368,-0.8100534455676678
eta_0.02,1791,0.22470728295001788,0.019415796613398408,-0.8356760241765331
eta_0.02,1792,0.2606480301930293,0.0405772580133166,-0.8145145627766149
eta_0.02,1793,0.3079671405422246,0.08083345932270009,-0.7742583614672314
eta_0.02,1794,0.24359157948527502,0.03761026619477324,-0.8174815545951583
eta_0.02,1795,0.26900198120751545,0.053414146488837674,-0.8016776743010938
eta_0.02,1796,0.2803984692209489,0.04091218724966676,-0.8141796335402648
eta_0.02,1797,0.21483592262779438,0.028100376124142644,-0.8269914446657889
eta_0.02,1798,0.27459008420192654,0.0552493476010327,-0.7998424731888988
eta_0.02,1799,0.20598129254227382,0.022055754145091575,-0.83303606664484
eta_0.02,1800,0.21621541781077286,0.025530596947929488,-0.829561223842002
eta_0.02,1801,0.31447408136604105,0.06991139647350417,-0.7851804243164273
eta_0.02,1802,0.27913047621187514,0.03225970467539077,-0.8228321161145408
eta_0.02,1803,0.2917090430562502,0.03548364823301606,-0.8196081725569154
eta_0.02,1804,0.2848356920402063,0.0757083404678553,-0.7793834803220763
eta_0.02,1805,0.3493081279536559,0.07461767357128028,-0.7804741472186513
eta_0.02,1806,0.26467143184841596,0.06425821405951665,-0.7908336067304149
eta_0.02,1807,0.24551188467327384,0.03772100288543541,-0.8173708179044961
eta_0.02,1808,0.2836105772170857,0.06274412380189856,-0.792347696988033
eta_0.02,1809,0.23252075838365946,0.029762541617529472,-0.8253292791724021
eta_0.02,1810,0.27335857498461047,0.040382462979018555,-0.8147093578109129
eta_0.02,1811,0.280799961199247,0.04165369272584356,-0.813438128064088
eta_0.02,1812,0.32640376912479474,0.03453963030403914,-0.8205521904858923
eta_0.02,1813,0.2689014010524681,0.045281463483620804,-0.8098103573063107
eta_0.02,1814,0.3404734966719581,0.10495806378832241,-0.7501337570016091
eta_0.02,1815,0.2792657690860403,0.045150262773878264,-0.8099415580160533
eta_0.02,1816,0.3208049346173591,0.05117238143060065,-0.8039194393593309
eta_0.02,1817,0.29063588653583516,0.050278271697159094,-0.8048135490927724
eta_0.02,1818,0.2755279237329598,0.030475409675383484,-0.824616411114548
eta_0.02,1819,0.25790694712540946,0.06858760829449453,-0.786504212495437
eta_0.02,1820,0.26524997965390773,0.039909977190876245,-0.8151818435990552
eta_0.02,1821,0.3005411885920223,0.06828162527212853,-0.786810195517803
eta_0.02,1822,0.2550343456242245,0.05583470316192665,-0.7992571176280049
eta_0.02,1823,0.24629833985723237,0.03839492915724137,-0.8166968916326901
eta_0.02,1824,0.24610575055246703,0.04261128904689679,-0.8124805317430347
eta_0.02,1825,0.26478956677281007,0.02739520538198193,-0.8276966154079496
eta_0.02,1826,0.23184644054200715,0.029987507758652995,-0.8251043130312785
eta_0.02,1827,0.29693307103516653,0.06020366441860984,-0.7948881563713217
eta_0.02,1828,0.25356066244154724,0.0464090425086543,-0.8086827782812772
eta_0.02,1829,0.2775405650437041,0.0623925766057388,-0.7926992441841927
eta_0.02,1830,0.23421146462246215,0.043497681146256795,-0.8115941396436748
eta_0.02,1831,0.3228769423365273,0.06879310074063744,-0.7862987200492941
eta_0.02,1832,0.22075089487094646,0.022880579789707967,-0.8322112410002236
eta_0.02,1833,0.2627524509680861,0.04102013387772978,-0.8140716869122018
eta_0.02,1834,0.1911751415709154,0.016150109784438066,-0.8389417110054934
eta_0.02,1835,0.26506063705912936,0.04047872871888206,-0.8146130920710495
eta_0.02,1836,0.23877983504461692,0.030421696185310272,-0.8246701246046212
eta_0.02,1837,0.3038959349831397,0.08454601020053149,-0.7705458105894001
eta_0.02,1838,0.2137892312878113,0.02699682293849091,-0.8280949978514406
eta_0.02,1839,0.36708004766796254,0.08694250340771514,-0.7681493173822164
eta_0.02,1840,0.3148230403816784,0.07042112580880676,-0.7846706949811247
eta_0.02,1841,0.26546861189282434,0.030936757552178888,-0.8241550632377527
eta_0.02,1842,0.2817298683972704,0.05263312214707638,-0.8024586986428551
eta_0.02,1843,0.27802113490185193,0.05408740716270513,-0.8010044136272264
eta_0.02,1844,0.29735081295168,0.0426750223544712,-0.8124167984354603
eta_0.02,1845,0.22345359058118924,0.020698596756936898,-0.8343932240329947
eta_0.02,1846,0.29165234681395674,0.05198895827593038,-0.8031028625140011
eta_0.02,1847,0.36007466665807064,0.09588532123777202,-0.7592064995521595
eta_0.02,1848,0.26558306667556386,0.06282876510156878,-0.7922630556883627
eta_0.02,1849,0.25920410874211475,0.04376572158347125,-0.8113260992064603
eta_0.02,1850,0.2547906705733435,0.06224815757268576,-0.7928436632172458
eta_0.02,1851,0.23195871336466442,0.025555237925607585,-0.829536582864324
eta_0.02,1852,0.24592501860672009,0.037222767973797866,-0.8178690528161336
eta_0.02,1853,0.20126134328068637,0.01892961072675611,-0.8361622100631754
eta_0.02,1854,0.2521479182202016,0.04188200916716654,-0.813209811622765
eta_0.02,1855,0.2540306606273972,0.04249308694422369,-0.8125987338457078
eta_0.02,1856,0.28761889790444195,0.05744626164499514,-0.7976455591449364
eta_0.02,1857,0.2423752467924861,0.03518847308984715,-0.8199033477000843
eta_0.02,1858,0.22992263832940046,0.04039132167948773,-0.8147004991104437
eta_0.02,1859,0.27241156032332786,0.0464772620091766,-0.8086145587807549
eta_0.02,1860,0.38422542070619076,0.08569093445322692,-0.7694008863367046
eta_0.02,1861,0.3197116427414167,0.05420860706955297,-0.8008832137203785
eta_0.02,1862,0.2229593798412181,0.03967439937678633,-0.8154174214131452
eta_0.02,1863,0.2765998078949029,0.06001279290726263,-0.7950790278826689
eta_0.02,1864,0.2642249816984803,0.04669180420833338,-0.8084000165815981
eta_0.02,1865,0.2538417820416419,0.041322067817243166,-0.8137697529726884
eta_0.02,1866,0.2436855901658294,0.052867565078716684,-0.8022242557112148
eta_0.02,1867,0.2995229704449708,0.07420698885017796,-0.7808848319397536
eta_0.02,1868,0.24184299830889305,0.03582058631630259,-0.8192712344736289
eta_0.02,1869,0.2693264014380887,0.05324831009377029,-0.8018435106961612
eta_0.02,1870,0.2362442465758671,0.04280512502575997,-0.8122866957641716
eta_0.02,1871,0.2372382924070406,0.03686692517898125,-0.8182248956109502
eta_0.02,1872,0.2463937248913326,0.03419667281354018,-0.8208951479763913
eta_0.02,1873,0.28184470685076224,0.038510994246103304,-0.8165808265438282
eta_0.02,1874,0.26767738821930054,0.035938976716749754,-0.8191528440731818
eta_0.02,1875,0.2584797256393322,0.04298653677851291,-0.8121052840114186
eta_0.02,1876,0.23147824248904142,0.039067695274474484,-0.816024125515457
eta_0.02,1877,0.25337290828954895,0.036611507161806285,-0.8184803136281252
eta_0.02,1878,0.2925855817288072,0.0488468417342678,-0.8062449790556637
eta_0.02,1879,0.2472167738596468,0.045673193446742734,-0.8094186273431888
eta_0.02,1880,0.22247146333807383,0.025691854131404256,-0.8293999666585272
eta_0.02,1881,0.29677106929653296,0.05909443181715735,-0.7959973889727742
eta_0.02,1882,0.2769186667711075,0.04366988757504683,-0.8114219332148846
eta_0.02,1883,0.23922001140094634,0.03454100602705017,-0.8205508147628814
eta_0.02,1884,0.26697763971904426,0.021857201250946687,-0.8332346195389848
eta_0.02,1885,0.25460138448089914,0.03400914703676012,-0.8210826737531713
eta_0.02,1886,0.2676211020022114,0.07221722516347162,-0.7828745956264599
eta_0.02,1887,0.2543588126312382,0.028987465899961987,-0.8261043548899695
eta_0.02,1888,0.2584131632988275,0.040177439931931146,-0.8149143808580004
eta_0.02,1889,0.24941885747869214,0.07016773486937242,-0.7849240859205591
eta_0.02,1890,0.30034919883441724,0.055035295566730334,-0.8000565252232011
eta_0.02,1891,0.25544240891706704,0.04509588487655712,-0.8099959359133744
eta_0.02,1892,0.2303604165484412,0.03954632068707961,-0.8155455001028519
eta_0.02,1893,0.2381415060932418,0.027496727752153442,-0.8275950930377781
eta_0.02,1894,0.273381344763924,0.07064395252263345,-0.7844478682672981
eta_0.02,1895,0.28449789690763105,0.04815670930484897,-0.8069351114850826
eta_0.02,1896,0.27437669076816584,0.041918032767440286,-0.8131737880224912
eta_0.02,1897,0.3144559961875314,0.08110840362003563,-0.7739834171698958
eta_0.02,1898,0.3028510186238201,0.046844409711131775,-0.8082474110787997
eta_0.02,1899,0.2621994182401177,0.03612431335561787,-0.8189675074343137
eta_0.02,1900,0.24351657224891848,0.052976909466864015,-0.8021149113230674
eta_0.02,1901,0.2848907960134761,0.053019135937964944,-0.8020726848519666
eta_0.02,1902,0.2635425865108296,0.043886588548416955,-0.8112052322415145
eta_0.02,1903,0.2786667560713747,0.05436109143627994,-0.8007307293536515
eta_0.02,1904,0.23700183455448998,0.030989532820849788,-0.8241022879690817
eta_0.02,1905,0.22745053183828406,0.01691448759365035,-0.8381773331962812
eta_0.02,1906,0.29170484120536505,0.05647757496590142,-0.7986142458240301
eta_0.02,1907,0.2751263919666063,0.03240267492183675,-0.8226891458680947
eta_0.02,1908,0.2738303046042437,0.05732222239731155,-0.79776959839262
eta_0.02,1909,0.3287423897529193,0.07119066693640262,-0.7839011538535289
eta_0.02,1910,0.2503030095644258,0.03157533886656218,-0.8235164819233693
eta_0.02,1911,0.26176630848487514,0.03218898646732751,-0.822902834322604
eta_0.02,1912,0.2866138455287132,0.061854795183365965,-0.7932370256065655
eta_0.02,1913,0.25068448513866676,0.02681569463329883,-0.8282761261566327
eta_0.02,1914,0.26023920292868963,0.045024880396263484,-0.810066940393668
eta_0.02,1915,0.27792280728384555,0.05625914750247203,-0.7988326732874594
eta_0.02,1916,0.2405520181741649,0.027114214323199604,-0.8279776064667319
eta_0.02,1917,0.18046714690797785,0.01433140574466211,-0.8407604150452694
eta_0.02,1918,0.24929781604204526,0.03375897247675311,-0.8213328483131784
eta_0.02,1919,0.24534452976189075,0.04337343113268581,-0.8117183896572457
eta_0.02,1920,0.2172259221408468,0.03609268306699985,-0.8189991377229316
eta_0.02,1921,0.24459214773549515,0.039332091489977156,-0.8157597292999543
eta_0.02,1922,0.23206670236026353,0.03325679950205279,-0.8218350212878787
eta_0.02,1923,0.3037903503457904,0.056215057218462,-0.7988767635714695
eta_0.02,1924,0.2930170853132364,0.04660353974715978,-0.8084882810427717
eta_0.02,1925,0.25745646813508316,0.048575244904110366,-0.8065165758858212
eta_0.02,1926,0.2889377746487484,0.04324016574521906,-0.8118516550447125
eta_0.02,1927,0.33921595569533436,0.10708682399518943,-0.7480049967947421
eta_0.02,1928,0.25679804334908374,0.03847188221958189,-0.8166199385703496
eta_0.02,1929,0.24913841790041102,0.03988545171588214,-0.8152063690740494
eta_0.02,1930,0.20308630234386732,0.01646900205889327,-0.8386228187310383
eta_0.02,1931,0.2870369913675178,0.040903063109272345,-0.8141887576806591
eta_0.02,1932,0.25838731370432294,0.03037854818111034,-0.8247132726088212
eta_0.02,1933,0.299674228128973,0.04695961931064016,-0.8081322014792913
eta_0.02,1934,0.32560297497864654,0.05335722829185431,-0.8017345924980772
eta_0.02,1935,0.24746508292656802,0.028190951813492682,-0.8269008689764388
eta_0.02,1936,0.26647159638604045,0.054586480872120605,-0.8005053399178109
eta_0.02,1937,0.322906672541999,0.07414522638062614,-0.7809465944093054
eta_0.02,1938,0.2879159392888052,0.057261113026737996,-0.7978307077631935
eta_0.02,1939,0.24566382444023538,0.038388312756867576,-0.8167035080330639
eta_0.02,1940,0.2810994300709797,0.04450139028458977,-0.8105904305053417
eta_0.02,1941,0.21466026288735923,0.026205252241353595,-0.8288865685485779
eta_0.02,1942,0.2555060997750195,0.03888048795255804,-0.8162113328373735
eta_0.02,1943,0.28774858811547954,0.06313273949451723,-0.7919590812954143
eta_0.02,1944,0.24792438589088328,0.0459272630656057,-0.8091645577243258
eta_0.02,1945,0.24710647853365914,0.03957814049862024,-0.8155136802913112
eta_0.02,1946,0.2449216612568459,0.07356483338293603,-0.7815269874069954
eta_0.02,1947,0.2616305254604284,0.03256742151328515,-0.8225243992766463
eta_0.02,1948,0.2510168862824414,0.033015183659397485,-0.822076637130534
eta_0.02,1949,0.20936379439594138,0.04018907496107243,-0.8149027458288591
eta_0.02,1950,0.276801807665496,0.04293117362613319,-0.8121606471637983
eta_0.02,1951,0.26505996054599534,0.04476958543076676,-0.8103222353591647
eta_0.02,1952,0.24504402674191256,0.05137142488386971,-0.8037203959060618
eta_0.02,1953,0.27799252028552224,0.04618082779968373,-0.8089109929902478
eta_0.02,1954,0.27523340187015627,0.04455102451213673,-0.8105407962777947
eta_0.02,1955,0.259358724773966,0.04299179164051403,-0.8121000291494175
eta_0.02,1956,0.30769884681741905,0.08266816175772537,-0.7724236590322061
eta_0.02,1957,0.25017986931050584,0.038447946945238495,-0.8166438738446931
eta_0.02,1958,0.2557532638852965,0.05304409630665976,-0.8020477244832718
eta_0.02,1959,0.25924050030076434,0.048457428039177686,-0.8066343927507538
eta_0.02,1960,0.2930615864523274,0.05900372958175652,-0.796088091208175
eta_0.02,1961,0.24172919126415193,0.030485704731039332,-0.8246061160588922
eta_0.02,1962,0.27345785812488177,0.04345731602386124,-0.8116345047660702
eta_0.02,1963,0.250242315111324,0.03995068912183912,-0.8151411316680924
eta_0.02,1964,0.30358226735389193,0.05366886735103249,-0.801422953438899
eta_0.02,1965,0.29252109680379457,0.0708107789414936,-0.7842810418484379
eta_0.02,1966,0.2701281979783539,0.06991137142735523,-0.7851804493625762
eta_0.02,1967,0.22605935643051953,0.029166858528485336,-0.8259249622614462
eta_0.02,1968,0.2528950157090447,0.03786031006079381,-0.8172315107291377
eta_0.02,1969,0.29183169719015734,0.040884241317771325,-0.8142075794721602
eta_0.02,1970,0.24975328392366977,0.031436682750236616,-0.8236551380396949
eta_0.02,1971,0.280698426892094,0.04276217624857408,-0.8123296445413575
eta_0.02,1972,0.2118666279902981,0.027240902416986477,-0.827850918372945
eta_0.02,1973,0.25294448490744714,0.04496088912210651,-0.810130931667825
eta_0.02,1974,0.3211019263074866,0.10470020140049527,-0.7503916193894362
eta_0.02,1975,0.27917177987371555,0.04334223442129825,-0.8117495863686333
eta_0.02,1976,0.21789419399323745,0.03348391590893127,-0.8216079048810002
eta_0.02,1977,0.2501067566954109,0.034621985749705916,-0.8204698350402256
eta_0.02,1978,0.29751027421268755,0.08609764677455926,-0.7689941740153723
eta_0.02,1979,0.26562138925801837,0.059558249820104076,-0.7955335709698275
eta_0.02,1980,0.2513901682606564,0.039336694509498754,-0.8157551262804328
eta_0.02,1981,0.2682892052086875,0.037981696135925676,-0.8171101246540058
eta_0.02,1982,0.3321122645280518,0.06124075275965376,-0.7938510680302777
eta_0.02,1983,0.2536933786530051,0.04325176382732174,-0.8118400569626097
eta_0.02,1984,0.2684085659914299,0.05423658998785576,-0.8008552308020758
eta_0.02,1985,0.26115944693621596,0.03214091429776658,-0.822950906492165
eta_0.02,1986,0.29889679453685325,0.10629036040861578,-0.7488014603813158
eta_0.02,1987,0.2564735712824927,0.03323675060867935,-0.8218550701812521
eta_0.02,1988,0.2559308473861632,0.05367800457424507,-0.8014138162156864
eta_0.02,1989,0.30573054245838394,0.038112002401000294,-0.8169798183889312
eta_0.02,1990,0.3380937214435652,0.10756241380522048,-0.747529406984711
eta_0.02,1991,0.2801067318757703,0.048704025203589796,-0.8063877955863417
eta_0.02,1992,0.23691729569332357,0.026659639045633787,-0.8284321817442977
eta_0.02,1993,0.2984209556606634,0.05248710991351013,-0.8026047108764214
eta_0.02,1994,0.26299647935291315,0.04397044861971872,-0.8111213721702127
eta_0.02,1995,0.2713995828706032,0.04614967546248083,-0.8089421453274507
eta_0.02,1996,0.2513070157877662,0.038110403219715275,-0.8169814175702163
eta_0.02,1997,0.27623933818526314,0.048333779282053624,-0.8067580415078779
eta_0.02,1998,0.28532861617773164,0.07604289177906007,-0.7790489290108714
eta_0.02,1999,0.22680200302823628,0.031199468175001112,-0.8238923526149304
eta_0.2,0,0.2550794534091174,0.08863809607450444,-0.869465880888911
eta_0.2,1,0.25318664930851675,0.11594365449151867,-0.8421603224718968
eta_0.2,2,0.27062711851639737,0.12119917725754781,-0.8369047997058676
eta_0.2,3,0.24590391209251655,0.1073615259086826,-0.8507424510547328
eta_0.2,4,0.32425972224929434,0.16258854314564336,-0.7955154338177721
eta_0.2,5,0.2527492819319359,0.10261572764869234,-0.8554882493147231
eta_0.2,6,0.23593777767100632,0.09245841623224638,-0.865645560731169
eta_0.2,7,0.2609961222255507,0.09924919345701066,-0.8588547835064048
eta_0.2,8,0.30587687685540044,0.1701433365789382,-0.7879606403844772
eta_0.2,9,0.279935705764769,0.15950465024838595,-0.7985993267150295
eta_0.2,10,0.2570292479349655,0.13147887736718514,-0.8266250995962303
eta_0.2,11,0.26371149239934893,0.13543835871219598,-0.8226656182512194
eta_0.2,12,0.26716498597661,0.12670075219723614,-0.8314032247661793
eta_0.2,13,0.21370521813550905,0.0996031623273411,-0.8585008146360743
eta_0.2,14,0.2370160404982941,0.09789237542284061,-0.8602116015405749
eta_0.2,15,0.24551998365351047,0.09448128938845421,-0.8636226875749612
eta_0.2,16,0.2717892570745236,0.11482141614920915,-0.8432825608142063
eta_0.2,17,0.2696240526298874,0.1099064235542005,-0.848197553409215
eta_0.2,18,0.2064860843226925,0.09539553105974612,-0.8627084459036694
eta_0.2,19,0.32111333488073995,0.10958254014480376,-0.8485214368186117
eta_0.2,20,0.25366678137563303,0.10549996103951978,-0.8526040159238957
eta_0.2,21,0.205847417909679,0.09258577066088837,-0.8655182063025271
eta_0.2,22,0.2793554999049468,0.12264966931699259,-0.8354543076464228
eta_0.2,23,0.2395603876278126,0.10079243151198718,-0.8573115454514283
eta_0.2,24,0.21874236881097484,0.08264745009778005,-0.8754565268656354
eta_0.2,25,0.24838273669733213,0.10642219959712776,-0.8516817773662877
eta_0.2,26,0.2134312704859686,0.07775683675515671,-0.8803471402082588
eta_0.2,27,0.21464947421939037,0.0923978113615107,-0.8657061656019047
eta_0.2,28,0.2501951260140916,0.11806558170606768,-0.8400383952573478
eta_0.2,29,0.20600031622975645,0.08748402554478574,-0.8706199514186297
eta_0.2,30,0.2336365421287882,0.10920180603126749,-0.8489021709321479
eta_0.2,31,0.21680662724354383,0.10162635994401048,-0.856477617019405
eta_0.2,32,0.23028788769202563,0.10165390500201331,-0.8564500719614021
eta_0.2,33,0.22674952965429315,0.08844383948496912,-0.8696601374784463
eta_0.2,34,0.27671400480917885,0.1196339978516563,-0.8384699791117591
eta_0.2,35,0.23024123343809974,0.10689359057604705,-0.8512103863873683
eta_0.2,36,0.2879972353869727,0.10729109743018327,-0.8508128795332321
eta_0.2,37,0.21704099441567215,0.07993952608004501,-0.8781644508833704
eta_0.2,38,0.2268328644514623,0.0658626836591062,-0.8922412933043092
eta_0.2,39,0.2189668187994162,0.09420607172082712,-0.8638979052425884
eta_0.2,40,0.2992400623868323,0.11289476148918659,-0.8452092154742288
eta_0.2,41,0.21548362916984842,0.09730574144934528,-0.8607982355140702
eta_0.2,42,0.1978957941336777,0.08753825708073387,-0.8705657198826815
eta_0.2,43,0.26465223076500366,0.16450024011081837,-0.793603736852597
eta_0.2,44,0.20246245145172762,0.0942597995229528,-0.8638441774404626
eta_0.2,45,0.2379909502359482,0.08978087928323203,-0.8683230976801835
eta_0.2,46,0.2845225765479734,0.12727170851364383,-0.8308322684497715
eta_0.2,47,0.266565405268009,0.0909455588891003,-0.8671584180743152
eta_0.2,48,0.18215987660061822,0.06962349994490094,-0.8884804770185145
eta_0.2,49,0.29061640725659577,0.10259261531914829,-0.8555113616442671
eta_0.2,50,0.20937640471656455,0.0886833557031046,-0.8694206212603108
eta_0.2,51,0.2957851759703779,0.10321610952399926,-0.8548878674394161
eta_0.2,52,0.22113335464835507,0.08321113878669456,-0.8748928381767209
eta_0.2,53,0.2186790689052899,0.07983608165092927,-0.8782678953124862
eta_0.2,54,0.23508992283312802,0.1075965010732706,-0.8505074758901449
eta_0.2,55,0.2272194667555885,0.0872502344982869,-0.8708537424651286
eta_0.2,56,0.2334783280694841,0.09864487239296865,-0.8594591045704467
eta_0.2,57,0.20765687341653918,0.09591020389798903,-0.8621937730654264
eta_0.2,58,0.24631097167766933,0.1260865018859196,-0.8320174750774958
eta_0.2,59,0.26831664136979577,0.09840720994834222,-0.8596967670150732
eta_0.2,60,0.21517425839741058,0.07407477596370188,-0.8840292009997135
eta_0.2,61,0.20270573481452717,0.07454504267974321,-0.8835589342836723
eta_0.2,62,0.2519555576692042,0.0995868320533778,-0.8585171449100376
eta_0.2,63,0.22464327271191092,0.09355724261996527,-0.8645467343434502
eta_0.2,64,0.21799802570184545,0.09459147945356944,-0.863512497509846
eta_0.2,65,0.26304867428887246,0.13571720581601754,-0.8223867711473979
eta_0.2,66,0.2446291656168718,0.10299241896768785,-0.8551115579957276
eta_0.2,67,0.22897182694272403,0.07919803964361244,-0.8789059373198029
eta_0.2,68,0.2766224899518557,0.11819310562669133,-0.839910871336724
eta_0.2,69,0.24673835824627743,0.1020437118693782,-0.8560602650940372
eta_0.2,70,0.2409635730126167,0.08921129178310858,-0.8688926851803068
eta_0.2,71,0.28294808393805915,0.11888424722306874,-0.8392197297403466
eta_0.2,72,0.20411721097801142,0.09308543897619037,-0.8650185379872251
eta_0.2,73,0.26109316631801127,0.08927029577189252,-0.8688336811915229
eta_0.2,74,0.23899037368314768,0.1321559057295228,-0.8259480712338927
eta_0.2,75,0.2552521704669242,0.10157226034381833,-0.8565317166195971
eta_0.2,76,0.20473703529314147,0.0935943791615852,-0.8645095978018302
eta_0.2,77,0.2435640672699287,0.12666540822303732,-0.8314385687403781
eta_0.2,78,0.27555187847294627,0.1036255246203541,-0.8544784523430613
eta_0.2,79,0.23975935626941652,0.07468942215862387,-0.8834145548047916
eta_0.2,80,0.2282278625383973,0.09712105542523855,-0.8609829215381769
eta_0.2,81,0.2902495929615063,0.15330809965068065,-0.8047958773127348
eta_0.2,82,0.2652314067959951,0.09239126512574486,-0.8657127118376706
eta_0.2,83,0.2479905457306586,0.10512819642305067,-0.8529757805403647
eta_0.2,84,0.24757044018521598,0.1008102970048215,-0.857293679958594
eta_0.2,85,0.21613677875475823,0.09760701879462129,-0.8604969581687941
eta_0.2,86,0.3095973543547703,0.13512692433945495,-0.8229770526239605
eta_0.2,87,0.23789316130369287,0.08492189020075765,-0.8731820867626577
eta_0.2,88,0.2293509607961327,0.08967393438044921,-0.8684300425829662
eta_0.2,89,0.3215488978824409,0.14585815231966534,-0.8122458246437501
eta_0.2,90,0.258905748142323,0.10453574290907287,-0.8535682340543426
eta_0.2,91,0.2807231394275147,0.09825678846505026,-0.8598471884983652
eta_0.2,92,0.23465930357263898,0.08874970323743646,-0.869354273725979
eta_0.2,93,0.22532516076840603,0.09089283768712668,-0.8672111392762888
eta_0.2,94,0.24758849548942102,0.09899504908027931,-0.8591089278831361
eta_0.2,95,0.2715571829456198,0.12219647528080012,-0.8359075016826153
eta_0.2,96,0.23362158796805987,0.08024785880205729,-0.8778561181613581
eta_0.2,97,0.24657081376878928,0.12049803016565518,-0.8376059467977602
eta_0.2,98,0.2169953165391291,0.07352833989217927,-0.8845756370712361
eta_0.2,99,0.27427521503769153,0.13798771739583376,-0.8201162595675817
eta_0.2,100,0.25335318605705176,0.10576155833911505,-0.8523424186243004
eta_0.2,101,0.23450248995890483,0.087894589998335,-0.8702093869650804
eta_0.2,102,0.2356922162136948,0.09898676294346964,-0.8591172140199458
eta_0.2,103,0.2856895716323469,0.14901583596374268,-0.8090881409996727
eta_0.2,104,0.2879690328971968,0.11936624881436364,-0.8387377281490518
eta_0.2,105,0.26454411466982347,0.10209373736085227,-0.8560102396025632
eta_0.2,106,0.20384703976637983,0.08496848489255614,-0.8731354920708593
eta_0.2,107,0.2745098283263629,0.13176493160381628,-0.8263390453595991
eta_0.2,108,0.2456918266445335,0.10124142096354843,-0.856862555999867
eta_0.2,109,0.2722166458308629,0.08926427329688434,-0.8688397036665311
eta_0.2,110,0.2567889665363281,0.10140840872481305,-0.8566955682386024
eta_0.2,111,0.24520622265592446,0.09391309258990976,-0.8641908843735057
eta_0.2,112,0.20276292978367932,0.07237240311566018,-0.8857315738477552
eta_0.2,113,0.3152495229690144,0.14708727631468552,-0.8110167006487299
eta_0.2,114,0.21591918646304162,0.07597246130054101,-0.8821315156628744
eta_0.2,115,0.2696355194646527,0.11377115474929538,-0.8443328222141201
eta_0.2,116,0.2726089576356791,0.08065743680966168,-0.8774465401537538
eta_0.2,117,0.22172459899400365,0.08685331127093653,-0.8712506656924789
eta_0.2,118,0.24065724692644658,0.11624653451540642,-0.841857442448009
eta_0.2,119,0.24425068540073114,0.11139959054456676,-0.8467043864188487
eta_0.2,120,0.19397065746726205,0.08174294050142569,-0.8763610364619897
eta_0.2,121,0.24019364812317492,0.0990270239370073,-0.8590769530264082
eta_0.2,122,0.20440581194871185,0.09418565604199061,-0.8639183209214248
eta_0.2,123,0.3265829760501019,0.12983872575493083,-0.8282652512084846
eta_0.2,124,0.2399648325501023,0.09639192139554476,-0.8617120555678707
eta_0.2,125,0.23640495069960762,0.08614411566872289,-0.8719598612946925
eta_0.2,126,0.2239264392879428,0.09924394319300854,-0.8588600337704069
eta_0.2,127,0.27108069842585236,0.12395116475241329,-0.8341528122110021
eta_0.2,128,0.26248597938842144,0.14057831391067385,-0.8175256630527415
eta_0.2,129,0.22908781064798583,0.08311464318355921,-0.8749893337798562
eta_0.2,130,0.19749319379086833,0.07238869753621696,-0.8857152794271985
eta_0.2,131,0.2174400796241329,0.08591572521716201,-0.8721882517462534
eta_0.2,132,0.24449176397678998,0.10652938085239788,-0.8515745961110175
eta_0.2,133,0.24813886353911066,0.10247553049291454,-0.8556284464705008
eta_0.2,134,0.252377405953641,0.11284525109926695,-0.8452587258641485
eta_0.2,135,0.24534893532500532,0.09701362517140741,-0.861090351792008
eta_0.2,136,0.2704762860550106,0.09890345685766663,-0.8592005201057488
eta_0.2,137,0.3026060373885407,0.1103091239595389,-0.8477948530038766
eta_0.2,138,0.21699168522697165,0.08614536091295148,-0.871958616050464
eta_0.2,139,0.2511556225729167,0.10179085389684221,-0.8563131230665733
eta_0.2,140,0.24512504101795068,0.09978465890097124,-0.8583193180624442
eta_0.2,141,0.2589002478343836,0.08366454205807101,-0.8744394349053444
eta_0.2,142,0.2160185392948306,0.07570075549715108,-0.8824032214662644
eta_0.2,143,0.20753886580314287,0.08317730242612222,-0.8749266745372932
eta_0.2,144,0.25404513105589754,0.10294525098724949,-0.8551587259761659
eta_0.2,145,0.2006828064167276,0.07785758079663498,-0.8802463961667805
eta_0.2,146,0.23903026724784376,0.07426697536913793,-0.8838370015942775
eta_0.2,147,0.2291671724325362,0.07846970680024346,-0.879634270163172
eta_0.2,148,0.23970479382289056,0.12427290127194143,-0.833831075691474
eta_0.2,149,0.2314430313721448,0.09218272789960227,-0.8659212490638132
eta_0.2,150,0.32229316725099577,0.15775242961508734,-0.800351547348328
eta_0.2,151,0.21162211037762324,0.09095185469271741,-0.867152122270698
eta_0.2,152,0.27223583686591296,0.11934812876487239,-0.8387558481985431
eta_0.2,153,0.2947945226105625,0.13666336059584389,-0.8214406163675716
eta_0.2,154,0.21850479588909122,0.11046689890616462,-0.8476370780572509
eta_0.2,155,0.22225709554656192,0.10171773158493647,-0.856386245378479
eta_0.2,156,0.23297264878712282,0.0909854395395999,-0.8671185374238155
eta_0.2,157,0.23079040807131082,0.08414243588509729,-0.8739615410783181
eta_0.2,158,0.22032181519626357,0.08070523363456776,-0.8773987433288477
eta_0.2,159,0.22010699143491597,0.09759921329071283,-0.8605047636727026
eta_0.2,160,0.19287968100625708,0.07419307874947131,-0.8839108982139441
eta_0.2,161,0.21112712035239536,0.07525039215670636,-0.8828535848067091
eta_0.2,162,0.24633569036225889,0.095069080845221,-0.8630348961181944
eta_0.2,163,0.22461223436811692,0.08025769990658259,-0.8778462770568328
eta_0.2,164,0.24001309180109592,0.07975793159520903,-0.8783460453682064
eta_0.2,165,0.24144905616308315,0.11861715431141154,-0.8394868226520039
eta_0.2,166,0.24035459826320965,0.11177475437041406,-0.8463292225930014
eta_0.2,167,0.2544137087346173,0.10768743686543046,-0.850416540097985
eta_0.2,168,0.19893404050241587,0.08005024842618835,-0.8780537285372271
eta_0.2,169,0.26498647364183214,0.12034443348409118,-0.8377595434793242
eta_0.2,170,0.2301571312104006,0.10051866508291904,-0.8575853118804964
eta_0.2,171,0.23972812308111496,0.08858855886466331,-0.8695154180987521
eta_0.2,172,0.2728431322962892,0.09320428375401879,-0.8648996932093966
eta_0.2,173,0.2679093054967241,0.08832022474710466,-0.8697837522163108
eta_0.2,174,0.2335198054009577,0.10455550066706114,-0.8535484762963543
eta_0.2,175,0.18260458745594368,0.08358938946191555,-0.8745145875014999
eta_0.2,176,0.21696685410457384,0.09788796161828568,-0.8602160153451297
eta_0.2,177,0.19824871491101598,0.09384871563013245,-0.864255261333283
eta_0.2,178,0.24981394976065102,0.16688921121428507,-0.7912147657491304
eta_0.2,179,0.21479364553801789,0.09227603376374657,-0.8658279431996688
eta_0.2,180,0.2565998085102803,0.12843758341406292,-0.8296663935493525
eta_0.2,181,0.2531031498788532,0.10527972013752057,-0.8528242568258948
eta_0.2,182,0.26772973201551975,0.11059281723549895,-0.8475111597279165
eta_0.2,183,0.3256926330304948,0.10791716033846509,-0.8501868166249503
eta_0.2,184,0.2009603930720057,0.09186018700562518,-0.8662437899577903
eta_0.2,185,0.2485838025881706,0.1148435496039736,-0.8432604273594418
eta_0.2,186,0.2534659679552176,0.08660319707995603,-0.8715007798834594
eta_0.2,187,0.25928079582198527,0.1111244725549945,-0.846979504408421
eta_0.2,188,0.32823774092439245,0.13991632998095152,-0.8181876469824639
eta_0.2,189,0.21998477493417012,0.08443930488574286,-0.8736646720776726
eta_0.2,190,0.2179734530799058,0.09316344197391475,-0.8649405349895006
eta_0.2,191,0.23617421915205355,0.10616117614852004,-0.8519428008148954
eta_0.2,192,0.22012098097336968,0.09026473757115977,-0.8678392393922556
eta_0.2,193,0.27379796569368064,0.12068519343073486,-0.8374187835326805
eta_0.2,194,0.22404876804624652,0.09386241652911206,-0.8642415604343033
eta_0.2,195,0.23511555282815727,0.10731326296223138,-0.850790714001184
eta_0.2,196,0.206058866531983,0.07226730598796655,-0.8858366709754488
eta_0.2,197,0.2560058470125827,0.11008214798057399,-0.8480218289828414
eta_0.2,198,0.2103955995364711,0.07059196273862235,-0.8875120142247931
eta_0.2,199,0.2500691586495247,0.1199327407578617,-0.8381712362055538
eta_0.2,200,0.22505997158316168,0.10403782229938678,-0.8540661546640287
eta_0.2,201,0.1920035318996785,0.08721297989006012,-0.8708909970733553
eta_0.2,202,0.26278184120102294,0.08262965659043625,-0.8754743203729791
eta_0.2,203,0.24484089545654636,0.08966336102161027,-0.8684406159418052
eta_0.2,204,0.278247449642575,0.12897347578832813,-0.8291305011750874
eta_0.2,205,0.235758855626101,0.07498045724876241,-0.883123519714653
eta_0.2,206,0.21925208492372894,0.09958127364040639,-0.8585227033230091
eta_0.2,207,0.20544538533471615,0.08245645895362443,-0.875647518009791
eta_0.2,208,0.2263910367153893,0.0902259119405125,-0.867878065022903
eta_0.2,209,0.21687112061227365,0.08062331231625315,-0.8774806646471622
eta_0.2,210,0.18757442691136522,0.08058150337511935,-0.877522473588296
eta_0.2,211,0.2275719331397869,0.10205098588977007,-0.8560529910736454
eta_0.2,212,0.2766038326752377,0.12563092178923152,-0.8324730551741839
eta_0.2,213,0.18974889104862852,0.07041943391759825,-0.8876845430458171
eta_0.2,214,0.26210894818214814,0.093271625558144,-0.8648323514052714
eta_0.2,215,0.2558285312321432,0.08935095743508135,-0.8687530195283341
eta_0.2,216,0.23242252293206148,0.11268609948906166,-0.8454178774743537
eta_0.2,217,0.21389263110447493,0.07058868031061648,-0.8875152966527989
eta_0.2,218,0.21722877375959873,0.11240996767661661,-0.8456940092867988
eta_0.2,219,0.26298244870783205,0.09429740843764078,-0.8638065685257746
eta_0.2,220,0.25290119827573476,0.09206672781248196,-0.8660372491509335
eta_0.2,221,0.26575531859911417,0.10954279098222552,-0.8485611859811899
eta_0.2,222,0.2739585548566555,0.10273879800436925,-0.8553651789590462
eta_0.2,223,0.20468679985454535,0.07559231249088957,-0.8825116644725258
eta_0.2,224,0.2122279179539764,0.07991189973501683,-0.8781920772283986
eta_0.2,225,0.25174978739867865,0.12135809577550451,-0.8367458811879109
eta_0.2,226,0.24358958995759625,0.11164183487356928,-0.8464621420898462
eta_0.2,227,0.1972078179056722,0.09842967135361536,-0.8596743056098001
eta_0.2,228,0.2561933874667611,0.09544220505369391,-0.8626617719097215
eta_0.2,229,0.24658481264613943,0.1017949833251152,-0.8563089936383003
eta_0.2,230,0.23850063871890362,0.11150861691803302,-0.8465953600453824
eta_0.2,231,0.24066184569398197,0.09173349851970389,-0.8663704784437115
eta_0.2,232,0.2513208969584164,0.11068547752606823,-0.8474184994373472
eta_0.2,233,0.23404248855308663,0.13273888634877973,-0.8253650906146357
eta_0.2,234,0.25191018895043743,0.12814277547988573,-0.8299612014835297
eta_0.2,235,0.22331281800232444,0.10543610462223452,-0.8526678723411809
eta_0.2,236,0.2610061008457921,0.1090376537620962,-0.8490663232013193
eta_0.2,237,0.2460326937842938,0.12810785793601676,-0.8299961190273987
eta_0.2,238,0.25312616915201486,0.08643256307825217,-0.8716714138851632
eta_0.2,239,0.29590289683648263,0.12807033287165615,-0.8300336440917593
eta_0.2,240,0.23282518606854263,0.07808423037171605,-0.8800197465916993
eta_0.2,241,0.24040834959280222,0.09618596671015514,-0.8619180102532603
eta_0.2,242,0.2529273837012619,0.1067118495116136,-0.8513921274518018
eta_0.2,243,0.18506627760522165,0.061656986970155855,-0.8964469899932596
eta_0.2,244,0.2661988993723843,0.12906812412676083,-0.8290358528366546
eta_0.2,245,0.22488698729572643,0.09433873041886084,-0.8637652465445546
eta_0.2,246,0.2393149272319311,0.10308993094431919,-0.8550140460190963
eta_0.2,247,0.23780872893382476,0.10013282081850888,-0.8579711561449066
eta_0.2,248,0.22358069394402663,0.09854777973001969,-0.8595561972333957
eta_0.2,249,0.2221687170705545,0.08324305896809946,-0.874860917995316
eta_0.2,250,0.27368535082014894,0.15884247937721419,-0.7992614975862012
eta_0.2,251,0.24951221535056922,0.1110767462329047,-0.8470272307305107
eta_0.2,252,0.3025998718460673,0.0963953933366293,-0.8617085836267862
eta_0.2,253,0.24818445239919434,0.1096338194198722,-0.8484701575435433
eta_0.2,254,0.26682215069573545,0.12180878475864441,-0.836295192204771
eta_0.2,255,0.26865049501347427,0.1122641533717632,-0.8458398235916522
eta_0.2,256,0.2923128454963184,0.12126730276198341,-0.836836674201432
eta_0.2,257,0.260774443111388,0.09634677816248752,-0.8617571988009279
eta_0.2,258,0.20792320568478873,0.067734465489458,-0.8903695114739574
eta_0.2,259,0.2767710214364691,0.11120992678011242,-0.846894050183303
eta_0.2,260,0.22992176068311776,0.08768252685534886,-0.8704214501080666
eta_0.2,261,0.22751248593674553,0.09059007952797357,-0.8675138974354418
eta_0.2,262,0.29133266941268526,0.11748654716903431,-0.8406174297943811
eta_0.2,263,0.24277161837450964,0.09132765573670455,-0.8667763212267109
eta_0.2,264,0.2852782988101179,0.15088737017712625,-0.8072166067862891
eta_0.2,265,0.2162102402523115,0.0934570181477503,-0.8646469588156651
eta_0.2,266,0.2718712190542578,0.1071282065491103,-0.8509757704143052
eta_0.2,267,0.25346235679850265,0.08553337308387732,-0.8725706038795381
eta_0.2,268,0.24197448532382068,0.10136829321963971,-0.8567356837437757
eta_0.2,269,0.2848803031236023,0.09519843385990455,-0.8629055431035109
eta_0.2,270,0.21457959596221832,0.09324260018299921,-0.8648613767804162
eta_0.2,271,0.22459840494310065,0.10395620819590323,-0.8541477687675122
eta_0.2,272,0.2577684238227035,0.088798402576967,-0.8693055743864484
eta_0.2,273,0.19440018644915796,0.09389439015580252,-0.864209586807613
eta_0.2,274,0.2792170943075773,0.13516156019986772,-0.8229424167635477
eta_0.2,275,0.2605088083678049,0.09759588735673713,-0.8605080896066784
eta_0.2,276,0.2281737273253253,0.08335101264955269,-0.8747529643138627
eta_0.2,277,0.2487041924639095,0.0957255279310502,-0.8623784490323653
eta_0.2,278,0.22130802800244864,0.08831483238387636,-0.869789144579539
eta_0.2,279,0.2701030545667182,0.14886456376600024,-0.8092394131974152
eta_0.2,280,0.26376184395104474,0.10743376692666856,-0.8506702100367469
eta_0.2,281,0.2435452864134477,0.08741758258655526,-0.8706863943768601
eta_0.2,282,0.21829955828225714,0.09798438225597161,-0.8601195947074438
eta_0.2,283,0.26254745786267786,0.11106265685046932,-0.8470413201129461
eta_0.2,284,0.24748421245052832,0.09868804585667518,-0.8594159311067402
eta_0.2,285,0.2245600753261684,0.09188523750816537,-0.8662187394552501
eta_0.2,286,0.26224649962488045,0.11740979636372414,-0.8406941805996913
eta_0.2,287,0.20876291403746075,0.10289681182732197,-0.8552071651360935
eta_0.2,288,0.1641333376738619,0.06311297494490442,-0.894991002018511
eta_0.2,289,0.21696910023214455,0.08025328701360052,-0.8778506899498149
eta_0.2,290,0.3185473149538386,0.16887838221872115,-0.7892255947446942
eta_0.2,291,0.24043372410072722,0.09203879124103533,-0.8660651857223801
eta_0.2,292,0.22814694120404,0.09021329818105603,-0.8678906787823594
eta_0.2,293,0.22949178697016948,0.08486192288813166,-0.8732420540752838
eta_0.2,294,0.21731439517214676,0.09280864462131488,-0.8652953323421005
eta_0.2,295,0.24297125914361514,0.07570717943132164,-0.8823967975320938
eta_0.2,296,0.2886602713803966,0.1466727657729211,-0.8114312111904943
eta_0.2,297,0.216426354428376,0.10355706982616578,-0.8545469071372497
eta_0.2,298,0.26366218414754683,0.0996577428566379,-0.8584462341067776
eta_0.2,299,0.23133338001476667,0.07867731935892161,-0.8794266576044938
eta_0.2,300,0.2573718728445587,0.09161619188514061,-0.8664877850782748
eta_0.2,301,0.2619694865331603,0.10734414386871033,-0.850759833094705
eta_0.2,302,0.26576477360636175,0.1245125773221883,-0.8335913996412271
eta_0.2,303,0.21580047874110064,0.08341437044674607,-0.8746896065166694
eta_0.2,304,0.2200424146486225,0.08411181435105987,-0.8739921626123556
eta_0.2,305,0.2153761734893627,0.12450798967450229,-0.8335959872889132
eta_0.2,306,0.23093375669814709,0.09496429901439367,-0.8631396779490218
eta_0.2,307,0.27456235907812737,0.09842895766979172,-0.8596750192936237
eta_0.2,308,0.2928169789897981,0.09722876855787106,-0.8608752084055443
eta_0.2,309,0.23772092490671604,0.11174005358257255,-0.8463639233808429
eta_0.2,310,0.24711550246675654,0.10061713656375196,-0.8574868403996635
eta_0.2,311,0.2210891936817259,0.07344048265036174,-0.8846634943130537
eta_0.2,312,0.1913027546701401,0.07939584195065766,-0.8787081350127578
eta_0.2,313,0.31185685962664267,0.13358829595521116,-0.8245156810082043
eta_0.2,314,0.21044171867484762,0.08295433455872056,-0.8751496424046948
eta_0.2,315,0.23876091497708243,0.09650259619908541,-0.86160138076433
eta_0.2,316,0.2794234399075094,0.09448551326349039,-0.863618463699925
eta_0.2,317,0.297558183427562,0.11958907818760321,-0.8385148987758122
eta_0.2,318,0.2420994034590984,0.08944937780252513,-0.8686545991608903
eta_0.2,319,0.23243044916633876,0.11773960148079578,-0.8403643754826197
eta_0.2,320,0.20123924053638603,0.09368139137534552,-0.86442258558807
eta_0.2,321,0.25641998190995335,0.11299706622353978,-0.8451069107398756
eta_0.2,322,0.26499313295902494,0.10862650416305167,-0.8494774728003638
eta_0.2,323,0.2821253805240733,0.11062162921708972,-0.8474823477463257
eta_0.2,324,0.1940484830734606,0.06987937334542871,-0.8882246036179867
eta_0.2,325,0.24307903191542604,0.10276796399776886,-0.8553360129656465
eta_0.2,326,0.26190802687797354,0.11815968053115063,-0.8399442964322648
eta_0.2,327,0.2606260859695866,0.11868279375314149,-0.8394211832102739
eta_0.2,328,0.24950220698509998,0.09047407448248705,-0.8676299024809284
eta_0.2,329,0.27544973813554013,0.12212840446133409,-0.8359755725020813
eta_0.2,330,0.24588626965870702,0.1262678700206079,-0.8318361069428075
eta_0.2,331,0.22515986140762428,0.11354228139059039,-0.844561695572825
eta_0.2,332,0.2566147064504408,0.12177604580878476,-0.8363279311546307
eta_0.2,333,0.21195304209520355,0.08490648288244995,-0.8731974940809655
eta_0.2,334,0.23625380861199524,0.07837452418944174,-0.8797294527739736
eta_0.2,335,0.19198737181237913,0.0725854481688527,-0.8855185287945627
eta_0.2,336,0.2305675414310916,0.09162689423512858,-0.8664770827282868
eta_0.2,337,0.2731617727730221,0.08972378515020284,-0.8683801918132126
eta_0.2,338,0.21108369089743878,0.07946456054045942,-0.8786394164229561
eta_0.2,339,0.25454001689839334,0.11265434196073408,-0.8454496350026813
eta_0.2,340,0.24517234358188222,0.08569724522463601,-0.8724067317387794
eta_0.2,341,0.22330583594668058,0.08985215418250558,-0.8682518227809098
eta_0.2,342,0.27050408159879535,0.11677865768995653,-0.8413253192734589
eta_0.2,343,0.2746709467385372,0.10334417601831064,-0.8547598009451047
eta_0.2,344,0.2531614220193639,0.10785677489649009,-0.8502472020669254
eta_0.2,345,0.2220477619976094,0.10069376415402206,-0.8574102128093933
eta_0.2,346,0.25775691095928877,0.11344770676463978,-0.8446562701987756
eta_0.2,347,0.2712387096255413,0.11236447162146868,-0.8457395053419468
eta_0.2,348,0.21972451502079476,0.08155465556132338,-0.8765493214020921
eta_0.2,349,0.2665595809948576,0.11824067499754448,-0.839863301965871
eta_0.2,350,0.2558270318438998,0.1034096691673399,-0.8546943077960756
eta_0.2,351,0.23833491582735872,0.09172971611744783,-0.8663742608459676
eta_0.2,352,0.2215478298781494,0.10545605702258305,-0.8526479199408323
eta_0.2,353,0.24297468496404895,0.1308350911251575,-0.827268885838258
eta_0.2,354,0.25833985000535653,0.09292423699167163,-0.8651797399717438
eta_0.2,355,0.22647459869542869,0.08016828729674273,-0.8779356896666727
eta_0.2,356,0.2245736077687355,0.11303865690158835,-0.8450653200618271
eta_0.2,357,0.21529860871661166,0.08708142730857506,-0.8710225496548404
eta_0.2,358,0.23058141719702793,0.07891599305155753,-0.8791879839118579
eta_0.2,359,0.2606446152219045,0.11493720846316613,-0.8431667685002493
eta_0.2,360,0.22617686184044475,0.08845285401181033,-0.8696511229516051
eta_0.2,361,0.2143801261920712,0.10430581825044312,-0.8537981587129723
eta_0.2,362,0.242859834405754,0.10047091203383521,-0.8576330649295802
eta_0.2,363,0.21848385734510137,0.07640856279306887,-0.8816954141703466
eta_0.2,364,0.2361900811380912,0.0957358070667299,-0.8623681698966855
eta_0.2,365,0.2670763277275531,0.12018987360029061,-0.8379141033631248
eta_0.2,366,0.27496340065184965,0.09777047129118435,-0.8603335056722311
eta_0.2,367,0.21960819622316785,0.08897635073521463,-0.8691276262282008
eta_0.2,368,0.2664002426699542,0.1329740800853594,-0.825129896878056
eta_0.2,369,0.25681596748656965,0.0934923698802183,-0.8646116070831971
eta_0.2,370,0.3082123648508648,0.12558959787456547,-0.83251437908885
eta_0.2,371,0.28341566060943535,0.13663579445827675,-0.8214681825051386
eta_0.2,372,0.2180018053739959,0.12038270451847562,-0.8377212724449398
eta_0.2,373,0.24098561265340945,0.08535633117730568,-0.8727476457861097
eta_0.2,374,0.22939766498073005,0.09742768893656337,-0.860676288026852
eta_0.2,375,0.25281800506279584,0.11102665914867912,-0.8470773178147363
eta_0.2,376,0.27037645690879075,0.09017754126488726,-0.8679264356985281
eta_0.2,377,0.2379548692598264,0.10526194301021591,-0.8528420339531995
eta_0.2,378,0.2066383344390489,0.07522963549106769,-0.8828743414723478
eta_0.2,379,0.2390843198630457,0.08496619230176325,-0.8731377846616521
eta_0.2,380,0.21739417036950776,0.10052100755847303,-0.8575829694049424
eta_0.2,381,0.2230534774002486,0.08879625149860396,-0.8693077254648115
eta_0.2,382,0.2540432589578942,0.07526441494303007,-0.8828395620203854
eta_0.2,383,0.2102625386685718,0.08740305737362913,-0.8707009195897863
eta_0.2,384,0.25848188098715164,0.08824057408588784,-0.8698634028775276
eta_0.2,385,0.2744128229891904,0.11679954136425696,-0.8413044355991585
eta_0.2,386,0.24689975401861677,0.09434658583681832,-0.8637573911265971
eta_0.2,387,0.258539198851821,0.10010667154175615,-0.8579973054216593
eta_0.2,388,0.2589988826272265,0.1061132629024941,-0.8519907140609213
eta_0.2,389,0.25175771110879575,0.09368419160988531,-0.8644197853535301
eta_0.2,390,0.2733386134657917,0.12104386071228468,-0.8370601162511307
eta_0.2,391,0.23805586158477576,0.09091150397812692,-0.8671924729852885
eta_0.2,392,0.2760970121561822,0.07613623572374681,-0.8819677412396686
eta_0.2,393,0.25948865757518325,0.12598964799436943,-0.832114328969046
eta_0.2,394,0.19926927645860415,0.08098419278935001,-0.8771197841740654
eta_0.2,395,0.2482337619483958,0.10315090109030185,-0.8549530758731135
eta_0.2,396,0.30304273935200077,0.12925809658937135,-0.828845880374044
eta_0.2,397,0.21016320189172372,0.08212589010222403,-0.8759780868611914
eta_0.2,398,0.19456304184358844,0.0888980482754449,-0.8692059286879705
eta_0.2,399,0.2507600265899514,0.10725522052713102,-0.8508487564362844
eta_0.2,400,0.24737232408857926,0.12020746822646013,-0.8378965087369553
eta_0.2,401,0.22584069653546693,0.08937083226340872,-0.8687331447000067
eta_0.2,402,0.20508167552695705,0.10181428531910543,-0.85628969164431
eta_0.2,403,0.25203068494408715,0.09360793111590496,-0.8644960458475105
eta_0.2,404,0.21287443538137923,0.07443695963796343,-0.8836670173254519
eta_0.2,405,0.24762447645561442,0.1269273897272863,-0.8311765872361292
eta_0.2,406,0.24084677690227885,0.11454151119533797,-0.8435624657680775
eta_0.2,407,0.2771731648619784,0.10019686875422831,-0.8579071082091871
eta_0.2,408,0.22111404201518708,0.06738157051244333,-0.8907224064509721
eta_0.2,409,0.2535897032637459,0.09547514467790277,-0.8626288322855127
eta_0.2,410,0.26663711994263195,0.11155151604132572,-0.8465524609220897
eta_0.2,411,0.23714014994433816,0.10505894272155349,-0.853045034241862
eta_0.2,412,0.24570324189998388,0.07858403114125792,-0.8795199458221575
eta_0.2,413,0.22849168528415875,0.10532415715592133,-0.8527798198074941
eta_0.2,414,0.2444608629364744,0.099920988500208,-0.8581829884632074
eta_0.2,415,0.21965065013135548,0.08086325491628833,-0.8772407220471271
eta_0.2,416,0.2548777268751039,0.10111120050705921,-0.8569927764563562
eta_0.2,417,0.21931086754093596,0.09276228964161723,-0.8653416873217982
eta_0.2,418,0.3313517332606249,0.12775886352284616,-0.8303451134405693
eta_0.2,419,0.23275182788746157,0.09534037455566968,-0.8627636024077457
eta_0.2,420,0.22610943296660557,0.08185562073938679,-0.8762483562240286
eta_0.2,421,0.23753695145772744,0.07926649466407437,-0.878837482299341
eta_0.2,422,0.25260629526895184,0.1283752074658728,-0.8297287694975426
eta_0.2,423,0.22834285793424505,0.08414905558349696,-0.8739549213799185
eta_0.2,424,0.3259686199330293,0.11549935127087249,-0.8426046256925429
eta_0.2,425,0.26517789794922947,0.10823210005609324,-0.8498718769073221
eta_0.2,426,0.29830447802405896,0.12461093248922889,-0.8334930444741866
eta_0.2,427,0.2435953639712402,0.11065226744655987,-0.8474517095168556
eta_0.2,428,0.20984046054508443,0.09445918904128733,-0.8636447879221281
eta_0.2,429,0.24127417582812838,0.10463219054032105,-0.8534717864230944
eta_0.2,430,0.20948551219589445,0.07809971214440778,-0.8800042648190076
eta_0.2,431,0.21624835936427855,0.08215591583511314,-0.8759480611283023
eta_0.2,432,0.2617946482956835,0.12809075459957991,-0.8300132223638355
eta_0.2,433,0.2539035152401775,0.09470440394773749,-0.8633995730156779
eta_0.2,434,0.24874319030632147,0.10039421789399082,-0.8577097590694246
eta_0.2,435,0.348976109314847,0.13227131680806067,-0.8258326601553547
eta_0.2,436,0.21615498810505587,0.0901052750510124,-0.867998701912403
eta_0.2,437,0.26212236114369003,0.09860476241876766,-0.8594992145446477
eta_0.2,438,0.23248083405634104,0.09836447028082795,-0.8597395066825875
eta_0.2,439,0.2541568597728584,0.07534096033624511,-0.8827630166271703
eta_0.2,440,0.2701997779041364,0.11264134018167174,-0.8454626367817437
eta_0.2,441,0.2961026384385374,0.11063079535152336,-0.8474731816118921
eta_0.2,442,0.27928532366371794,0.14210734776373452,-0.815996629199681
eta_0.2,443,0.23165703025729756,0.10156900979675897,-0.8565349671666564
eta_0.2,444,0.2946782967829747,0.11791435494422091,-0.8401896220191946
eta_0.2,445,0.3184820001907168,0.11045442262550048,-0.847649554337915
eta_0.2,446,0.24751098169551544,0.14337426815738655,-0.8147297088060289
eta_0.2,447,0.25948831425015023,0.09895894726402195,-0.8591450296993934
eta_0.2,448,0.2559179523610084,0.09644894765874616,-0.8616550293046693
eta_0.2,449,0.2999027072733095,0.13180425616354438,-0.826299720799871
eta_0.2,450,0.22704246965207217,0.0802509192917642,-0.8778530576716512
eta_0.2,451,0.24064659339634586,0.08859054536766592,-0.8695134315957496
eta_0.2,452,0.2325018071171681,0.10253253240810567,-0.8555714445553098
eta_0.2,453,0.23022336392936824,0.09895276035129323,-0.8591512166121222
eta_0.2,454,0.1811079453885364,0.06750735766131327,-0.8905966193021022
eta_0.2,455,0.22423565419038533,0.09858336121245172,-0.8595206157509637
eta_0.2,456,0.2176997188556377,0.09761841612524931,-0.8604855608381661
eta_0.2,457,0.24770963542260507,0.08292462196632136,-0.8751793549970941
eta_0.2,458,0.20736803618819888,0.07696491310098048,-0.8811390638624349
eta_0.2,459,0.25347737810262955,0.09385950068400997,-0.8642444762794055
eta_0.2,460,0.25730945389269594,0.09950583778220737,-0.8585981391812081
eta_0.2,461,0.26697244821849586,0.09702428071022998,-0.8610796962531855
eta_0.2,462,0.24665265657810542,0.1044345985091869,-0.8536693784542285
eta_0.2,463,0.24903931964600678,0.10126736333841883,-0.8568366136249966
eta_0.2,464,0.2669223010413748,0.12184560462847675,-0.8362583723349387
eta_0.2,465,0.22222191941239663,0.10263656058863788,-0.8554674163747775
eta_0.2,466,0.23005078568667203,0.11889270440301547,-0.8392112725604
eta_0.2,467,0.23039273548374717,0.10242491728859107,-0.8556790596748244
eta_0.2,468,0.224598854925132,0.1011820340794057,-0.8569219428840097
eta_0.2,469,0.23178798381772783,0.10676163098694316,-0.8513423459764723
eta_0.2,470,0.20999441179215067,0.09253886976984899,-0.8655651071935664
eta_0.2,471,0.2404848648273209,0.10820127263728846,-0.8499027043261269
eta_0.2,472,0.25989180719227795,0.09214633224026003,-0.8659576447231554
eta_0.2,473,0.25181271329720445,0.10365675619613438,-0.8544472207672811
eta_0.2,474,0.2283371101932825,0.08934040333316584,-0.8687635736302496
eta_0.2,475,0.2257840645998617,0.08664682432888371,-0.8714571526345317
eta_0.2,476,0.24980846845036797,0.1049600936585742,-0.8531438833048413
eta_0.2,477,0.22425060540673455,0.08708532686202436,-0.871018650101391
eta_0.2,478,0.25024107723583827,0.09615150841947118,-0.8619524685439443
eta_0.2,479,0.28546919600448933,0.09716140151880728,-0.8609425754446082
eta_0.2,480,0.24958742446667428,0.12068952130808105,-0.8374144556553343
eta_0.2,481,0.29964502761723577,0.14244538366099427,-0.8156585933024212
eta_0.2,482,0.2899121299493696,0.12317241533616125,-0.8349315616272541
eta_0.2,483,0.21859788963529775,0.08463875877328726,-0.8734652181901281
eta_0.2,484,0.2213831622832386,0.08745151357325748,-0.870652463390158
eta_0.2,485,0.24657275008822033,0.10259503925247278,-0.8555089377109426
eta_0.2,486,0.2560845999617537,0.10483455084904365,-0.8532694261143717
eta_0.2,487,0.3076414881227477,0.14708667219491517,-0.8110173047685003
eta_0.2,488,0.2736849404240197,0.11558031427274587,-0.8425236626906696
eta_0.2,489,0.26862983998087075,0.10567687399629233,-0.8524271029671231
eta_0.2,490,0.28576099643837605,0.14088385460241531,-0.8172201223610001
eta_0.2,491,0.20357481741628955,0.07694574151505809,-0.8811582354483574
eta_0.2,492,0.2593441241847553,0.11629632115912217,-0.8418076558042933
eta_0.2,493,0.22828072468149982,0.09782210709714954,-0.8602818698662659
eta_0.2,494,0.2268508052281658,0.0839214290560629,-0.8741825479073525
eta_0.2,495,0.18970264248393187,0.06853106981958011,-0.8895729071438353
eta_0.2,496,0.3151868840171115,0.15978063193990905,-0.7983233450235063
eta_0.2,497,0.21696310901989896,0.09266245447656817,-0.8654415224868472
eta_0.2,498,0.318726309162977,0.11816318316373818,-0.8399407937996772
eta_0.2,499,0.2429074689856512,0.09738139906333981,-0.8607225779000756
eta_0.2,500,0.27078697619010783,0.12873554083988709,-0.8293684361235283
eta_0.2,501,0.2572156062110942,0.0826074605490752,-0.8754965164143402
eta_0.2,502,0.2551036516260873,0.08614040443152864,-0.8719635725318868
eta_0.2,503,0.20599018880348105,0.09478763004314858,-0.8633163469202668
eta_0.2,504,0.1850974853996858,0.08849470703622947,-0.869609269927186
eta_0.2,505,0.26393117257899557,0.12789643144531299,-0.8302075455181024
eta_0.2,506,0.30700957401937423,0.14088761191438695,-0.8172163650490285
eta_0.2,507,0.23452562251206283,0.08511822481533063,-0.8729857521480848
eta_0.2,508,0.1928093346656584,0.08445943192262187,-0.8736445450407936
eta_0.2,509,0.25067708044787107,0.11787975783459181,-0.8402242191288236
eta_0.2,510,0.2594779940947962,0.12405059524252306,-0.8340533817208924
eta_0.2,511,0.23757822394451322,0.10953765420192033,-0.8485663227614951
eta_0.2,512,0.2333033679473544,0.11301409557547064,-0.8450898813879448
eta_0.2,513,0.2513411824448632,0.10830146207805416,-0.8498025148853613
eta_0.2,514,0.20930185595543585,0.07115627543878097,-0.8869477015246344
eta_0.2,515,0.2354438952060733,0.09802247199277762,-0.8600815049706378
eta_0.2,516,0.2470857128696771,0.0930376623650758,-0.8650663145983396
eta_0.2,517,0.25666813198925487,0.11561645822941573,-0.8424875187339997
eta_0.2,518,0.26978543062800375,0.10457138245832018,-0.8535325945050952
eta_0.2,519,0.23945851615386315,0.10783161911358102,-0.8502723578498343
eta_0.2,520,0.21806216357354263,0.0761844062716919,-0.8819195706917236
eta_0.2,521,0.25696419106257573,0.10517832741935079,-0.8529256495440647
eta_0.2,522,0.2291031674406248,0.08170562886616632,-0.8763983480972491
eta_0.2,523,0.2640088861095504,0.11596129720944731,-0.8421426797539682
eta_0.2,524,0.26009469168737065,0.13038565768991012,-0.8277183192735054
eta_0.2,525,0.2282330439908268,0.1298182717231577,-0.8282857052402577
eta_0.2,526,0.21961837984760296,0.12071446291100615,-0.8373895140524092
eta_0.2,527,0.26030019142671523,0.1046023290238441,-0.8535016479395713
eta_0.2,528,0.22889670548596092,0.11173369652314707,-0.8463702804402684
eta_0.2,529,0.23866315938146984,0.10216334367361132,-0.8559406332898041
eta_0.2,530,0.30083121251322587,0.12740487025596506,-0.8306991067074504
eta_0.2,531,0.3143862732916266,0.12508935665446122,-0.8330146203089542
eta_0.2,532,0.2595240975354053,0.12399743635749531,-0.8341065406059202
eta_0.2,533,0.23998952824448228,0.0880595483182596,-0.8700444286451559
eta_0.2,534,0.26112185065047544,0.09542363451888446,-0.862680342444531
eta_0.2,535,0.23214092823397536,0.13056877220659469,-0.8275352047568207
eta_0.2,536,0.24114034966254522,0.10681441177128329,-0.8512895651921322
eta_0.2,537,0.23337911189081012,0.09185231962263668,-0.8662516573407788
eta_0.2,538,0.2415951446199074,0.10441034048020542,-0.85369363648321
eta_0.2,539,0.22533548329007788,0.09322777871329485,-0.8648761982501205
eta_0.2,540,0.2472888081579338,0.11658859997829847,-0.8415153769851169
eta_0.2,541,0.2504647267643864,0.08858904090433213,-0.8695149360590833
eta_0.2,542,0.24978430557752174,0.10486703334211256,-0.8532369436213029
eta_0.2,543,0.21874932993212007,0.08322694064937283,-0.8748770363140426
eta_0.2,544,0.23415925908933669,0.1045249353287277,-0.8535790416346878
eta_0.2,545,0.24843844316542535,0.10505154486627984,-0.8530524320971355
eta_0.2,546,0.26574152733058026,0.09414885732958114,-0.8639551196338343
eta_0.2,547,0.2383201413574491,0.08585498081169295,-0.8722489961517225
eta_0.2,548,0.2696727557473371,0.11353333101395705,-0.8445706459494584
eta_0.2,549,0.21320265386716164,0.09773655030082021,-0.8603674266625952
eta_0.2,550,0.20083485327732176,0.08338961263561664,-0.8747143643277988
eta_0.2,551,0.2658339997428891,0.11472697762438282,-0.8433769993390327
eta_0.2,552,0.24584743631676922,0.08981674260801444,-0.868287234355401
eta_0.2,553,0.2724051947706424,0.08277600509933866,-0.8753279718640767
eta_0.2,554,0.22624422062817,0.0908317555885329,-0.8672722213748825
eta_0.2,555,0.22583894501322938,0.09565558882276491,-0.8624483881406505
eta_0.2,556,0.28322635734802404,0.12772069318236123,-0.8303832837810542
eta_0.2,557,0.25502056136911977,0.10521176793334991,-0.8528922090300655
eta_0.2,558,0.1953545853189897,0.0778260470955014,-0.880277929867914
eta_0.2,559,0.2853134019827649,0.10049488105375161,-0.8576090959096638
eta_0.2,560,0.20759321232605826,0.08204550443527547,-0.87605847252814
eta_0.2,561,0.1931521421364836,0.07521720114703179,-0.8828867758163836
eta_0.2,562,0.23321706847957308,0.08971454265858307,-0.8683894343048324
eta_0.2,563,0.18780233889165038,0.06220687182609118,-0.8958971051373242
eta_0.2,564,0.3035754692063318,0.10571754546570328,-0.8523864314977121
eta_0.2,565,0.2729387557894011,0.09301896198788043,-0.865085014975535
eta_0.2,566,0.27263481958685165,0.10559678079460744,-0.852507196168808
eta_0.2,567,0.2848746750422516,0.10962204978519177,-0.8484819271782237
eta_0.2,568,0.251392089760072,0.09673485679683257,-0.8613691201665828
eta_0.2,569,0.26551454282528786,0.1136063267791187,-0.8444976501842967
eta_0.2,570,0.26605477562143787,0.08892706138353573,-0.8691769155798796
eta_0.2,571,0.19210622035691133,0.07685989003256813,-0.8812440869308473
eta_0.2,572,0.28856979495656104,0.12849588517768662,-0.8296080917857288
eta_0.2,573,0.28200225307505244,0.09831260730020533,-0.8597913696632101
eta_0.2,574,0.2824457479954664,0.10660742361155795,-0.8514965533518575
eta_0.2,575,0.2343076163017765,0.0765668384263771,-0.8815371385370383
eta_0.2,576,0.2607015677805319,0.09846929912503247,-0.859634677838383
eta_0.2,577,0.2627495597609679,0.11451377226419696,-0.8435902046992185
eta_0.2,578,0.254701873036507,0.135142586559029,-0.8229613904043864
eta_0.2,579,0.22965069874762828,0.12045111234390889,-0.8376528646195065
eta_0.2,580,0.267457322752807,0.14175860425975836,-0.816345372703657
eta_0.2,581,0.24864853226443429,0.11011777738400536,-0.84798619957941
eta_0.2,582,0.3106386466606089,0.12427502492120487,-0.8338289520422105
eta_0.2,583,0.24717481761729856,0.1019595529013884,-0.8561444240620271
eta_0.2,584,0.23878429931299022,0.07632069277623357,-0.8817832841871819
eta_0.2,585,0.27906397904145086,0.09072781005930972,-0.8673761669041057
eta_0.2,586,0.254521867936476,0.09650365928216272,-0.8616003176812527
eta_0.2,587,0.23924658798455053,0.10548268720249787,-0.8526212897609176
eta_0.2,588,0.2091379814747548,0.0733824077833277,-0.8847215691800877
eta_0.2,589,0.1753890778024558,0.07463661796689752,-0.8834673589965178
eta_0.2,590,0.23329952713017565,0.0847838531581535,-0.8733201238052619
eta_0.2,591,0.21707854567591642,0.09902127879642383,-0.8590826981669916
eta_0.2,592,0.2263895272058658,0.1064728431724142,-0.8516311337910012
eta_0.2,593,0.21511207452465697,0.08317384089489277,-0.8749301360685227
eta_0.2,594,0.226385745949781,0.08965585319541557,-0.8684481237679998
eta_0.2,595,0.25615348542942856,0.09938531119915381,-0.8587186657642616
eta_0.2,596,0.2694808055536748,0.11129872329756513,-0.8468052536658504
eta_0.2,597,0.20659666237267982,0.08124867860906668,-0.8768552983543487
eta_0.2,598,0.20716369645638794,0.08865169526004901,-0.8694522817033664
eta_0.2,599,0.24119912229381996,0.10348858808264631,-0.8546153888807692
eta_0.2,600,0.27663062590871457,0.11152672090170179,-0.8465772560617136
eta_0.2,601,0.2396774952398365,0.13915877553749043,-0.818945201425925
eta_0.2,602,0.21487489255354172,0.08009973795139437,-0.8780042390120211
eta_0.2,603,0.2698113663679811,0.11623812407527284,-0.8418658528881426
eta_0.2,604,0.25853842836563623,0.10884284970250319,-0.8492611272609123
eta_0.2,605,0.2287911317814625,0.10400637101274063,-0.8540976059506749
eta_0.2,606,0.24686963102271853,0.09184447169751447,-0.866259505265901
eta_0.2,607,0.2538347791773424,0.09951398469192721,-0.8585899922714882
eta_0.2,608,0.2224359505910093,0.08969025617564563,-0.8684137207877698
eta_0.2,609,0.21262335313915837,0.09913415752204756,-0.8589698194413679
eta_0.2,610,0.2725343677736888,0.1160663470293136,-0.8420376299341018
eta_0.2,611,0.21809579951772196,0.1060380557089361,-0.8520659212544793
eta_0.2,612,0.19708447248065725,0.08704173900195336,-0.8710622379614621
eta_0.2,613,0.21458303931357914,0.09377267171562777,-0.8643313052477877
eta_0.2,614,0.2371657110783506,0.08982783689515053,-0.8682761400682649
eta_0.2,615,0.21252427013013267,0.08612656024272963,-0.8719774167206857
eta_0.2,616,0.2516732116678313,0.10780960050319513,-0.8502943764602203
eta_0.2,617,0.25584141489459183,0.09798714902346642,-0.860116827939949
eta_0.2,618,0.20860076356975085,0.07500300732492995,-0.8831009696384855
eta_0.2,619,0.19957475651485665,0.07747403923744245,-0.880629937725973
eta_0.2,620,0.3017631773786682,0.14012869805480577,-0.8179752789086097
eta_0.2,621,0.23539041046666626,0.09590616616077961,-0.8621978108026358
eta_0.2,622,0.2509527650199495,0.11384755498588674,-0.8442564219775287
eta_0.2,623,0.23915554321480725,0.09220006717522874,-0.8659039097881867
eta_0.2,624,0.2778615439245532,0.11056453156405723,-0.8475394453993582
eta_0.2,625,0.256488872665917,0.08854350366903312,-0.8695604732943824
eta_0.2,626,0.2500235775536597,0.1180660790250879,-0.8400378979383275
eta_0.2,627,0.26128265649204513,0.1068725502244407,-0.8512314267389747
eta_0.2,628,0.2545627598803086,0.11306400568999539,-0.84503997127342
eta_0.2,629,0.2743162502833727,0.10242361888565746,-0.855680358077758
eta_0.2,630,0.258061511037591,0.11416412621416713,-0.8439398507492483
eta_0.2,631,0.29408024322277243,0.1198185274088963,-0.8382854495545191
eta_0.2,632,0.2162875778778385,0.08428604883974161,-0.8738179281236738
eta_0.2,633,0.26796226412897844,0.08949513811650783,-0.8686088388469075
eta_0.2,634,0.2639212655838996,0.10480137322276106,-0.8533026037406544
eta_0.2,635,0.23963324385140033,0.09621360207695336,-0.861890374886462
eta_0.2,636,0.27828109040493026,0.1286755491175064,-0.829428427845909
eta_0.2,637,0.25698537162260715,0.09498474897132288,-0.8631192279920925
eta_0.2,638,0.2207715322368924,0.08176386845232528,-0.8763401085110901
eta_0.2,639,0.2534566502887582,0.10282156819791553,-0.8552824087654999
eta_0.2,640,0.20060104698600145,0.09296531763245461,-0.8651386593309608
eta_0.2,641,0.19461312787568108,0.09875052878729237,-0.859353448176123
eta_0.2,642,0.22936389285354866,0.09540090803765358,-0.8627030689257619
eta_0.2,643,0.280407132015823,0.11425792946332335,-0.8438460475000921
eta_0.2,644,0.2386259654844622,0.12089610115958814,-0.8372078758038273
eta_0.2,645,0.23666056920721817,0.0956832430674179,-0.8624207338959975
eta_0.2,646,0.22858150635477176,0.09921073309480949,-0.8588932438686059
eta_0.2,647,0.2732367552809908,0.11306079608265436,-0.845043180880761
eta_0.2,648,0.2092569913095915,0.09706673267744909,-0.8610372442859664
eta_0.2,649,0.24728757105837929,0.09830064681904635,-0.859803330144369
eta_0.2,650,0.2708361620888078,0.10472778482647677,-0.8533761921369387
eta_0.2,651,0.25477604755217176,0.10421941068440407,-0.8538845662790113
eta_0.2,652,0.2487713823773621,0.13460062790983013,-0.8235033490535852
eta_0.2,653,0.24797541529360334,0.0948309633489201,-0.8632730136144953
eta_0.2,654,0.20209834458854548,0.09403574994980368,-0.8640682270136117
eta_0.2,655,0.2214194965587336,0.08815285009682577,-0.8699511268665896
eta_0.2,656,0.24514811885226245,0.10592972494300798,-0.8521742520204074
eta_0.2,657,0.24271449007864315,0.09082873941004255,-0.8672752375533729
eta_0.2,658,0.21879283812774125,0.08638746601074297,-0.8717165109526724
eta_0.2,659,0.2977237385619831,0.09407783718904486,-0.8640261397743706
eta_0.2,660,0.2741678276210806,0.13826610009228404,-0.8198378768711314
eta_0.2,661,0.3001388625161515,0.11159580446942048,-0.8465081724939949
eta_0.2,662,0.21196203084791854,0.08849678725427942,-0.869607189709136
eta_0.2,663,0.24457070602631464,0.09601963240945824,-0.8620843445539572
eta_0.2,664,0.2535397888700546,0.0988410292253338,-0.8592629477380817
eta_0.2,665,0.22491733888150617,0.08405523016834945,-0.874048746795066
eta_0.2,666,0.2509412136894454,0.10127089766412237,-0.8568330792992931
eta_0.2,667,0.20848732420293348,0.10409622136072208,-0.8540077556026934
eta_0.2,668,0.24679423622075186,0.08368298083160397,-0.8744209961318115
eta_0.2,669,0.23789270902598206,0.09494285121261425,-0.8631611257508012
eta_0.2,670,0.2423060265254801,0.07889283980929973,-0.8792111371541157
eta_0.2,671,0.19543377954907487,0.07280403260513053,-0.8852999443582849
eta_0.2,672,0.2552300311044018,0.09744547198473405,-0.8606585049786813
eta_0.2,673,0.19675775388887734,0.07745056341807063,-0.8806534135453448
eta_0.2,674,0.2523854246172058,0.11769318154328935,-0.8404107954201261
eta_0.2,675,0.2247339796848785,0.10496698749187727,-0.8531369894715382
eta_0.2,676,0.2511872941683918,0.1035036646537601,-0.8546003123096553
eta_0.2,677,0.23503141898143362,0.08992837311231885,-0.8681756038510966
eta_0.2,678,0.2155397032878934,0.08136724423635638,-0.876736732727059
eta_0.2,679,0.2540690450404792,0.12441438912899778,-0.8336895878344176
eta_0.2,680,0.2545352015809559,0.11587698772484249,-0.842226989238573
eta_0.2,681,0.23376129321868727,0.08421675523836004,-0.8738872217250554
eta_0.2,682,0.2075866281564513,0.07878206802771115,-0.8793219089357043
eta_0.2,683,0.29476557851356955,0.12200731430123352,-0.836096662662182
eta_0.2,684,0.19761857383095194,0.07992341801846578,-0.8781805589449496
eta_0.2,685,0.25378512332308273,0.07866005867576206,-0.8794439182876533
eta_0.2,686,0.20788223635907271,0.1185660559813666,-0.8395379209820488
eta_0.2,687,0.19236463392662173,0.07451837453853172,-0.8835856024248837
eta_0.2,688,0.2797015406939443,0.1335848380099035,-0.8245191389535119
eta_0.2,689,0.19818867097728388,0.07503765387906183,-0.8830663230843536
eta_0.2,690,0.19853093514812206,0.08405663768320623,-0.8740473392802092
eta_0.2,691,0.2509723583504813,0.09656481234784736,-0.8615391646155681
eta_0.2,692,0.24677797400643128,0.11656681449475358,-0.8415371624686618
eta_0.2,693,0.26192611028209034,0.12215577072211417,-0.8359482062413013
eta_0.2,694,0.2531961171381275,0.12090898279050288,-0.8371949941729125
eta_0.2,695,0.20684772837970927,0.08411187293244866,-0.8739921040309667
eta_0.2,696,0.2737543624142552,0.1268160416602908,-0.8312879353031246
eta_0.2,697,0.2257003961414107,0.10508234680014075,-0.8530216301632747
eta_0.2,698,0.2596877914963174,0.08990079312281893,-0.8682031838405965
eta_0.2,699,0.2191633725322234,0.0858760302625016,-0.8722279467009139
eta_0.2,700,0.2458347507330698,0.12700370241176032,-0.8311002745516551
eta_0.2,701,0.2947766389430951,0.12158078007984549,-0.8365231968835699
eta_0.2,702,0.25382635611601834,0.08493547653897288,-0.8731685004244425
eta_0.2,703,0.22098032222006728,0.08786602268569493,-0.8702379542777205
eta_0.2,704,0.23618343769558892,0.08269364328337436,-0.8754103336800411
eta_0.2,705,0.20824958519331405,0.08392075096133372,-0.8741832260020816
eta_0.2,706,0.21593879561020957,0.06898333109832726,-0.8891206458650882
eta_0.2,707,0.2515508922966543,0.10064718520306801,-0.8574567917603474
eta_0.2,708,0.25289104431606485,0.09969829008152739,-0.858405686881888
eta_0.2,709,0.21404773790139975,0.09613952728200735,-0.8619644496814081
eta_0.2,710,0.25306471194868607,0.14092232131633622,-0.8171816556470792
eta_0.2,711,0.30233344509281923,0.11932305572209417,-0.8387809212413213
eta_0.2,712,0.2349538850693954,0.09000598529355672,-0.8680979916698587
eta_0.2,713,0.2162711393855274,0.08254758363545803,-0.8755563933279574
eta_0.2,714,0.2191175923001784,0.09906050470554198,-0.8590434722578735
eta_0.2,715,0.24446189448458722,0.09234839368945269,-0.8657555832739627
eta_0.2,716,0.2213077753517752,0.08653092342660068,-0.8715730535368147
eta_0.2,717,0.25993741096940925,0.11731615542431793,-0.8407878215390975
eta_0.2,718,0.23212078368139552,0.09961528792399357,-0.8584886890394219
eta_0.2,719,0.2647054630323241,0.10487348896327248,-0.8532304880001429
eta_0.2,720,0.19256907065667106,0.07834714132529809,-0.8797568356381174
eta_0.2,721,0.2803626541995009,0.09460690829353555,-0.8634970686698799
eta_0.2,722,0.28200050319979475,0.096327796076393,-0.8617761808870225
eta_0.2,723,0.2490102532556298,0.08575793385383809,-0.8723460431095773
eta_0.2,724,0.23801470688380513,0.09861357028334604,-0.8594904066800694
eta_0.2,725,0.25022656899561324,0.10839793252406352,-0.8497060444393519
eta_0.2,726,0.2149666395954888,0.08038566743848195,-0.8777183095249335
eta_0.2,727,0.2370209904871015,0.08074594232329299,-0.8773580346401224
eta_0.2,728,0.2466569966999246,0.11636332904046433,-0.8417406479229511
eta_0.2,729,0.22208993896585094,0.10622857485693554,-0.8518754021064798
eta_0.2,730,0.24882245955197219,0.11856005463691688,-0.8395439223264985
eta_0.2,731,0.2758906670970016,0.10329013245653829,-0.8548138445068771
eta_0.2,732,0.20766633620875002,0.09208435121947052,-0.8660196257439449
eta_0.2,733,0.21578420147011929,0.09664045698554356,-0.8614635199778718
eta_0.2,734,0.2646909046422036,0.090755527931705,-0.8673484490317105
eta_0.2,735,0.23255406811847146,0.09948021030275571,-0.8586237666606598
eta_0.2,736,0.2561270411555265,0.11485882006200843,-0.843245156901407
eta_0.2,737,0.21456746902502924,0.12055107125527895,-0.8375529057081365
eta_0.2,738,0.21003182029296136,0.09434888068301976,-0.8637550962803957
eta_0.2,739,0.25397498886139297,0.09684254261786751,-0.8612614343455479
eta_0.2,740,0.282071408655353,0.1248893405892324,-0.833214636374183
eta_0.2,741,0.3033021602304454,0.11863327847009023,-0.8394706984933252
eta_0.2,742,0.20897911213120285,0.07904491745709397,-0.8790590595063215
eta_0.2,743,0.1881059742977842,0.06871355166674549,-0.8893904252966699
eta_0.2,744,0.23611204022949606,0.1058398697582521,-0.8522641072051633
eta_0.2,745,0.246209252551275,0.10144171847542605,-0.8566622584879894
eta_0.2,746,0.21652209198054034,0.08571898273787969,-0.8723849942255357
eta_0.2,747,0.2869871661015891,0.1000147662349601,-0.8580892107284553
eta_0.2,748,0.221468444252031,0.0800637047456568,-0.8780402722177586
eta_0.2,749,0.24799854280936143,0.10463144573884721,-0.8534725312245682
eta_0.2,750,0.21682262293831736,0.11296288415447589,-0.8451410928089396
eta_0.2,751,0.1954468151405233,0.07804760437528727,-0.8800563725881282
eta_0.2,752,0.21250414033509454,0.07913671008460571,-0.8789672668788098
eta_0.2,753,0.2121017150917451,0.08989678616626437,-0.868207190797151
eta_0.2,754,0.2431634912663932,0.12411613567388075,-0.8339878412895347
eta_0.2,755,0.21947024243672372,0.09611954133278595,-0.8619844356306294
eta_0.2,756,0.21574477628630512,0.10264861088679023,-0.8554553660766252
eta_0.2,757,0.22985604680886193,0.09383377304635082,-0.8642702039170647
eta_0.2,758,0.22181935376501122,0.07285409917869504,-0.8852498777847204
eta_0.2,759,0.31061644956255907,0.11569549157855777,-0.8424084853848577
eta_0.2,760,0.2314431784106666,0.08706172282748875,-0.8710422541359266
eta_0.2,761,0.2250373125096674,0.0928980987985344,-0.865205878164881
eta_0.2,762,0.26404951140181576,0.10153614443853623,-0.8565678325248792
eta_0.2,763,0.24342954494938054,0.09532899633817571,-0.8627749806252397
eta_0.2,764,0.18030377114465604,0.08104246928641282,-0.8770615076770026
eta_0.2,765,0.28170129735975136,0.09071642276365073,-0.8673875541997647
eta_0.2,766,0.26221601221493573,0.09086449320084942,-0.867239483762566
eta_0.2,767,0.2809384765426267,0.12112817753542961,-0.8369757994279858
eta_0.2,768,0.2784361718063538,0.0973257377689537,-0.8607782391944617
eta_0.2,769,0.2655913530961568,0.12024068999852242,-0.837863286964893
eta_0.2,770,0.25089754915371587,0.0777571703927294,-0.880346806570686
eta_0.2,771,0.29160733849159187,0.09309957343726713,-0.8650044035261483
eta_0.2,772,0.21592118004622346,0.0990429347388403,-0.8590610422245751
eta_0.2,773,0.2195450350876907,0.07584553693585329,-0.8822584400275622
eta_0.2,774,0.2623867679090547,0.11808499656405114,-0.8400189803993643
eta_0.2,775,0.22274049275519742,0.07262215826609647,-0.885481818697319
eta_0.2,776,0.2573780084615539,0.10078612115870852,-0.8573178558047069
eta_0.2,777,0.22368237725784834,0.09334702826240454,-0.8647569487010109
eta_0.2,778,0.23926023761246334,0.10546990751736617,-0.8526340694460492
eta_0.2,779,0.22533701730310687,0.0841500623059667,-0.8739539146574488
eta_0.2,780,0.2491978816573489,0.10591726570881069,-0.8521867112546048
eta_0.2,781,0.2111057981500793,0.07682677796835666,-0.8812771989950587
eta_0.2,782,0.21880769180676454,0.09217731589246494,-0.8659266610709505
eta_0.2,783,0.3316510302418132,0.0990494288601105,-0.859054548103305
eta_0.2,784,0.2789643252346595,0.14074820988683304,-0.8173557670765824
eta_0.2,785,0.26676030615712537,0.12139523075629745,-0.836708746207118
eta_0.2,786,0.23402659211325738,0.10843808212102962,-0.8496658948423859
eta_0.2,787,0.27963123721079897,0.11513410616242885,-0.8429698708009866
eta_0.2,788,0.21474578411001563,0.0828766148153055,-0.8752273621481099
eta_0.2,789,0.21781670841439219,0.07405033339342133,-0.884053643569994
eta_0.2,790,0.2505139089603956,0.08830091864029116,-0.8698030583231242
eta_0.2,791,0.21628834283410217,0.07545345183832884,-0.8826505251250866
eta_0.2,792,0.20785089198213194,0.07595503101102023,-0.8821489459523952
eta_0.2,793,0.38042968280265355,0.15908116500594746,-0.7990228119574679
eta_0.2,794,0.27749386247554053,0.1261038717444098,-0.8320001052190056
eta_0.2,795,0.27004764184849617,0.10029467992417276,-0.8578092970392427
eta_0.2,796,0.2505308095377631,0.10967979442253448,-0.8484241825408809
eta_0.2,797,0.18592172006257185,0.08200637210532608,-0.8760976048580893
eta_0.2,798,0.2434154373593212,0.08106966091669321,-0.8770343160467222
eta_0.2,799,0.2129232860074637,0.09524022395814584,-0.8628637530052696
eta_0.2,800,0.24053857742236984,0.11891121572104865,-0.8391927612423667
eta_0.2,801,0.22752944872972358,0.09738563992841909,-0.8607183370349963
eta_0.2,802,0.26077246099178825,0.11295977586275398,-0.8451442011006615
eta_0.2,803,0.2622514190154379,0.1262386676894286,-0.8318653092739868
eta_0.2,804,0.3071249175957406,0.12155913698739543,-0.83654483997602
eta_0.2,805,0.26673442444832096,0.100294350253695,-0.8578096267097204
eta_0.2,806,0.2275156565226277,0.07837378190091407,-0.8797301950625014
eta_0.2,807,0.24044748807921867,0.09864775623121955,-0.8594562207321959
eta_0.2,808,0.19608202008819664,0.07621795613604102,-0.8818860208273744
eta_0.2,809,0.22347911958454653,0.08694562821097379,-0.8711583487524417
eta_0.2,810,0.26736349299994294,0.10296450150959666,-0.8551394754538187
eta_0.2,811,0.24217240351103833,0.0952660577981395,-0.862837919165276
eta_0.2,812,0.20841299022253074,0.09687735361431794,-0.8612266233490975
eta_0.2,813,0.2825022840889557,0.1478264928209168,-0.8102774841424987
eta_0.2,814,0.19989905945775718,0.08240653297653652,-0.8756974439868789
eta_0.2,815,0.2463052788565479,0.13022515157961076,-0.8278788253838046
eta_0.2,816,0.21461358816007833,0.10007294322041133,-0.8580310337430042
eta_0.2,817,0.2688017770963916,0.10379576658457296,-0.8543082103788424
eta_0.2,818,0.22396439053650147,0.08305283471211469,-0.8750511422513008
eta_0.2,819,0.2841637154665967,0.13773986569722424,-0.8203641112661912
eta_0.2,820,0.24542559238205913,0.11839154630208057,-0.8397124306613348
eta_0.2,821,0.2012257301471302,0.06703899651083052,-0.8910649804525849
eta_0.2,822,0.22780358821967442,0.09361230316846475,-0.8644916737949506
eta_0.2,823,0.2521240415537163,0.0908775336005879,-0.8672264433628275
eta_0.2,824,0.23825167123609975,0.08778257475605111,-0.8703214022073643
eta_0.2,825,0.26092511571188987,0.13655801515069096,-0.8215459618127244
eta_0.2,826,0.23987350003645092,0.08958542867821975,-0.8685185482851957
eta_0.2,827,0.2587712934950045,0.0918426689744308,-0.8662613079889846
eta_0.2,828,0.261019988895004,0.09317017848487621,-0.8649337984785392
eta_0.2,829,0.25750264301480685,0.11350995036979225,-0.8445940265936231
eta_0.2,830,0.23401882705967247,0.08864130751931754,-0.8694626694440979
eta_0.2,831,0.2660928405942836,0.1078444227992405,-0.8502595541641749
eta_0.2,832,0.25294373718874763,0.12193267524002299,-0.8361713017233925
eta_0.2,833,0.22473334908605036,0.07412074720620274,-0.8839832297572127
eta_0.2,834,0.2853251488081399,0.13485826816292223,-0.8232457088004932
eta_0.2,835,0.2655922552852603,0.10298497468971596,-0.8551190022736994
eta_0.2,836,0.22593979518087837,0.117095140884679,-0.8410088360787364
eta_0.2,837,0.18402861126353348,0.07206167527983826,-0.8860423016835772
eta_0.2,838,0.31608739802886515,0.11775210548253792,-0.8403518714808775
eta_0.2,839,0.29740576548344333,0.11759810861008642,-0.840505868353329
eta_0.2,840,0.22039397273906247,0.09293561461089475,-0.8651683623525207
eta_0.2,841,0.300014780542064,0.11032694967576498,-0.8477770272876505
eta_0.2,842,0.18176812365820905,0.08259608131509265,-0.8755078956483228
eta_0.2,843,0.2131703320472469,0.09307182060720692,-0.8650321563562084
eta_0.2,844,0.21655668026205502,0.08235072052281875,-0.8757532564405967
eta_0.2,845,0.23272597969721423,0.10015341352864157,-0.8579505634347738
eta_0.2,846,0.21511500880300544,0.08121328914807317,-0.8768906878153423
eta_0.2,847,0.26984692544872735,0.13472206459035949,-0.8233819123730559
eta_0.2,848,0.21491861453327243,0.0928072168002433,-0.8652967601631721
eta_0.2,849,0.2096180370595761,0.07713401593010273,-0.8809699610333127
eta_0.2,850,0.26268785151663565,0.09920084526749819,-0.8589031316959173
eta_0.2,851,0.2567771923693529,0.10316838419568324,-0.8549355927677322
eta_0.2,852,0.2825154422843952,0.09408865043734212,-0.8640153265260733
eta_0.2,853,0.23803372487676994,0.09418961043122742,-0.863914366532188
eta_0.2,854,0.2522263973961778,0.10406414595885725,-0.8540398310045582
eta_0.2,855,0.23773979161938077,0.10048377032985331,-0.8576202066335621
eta_0.2,856,0.27673408596928106,0.12051160247133597,-0.8375923744920795
eta_0.2,857,0.22289522019529243,0.09485003454044891,-0.8632539424229665
eta_0.2,858,0.25942288388894447,0.10052288261218137,-0.8575810943512341
eta_0.2,859,0.20003233551844105,0.07814071944647996,-0.8799632575169355
eta_0.2,860,0.22965186177017935,0.09075299060934988,-0.8673509863540656
eta_0.2,861,0.25071246303473027,0.12108073328123557,-0.8370232436821798
eta_0.2,862,0.19593584936993136,0.08580578262633778,-0.8722981943370777
eta_0.2,863,0.2272848520732734,0.08719555199081536,-0.8709084249726
eta_0.2,864,0.2648929558125369,0.11076516579986526,-0.8473388111635501
eta_0.2,865,0.2539579696709241,0.08619497363539042,-0.871909003328025
eta_0.2,866,0.2214510555860439,0.08610357032008557,-0.8720004066433299
eta_0.2,867,0.2450957373250872,0.08687161106863922,-0.8712323658947763
eta_0.2,868,0.2331418590736055,0.08053845317622238,-0.8775655237871931
eta_0.2,869,0.22573305510773775,0.10324397569261132,-0.8548600012708041
eta_0.2,870,0.2386968874650744,0.10159176513475138,-0.8565122118286641
eta_0.2,871,0.23285826049247088,0.09573134395466298,-0.8623726330087524
eta_0.2,872,0.25010515723384885,0.0979155874356459,-0.8601883895277695
eta_0.2,873,0.20098229260788159,0.09334650741064142,-0.864757469552774
eta_0.2,874,0.2027377613455391,0.07327332784772754,-0.8848306491156879
eta_0.2,875,0.23706767218724828,0.0925214850133258,-0.8655824919500896
eta_0.2,876,0.2397303905892253,0.09734577084888899,-0.8607582061145265
eta_0.2,877,0.19641112678626088,0.07903456540952916,-0.8790694115538863
eta_0.2,878,0.2958174459934174,0.10391954868302197,-0.8541844282803934
eta_0.2,879,0.24943513523286515,0.10811048221940431,-0.8499934947440111
eta_0.2,880,0.22084558234374405,0.10287304370895903,-0.8552309332544564
eta_0.2,881,0.20440758663974568,0.09279976058019158,-0.8653042163832239
eta_0.2,882,0.2953664706902548,0.1150545427702435,-0.8430494341931719
eta_0.2,883,0.28464546169275406,0.1246384454369057,-0.8334655315265097
eta_0.2,884,0.25847060429925034,0.09298102804690525,-0.8651229489165102
eta_0.2,885,0.2260728825017096,0.11822510416104098,-0.8398788728023745
eta_0.2,886,0.22813935318842105,0.1128106186073325,-0.8452933583560829
eta_0.2,887,0.2956301785962439,0.098180024356509,-0.8599239526069065
eta_0.2,888,0.21931578646470803,0.09244409893900998,-0.8656598780244055
eta_0.2,889,0.17774321711680516,0.0810798879961302,-0.8770240889672852
eta_0.2,890,0.216812107217454,0.09278335973061237,-0.8653206172328031
eta_0.2,891,0.271139855987117,0.09904157363379629,-0.8590624033296191
eta_0.2,892,0.2367481963782752,0.10625941110550803,-0.8518445658579074
eta_0.2,893,0.2622873940928731,0.13896601909641532,-0.8191379578670002
eta_0.2,894,0.21081159848275507,0.07766177294504537,-0.88044220401837
eta_0.2,895,0.20601450155127987,0.08130943087171634,-0.876794546091699
eta_0.2,896,0.26543868292158357,0.11398481686279999,-0.8441191601006155
eta_0.2,897,0.2613681976489688,0.07603245870760166,-0.8820715182558138
eta_0.2,898,0.2613260725482411,0.10732415334897673,-0.8507798236144387
eta_0.2,899,0.22225235383767875,0.10062664117403769,-0.8574773357893777
eta_0.2,900,0.19484043407125048,0.07371443416985639,-0.8843895427935591
eta_0.2,901,0.31305226882124243,0.15581974589833889,-0.8022842310650765
eta_0.2,902,0.27218975782252497,0.10837254803858438,-0.849731428924831
eta_0.2,903,0.23178887964962408,0.0900494380759513,-0.8680545388874641
eta_0.2,904,0.23904744705750933,0.12096207537756119,-0.8371419015858542
eta_0.2,905,0.27384763566936643,0.09707737679176348,-0.861026600171652
eta_0.2,906,0.24495871029097022,0.11939684145472308,-0.8387071355086924
eta_0.2,907,0.2665078475750293,0.08130229966948581,-0.8768016772939297
eta_0.2,908,0.24015108187188947,0.09271348897372864,-0.8653904879896868
eta_0.2,909,0.21298335670473456,0.08326242882594002,-0.8748415481374754
eta_0.2,910,0.25389159666845273,0.10542650235126476,-0.8526774746121507
eta_0.2,911,0.21554477161650515,0.07112637789771085,-0.8869775990657046
eta_0.2,912,0.22582598996560385,0.10482873607477813,-0.8532752408886373
eta_0.2,913,0.20314747946020897,0.07693765386531035,-0.881166323098105
eta_0.2,914,0.24773702110934814,0.12199694369163173,-0.8361070332717837
eta_0.2,915,0.22383918917637238,0.10441402958390511,-0.8536899473795103
eta_0.2,916,0.34270965783491103,0.1489725129126038,-0.8091314640508116
eta_0.2,917,0.24391393863928376,0.09858268791627313,-0.8595212890471423
eta_0.2,918,0.2615870645496865,0.09932453246508904,-0.8587794444983263
eta_0.2,919,0.23802812876402443,0.11655237380799296,-0.8415516031554224
eta_0.2,920,0.2245650542778199,0.09344654765999637,-0.864657429303419
eta_0.2,921,0.2631124555074145,0.1281109772759029,-0.8299929996875125
eta_0.2,922,0.2368829658918779,0.11408136376915728,-0.8440226131942581
eta_0.2,923,0.23890861436203353,0.10701826046312396,-0.8510857165002914
eta_0.2,924,0.17951929033935998,0.08306258931994953,-0.875041387643466
eta_0.2,925,0.2383837845158649,0.09770913460445804,-0.8603948423589574
eta_0.2,926,0.23402053846784082,0.08337432672397516,-0.8747296502394403
eta_0.2,927,0.2717201755728902,0.10045703985293589,-0.8576469371104796
eta_0.2,928,0.18877351511782375,0.08073149880798174,-0.8773724781554337
eta_0.2,929,0.27043881375299117,0.09300913134501454,-0.8650948456184009
eta_0.2,930,0.25891021392046065,0.10352949236447234,-0.8545744845989431
eta_0.2,931,0.26750260399414594,0.09813446604899903,-0.8599695109144164
eta_0.2,932,0.2526100067994236,0.11548615062457396,-0.8426178263388415
eta_0.2,933,0.25780596767756625,0.12006533267471176,-0.8380386442887037
eta_0.2,934,0.26937925623845155,0.14677087599212102,-0.8113331009712944
eta_0.2,935,0.3075814393675123,0.1218704450833817,-0.8362335318800337
eta_0.2,936,0.2623416697713629,0.11020608280311636,-0.847897894160299
eta_0.2,937,0.28979490314784684,0.11240717660033443,-0.845696800363081
eta_0.2,938,0.30025036516739084,0.11662412344272555,-0.8414798535206899
eta_0.2,939,0.23983933719846967,0.09601365615859833,-0.8620903208048171
eta_0.2,940,0.23496157147536234,0.0974123052196694,-0.8606916717437461
eta_0.2,941,0.2606317554383337,0.11077684188406292,-0.8473271350793525
eta_0.2,942,0.2127710225986313,0.0845502300435326,-0.8735537469198829
eta_0.2,943,0.3011694661280163,0.1267358512611041,-0.8313681257023113
eta_0.2,944,0.2829465079338367,0.09961654931384291,-0.8584874276495725
eta_0.2,945,0.20935427728607336,0.07882341498359605,-0.8792805619798194
eta_0.2,946,0.2489423438754753,0.08521516892021813,-0.8728888080431974
eta_0.2,947,0.216425323997412,0.10728399885631983,-0.8508199781070956
eta_0.2,948,0.22128883991011394,0.10086276590477167,-0.8572412110586438
eta_0.2,949,0.2182595958565442,0.08698197234897422,-0.8711220046144412
eta_0.2,950,0.266929486066246,0.11461596842835611,-0.8434880085350593
eta_0.2,951,0.2417144414902344,0.10273146820939102,-0.8553725087540244
eta_0.2,952,0.26089851879890646,0.09004125749575226,-0.8680627194676631
eta_0.2,953,0.25010768653471327,0.08134536024528766,-0.8767586167181278
eta_0.2,954,0.2122559651501545,0.10940545857759905,-0.8486985183858163
eta_0.2,955,0.26068902948790684,0.09879146375358933,-0.859312513209826
eta_0.2,956,0.25141548014091647,0.11931816338747198,-0.8387858135759434
eta_0.2,957,0.258973927276266,0.11265440170699029,-0.8454495752564252
eta_0.2,958,0.2687763902345526,0.09052882847695107,-0.8675751484864643
eta_0.2,959,0.28569951131704974,0.11074941794765153,-0.8473545590157638
eta_0.2,960,0.22590638329826715,0.08221902395564026,-0.8758849530077751
eta_0.2,961,0.2752979711949173,0.12269693309115212,-0.8354070438722633
eta_0.2,962,0.2651298657731578,0.08202498705947296,-0.8760789899039425
eta_0.2,963,0.23812541893239075,0.09644280770251484,-0.8616611692609006
eta_0.2,964,0.23083076601674277,0.0854616456870474,-0.872642331276368
eta_0.2,965,0.2867398571726476,0.11898525582889752,-0.8391187211345179
eta_0.2,966,0.29359291823620975,0.12298880790115017,-0.8351151690622652
eta_0.2,967,0.18518114903996094,0.08515364610292142,-0.872950330860494
eta_0.2,968,0.21516751121821717,0.09209191028650432,-0.8660120666769111
eta_0.2,969,0.22775285066740647,0.08076798850341557,-0.8773359884599998
eta_0.2,970,0.21450307413052372,0.09955633381108572,-0.8585476431523297
eta_0.2,971,0.25763813732071006,0.11087901557103749,-0.8472249613923779
eta_0.2,972,0.20980571603140968,0.08650492899514757,-0.8715990479682678
eta_0.2,973,0.20754794515791525,0.07822823320583054,-0.8798757437575849
eta_0.2,974,0.21154329700109828,0.07100249478729295,-0.8871014821761225
eta_0.2,975,0.25157452453569806,0.10141891910854894,-0.8566850578548665
eta_0.2,976,0.22802183633472656,0.0821632230975708,-0.8759407538658446
eta_0.2,977,0.2325663566341637,0.1013009820513723,-0.8568029949120431
eta_0.2,978,0.21748293775149294,0.07780560412489035,-0.8802983728385251
eta_0.2,979,0.24512320966030796,0.10401654800612815,-0.8540874289572873
eta_0.2,980,0.23135200111997473,0.09474448607051573,-0.8633594908928997
eta_0.2,981,0.2427909884292707,0.1236982081200396,-0.8344057688433758
eta_0.2,982,0.2231994527349187,0.08543479482839689,-0.8726691821350185
eta_0.2,983,0.2171098906998931,0.07847585595211518,-0.8796281210113003
eta_0.2,984,0.2777095821991409,0.09907040521176513,-0.8590335717516503
eta_0.2,985,0.2528418712413918,0.13721931153749,-0.8208846654259254
eta_0.2,986,0.25317597858225416,0.12255538721192508,-0.8355485897514904
eta_0.2,987,0.24175461905883805,0.09675480052818339,-0.861349176435232
eta_0.2,988,0.25291780363650157,0.10692743079020266,-0.8511765461732128
eta_0.2,989,0.22311497844449568,0.08567562956622887,-0.8724283473971866
eta_0.2,990,0.21666860178206024,0.08813383683023979,-0.8699701401331756
eta_0.2,991,0.2526773019628631,0.08004050352970675,-0.8780634734337087
eta_0.2,992,0.262010715264568,0.09865874037604347,-0.8594452365873719
eta_0.2,993,0.2250404822758561,0.08281000538108263,-0.8752939715823328
eta_0.2,994,0.20321051882064523,0.08658949377688006,-0.8715144831865353
eta_0.2,995,0.23848920076310615,0.09827189840857661,-0.8598320785548388
eta_0.2,996,0.23498200259331967,0.08501074060378419,-0.8730932363596312
eta_0.2,997,0.23065691136188715,0.0897549355456248,-0.8683490414177906
eta_0.2,998,0.23570521695187702,0.09954816991757481,-0.8585558070458406
eta_0.2,999,0.2849521122832237,0.09501769100791796,-0.8630862859554975
eta_0.2,1000,0.20052699170047295,0.06803572269365878,-0.8900682542697567
eta_0.2,1001,0.21216075919109922,0.09095909864528887,-0.8671448783181266
eta_0.2,1002,0.2243058269091738,0.09778488418787273,-0.8603190927755426
eta_0.2,1003,0.24843305210002625,0.10036795008660036,-0.857736026876815
eta_0.2,1004,0.2405724793063712,0.09475535043883299,-0.8633486265245824
eta_0.2,1005,0.229643056807121,0.10370817445424144,-0.854395802509174
eta_0.2,1006,0.20720713198035323,0.08290244472463998,-0.8752015322387754
eta_0.2,1007,0.25018661415386856,0.10087109060916268,-0.8572328863542528
eta_0.2,1008,0.21234281349441048,0.1121797902915612,-0.8459241866718542
eta_0.2,1009,0.23219449147241483,0.0883225494445537,-0.8697814275188618
eta_0.2,1010,0.23276677605148344,0.10118700023674668,-0.8569169767266688
eta_0.2,1011,0.25492004183449707,0.08042095506949347,-0.877683021893922
eta_0.2,1012,0.2379366483122627,0.09471420743113945,-0.863389769532276
eta_0.2,1013,0.24050657062325392,0.09485147337741387,-0.8632525035860016
eta_0.2,1014,0.24850242899851077,0.09921261775958268,-0.8588913592038327
eta_0.2,1015,0.2740335594162716,0.0852771103850398,-0.8728268665783756
eta_0.2,1016,0.23541976032019934,0.11672993317967267,-0.8413740437837427
eta_0.2,1017,0.23610084074489152,0.09097739564580645,-0.867126581317609
eta_0.2,1018,0.22561942494535658,0.11175707297080399,-0.8463469039926115
eta_0.2,1019,0.25181496740489046,0.0890678298915229,-0.8690361470718926
eta_0.2,1020,0.24161845563712325,0.1059611827570274,-0.852142794206388
eta_0.2,1021,0.24538791635416457,0.10828952250467769,-0.8498144544587377
eta_0.2,1022,0.2761679551195233,0.11431439196443607,-0.8437895849989794
eta_0.2,1023,0.23841965728436465,0.07262982208187718,-0.8854741548815382
eta_0.2,1024,0.27219385204868873,0.12849136322232116,-0.8296126137410943
eta_0.2,1025,0.21742064857885834,0.10642296197297306,-0.8516810149904424
eta_0.2,1026,0.21441863331042738,0.10027285020711227,-0.8578311267563031
eta_0.2,1027,0.22866142954996121,0.07493068710213832,-0.8831732898612771
eta_0.2,1028,0.20186128287584776,0.07113591739221838,-0.8869680595711971
eta_0.2,1029,0.20575217196857476,0.08322970913256277,-0.8748742678308526
eta_0.2,1030,0.29242074892287406,0.15424568624228235,-0.8038582907211331
eta_0.2,1031,0.25360081431161613,0.11003416369611098,-0.8480698132673045
eta_0.2,1032,0.20717945961862066,0.09134517044652632,-0.8667588065168891
eta_0.2,1033,0.23974097452406956,0.11451979896413475,-0.8435841779992806
eta_0.2,1034,0.2838787879554256,0.1319927920077293,-0.8261111849556861
eta_0.2,1035,0.2546071652035615,0.08439085279091964,-0.8737131241724958
eta_0.2,1036,0.2759900734208759,0.09817704151355959,-0.8599269354498559
eta_0.2,1037,0.2515336703396168,0.082359760953115,-0.8757442160103004
eta_0.2,1038,0.23143458313288,0.0907321725495947,-0.8673718044138208
eta_0.2,1039,0.2232809712684159,0.10254615872717059,-0.8555578182362449
eta_0.2,1040,0.277918018740994,0.10219734787758065,-0.8559066290858348
eta_0.2,1041,0.324509985970864,0.11896663149908199,-0.8391373454643334
eta_0.2,1042,0.26803407152275144,0.130543337310568,-0.8275606396528474
eta_0.2,1043,0.24913571524821132,0.10749002912635205,-0.8506139478370633
eta_0.2,1044,0.2350274937374907,0.1085098824198581,-0.8495940945435574
eta_0.2,1045,0.2340864989960636,0.09200654015034884,-0.8660974368130666
eta_0.2,1046,0.21660324362239738,0.0674914208489932,-0.8906125561144222
eta_0.2,1047,0.26880840907531167,0.1246639971251715,-0.8334399798382439
eta_0.2,1048,0.24392340283850591,0.09621507273094082,-0.8618889042324747
eta_0.2,1049,0.2751609402422129,0.10965138232579755,-0.8484525946376179
eta_0.2,1050,0.30201880177337326,0.1097850380206154,-0.8483189389428001
eta_0.2,1051,0.2669773001791198,0.11406695093102312,-0.8440370260323923
eta_0.2,1052,0.2705363761494123,0.10104091590963638,-0.857063061053779
eta_0.2,1053,0.2763368442921265,0.09272680430478139,-0.865377172658634
eta_0.2,1054,0.23022144801460498,0.08256342056424118,-0.8755405563991743
eta_0.2,1055,0.28701131180234557,0.13715299369727507,-0.8209509832661404
eta_0.2,1056,0.2462047633128148,0.12057654306567477,-0.8375274338977406
eta_0.2,1057,0.20426724414654773,0.07179036147572049,-0.8863136154876949
eta_0.2,1058,0.22409177446129738,0.08544751068673477,-0.8726564662766807
eta_0.2,1059,0.2549318519219932,0.12003577767405837,-0.838068199289357
eta_0.2,1060,0.20694346747090514,0.10642209166057785,-0.8516818853028376
eta_0.2,1061,0.22690215872966854,0.080726610533752,-0.8773773664296635
eta_0.2,1062,0.299187967495673,0.10735898471238711,-0.8507449922510283
eta_0.2,1063,0.22938302350021833,0.10450028639371048,-0.853603690569705
eta_0.2,1064,0.24672720616984797,0.10637248176250785,-0.8517314952009076
eta_0.2,1065,0.3074965952443976,0.1075070616093603,-0.8505969153540551
eta_0.2,1066,0.22132530742755935,0.09444192807912218,-0.8636620488842932
eta_0.2,1067,0.29159717790892403,0.09471087533281862,-0.8633931016305968
eta_0.2,1068,0.2524322254005671,0.09052223910498938,-0.8675817378584261
eta_0.2,1069,0.19997710197435858,0.09154212167670997,-0.8665618552867055
eta_0.2,1070,0.19860177392873102,0.07626447228557878,-0.8818395046778367
eta_0.2,1071,0.24497671914797062,0.10162540053078041,-0.856478576432635
eta_0.2,1072,0.26708355338317274,0.10053497963064953,-0.8575689973327659
eta_0.2,1073,0.2554520949907121,0.10503434379112234,-0.8530696331722931
eta_0.2,1074,0.2565896898930702,0.10039977059013744,-0.857704206373278
eta_0.2,1075,0.2559099205386514,0.135982346399932,-0.8221216305634834
eta_0.2,1076,0.2581335672697348,0.10983546535803348,-0.848268511605382
eta_0.2,1077,0.25698458008139136,0.1083421525592654,-0.84976182440415
eta_0.2,1078,0.25426969810748856,0.13678321106598879,-0.8213207658974266
eta_0.2,1079,0.2378779631451779,0.0877175637844812,-0.8703864131789343
eta_0.2,1080,0.22130812014353757,0.09117352089054981,-0.8669304560728657
eta_0.2,1081,0.22058764492895858,0.08307538608969386,-0.8750285908737215
eta_0.2,1082,0.31835080356939827,0.18023915874399182,-0.7778648182194237
eta_0.2,1083,0.27296640864272703,0.10368392591884332,-0.8544200510445721
eta_0.2,1084,0.26445887279269203,0.11958615482832959,-0.8385178221350859
eta_0.2,1085,0.23328261031761677,0.08884007440661339,-0.8692639025568021
eta_0.2,1086,0.22469860004239842,0.10050920446393646,-0.857594772499479
eta_0.2,1087,0.2040643863426916,0.08273951833602777,-0.8753644586273877
eta_0.2,1088,0.2508873682353552,0.11214046545649961,-0.8459635115069158
eta_0.2,1089,0.2037726033001188,0.09462581356602565,-0.8634781633973898
eta_0.2,1090,0.24664146697148487,0.10200887767069841,-0.856095099292717
eta_0.2,1091,0.20080012575881379,0.1039425002978448,-0.8541614766655706
eta_0.2,1092,0.27732428338298365,0.1260715569552402,-0.8320324200081752
eta_0.2,1093,0.278311181178007,0.10133691352852542,-0.8567670634348901
eta_0.2,1094,0.20572528072932272,0.08471252329619369,-0.8733914536672217
eta_0.2,1095,0.2687973552928562,0.11717100504869352,-0.8409329719147219
eta_0.2,1096,0.1978003725632826,0.06840874085682318,-0.8896952361065923
eta_0.2,1097,0.2753012290406669,0.1137298391793462,-0.8443741377840692
eta_0.2,1098,0.22964554646236532,0.08976063098232993,-0.8683433459810855
eta_0.2,1099,0.25127880073499265,0.10251734361317817,-0.8555866333502372
eta_0.2,1100,0.23700368401025323,0.09669967910434328,-0.8614042978590721
eta_0.2,1101,0.28132968908119765,0.12108407102867641,-0.837019905934739
eta_0.2,1102,0.17695915718775562,0.06758301769023807,-0.8905209592731773
eta_0.2,1103,0.26425355967777125,0.09286836261778894,-0.8652356143456265
eta_0.2,1104,0.27730662165832787,0.08599029621226029,-0.8721136807511551
eta_0.2,1105,0.20352453031450207,0.07184460536209117,-0.8862593716013243
eta_0.2,1106,0.2570192276358013,0.12261252233679282,-0.8354914546266226
eta_0.2,1107,0.24044644560661138,0.08864934484571263,-0.8694546321177028
eta_0.2,1108,0.24160573395098867,0.09794791179400981,-0.8601560651694056
eta_0.2,1109,0.23525857236099873,0.11353332561468138,-0.8445706513487341
eta_0.2,1110,0.25957491135074406,0.10670946678961245,-0.851394510173803
eta_0.2,1111,0.2795581560759485,0.11370572069024479,-0.8443982562731707
eta_0.2,1112,0.30542142302071185,0.1724873647256587,-0.7856166122377567
eta_0.2,1113,0.24289642073145296,0.10894669450729338,-0.849157282456122
eta_0.2,1114,0.28171593423964747,0.12884986380487976,-0.8292541131585357
eta_0.2,1115,0.31509658749999137,0.15005064305751864,-0.8080533339058968
eta_0.2,1116,0.23038070295925456,0.10471976669525221,-0.8533842102681632
eta_0.2,1117,0.24518361819166432,0.10634084321749265,-0.8517631337459228
eta_0.2,1118,0.2926008244711837,0.14637925576736732,-0.8117247211960481
eta_0.2,1119,0.21835891916232944,0.11994818214065314,-0.8381557948227623
eta_0.2,1120,0.22070261102561956,0.07879272780264802,-0.8793112491607674
eta_0.2,1121,0.2557952954472721,0.0999514663366633,-0.8581525106267521
eta_0.2,1122,0.19503679163974258,0.06945353267333727,-0.8886504442900781
eta_0.2,1123,0.21858776684694775,0.08984398146551523,-0.8682599954979002
eta_0.2,1124,0.2460231101763486,0.09865453454756865,-0.8594494424158468
eta_0.2,1125,0.23395344390564676,0.10185703900137769,-0.8562469379620378
eta_0.2,1126,0.21200618068573102,0.08172759361405094,-0.8763763833493645
eta_0.2,1127,0.2643394759107728,0.11868751811097622,-0.8394164588524392
eta_0.2,1128,0.2804599126541323,0.09415674877321661,-0.8639472281901988
eta_0.2,1129,0.2155440571706378,0.12986143884500873,-0.8282425381184066
eta_0.2,1130,0.2756689291800565,0.0953068465655394,-0.8627971303978761
eta_0.2,1131,0.2314643754940882,0.10087337712138217,-0.8572305998420333
eta_0.2,1132,0.22752388961900183,0.09178086883050267,-0.8663231081329128
eta_0.2,1133,0.23089387136611889,0.09919328999824613,-0.8589106869651693
eta_0.2,1134,0.22923151840224343,0.10074712662885521,-0.8573568503345602
eta_0.2,1135,0.23962955115258242,0.09852493634038247,-0.8595790406230329
eta_0.2,1136,0.18728804499408966,0.06749960738293605,-0.8906043695804794
eta_0.2,1137,0.2502281221882128,0.09872967195522425,-0.8593743050081912
eta_0.2,1138,0.2571064014826372,0.10578105370583854,-0.8523229232575769
eta_0.2,1139,0.2528193588086085,0.08875603030537216,-0.8693479466580433
eta_0.2,1140,0.25106742220046635,0.10821848468696484,-0.8498854922764506
eta_0.2,1141,0.23007447576919152,0.09694039561868537,-0.86116358134473
eta_0.2,1142,0.2458662576977143,0.0865453285787494,-0.871558648384666
eta_0.2,1143,0.24564572630780956,0.08912590633967252,-0.8689780706237429
eta_0.2,1144,0.28077998921042124,0.15003587171724111,-0.8080681052461743
eta_0.2,1145,0.23952722182277086,0.10121820010829628,-0.8568857768551191
eta_0.2,1146,0.2470701425794635,0.08798166338325773,-0.8701223135801577
eta_0.2,1147,0.2729742179815211,0.1424653336301144,-0.815638643333301
eta_0.2,1148,0.19125448037007858,0.0739573748868173,-0.8841466020765981
eta_0.2,1149,0.23533574326101062,0.08895710001008045,-0.869146876953335
eta_0.2,1150,0.2713486252774254,0.09849363663696542,-0.85961034032645
eta_0.2,1151,0.2072887627714082,0.07637011656125799,-0.8817338604021574
eta_0.2,1152,0.25192578934471604,0.10204021865395073,-0.8560637583094647
eta_0.2,1153,0.22447833729839012,0.0851566124104512,-0.8729473645529642
eta_0.2,1154,0.26119489208981184,0.10618262220320351,-0.8519213547602119
eta_0.2,1155,0.24526271981387512,0.0931477052153654,-0.86495627174805
eta_0.2,1156,0.2926946539341852,0.12810076470158172,-0.8300032122618337
eta_0.2,1157,0.22001454800785952,0.10265024118182842,-0.855453735781587
eta_0.2,1158,0.2316944299956094,0.09752290867130278,-0.8605810682921127
eta_0.2,1159,0.2347361159232908,0.08688090759381677,-0.8712230693695987
eta_0.2,1160,0.22872245563855853,0.09856595566560367,-0.8595380212978118
eta_0.2,1161,0.22516818940755223,0.0963745904402415,-0.8617293865231739
eta_0.2,1162,0.23433628410918672,0.10194499977870802,-0.8561589771847073
eta_0.2,1163,0.25713276026085646,0.10787045743418552,-0.8502335195292299
eta_0.2,1164,0.28772045342244584,0.0976672802626613,-0.8604366967007542
eta_0.2,1165,0.2765835431979013,0.10257030395315163,-0.8555336730102638
eta_0.2,1166,0.24591267147130275,0.1116589103664705,-0.846445066596945
eta_0.2,1167,0.2620734220792075,0.10066770122131452,-0.8574362757421009
eta_0.2,1168,0.2646444037856706,0.10162278743739594,-0.8564811895260195
eta_0.2,1169,0.3193849040247093,0.13807611593172217,-0.8200278610316932
eta_0.2,1170,0.19108279673251777,0.07937823367826857,-0.8787257432851469
eta_0.2,1171,0.24554512091866704,0.08809722591227691,-0.8700067510511386
eta_0.2,1172,0.29590851357311976,0.11167456511832069,-0.8464294118450948
eta_0.2,1173,0.2757470679349209,0.10418748351690119,-0.8539164934465142
eta_0.2,1174,0.25110459950178177,0.0999662490301059,-0.8581377279333096
eta_0.2,1175,0.2368952324248973,0.0968589002713458,-0.8612450766920696
eta_0.2,1176,0.2281244791014026,0.08857422164490876,-0.8695297553185066
eta_0.2,1177,0.2131149803178747,0.081113733663476,-0.8769902432999395
eta_0.2,1178,0.24169606175070446,0.09837699548881705,-0.8597269814745984
eta_0.2,1179,0.23735225379117197,0.09464077523638764,-0.8634632017270278
eta_0.2,1180,0.27382539087161517,0.14754339765759372,-0.8105605793058217
eta_0.2,1181,0.1988901950524341,0.09442595202094944,-0.863678024942466
eta_0.2,1182,0.21564575513238912,0.10597880396581572,-0.8521251729975997
eta_0.2,1183,0.21444576322353118,0.1011553195052288,-0.8569486574581866
eta_0.2,1184,0.2775222759370672,0.11206327486739093,-0.8460407020960246
eta_0.2,1185,0.2292109127628874,0.09822687298089251,-0.8598771039825229
eta_0.2,1186,0.1895034449401758,0.07935679608225138,-0.878747180881164
eta_0.2,1187,0.24830521003283335,0.10260084458230329,-0.8555031323811122
eta_0.2,1188,0.21616862339564602,0.09382402335026746,-0.864279953613148
eta_0.2,1189,0.19802977533864236,0.08945181287919374,-0.8686521640842217
eta_0.2,1190,0.25877057240206724,0.09684741641088156,-0.8612565605525339
eta_0.2,1191,0.24090559038352619,0.0857119601144709,-0.8723920168489445
eta_0.2,1192,0.2572603914883189,0.10180571889481319,-0.8562982580686023
eta_0.2,1193,0.24469233574332855,0.08127142837446541,-0.87683254858895
eta_0.2,1194,0.2521140323609607,0.1363940841239762,-0.8217098928394393
eta_0.2,1195,0.23002204268344578,0.0947958334268481,-0.8633081435365674
eta_0.2,1196,0.2550901455882218,0.10828399244234642,-0.849819984521069
eta_0.2,1197,0.22153839072318407,0.0896125144615318,-0.8684914625018836
eta_0.2,1198,0.30323193736009746,0.09938879551090915,-0.8587151814525062
eta_0.2,1199,0.3131942892763539,0.10208374136875206,-0.8560202355946633
eta_0.2,1200,0.2310749458102442,0.11416980807824678,-0.8439341688851687
eta_0.2,1201,0.2604434502081421,0.1102183247120542,-0.8478856522513613
eta_0.2,1202,0.22251585877610433,0.08693661764236858,-0.8711673593210468
eta_0.2,1203,0.24609805858936268,0.1068978960202055,-0.8512060809432099
eta_0.2,1204,0.2885977617168646,0.12621013284451227,-0.8318938441189032
eta_0.2,1205,0.2635862534700554,0.11676000600014078,-0.8413439709632746
eta_0.2,1206,0.27087246131004167,0.12501995995426074,-0.8330840170091547
eta_0.2,1207,0.18711898001194519,0.07447874111529744,-0.883625235848118
eta_0.2,1208,0.1973690312006558,0.0801022983954883,-0.8780016785679271
eta_0.2,1209,0.28076033989929006,0.1432492387383526,-0.8148547382250628
eta_0.2,1210,0.2653244312094082,0.10122012882407086,-0.8568838481393446
eta_0.2,1211,0.18230487700222667,0.08482554117837297,-0.8732784357850425
eta_0.2,1212,0.22165683885918297,0.07751085065836517,-0.8805931263050503
eta_0.2,1213,0.3057789127140732,0.11675989461672899,-0.8413440823466865
eta_0.2,1214,0.27277819641988416,0.14402251435155955,-0.8140814626118559
eta_0.2,1215,0.25446723381657443,0.11782417698954692,-0.8402797999738685
eta_0.2,1216,0.20682971600026856,0.07894650256810089,-0.8791574743953146
eta_0.2,1217,0.20493155086603143,0.08122837634064697,-0.8768756006227685
eta_0.2,1218,0.21139686615613953,0.09749773425528781,-0.8606062427081276
eta_0.2,1219,0.2797971061409218,0.12111699076875412,-0.8369869861946613
eta_0.2,1220,0.26575618120231576,0.11523532101542358,-0.8428686559479919
eta_0.2,1221,0.23368779303482057,0.09678230706351464,-0.8613216698999008
eta_0.2,1222,0.24011328007806448,0.09976402133221465,-0.8583399556312008
eta_0.2,1223,0.27690731403860636,0.1140725968731923,-0.8440313800902232
eta_0.2,1224,0.21676715108088407,0.08883213880051714,-0.8692718381628983
eta_0.2,1225,0.25939950372251286,0.09778414785872316,-0.8603198291046923
eta_0.2,1226,0.24676070646678538,0.11807533710930321,-0.8400286398541122
eta_0.2,1227,0.22124846838567097,0.07997282336407475,-0.8781311535993407
eta_0.2,1228,0.2550964544292164,0.08617421035375641,-0.871929766609659
eta_0.2,1229,0.22951773327414027,0.10087139022072217,-0.8572325867426933
eta_0.2,1230,0.21808333654960577,0.09730408753064661,-0.8607998894327689
eta_0.2,1231,0.26449378417149505,0.0837482044761918,-0.8743557724872236
eta_0.2,1232,0.20654647179901786,0.08749586655847091,-0.8706081104049446
eta_0.2,1233,0.2637224020635899,0.11318580714123821,-0.8449181698221773
eta_0.2,1234,0.26258081446494713,0.09741270517306055,-0.8606912717903549
eta_0.2,1235,0.32176696113891773,0.10576667448699312,-0.8523373024764223
eta_0.2,1236,0.29377962159229953,0.14397325092869023,-0.8141307260347252
eta_0.2,1237,0.2216778664212959,0.1073781156112082,-0.8507258613522072
eta_0.2,1238,0.24680647153422128,0.097814720032218,-0.8602892569311974
eta_0.2,1239,0.1844859713119244,0.09135391143024169,-0.8667500655331737
eta_0.2,1240,0.23897175998165737,0.10392304344075762,-0.8541809335226578
eta_0.2,1241,0.26214708335071996,0.09070078830392392,-0.8674031886594915
eta_0.2,1242,0.24037787594211904,0.11987135218444409,-0.8382326247789713
eta_0.2,1243,0.3595150922152327,0.12685647460698496,-0.8312475023564305
eta_0.2,1244,0.22902181311773936,0.11171272990609468,-0.8463912470573207
eta_0.2,1245,0.23743793942514752,0.11837676856178075,-0.8397272084016347
eta_0.2,1246,0.25736516147793803,0.11431597665394697,-0.8437880003094684
eta_0.2,1247,0.2313672835474115,0.09029553801141448,-0.867808438952001
eta_0.2,1248,0.20326596617290926,0.07501969715372112,-0.8830842798096943
eta_0.2,1249,0.247298804059877,0.11765777513402856,-0.8404462018293869
eta_0.2,1250,0.26467580649694455,0.1369147189414337,-0.8211892580219817
eta_0.2,1251,0.25799043896446594,0.09969403914703923,-0.8584099378163762
eta_0.2,1252,0.2648116652202216,0.10445681707887729,-0.8536471598845381
eta_0.2,1253,0.23705831794990442,0.07743507197511387,-0.8806689049883015
eta_0.2,1254,0.24824891358740392,0.09920834111947656,-0.8588956358439389
eta_0.2,1255,0.2470975242063423,0.09773674458170781,-0.8603672323817076
eta_0.2,1256,0.2227436045366335,0.08463497656915897,-0.8734690003942565
eta_0.2,1257,0.23861830414682403,0.10545352468783487,-0.8526504522755806
eta_0.2,1258,0.21978202149329665,0.08148705704945788,-0.8766169199139575
eta_0.2,1259,0.23321810613234076,0.0823407549950018,-0.8757632219684136
eta_0.2,1260,0.2834387717097514,0.10116344772410357,-0.8569405292393119
eta_0.2,1261,0.24240398667758156,0.09572716768598967,-0.8623768092774258
eta_0.2,1262,0.2787423609994404,0.10405768934216861,-0.8540462876212468
eta_0.2,1263,0.25434443586102273,0.09259460726695079,-0.8655093696964646
eta_0.2,1264,0.1940417431900367,0.08418816773791657,-0.8739158092254988
eta_0.2,1265,0.20707836850717626,0.0813024025494735,-0.8768015744139419
eta_0.2,1266,0.29561712382522487,0.13403425505571143,-0.824069721907704
eta_0.2,1267,0.20380790333567436,0.09097718839701438,-0.867126788566401
eta_0.2,1268,0.2518985760157124,0.07537892147900513,-0.8827250554844103
eta_0.2,1269,0.25309597778762094,0.09269295927458723,-0.8654110176888282
eta_0.2,1270,0.2910484915611486,0.11502642144550174,-0.8430775555179137
eta_0.2,1271,0.2620065725837187,0.08539276878664076,-0.8727112081767747
eta_0.2,1272,0.23451856479215377,0.08932319306295244,-0.868780783900463
eta_0.2,1273,0.24421442246218292,0.09689876215868617,-0.8612052148047292
eta_0.2,1274,0.2617520067165618,0.10148162262707136,-0.856622354336344
eta_0.2,1275,0.27969535815963154,0.11197242125645773,-0.8461315557069577
eta_0.2,1276,0.2729598398586168,0.10067984848396594,-0.8574241284794495
eta_0.2,1277,0.31016021166267455,0.14197158760626696,-0.8161323893571485
eta_0.2,1278,0.22716725084437236,0.09815163293488888,-0.8599523440285266
eta_0.2,1279,0.24692307638980282,0.10939745684911427,-0.8487065201143011
eta_0.2,1280,0.253465160851582,0.12227570248791997,-0.8358282744754955
eta_0.2,1281,0.18966171902902307,0.07689604007731383,-0.8812079368861016
eta_0.2,1282,0.23241303915712172,0.08437426603720871,-0.8737297109262068
eta_0.2,1283,0.2212881722013138,0.10457764431040728,-0.8535263326530081
eta_0.2,1284,0.24281903794353643,0.08797569098715144,-0.870128285976264
eta_0.2,1285,0.23727798914189896,0.08840979490291524,-0.8696941820605002
eta_0.2,1286,0.25717871659064145,0.11741241638299574,-0.8406915605804197
eta_0.2,1287,0.19858494238171048,0.09452941419503214,-0.8635745627683833
eta_0.2,1288,0.23129997660479182,0.1017390975751028,-0.8563648793883126
eta_0.2,1289,0.23462950097294594,0.09014408920074579,-0.8679598877626696
eta_0.2,1290,0.24213698177108026,0.0829242415587503,-0.8751797354046651
eta_0.2,1291,0.24127708807391013,0.08490705681101075,-0.8731969201524047
eta_0.2,1292,0.29014414814923173,0.1368157158629045,-0.8212882611005109
eta_0.2,1293,0.25217356035871397,0.09891705836389367,-0.8591869185995218
eta_0.2,1294,0.24341515348743392,0.09784702400519778,-0.8602569529582177
eta_0.2,1295,0.2645057376671244,0.08332399923494453,-0.8747799777284709
eta_0.2,1296,0.2163168161449216,0.07589518981191229,-0.8822087871515032
eta_0.2,1297,0.24964623536237976,0.07936743500417515,-0.8787365419592403
eta_0.2,1298,0.24827985439220818,0.10264280730212483,-0.8554611696612906
eta_0.2,1299,0.23904021975490974,0.10657013128929851,-0.8515338456741169
eta_0.2,1300,0.22034060428541252,0.10141491738055192,-0.8566890595828636
eta_0.2,1301,0.221286565156128,0.10043137479469273,-0.8576726021687227
eta_0.2,1302,0.22781571734459466,0.08498701172631146,-0.873116965237104
eta_0.2,1303,0.22438295628976895,0.08273507490828663,-0.8753689020551287
eta_0.2,1304,0.22851101395152318,0.09031756302850816,-0.8677864139349073
eta_0.2,1305,0.22591668483721017,0.0830756797082408,-0.8750282972551746
eta_0.2,1306,0.31350828988302626,0.11062610890806306,-0.8474778680553524
eta_0.2,1307,0.24967350756646792,0.09946249948935201,-0.8586414774740634
eta_0.2,1308,0.22110022570073273,0.09259117499051164,-0.8655128019729038
eta_0.2,1309,0.2592707152050791,0.12013866580383734,-0.8379653111595781
eta_0.2,1310,0.21551354625047667,0.09396158832777564,-0.8641423886356397
eta_0.2,1311,0.22262612109354762,0.09061363596466045,-0.867490340998755
eta_0.2,1312,0.255330768434768,0.09588379166543073,-0.8622201852979847
eta_0.2,1313,0.2598679284795176,0.11513069046014611,-0.8429732865032693
eta_0.2,1314,0.2213454302166904,0.09208270240597416,-0.8660212745574413
eta_0.2,1315,0.2730324457255469,0.1288565559055792,-0.8292474210578362
eta_0.2,1316,0.2094496769335137,0.08213511622491132,-0.8759688607385041
eta_0.2,1317,0.2255911568994439,0.11305042634993127,-0.8450535506134842
eta_0.2,1318,0.28639769459899966,0.10468093770134917,-0.8534230392620663
eta_0.2,1319,0.21306470344365183,0.09550505647627908,-0.8625989204871364
eta_0.2,1320,0.22579105207415093,0.08485262722851815,-0.8732513497348973
eta_0.2,1321,0.22642966119934171,0.07459405182958467,-0.8835099251338308
eta_0.2,1322,0.2742829084868753,0.1322135138456585,-0.8258904631177569
eta_0.2,1323,0.21421432622924974,0.09126143764352121,-0.8668425393198942
eta_0.2,1324,0.22915832151146692,0.10156305823625841,-0.856540918727157
eta_0.2,1325,0.25638109359828054,0.09897819015568118,-0.8591257868077342
eta_0.2,1326,0.22773924185215644,0.10911586949737326,-0.8489881074660421
eta_0.2,1327,0.18966237438390937,0.06177979738064126,-0.8963241795827742
eta_0.2,1328,0.2694307942007187,0.0965698270946263,-0.8615341498687892
eta_0.2,1329,0.25205594244691676,0.09815500822563313,-0.8599489687377823
eta_0.2,1330,0.21457818854406993,0.09835078564634972,-0.8597531913170657
eta_0.2,1331,0.2594136421267188,0.08177526790392259,-0.8763287090594929
eta_0.2,1332,0.23719852232325803,0.14414532481259992,-0.8139586521508155
eta_0.2,1333,0.3106603917932188,0.13827840693403695,-0.8198255700293785
eta_0.2,1334,0.24828857931720277,0.10137078803708234,-0.8567331889263331
eta_0.2,1335,0.20645859481205453,0.0780008998191136,-0.8801030771443018
eta_0.2,1336,0.2757066869992793,0.13839358678887792,-0.8197103901745375
eta_0.2,1337,0.279338499713798,0.1113125103856101,-0.8467914665778054
eta_0.2,1338,0.2261516901214965,0.07936052994402773,-0.8787434470193877
eta_0.2,1339,0.2521670465650834,0.1193857429788664,-0.838718233984549
eta_0.2,1340,0.29936667765433744,0.13119357350441901,-0.8269104034589965
eta_0.2,1341,0.2539022072945336,0.10066915657110068,-0.8574348203923148
eta_0.2,1342,0.2563933794221462,0.10706357269741609,-0.8510404042659994
eta_0.2,1343,0.2700776470569156,0.1312320614224993,-0.8268719155409161
eta_0.2,1344,0.2870311456597812,0.11329129517530834,-0.8448126817881071
eta_0.2,1345,0.23467500063631988,0.07708051101374092,-0.8810234659496745
eta_0.2,1346,0.2745684543152629,0.09598394924229388,-0.8621200277211215
eta_0.2,1347,0.22577894030489842,0.06958521713767643,-0.888518759825739
eta_0.2,1348,0.2070794930609742,0.06239076277508152,-0.8957132141883339
eta_0.2,1349,0.2514670916054534,0.1023412090834279,-0.8557627678799875
eta_0.2,1350,0.23068487994942088,0.08007303309476256,-0.8780309438686529
eta_0.2,1351,0.26329018832938944,0.1293264957512725,-0.8287774812121429
eta_0.2,1352,0.2687573573037956,0.0905237886143925,-0.867580188349023
eta_0.2,1353,0.2961895286403029,0.1450831908995613,-0.8130207860638541
eta_0.2,1354,0.24893832343977992,0.12159792244208541,-0.83650605452133
eta_0.2,1355,0.23469289400484833,0.11144826008404776,-0.8466557168793677
eta_0.2,1356,0.22193085951847194,0.09599760429363752,-0.862106372669778
eta_0.2,1357,0.2527733912420584,0.0992041155906673,-0.8588998613727481
eta_0.2,1358,0.27422520986335613,0.12480361256098814,-0.8333003644024273
eta_0.2,1359,0.21483633180015954,0.09513191920009056,-0.8629720577633249
eta_0.2,1360,0.24670424940215938,0.1085237677572487,-0.8495802092061667
eta_0.2,1361,0.2951454152895455,0.10465262567239972,-0.8534513512910157
eta_0.2,1362,0.2883874966313913,0.11587361167557957,-0.8422303652878359
eta_0.2,1363,0.2632436584859404,0.09212564194662533,-0.8659783350167901
eta_0.2,1364,0.22807719895128328,0.08982397812043083,-0.8682799988429846
eta_0.2,1365,0.24717485371973374,0.11867831492967626,-0.8394256620337391
eta_0.2,1366,0.24043695708247045,0.1096862670666577,-0.8484177098967577
eta_0.2,1367,0.2555868684952043,0.08883043280231114,-0.8692735441611043
eta_0.2,1368,0.3010095156645173,0.11801523805587931,-0.8400887389075361
eta_0.2,1369,0.20287598409015034,0.07916074575314738,-0.8789432312102681
eta_0.2,1370,0.281260254915635,0.1004850544244368,-0.8576189225389786
eta_0.2,1371,0.24980275816895806,0.0965652759419211,-0.8615387010214943
eta_0.2,1372,0.2192140202407456,0.08638128455834915,-0.8717226924050663
eta_0.2,1373,0.2082445406132235,0.0929367651535154,-0.8651672118099001
eta_0.2,1374,0.22865044679218163,0.10548935844322449,-0.8526146185201909
eta_0.2,1375,0.2288510288569232,0.09347531314526844,-0.864628663818147
eta_0.2,1376,0.2612021449067812,0.12972440833192156,-0.8283795686314939
eta_0.2,1377,0.21437713334924524,0.08985248067402038,-0.868251496289395
eta_0.2,1378,0.2497526801410526,0.082289213731479,-0.8758147632319364
eta_0.2,1379,0.2684137075155676,0.11599319810683412,-0.8421107788565814
eta_0.2,1380,0.19970856762211525,0.06992537451664987,-0.8881786024467655
eta_0.2,1381,0.2807245014059952,0.17173259501191804,-0.7863713819514974
eta_0.2,1382,0.22202594372323076,0.08389719156935464,-0.8742067853940608
eta_0.2,1383,0.24056572573432428,0.09122996330147815,-0.8668740136619373
eta_0.2,1384,0.24119887751531352,0.10348771343185038,-0.8546162635315651
eta_0.2,1385,0.2647851007086464,0.09674321794700688,-0.8613607590164085
eta_0.2,1386,0.28680605871696796,0.09758169051648921,-0.8605222864469262
eta_0.2,1387,0.3048119273352359,0.12135463522306394,-0.8367493417403515
eta_0.2,1388,0.24994624725954834,0.09537910856995055,-0.8627248683934648
eta_0.2,1389,0.2929909130323542,0.11043333683729006,-0.8476706401261254
eta_0.2,1390,0.20273421258468532,0.08163937908500124,-0.8764645978784142
eta_0.2,1391,0.23284437369242816,0.1010455385194805,-0.8570584384439349
eta_0.2,1392,0.2336280639657089,0.12963517572933694,-0.8284688012340785
eta_0.2,1393,0.28351013677443615,0.11242558958474232,-0.8456783873786731
eta_0.2,1394,0.21336172254788838,0.09532731839496511,-0.8627766585684503
eta_0.2,1395,0.24377991651204423,0.07667773065315114,-0.8814262463102642
eta_0.2,1396,0.32379680074627193,0.14960568312451922,-0.8084982938388963
eta_0.2,1397,0.2225060678475416,0.0983611911771668,-0.8597427857862486
eta_0.2,1398,0.24618086444627574,0.0808249336107256,-0.8772790433526898
eta_0.2,1399,0.21061486878256439,0.08867085622105647,-0.8694331207423589
eta_0.2,1400,0.22563940745098407,0.09555556226228568,-0.8625484147011298
eta_0.2,1401,0.2675520507022214,0.14387738510750306,-0.8142265918559124
eta_0.2,1402,0.2453141094884515,0.10789741893073206,-0.8502065580326834
eta_0.2,1403,0.23210432202028813,0.1022890095803288,-0.8558149673830866
eta_0.2,1404,0.26951893691160755,0.10876060095084117,-0.8493433760125743
eta_0.2,1405,0.2838742524483475,0.14463353704301146,-0.813470439920404
eta_0.2,1406,0.25013524071448356,0.08643113356551926,-0.8716728433978962
eta_0.2,1407,0.22102811202292397,0.09982846059942524,-0.8582755163639901
eta_0.2,1408,0.19680305887707386,0.0894653505114696,-0.8686386264519458
eta_0.2,1409,0.2719751584815826,0.09854649214221761,-0.8595574848211978
eta_0.2,1410,0.27418911818030023,0.11852686260767603,-0.8395771143557393
eta_0.2,1411,0.2420652661578952,0.09799194962368858,-0.8601120273397268
eta_0.2,1412,0.25981651287035257,0.14200330001254546,-0.81610067695087
eta_0.2,1413,0.21694923220911594,0.09297913663005353,-0.8651248403333619
eta_0.2,1414,0.225029488234745,0.08629998691081428,-0.8718039900526011
eta_0.2,1415,0.2185956643825076,0.08200330054527155,-0.8761006764181438
eta_0.2,1416,0.21860332420518624,0.11050006042168942,-0.847603916541726
eta_0.2,1417,0.22916691201930778,0.08952747334668204,-0.8685765036167334
eta_0.2,1418,0.20955223832908054,0.0866427465808727,-0.8714612303825428
eta_0.2,1419,0.25790085107842076,0.11370526422466626,-0.8443987127387491
eta_0.2,1420,0.22882851129369336,0.0904443875199325,-0.8676595894434829
eta_0.2,1421,0.25887880068250296,0.08257298603370787,-0.8755309909297075
eta_0.2,1422,0.23361704380975853,0.10234596473548876,-0.8557580122279267
eta_0.2,1423,0.22991442500423787,0.11752001967331624,-0.8405839572900992
eta_0.2,1424,0.27423122229829916,0.1445075178556749,-0.8135964591077405
eta_0.2,1425,0.2415172304174685,0.11079684859393558,-0.8473071283694799
eta_0.2,1426,0.3432007515433941,0.13394318078381476,-0.8241607961796007
eta_0.2,1427,0.2024331095783098,0.08151125552320698,-0.8765927214402085
eta_0.2,1428,0.2071322471882973,0.08632835466316474,-0.8717756223002506
eta_0.2,1429,0.2729981655328899,0.10026976964541096,-0.8578342073180045
eta_0.2,1430,0.2609789647573951,0.10117094354067135,-0.8569330334227441
eta_0.2,1431,0.24404579485726688,0.09291375668138674,-0.8651902202820287
eta_0.2,1432,0.21819601225922244,0.09694036924439257,-0.8611636077190229
eta_0.2,1433,0.2663369847554628,0.10657219598162829,-0.8515317809817872
eta_0.2,1434,0.23600353472257918,0.13370939117848335,-0.8243945857849321
eta_0.2,1435,0.2808882821583256,0.1426808999342698,-0.8154230770291456
eta_0.2,1436,0.26379028056062326,0.12021053118833025,-0.8378934457750852
eta_0.2,1437,0.2712701788315141,0.10482173335983413,-0.8532822436035813
eta_0.2,1438,0.24416913410698862,0.09486144195140814,-0.8632425350120073
eta_0.2,1439,0.24642726464865575,0.11206018820032876,-0.8460437887630867
eta_0.2,1440,0.2549922618104669,0.11966182695675188,-0.8384421500066636
eta_0.2,1441,0.3132432057111278,0.15467274156879024,-0.8034312353946251
eta_0.2,1442,0.2430074066160996,0.09794596052588822,-0.8601580164375272
eta_0.2,1443,0.25188352025613014,0.1072782843898387,-0.8508256925735768
eta_0.2,1444,0.24357774840891777,0.11278480621597678,-0.8453191707474387
eta_0.2,1445,0.2594948143551577,0.08338119923508736,-0.8747227777283281
eta_0.2,1446,0.18372038149764527,0.08370768931262071,-0.8743962876507947
eta_0.2,1447,0.21335099986690836,0.08253923207161071,-0.8755647448918047
eta_0.2,1448,0.29331561257314903,0.0949106606331905,-0.8631933163302249
eta_0.2,1449,0.29037109456868015,0.11587346011047078,-0.8422305168529447
eta_0.2,1450,0.2532679945100662,0.12049799637921164,-0.8376059805842038
eta_0.2,1451,0.30422432206596345,0.13200564167061443,-0.826098335292801
eta_0.2,1452,0.2808276357837315,0.11946741931210034,-0.8386365576513151
eta_0.2,1453,0.20570980474219347,0.08624513511049622,-0.8718588418529192
eta_0.2,1454,0.28014623679172806,0.12051450211350735,-0.8375894748499081
eta_0.2,1455,0.24591437536780503,0.11687100698391933,-0.841232969979496
eta_0.2,1456,0.22106282337854266,0.07827485975662568,-0.8798291172067898
eta_0.2,1457,0.25503080963353775,0.10330129745463316,-0.8548026795087823
eta_0.2,1458,0.2223093357213149,0.08589632511420763,-0.8722076518492078
eta_0.2,1459,0.28996395853854223,0.13039451757939188,-0.8277094593840235
eta_0.2,1460,0.2208278087461033,0.10586607603520848,-0.852237900928207
eta_0.2,1461,0.2405685809838094,0.09857075076263476,-0.8595332262007807
eta_0.2,1462,0.25744277840972907,0.09169352701432254,-0.8664104499490929
eta_0.2,1463,0.22549217062120225,0.0837595489878879,-0.8743444279755275
eta_0.2,1464,0.2021290276736115,0.08187527706280015,-0.8762286999006152
eta_0.2,1465,0.28292552922588365,0.09215177742355951,-0.8659521995398559
eta_0.2,1466,0.25485067405568496,0.11146988817150388,-0.8466340887919115
eta_0.2,1467,0.2333859537708987,0.0919302282982816,-0.8661737486651339
eta_0.2,1468,0.2932286478708337,0.12168701754612235,-0.8364169594172931
eta_0.2,1469,0.26614283836656494,0.08150193403457376,-0.8766020429288417
eta_0.2,1470,0.18634466886408652,0.07602710913527902,-0.8820768678281364
eta_0.2,1471,0.22226314297604788,0.08488300628581352,-0.873220970677602
eta_0.2,1472,0.24985614695663722,0.1275450531813704,-0.830558923782045
eta_0.2,1473,0.2124770092675321,0.06884321235018596,-0.8892607646132294
eta_0.2,1474,0.20508952815101633,0.07573910508574988,-0.8823648718776655
eta_0.2,1475,0.242622766854192,0.13398926551600454,-0.8241147114474109
eta_0.2,1476,0.1915029771149392,0.06858931585427297,-0.8895146611091425
eta_0.2,1477,0.24277215148424205,0.08365565952608953,-0.8744483174373259
eta_0.2,1478,0.20535434285898868,0.08787427722605448,-0.870229699737361
eta_0.2,1479,0.25834553036295194,0.12948491558884465,-0.8286190613745708
eta_0.2,1480,0.3011246757410896,0.10339356742888389,-0.8547104095345315
eta_0.2,1481,0.230771728945704,0.10280603059288669,-0.8552979463705287
eta_0.2,1482,0.23487601408158346,0.08630899305571771,-0.8717949839076977
eta_0.2,1483,0.208018735163015,0.09083740591001466,-0.8672665710534008
eta_0.2,1484,0.30122502394958156,0.14057177282548294,-0.8175322041379325
eta_0.2,1485,0.24637391430565775,0.09641375413792508,-0.8616902228254903
eta_0.2,1486,0.20557010843597923,0.07949554775568889,-0.8786084292077265
eta_0.2,1487,0.2519415024650016,0.11379994296750748,-0.8443040339959079
eta_0.2,1488,0.2222653281744868,0.09951088448898293,-0.8585930924744325
eta_0.2,1489,0.2655373078364424,0.10176181180693575,-0.8563421651564797
eta_0.2,1490,0.24173222855893797,0.11779575267117201,-0.8403082242922434
eta_0.2,1491,0.29781475786558675,0.15448704931578605,-0.8036169276476294
eta_0.2,1492,0.2849422268116081,0.13975907060149906,-0.8183449063619164
eta_0.2,1493,0.35489317782213925,0.15769772707984428,-0.8004062498835711
eta_0.2,1494,0.2689950833332096,0.11957469590416926,-0.8385292810592462
eta_0.2,1495,0.2563094425462795,0.08946954297807526,-0.8686344339853401
eta_0.2,1496,0.2764736900498266,0.1308464048144074,-0.8272575721490081
eta_0.2,1497,0.2498286914330054,0.09649819670402376,-0.8616057802593917
eta_0.2,1498,0.25296574008006933,0.09260940837554596,-0.8654945685878694
eta_0.2,1499,0.30279002689413415,0.11214692977707597,-0.8459570471863395
eta_0.2,1500,0.23175848513741623,0.10677940272456979,-0.8513245742388457
eta_0.2,1501,0.2628598319563952,0.1162690220799506,-0.8418349548834648
eta_0.2,1502,0.20026329015169128,0.07568290370105724,-0.8824210732623582
eta_0.2,1503,0.25666538103045017,0.08748567693587128,-0.8706183000275441
eta_0.2,1504,0.23399166010889885,0.09213662809635972,-0.8659673488670557
eta_0.2,1505,0.2222962824893275,0.07784638091442378,-0.8802575960489917
eta_0.2,1506,0.1758666423623313,0.05873436184946307,-0.8993696151139523
eta_0.2,1507,0.20418644469850705,0.08293082166722138,-0.8751731552961941
eta_0.2,1508,0.24687890518468864,0.07512630308156334,-0.8829776738818521
eta_0.2,1509,0.23061683998349636,0.09477826245460377,-0.8633257145088117
eta_0.2,1510,0.25613057568866954,0.09550543196917544,-0.8625985449942399
eta_0.2,1511,0.20276839281231662,0.07531006659592973,-0.8827939103674857
eta_0.2,1512,0.2618348548512032,0.1267268032153135,-0.8313771737481019
eta_0.2,1513,0.2442293771976451,0.08951215025524038,-0.868591826708175
eta_0.2,1514,0.20992121278760875,0.0735552824119867,-0.8845486945514287
eta_0.2,1515,0.22106225322947665,0.08087585091837515,-0.8772281260450403
eta_0.2,1516,0.27287418169659783,0.1148260446610827,-0.8432779323023327
eta_0.2,1517,0.3042797053047482,0.15424971613435284,-0.8038542608290626
eta_0.2,1518,0.20983526504353098,0.0827440277016614,-0.8753599492617541
eta_0.2,1519,0.23701348481680007,0.10559296675977446,-0.852511010203641
eta_0.2,1520,0.22909072387296692,0.10413510033625756,-0.8539688766271578
eta_0.2,1521,0.22611040229744406,0.09339270008569278,-0.8647112768777226
eta_0.2,1522,0.24386279256468318,0.0962556694417927,-0.8618483075216228
eta_0.2,1523,0.2361663311356405,0.0842753035755002,-0.8738286733879153
eta_0.2,1524,0.2256291080981085,0.09870694980719043,-0.859397027156225
eta_0.2,1525,0.2085859588155259,0.07578594875674984,-0.8823180282066656
eta_0.2,1526,0.2561502687924887,0.09060106129336104,-0.8675029156700544
eta_0.2,1527,0.23653370142105984,0.16438187615090696,-0.7937221008125085
eta_0.2,1528,0.23803941493376268,0.11867746292777726,-0.8394265140356382
eta_0.2,1529,0.19860786403541988,0.08263142420888803,-0.8754725527545274
eta_0.2,1530,0.17937360257926788,0.07959026112546781,-0.8785137158379476
eta_0.2,1531,0.2129833495908792,0.09198611116468891,-0.8661178657987265
eta_0.2,1532,0.2060274918110087,0.089313997128885,-0.8687899798345304
eta_0.2,1533,0.24185240311153572,0.09151975475368154,-0.8665842222097339
eta_0.2,1534,0.23054151422279698,0.10878323008134756,-0.8493207468820678
eta_0.2,1535,0.18780229567535983,0.08844224158030037,-0.8696617353831151
eta_0.2,1536,0.21386492163277038,0.07991743493320222,-0.8781865420302132
eta_0.2,1537,0.2831432744448803,0.13678352624315,-0.8213204507202654
eta_0.2,1538,0.21472538161847357,0.09667673138580896,-0.8614272455776064
eta_0.2,1539,0.21255405832020083,0.08556038181704578,-0.8725435951463696
eta_0.2,1540,0.20517226819923995,0.0900063826898787,-0.8680975942735367
eta_0.2,1541,0.2918012017652504,0.1284133376520892,-0.8296906393113263
eta_0.2,1542,0.251782946559978,0.10742425136535279,-0.8506797255980626
eta_0.2,1543,0.17625697577431043,0.08725617614973169,-0.8708478008136837
eta_0.2,1544,0.24134618639045988,0.10640341608304593,-0.8517005608803695
eta_0.2,1545,0.23999092585528503,0.13584022560227185,-0.8222637513611436
eta_0.2,1546,0.1992779718202851,0.07313249811658407,-0.8849714788468314
eta_0.2,1547,0.251038155653221,0.12925823663818473,-0.8288457403252307
eta_0.2,1548,0.28055919357424075,0.12585735122984348,-0.8322466257335719
eta_0.2,1549,0.22070449183789154,0.08733896541790732,-0.8707650115455081
eta_0.2,1550,0.26249143619187154,0.07999705340438276,-0.8781069235590326
eta_0.2,1551,0.22664593843155914,0.09089395532969483,-0.8672100216337206
eta_0.2,1552,0.2502070748701318,0.09832967380534409,-0.8597743031580714
eta_0.2,1553,0.288192781968888,0.10027699811281326,-0.8578269788506021
eta_0.2,1554,0.25684970056860046,0.10783930984561378,-0.8502646671178017
eta_0.2,1555,0.2029139306974561,0.07709301109682241,-0.881010965866593
eta_0.2,1556,0.2640010710639123,0.09034859082896965,-0.8677553861344458
eta_0.2,1557,0.1951000481505502,0.0837836619102145,-0.874320315053201
eta_0.2,1558,0.20685541942360164,0.08519571295137435,-0.8729082640120411
eta_0.2,1559,0.2735264334421306,0.09583377481653024,-0.8622702021468852
eta_0.2,1560,0.20604454843862202,0.0849520702363285,-0.873151906727087
eta_0.2,1561,0.2697733814705089,0.11822798887001255,-0.8398759880934029
eta_0.2,1562,0.23909645797561802,0.094490387213198,-0.8636135897502174
eta_0.2,1563,0.25830987748488027,0.10222155544844458,-0.8558824215149708
eta_0.2,1564,0.26395616043931247,0.08699069215940247,-0.871113284804013
eta_0.2,1565,0.21598778565353766,0.10773243295283182,-0.8503715440105836
eta_0.2,1566,0.25129285781465577,0.0832352223447489,-0.8748687546186665
eta_0.2,1567,0.3174882734459162,0.11569698999359711,-0.8424069869698183
eta_0.2,1568,0.2263099913700296,0.10503551088721927,-0.8530684660761961
eta_0.2,1569,0.1903897501717472,0.06472685756895388,-0.8933771193944615
eta_0.2,1570,0.22739360775659753,0.1000604788704841,-0.8580434980929313
eta_0.2,1571,0.26015315498061864,0.09361682154561474,-0.8644871554178006
eta_0.2,1572,0.28490498599728276,0.1264325657791167,-0.8316714111842987
eta_0.2,1573,0.2954606269532354,0.10678727715675598,-0.8513166998066595
eta_0.2,1574,0.2751560191323734,0.10029891142185329,-0.8578050655415621
eta_0.2,1575,0.2978803927832815,0.10374959056787933,-0.8543543863955361
eta_0.2,1576,0.227098117317383,0.08402907919004854,-0.8740748977733669
eta_0.2,1577,0.23342178939211664,0.08483499267039693,-0.8732689842930185
eta_0.2,1578,0.2711528664246965,0.10896509155363557,-0.8491388854097799
eta_0.2,1579,0.2575675950557648,0.09834274074084666,-0.8597612362225687
eta_0.2,1580,0.2612809120354326,0.12813496546732936,-0.829969011496086
eta_0.2,1581,0.25716715505664467,0.1106610035184509,-0.8474429734449646
eta_0.2,1582,0.265057452527358,0.09497436387061146,-0.863129613092804
eta_0.2,1583,0.23792342645689146,0.10108965298895112,-0.8570143239744643
eta_0.2,1584,0.2718076411637802,0.11039085328373863,-0.8477131236796768
eta_0.2,1585,0.26287062008722745,0.09691556592151476,-0.8611884110419007
eta_0.2,1586,0.2562397356135744,0.10978537650194116,-0.8483186004614742
eta_0.2,1587,0.25475629459905996,0.10472866905111093,-0.8533753079123045
eta_0.2,1588,0.19863800241348756,0.06656932500131417,-0.8915346519621012
eta_0.2,1589,0.31746087946678714,0.14234172992023986,-0.8157622470431756
eta_0.2,1590,0.21189995845366663,0.07745792686898206,-0.8806460500944333
eta_0.2,1591,0.2679202289816083,0.15885836035329576,-0.7992456166101196
eta_0.2,1592,0.2312648354559129,0.0899921707451074,-0.868111806218308
eta_0.2,1593,0.2262179452285406,0.08812951738711028,-0.8699744595763051
eta_0.2,1594,0.2769632578590799,0.12719592163313903,-0.8309080553302763
eta_0.2,1595,0.2776386642817203,0.12701742706415942,-0.831086549899256
eta_0.2,1596,0.2710328576923803,0.0878009423223809,-0.8703030346410345
eta_0.2,1597,0.21930866916129665,0.07861587062094258,-0.8794881063424729
eta_0.2,1598,0.25472683572054683,0.08813352694981325,-0.8699704500136022
eta_0.2,1599,0.24413935485634236,0.09375599627210993,-0.8643479806913055
eta_0.2,1600,0.23454555011859368,0.11037664520710089,-0.8477273317563145
eta_0.2,1601,0.2726210765927528,0.09202513402671417,-0.8660788429367012
eta_0.2,1602,0.278235566883423,0.09472874719648228,-0.8633752297669331
eta_0.2,1603,0.22061087227772214,0.09516005879358586,-0.8629439181698295
eta_0.2,1604,0.21847132063641062,0.08310222492645773,-0.8750017520369577
eta_0.2,1605,0.21926359784686178,0.09775510093107531,-0.8603488760323401
eta_0.2,1606,0.26396960397336855,0.08938524013027603,-0.8687187368331394
eta_0.2,1607,0.24068629997445354,0.0941586689461081,-0.8639453080173073
eta_0.2,1608,0.28139824275972375,0.1394687636284347,-0.8186352133349808
eta_0.2,1609,0.21399234335521153,0.08126461703389984,-0.8768393599295156
eta_0.2,1610,0.24686637723849686,0.10788331450798366,-0.8502206624554318
eta_0.2,1611,0.2477887381619647,0.08936908266574634,-0.8687348942976691
eta_0.2,1612,0.2172474194422782,0.0933615846361188,-0.8647423923272967
eta_0.2,1613,0.23184713702926568,0.10266533877291263,-0.8554386381905028
eta_0.2,1614,0.23419581285744895,0.1036715905131263,-0.8544323864502892
eta_0.2,1615,0.25213425935523215,0.1129416199264004,-0.845162357037015
eta_0.2,1616,0.25184637439525265,0.0863983105154206,-0.8717056664479949
eta_0.2,1617,0.25220015156152575,0.11417329229893555,-0.8439306846644798
eta_0.2,1618,0.23676789213661092,0.08410468820811164,-0.8739992887553037
eta_0.2,1619,0.2250760447694307,0.08056155843172326,-0.8775424185316921
eta_0.2,1620,0.21498872798082946,0.09399718335206969,-0.8641067936113458
eta_0.2,1621,0.27416429337613624,0.10268699326716287,-0.8554169836962525
eta_0.2,1622,0.2344245386947242,0.10458962403261382,-0.8535143529308016
eta_0.2,1623,0.21881998143960557,0.07443973930903743,-0.883664237654378
eta_0.2,1624,0.2863407119363074,0.09605716303471551,-0.8620468139286999
eta_0.2,1625,0.23958919295626152,0.09234127528872954,-0.8657627016746858
eta_0.2,1626,0.25098517632477285,0.11925713356120425,-0.8388468434022112
eta_0.2,1627,0.26968162303561827,0.12191230505842689,-0.8361916719049886
eta_0.2,1628,0.24083420462431132,0.1262871629415483,-0.8318168140218671
eta_0.2,1629,0.2967752291252926,0.11507636838720575,-0.8430276085762096
eta_0.2,1630,0.24081248154501272,0.08850211970027606,-0.8696018572631393
eta_0.2,1631,0.2530800021386779,0.0816987942376755,-0.87640518272574
eta_0.2,1632,0.21092918253790252,0.11280545051061466,-0.8452985264528008
eta_0.2,1633,0.2915371780560788,0.1282407600201513,-0.8298632169432641
eta_0.2,1634,0.21468384673338678,0.08686459413869208,-0.8712393828247234
eta_0.2,1635,0.2585664298230273,0.0907328456439721,-0.8673711313194433
eta_0.2,1636,0.23095698774793766,0.0805131555451489,-0.8775908214182665
eta_0.2,1637,0.24689255521041223,0.09665782228196898,-0.8614461546814465
eta_0.2,1638,0.23946591126015304,0.1022472280045886,-0.8558567489588268
eta_0.2,1639,0.20286339517585325,0.06928990594781353,-0.8888140710156018
eta_0.2,1640,0.24127729302820977,0.10119185880001537,-0.8569121181634001
eta_0.2,1641,0.2274520753995722,0.0856317697450803,-0.8724722072183351
eta_0.2,1642,0.27693572872689387,0.12528959016538882,-0.8328143867980267
eta_0.2,1643,0.2272589733105118,0.09687204963878,-0.8612319273246354
eta_0.2,1644,0.2617161037327213,0.11088169485402852,-0.8472222821093869
eta_0.2,1645,0.24463835981308024,0.1043060285542662,-0.8537979484091492
eta_0.2,1646,0.21719397385763367,0.08355974217520801,-0.8745442347882074
eta_0.2,1647,0.2854534731864702,0.10268801314583377,-0.8554159638175817
eta_0.2,1648,0.27026076619675227,0.10829448923879635,-0.8498094877246191
eta_0.2,1649,0.2614292331487648,0.11519884710947115,-0.8429051298539443
eta_0.2,1650,0.18429249386025132,0.0755432552569266,-0.8825607217064888
eta_0.2,1651,0.2890603493800184,0.13548637056400653,-0.8226176063994088
eta_0.2,1652,0.2564455479235236,0.10142471430978756,-0.8566792626536279
eta_0.2,1653,0.2630657075284654,0.10620823899696749,-0.8518957379664479
eta_0.2,1654,0.23219540289246657,0.08562446848532423,-0.8724795084780912
eta_0.2,1655,0.25642569294967504,0.09725866425833513,-0.8608453127050804
eta_0.2,1656,0.24523859785997623,0.07753994119197588,-0.8805640357714395
eta_0.2,1657,0.22833839079732632,0.0764284469452782,-0.8816755300181373
eta_0.2,1658,0.22097547896222414,0.07983283951255343,-0.878271137450862
eta_0.2,1659,0.2381539773170102,0.10417755092148444,-0.853926426041931
eta_0.2,1660,0.2360595298117608,0.10583401831259467,-0.8522699586508208
eta_0.2,1661,0.24955728543990702,0.09058535938658588,-0.8675186175768296
eta_0.2,1662,0.21528118678462,0.08953277969840939,-0.8685711972650061
eta_0.2,1663,0.2368515744655992,0.08965873589353777,-0.8684452410698776
eta_0.2,1664,0.2459245084319497,0.10523950940322829,-0.8528644675601871
eta_0.2,1665,0.20377573415317718,0.07780736585079087,-0.8802966111126246
eta_0.2,1666,0.22156568114587244,0.08093621455722415,-0.8771677624061913
eta_0.2,1667,0.2809674005937891,0.09784307013108631,-0.8602609068323291
eta_0.2,1668,0.2976910520140874,0.14825804789076658,-0.8098459290726489
eta_0.2,1669,0.2543256219544339,0.0907006526793412,-0.8674033242840742
eta_0.2,1670,0.21958759698924954,0.08917985590948019,-0.8689241210539352
eta_0.2,1671,0.23657716715703847,0.10186822767867064,-0.8562357492847448
eta_0.2,1672,0.22834863917135637,0.09308375211129778,-0.8650202248521176
eta_0.2,1673,0.24644313069455762,0.10401739887901364,-0.8540865780844018
eta_0.2,1674,0.20234905594823674,0.06720729166933549,-0.89089668529408
eta_0.2,1675,0.26715974953203714,0.14234593958362052,-0.8157580373797949
eta_0.2,1676,0.2648449875456222,0.09793666773611381,-0.8601673092273017
eta_0.2,1677,0.2479539862540385,0.10417373623702775,-0.8539302407263877
eta_0.2,1678,0.19307377896121403,0.0827552917141671,-0.8753486852492484
eta_0.2,1679,0.24144462702480468,0.08946067720870793,-0.8686432997547076
eta_0.2,1680,0.2903650989469898,0.12458212356994515,-0.8335218533934703
eta_0.2,1681,0.24256975231364045,0.0978209582286485,-0.860283018734767
eta_0.2,1682,0.251432300174461,0.10455718194392305,-0.8535467950194924
eta_0.2,1683,0.22125584514134045,0.09791105792131376,-0.8601929190421017
eta_0.2,1684,0.2026900588042136,0.07161924153508226,-0.8864847354283332
eta_0.2,1685,0.1995050067877437,0.08157486113802402,-0.8765291158253914
eta_0.2,1686,0.2699566251287707,0.11605849579704144,-0.842045481166374
eta_0.2,1687,0.2779097055709099,0.11578327349690012,-0.8423207034665153
eta_0.2,1688,0.21437583697845913,0.07740089780086512,-0.8807030791625503
eta_0.2,1689,0.22642445829407035,0.0830968951289289,-0.8750070818344865
eta_0.2,1690,0.22476459944810545,0.09284668697057599,-0.8652572899928395
eta_0.2,1691,0.2576289114830688,0.1207173022862206,-0.8373866746771949
eta_0.2,1692,0.22271258737822708,0.0776463969762655,-0.8804575799871499
eta_0.2,1693,0.23598284311909126,0.09160218239171436,-0.8665017945717011
eta_0.2,1694,0.25545323995084146,0.10672504244497825,-0.8513789345184372
eta_0.2,1695,0.2503134213324224,0.11783011210512292,-0.8402738648582925
eta_0.2,1696,0.20759557046029795,0.08666075514684254,-0.8714432218165729
eta_0.2,1697,0.20491989888615575,0.0936535019860926,-0.8644504749773229
eta_0.2,1698,0.2604980086413703,0.1087961458504769,-0.8493078311129385
eta_0.2,1699,0.2762324748206527,0.10565276088957819,-0.8524512160738372
eta_0.2,1700,0.27591110921009177,0.11339638862566184,-0.8447075883377536
eta_0.2,1701,0.24400582908936405,0.13696303711855007,-0.8211409398448654
eta_0.2,1702,0.21582241743340286,0.08421895857066972,-0.8738850183927457
eta_0.2,1703,0.21593524236594502,0.06828042845472261,-0.8898235485086928
eta_0.2,1704,0.19726646951855398,0.07816652020916748,-0.879937456754248
eta_0.2,1705,0.23857304995722264,0.08922417007751442,-0.868879806885901
eta_0.2,1706,0.2030648457101465,0.09615989404551686,-0.8619440829178986
eta_0.2,1707,0.26251408197455356,0.0887565443268332,-0.8693474326365822
eta_0.2,1708,0.24471113283500096,0.1267714098925633,-0.8313325670708521
eta_0.2,1709,0.3078778943193895,0.1398229544658276,-0.8182810224975878
eta_0.2,1710,0.27226785753223876,0.10173934815082632,-0.8563646288125891
eta_0.2,1711,0.29480000951974134,0.17446845936358182,-0.7836355175998336
eta_0.2,1712,0.20880850753713365,0.09509881177366278,-0.8630051651897527
eta_0.2,1713,0.2126813893293089,0.08389679695379168,-0.8742071800096237
eta_0.2,1714,0.2658506903078125,0.11302682685256846,-0.8450771501108469
eta_0.2,1715,0.225248315101856,0.08819330820770088,-0.8699106687557145
eta_0.2,1716,0.2673118332144046,0.1215955405958094,-0.8365084363676061
eta_0.2,1717,0.24151315024042858,0.09376852548039738,-0.864335451483018
eta_0.2,1718,0.16785308478037164,0.07057605586128037,-0.8875279211021351
eta_0.2,1719,0.23700921449455986,0.097094267158634,-0.8610097098047814
eta_0.2,1720,0.25008901984856036,0.09721064663486725,-0.8608933303285482
eta_0.2,1721,0.34474530356412736,0.15069379614920003,-0.8074101808142153
eta_0.2,1722,0.24245870334712322,0.08223595269056919,-0.8758680242728463
eta_0.2,1723,0.21456437517399465,0.08108935272773866,-0.8770146242356768
eta_0.2,1724,0.23437078214914503,0.11110127205037634,-0.8470027049130391
eta_0.2,1725,0.25705913384261014,0.09377907310065517,-0.8643249038627603
eta_0.2,1726,0.2830360418983209,0.13377966401737812,-0.8243243129460374
eta_0.2,1727,0.26912371504208593,0.10315571784819899,-0.8549482591152164
eta_0.2,1728,0.24629965184411592,0.13635672451320827,-0.8217472524502072
eta_0.2,1729,0.2453290334355029,0.09449246984668916,-0.8636115071167263
eta_0.2,1730,0.1995753675363035,0.07071796442507161,-0.8873860125383438
eta_0.2,1731,0.17363847359689644,0.07033881305259307,-0.8877651639108224
eta_0.2,1732,0.26108565672912254,0.10878329008935281,-0.8493206868740626
eta_0.2,1733,0.20859596011370624,0.1038618077257787,-0.8542421692376367
eta_0.2,1734,0.2591489597204711,0.10804156242690019,-0.8500624145365152
eta_0.2,1735,0.23528668323785307,0.10457972160416473,-0.8535242553592507
eta_0.2,1736,0.22060478863785266,0.08123733459676902,-0.8768666423666465
eta_0.2,1737,0.2489348445623813,0.10220505077108208,-0.8558989261923333
eta_0.2,1738,0.23104819761862444,0.0909343537709047,-0.8671696231925108
eta_0.2,1739,0.23961451361326402,0.10306673743736583,-0.8550372395260496
eta_0.2,1740,0.2780992528301077,0.12448844119570471,-0.8336155357677107
eta_0.2,1741,0.25118933649944897,0.08977338471171978,-0.8683305922516956
eta_0.2,1742,0.21029266364787885,0.08907945911703202,-0.8690245178463833
eta_0.2,1743,0.3123974481017395,0.12991969134058126,-0.8281842856228342
eta_0.2,1744,0.24236210882796272,0.10408817662988007,-0.8540158003335354
eta_0.2,1745,0.20494543468604898,0.07964136040199318,-0.8784626165614222
eta_0.2,1746,0.25029203740535316,0.11157899385392309,-0.8465249831094923
eta_0.2,1747,0.24925461548167047,0.0908924667585978,-0.8672115102048177
eta_0.2,1748,0.22756995719714412,0.08522680557626473,-0.8728771713871507
eta_0.2,1749,0.20865559300427294,0.09380352687030916,-0.8643004500931063
eta_0.2,1750,0.20020021914982228,0.0870690876042036,-0.8710348893592118
eta_0.2,1751,0.2845714399947573,0.0987493581838996,-0.8593546187795158
eta_0.2,1752,0.21243179595031159,0.10380175257066251,-0.8543022243927529
eta_0.2,1753,0.23504470476837006,0.09275157801638001,-0.8653523989470354
eta_0.2,1754,0.3089704762882123,0.1336911574567613,-0.8244128195066541
eta_0.2,1755,0.2733502476357982,0.11744673657454986,-0.8406572403888656
eta_0.2,1756,0.24029966986194198,0.09040789046017328,-0.8676960865032421
eta_0.2,1757,0.18714449587395615,0.07065344442397622,-0.8874505325394392
eta_0.2,1758,0.23556499939565936,0.077487009277441,-0.8806169676859744
eta_0.2,1759,0.2536979719963436,0.12529308113467474,-0.8328108958287407
eta_0.2,1760,0.22067569409507465,0.09642167809057994,-0.8616822988728354
eta_0.2,1761,0.18663920883976248,0.07918425890206605,-0.8789197180613494
eta_0.2,1762,0.22672694655567102,0.0859355170254619,-0.8721684599379536
eta_0.2,1763,0.22909330595749894,0.09674034877311377,-0.8613636281903017
eta_0.2,1764,0.260944973206571,0.08476184146468838,-0.8733421354987271
eta_0.2,1765,0.2242105400956888,0.085572476927565,-0.8725315000358504
eta_0.2,1766,0.23436826002185404,0.09189699393524366,-0.8662069830281718
eta_0.2,1767,0.27352916910264236,0.1089893798330068,-0.8491145971304086
eta_0.2,1768,0.20503466225688555,0.08153674584568571,-0.8765672311177297
eta_0.2,1769,0.26147704583221915,0.10517942103353775,-0.8529245559298777
eta_0.2,1770,0.24234700619929306,0.11005337375870597,-0.8480506032047095
eta_0.2,1771,0.26996635409094805,0.08122499044240052,-0.8768789865210149
eta_0.2,1772,0.241617816337178,0.11081092091567626,-0.8472930560477392
eta_0.2,1773,0.25704675407616095,0.1189999232827616,-0.8391040536806538
eta_0.2,1774,0.24735530197613942,0.11426982955963488,-0.8438341474037805
eta_0.2,1775,0.2253897458081119,0.09053804925872314,-0.8675659277046923
eta_0.2,1776,0.2209711226052135,0.09309441090028633,-0.8650095660631291
eta_0.2,1777,0.24233706945896932,0.09929194956350604,-0.8588120273999094
eta_0.2,1778,0.2888941956860127,0.10405876118785537,-0.85404521577556
eta_0.2,1779,0.2229630564145973,0.0881574806248124,-0.869946496338603
eta_0.2,1780,0.2817314084701849,0.12270301737027628,-0.8354009595931391
eta_0.2,1781,0.23804636329059914,0.10337470741865736,-0.854729269544758
eta_0.2,1782,0.2057330947043784,0.08015071543969504,-0.8779532615237204
eta_0.2,1783,0.30420859166397607,0.13578770454308747,-0.8223162724203279
eta_0.2,1784,0.23094672438788527,0.10628710224857779,-0.8518168747148376
eta_0.2,1785,0.25200661702302485,0.10536765326624348,-0.8527363236971719
eta_0.2,1786,0.26165639946030506,0.09844393529171386,-0.8596600416717015
eta_0.2,1787,0.20915494886834843,0.08922865302798194,-0.8688753239354334
eta_0.2,1788,0.2488658112272346,0.0986683918942093,-0.8594355850692061
eta_0.2,1789,0.24487605790208858,0.10047370951924778,-0.8576302674441676
eta_0.2,1790,0.2406396197186279,0.10131285649790445,-0.856791120465511
eta_0.2,1791,0.24157279553313948,0.09143552607273157,-0.8666684508906839
eta_0.2,1792,0.2066449022879244,0.09129960580555027,-0.8668043711578651
eta_0.2,1793,0.2758808014186637,0.10508881690652133,-0.853015160056894
eta_0.2,1794,0.2048883381412273,0.07415818393739983,-0.8839457930260156
eta_0.2,1795,0.25083411498530583,0.15337315598094625,-0.8047308209824692
eta_0.2,1796,0.2114952682361912,0.07017120607003154,-0.8879327708933838
eta_0.2,1797,0.25750749166888703,0.12513215391865226,-0.8329718230447631
eta_0.2,1798,0.2568431043332783,0.09484775130680145,-0.863256225656614
eta_0.2,1799,0.32985096402822167,0.12876654042278696,-0.8293374365406285
eta_0.2,1800,0.2847487741740474,0.11048502609970426,-0.8476189508637112
eta_0.2,1801,0.2551898048136585,0.09917662454961493,-0.8589273524138005
eta_0.2,1802,0.2159154614241972,0.08046501237751777,-0.8776389645858976
eta_0.2,1803,0.1911443086546927,0.08766889282570722,-0.8704350841377082
eta_0.2,1804,0.22622460360883506,0.09194220398653194,-0.8661617729768835
eta_0.2,1805,0.19897333657810967,0.08039749748694668,-0.8777064794764687
eta_0.2,1806,0.29028739892647126,0.1272436288755116,-0.8308603480879038
eta_0.2,1807,0.27233662140512305,0.13127225412504986,-0.8268317228383656
eta_0.2,1808,0.20823773853659722,0.08862073129932939,-0.8694832456640861
eta_0.2,1809,0.20456476315589414,0.09018448156950729,-0.8679194953939081
eta_0.2,1810,0.2487083032134636,0.10349148426591935,-0.8546124926974961
eta_0.2,1811,0.20429823420332266,0.0776001676911144,-0.880503809272301
eta_0.2,1812,0.2724748265557617,0.09704770540393895,-0.8610562715594765
eta_0.2,1813,0.22240988150113322,0.09717302398246272,-0.8609309529809527
eta_0.2,1814,0.25890957825256766,0.09048805212675728,-0.8676159248366582
eta_0.2,1815,0.23468066212827923,0.09070156830384224,-0.8674024086595732
eta_0.2,1816,0.24866339305731294,0.10905775435782031,-0.8490462226055951
eta_0.2,1817,0.2606628169898976,0.09983001689042739,-0.8582739600729881
eta_0.2,1818,0.25485075783208566,0.10776965690773992,-0.8503343200556756
eta_0.2,1819,0.27804613245984416,0.1016911781572626,-0.8564127988061528
eta_0.2,1820,0.2160577111195536,0.08653101522605341,-0.871572961737362
eta_0.2,1821,0.2668365638504925,0.10213068679310931,-0.8559732901703061
eta_0.2,1822,0.24622345939461487,0.10299061981929342,-0.8551133571441221
eta_0.2,1823,0.27430659040902916,0.11941593647789675,-0.8386880404855187
eta_0.2,1824,0.2622581688284035,0.10250047698441933,-0.8556034999789961
eta_0.2,1825,0.246013448606795,0.11677223986931246,-0.8413317370941029
eta_0.2,1826,0.18974434559292802,0.08347261560415842,-0.874631361359257
eta_0.2,1827,0.3273459708386173,0.10547819768299016,-0.8526257792804253
eta_0.2,1828,0.27161537581563505,0.10364893752253367,-0.8544550394408817
eta_0.2,1829,0.21066695538300148,0.0861014340789913,-0.8720025428844241
eta_0.2,1830,0.25505966693744864,0.08738836185960552,-0.8707156151038099
eta_0.2,1831,0.24824752861871377,0.09193629177032701,-0.8661676851930884
eta_0.2,1832,0.2325090798221257,0.10709662379090504,-0.8510073531725104
eta_0.2,1833,0.2631817418055053,0.10175165824235474,-0.8563523187210607
eta_0.2,1834,0.22763640463711976,0.09787996660927825,-0.8602240103541372
eta_0.2,1835,0.20825409346840412,0.09881408091244268,-0.8592898960509727
eta_0.2,1836,0.1954930193734443,0.08530837739838229,-0.8727955995650332
eta_0.2,1837,0.277830530808594,0.11850537063657854,-0.8395986063268369
eta_0.2,1838,0.2165560071570178,0.08294423415381079,-0.8751597428096046
eta_0.2,1839,0.24287890595977882,0.10261275008201977,-0.8554912268813957
eta_0.2,1840,0.20884139364142817,0.08183441131204319,-0.8762695656513723
eta_0.2,1841,0.28553323537955394,0.1226303854839987,-0.8354735914794167
eta_0.2,1842,0.2481718369032726,0.10593849475993777,-0.8521654822034777
eta_0.2,1843,0.22535175197121793,0.08939421931477859,-0.8687097576486369
eta_0.2,1844,0.29918180313339393,0.15841231201632178,-0.7996916649470937
eta_0.2,1845,0.25982019935490375,0.12860128181261998,-0.8295026951507954
eta_0.2,1846,0.2333077500587033,0.07904788210024924,-0.8790560948631662
eta_0.2,1847,0.2980804081973254,0.12466028366896914,-0.8334436932944462
eta_0.2,1848,0.2287337168495801,0.10064003029978708,-0.8574639466636284
eta_0.2,1849,0.2208104847699929,0.10572938085597967,-0.8523745961074357
eta_0.2,1850,0.2509947363661109,0.11291408056014221,-0.8451898964032732
eta_0.2,1851,0.22724635569916107,0.08137722219065868,-0.8767267547727567
eta_0.2,1852,0.32160207770418636,0.142190121216783,-0.8159138557466324
eta_0.2,1853,0.2132771826547621,0.076932949142236,-0.8811710278211794
eta_0.2,1854,0.23448343403793825,0.09946430443726845,-0.8586396725261469
eta_0.2,1855,0.26923499449801713,0.10718878569348309,-0.8509151912699323
eta_0.2,1856,0.278056662049581,0.12300899256512535,-0.8350949843982901
eta_0.2,1857,0.23587527407481917,0.09474324411519802,-0.8633607328482173
eta_0.2,1858,0.24303225059983413,0.08512095162267896,-0.8729830253407365
eta_0.2,1859,0.23258272568739669,0.09934896667298038,-0.8587550102904351
eta_0.2,1860,0.21855766191513495,0.08066932870743294,-0.8774346482559825
eta_0.2,1861,0.20219829733537273,0.0758480957947914,-0.8822558811686241
eta_0.2,1862,0.22750784035984073,0.09186804846064295,-0.8662359285027725
eta_0.2,1863,0.2694286623864168,0.11267033553537938,-0.845433641428036
eta_0.2,1864,0.26497513246504906,0.102098520160301,-0.8560054568031145
eta_0.2,1865,0.2093431075674411,0.09923518983760501,-0.8588687871258104
eta_0.2,1866,0.26323257337265893,0.11928257200832945,-0.838821404955086
eta_0.2,1867,0.22069191708233038,0.08310975024852066,-0.8749942267148948
eta_0.2,1868,0.23230275715102142,0.08543001420193949,-0.8726739627614759
eta_0.2,1869,0.24011269215477551,0.08379977565859187,-0.8743042013048236
eta_0.2,1870,0.24042025739621106,0.10808624275940945,-0.850017734204006
eta_0.2,1871,0.2306752507588672,0.11140298003880014,-0.8467009969246153
eta_0.2,1872,0.21046868654099893,0.10200661472894815,-0.8560973622344673
eta_0.2,1873,0.2715473835460843,0.1607432528562927,-0.7973607241071228
eta_0.2,1874,0.2333693621727209,0.08454694037783067,-0.8735570365855847
eta_0.2,1875,0.2690461799049506,0.1258179911828735,-0.8322859857805419
eta_0.2,1876,0.3081137892196415,0.12429652610288053,-0.8338074508605349
eta_0.2,1877,0.29087917963683835,0.11237617307234263,-0.8457278038910728
eta_0.2,1878,0.2840128460754883,0.11751316398384257,-0.8405908129795728
eta_0.2,1879,0.2067019393812642,0.08420128618625122,-0.8739026907771642
eta_0.2,1880,0.22938141903891077,0.10093199874123271,-0.8571719782221827
eta_0.2,1881,0.3071346752956089,0.1383625782898409,-0.8197413986735745
eta_0.2,1882,0.18413852454909968,0.06950962539207345,-0.8885943515713419
eta_0.2,1883,0.2509683598360768,0.09271530390964589,-0.8653886730537695
eta_0.2,1884,0.24237629849921288,0.10186662603129219,-0.8562373509321233
eta_0.2,1885,0.3438563362822623,0.1356870368322538,-0.8224169401311616
eta_0.2,1886,0.2472245545802044,0.09694652992980052,-0.861157447033615
eta_0.2,1887,0.23053309655771004,0.0964163057025928,-0.8616876712608226
eta_0.2,1888,0.24412234032787075,0.10634583508445833,-0.851758141878957
eta_0.2,1889,0.2635528832887751,0.11096263870785468,-0.8471413382555607
eta_0.2,1890,0.23077501463714895,0.09735755003521221,-0.8607464269282032
eta_0.2,1891,0.20163692070625427,0.08061713079282784,-0.8774868461705876
eta_0.2,1892,0.24508075428539094,0.1046439320111222,-0.8534600449522932
eta_0.2,1893,0.2394073319227802,0.09585001617981267,-0.8622539607836027
eta_0.2,1894,0.20890128824262263,0.09010243708093235,-0.8680015398824831
eta_0.2,1895,0.24528023213202751,0.12063730844674586,-0.8374666685166696
eta_0.2,1896,0.21283273709055903,0.08234884217135732,-0.8757551347920581
eta_0.2,1897,0.2693751703529038,0.12916147957139096,-0.8289424973920245
eta_0.2,1898,0.2779455813917371,0.11074528249333368,-0.8473586944700817
eta_0.2,1899,0.28091430613404245,0.13700692841235895,-0.8210970485510565
eta_0.2,1900,0.23660646815807537,0.07895781207081595,-0.8791461648925994
eta_0.2,1901,0.23011241786892836,0.09069316878925103,-0.8674108081741644
eta_0.2,1902,0.2232087619287417,0.07594067081879663,-0.8821633061446188
eta_0.2,1903,0.20281311777512687,0.079074487554332,-0.8790294894090834
eta_0.2,1904,0.1867082230177468,0.07035249360298446,-0.887751483360431
eta_0.2,1905,0.2536074615855019,0.09325926584451072,-0.8648447111189047
eta_0.2,1906,0.2749100286774231,0.09762332983307813,-0.8604806471303373
eta_0.2,1907,0.25916322253349,0.09901121244792359,-0.8590927645154919
eta_0.2,1908,0.25924254810765696,0.12193372902140019,-0.8361702479420152
eta_0.2,1909,0.2425261576871019,0.13083234687618617,-0.8272716300872293
eta_0.2,1910,0.23340193958768823,0.12069772252681049,-0.837406254436605
eta_0.2,1911,0.24159973246461205,0.12407635772825287,-0.8340276192351626
eta_0.2,1912,0.23309849098456498,0.10239636244007135,-0.8557076145233441
eta_0.2,1913,0.26821848612396154,0.10753507907539064,-0.8505688978880248
eta_0.2,1914,0.27218616894760195,0.11331940216682616,-0.8447845747965893
eta_0.2,1915,0.24518312183306676,0.11663013511862927,-0.8414738418447861
eta_0.2,1916,0.2666260688163567,0.09684970425156156,-0.8612542727118538
eta_0.2,1917,0.24240250057848672,0.09903765732809686,-0.8590663196353185
eta_0.2,1918,0.2457216172897871,0.09884381991635233,-0.859260157047063
eta_0.2,1919,0.21929233621049884,0.11146830057631951,-0.8466356763870959
eta_0.2,1920,0.2542022214873817,0.10581754504173213,-0.8522864319216833
eta_0.2,1921,0.250915661617051,0.08970238677591272,-0.8684015901875027
eta_0.2,1922,0.21658212527964044,0.09649159725073965,-0.8616123797126758
eta_0.2,1923,0.2626919847862864,0.09903303751113376,-0.8590709394522816
eta_0.2,1924,0.19112701155173317,0.08642735112912878,-0.8716766258342866
eta_0.2,1925,0.20142928663011145,0.09158256256939769,-0.8665214143940178
eta_0.2,1926,0.2970364845939576,0.10801832547435868,-0.8500856514890568
eta_0.2,1927,0.24539003836112094,0.12130913752167283,-0.8367948394417426
eta_0.2,1928,0.2657780307685466,0.10559711416982163,-0.8525068627935938
eta_0.2,1929,0.25720602708323226,0.15773919281186372,-0.8003647841515518
eta_0.2,1930,0.19559692510362525,0.0847443240486011,-0.8733596529148143
eta_0.2,1931,0.300043820949622,0.14887303616366937,-0.809230940799746
eta_0.2,1932,0.23875442928003607,0.10104674712804255,-0.8570572298353729
eta_0.2,1933,0.2598211324047203,0.10563506259111813,-0.8524689143722973
eta_0.2,1934,0.23724409401125202,0.11202041828655732,-0.8460835586768581
eta_0.2,1935,0.19583991119244945,0.08426271773633429,-0.8738412592270811
eta_0.2,1936,0.23192645767564468,0.07720205130531332,-0.8809019256581021
eta_0.2,1937,0.2584458197669979,0.07732807827428778,-0.8807758986891276
eta_0.2,1938,0.21025397266756377,0.10362285553497588,-0.8544811214284396
eta_0.2,1939,0.23767977419663486,0.10227858488479888,-0.8558253920786165
eta_0.2,1940,0.2820494735951031,0.10080021730475722,-0.8573037596586582
eta_0.2,1941,0.24045779942550724,0.09881180087874103,-0.8592921760846743
eta_0.2,1942,0.2717814881189168,0.1245977257853062,-0.8335062511781093
eta_0.2,1943,0.2928518828959086,0.09440944394178266,-0.8636945330216328
eta_0.2,1944,0.28151980609165084,0.07977343263710764,-0.8783305443263077
eta_0.2,1945,0.2846158398993649,0.10751114501268653,-0.8505928319507289
eta_0.2,1946,0.28039418825319273,0.1031103137407273,-0.8549936632226881
eta_0.2,1947,0.2622667556559619,0.11438945835954771,-0.8437145186038677
eta_0.2,1948,0.27859297830623264,0.13777865637696501,-0.8203253205864505
eta_0.2,1949,0.2727099230908051,0.10821221007315222,-0.8498917668902632
eta_0.2,1950,0.27780629867525636,0.1114273414637175,-0.846676635499698
eta_0.2,1951,0.2943324589615406,0.1073694198496653,-0.8507345571137501
eta_0.2,1952,0.20977201247538263,0.08201095789040304,-0.8760930190730124
eta_0.2,1953,0.21180459626411507,0.09770543643866168,-0.8603985405247537
eta_0.2,1954,0.21088301340913648,0.07598066511556079,-0.8821233118478546
eta_0.2,1955,0.21656027502573633,0.09825627411034034,-0.8598477028530751
eta_0.2,1956,0.2080614773317901,0.08727880208950356,-0.8708251748739119
eta_0.2,1957,0.2707273610031256,0.11331250255446898,-0.8447914744089464
eta_0.2,1958,0.2630157560971042,0.11047028517451245,-0.847633691788903
eta_0.2,1959,0.2429267353485375,0.0799179218804684,-0.878186055082947
eta_0.2,1960,0.2044532857905439,0.10089867176500783,-0.8572053051984077
eta_0.2,1961,0.23738500378143904,0.0958551388645993,-0.8622488380988161
eta_0.2,1962,0.2516321296144446,0.11544876795207665,-0.8426552090113388
eta_0.2,1963,0.24746641662098964,0.09190712541320398,-0.8661968515502114
eta_0.2,1964,0.2946667506311473,0.12034255745689161,-0.8377614195065238
eta_0.2,1965,0.21904138778662588,0.0934306592854097,-0.8646733176780057
eta_0.2,1966,0.22370029246046397,0.09630812523014627,-0.8617958517332691
eta_0.2,1967,0.2157873816923532,0.08212142137523287,-0.8759825555881826
eta_0.2,1968,0.24443768667616844,0.08840532154714094,-0.8696986554162744
eta_0.2,1969,0.2689145220648358,0.09878900653522941,-0.859314970428186
eta_0.2,1970,0.29069094790558897,0.14395016893505852,-0.8141538080283569
eta_0.2,1971,0.26105948033354853,0.11193147105237618,-0.8461725059110392
eta_0.2,1972,0.19053917960202216,0.07866108347814735,-0.879442893485268
eta_0.2,1973,0.27601390073457166,0.14241701183512162,-0.8156869651282939
eta_0.2,1974,0.246912527079744,0.08347806179726738,-0.8746259151661481
eta_0.2,1975,0.28974763697454914,0.13170650636823739,-0.826397470595178
eta_0.2,1976,0.2108939654623817,0.09401998882070231,-0.8640839881427131
eta_0.2,1977,0.21221636004870453,0.086449373068062,-0.8716546038953534
eta_0.2,1978,0.2532480223508719,0.12921554991079826,-0.8288884270526171
eta_0.2,1979,0.19615415256433041,0.08204843167407094,-0.8760555452893445
eta_0.2,1980,0.24041933763720685,0.11020273287752352,-0.847901244085892
eta_0.2,1981,0.2720336546430241,0.1326285556351363,-0.8254754213282791
eta_0.2,1982,0.2425574425029487,0.1002732915656926,-0.8578306853977228
eta_0.2,1983,0.17903592988185937,0.0678144597618027,-0.8902895172016128
eta_0.2,1984,0.2089324579885527,0.08912685196452992,-0.8689771249988855
eta_0.2,1985,0.2460244568789443,0.11510293028337817,-0.8430010466800373
eta_0.2,1986,0.2454155642090642,0.08963828576290132,-0.8684656912005141
eta_0.2,1987,0.23944923135559742,0.11589174790765369,-0.8422122290557618
eta_0.2,1988,0.25683569934734063,0.11506755266689501,-0.8430364242965204
eta_0.2,1989,0.22435811061248812,0.10341357303371931,-0.8546904039296961
eta_0.2,1990,0.23824335694886686,0.09017882098050127,-0.8679251559829142
eta_0.2,1991,0.25930826281252656,0.12187680174635707,-0.8362271752170584
eta_0.2,1992,0.24261480110631495,0.09433943776598382,-0.8637645391974316
eta_0.2,1993,0.253256695973176,0.10036096300404612,-0.8577430139593694
eta_0.2,1994,0.18821392428448397,0.076284513077719,-0.8818194638856964
eta_0.2,1995,0.24572389115344115,0.12021701658251809,-0.8378869603808974
eta_0.2,1996,0.21858657296202008,0.09655716438584527,-0.8615468125775702
eta_0.2,1997,0.23759910673971188,0.09073389234453386,-0.8673700846188815
eta_0.2,1998,0.24375671280219002,0.0973728828511428,-0.8607310941122727
eta_0.2,1999,0.22191621128294206,0.08778716924303392,-0.8703168077203816
eta_0.8,0,0.23028507309370216,0.5772957734013207,-1.7846033816862445
eta_0.8,1,0.28575238892596194,0.5949962498710697,-1.7669029052164955
eta_0.8,2,0.25663016009541345,0.5984286077304324,-1.7634705473571328
eta_0.8,3,0.24734210545340904,0.5850212554202192,-1.776877899667346
eta_0.8,4,0.23249207228765914,0.5388730117367815,-1.8230261433507837
eta_0.8,5,0.24296179767828807,0.5766607752215335,-1.7852383798660316
eta_0.8,6,0.2573646570982565,0.6097420176853569,-1.7521571374022082
eta_0.8,7,0.2619866776383274,0.5749121116844419,-1.7869870434031232
eta_0.8,8,0.3004260730312437,0.702337962507573,-1.6595611925799922
eta_0.8,9,0.29921121908525006,0.606287283256778,-1.7556118718307872
eta_0.8,10,0.32937035740321924,0.634447695097271,-1.7274514599902941
eta_0.8,11,0.285027977617747,0.6967661415739358,-1.6651330135136293
eta_0.8,12,0.27014016729369783,0.5586914112715511,-1.8032077438160141
eta_0.8,13,0.28037898538754885,0.6174887360130895,-1.7444104190744758
eta_0.8,14,0.23944358265202242,0.5192008035051374,-1.8426983515824278
eta_0.8,15,0.24912481101437148,0.5503865470200068,-1.8115126080675585
eta_0.8,16,0.2543583927387074,0.5756268053036055,-1.7862723497839597
eta_0.8,17,0.26214110694318193,0.5689707460824498,-1.7929284090051154
eta_0.8,18,0.25893995157665994,0.5956344024491218,-1.7662647526384434
eta_0.8,19,0.28464998640304895,0.6470577217113733,-1.7148414333761919
eta_0.8,20,0.2507250106248652,0.5409162701898336,-1.8209828848977316
eta_0.8,21,0.23943815315944184,0.558567994153532,-1.8033311609340332
eta_0.8,22,0.24841314946313614,0.5758255644049729,-1.7860735906825922
eta_0.8,23,0.32737610594656835,0.5957697424297814,-1.7661294126577838
eta_0.8,24,0.2224427700890332,0.5079322179569918,-1.8539669371305734
eta_0.8,25,0.2610210645005311,0.5809002409877191,-1.7809989140998461
eta_0.8,26,0.2220436345262719,0.5771019826776205,-1.7847971724099447
eta_0.8,27,0.23016487228800056,0.5945046919398514,-1.7673944631477139
eta_0.8,28,0.24276222088032073,0.5580092775816483,-1.803889877505917
eta_0.8,29,0.2687370047596719,0.6337168977003643,-1.7281822573872008
eta_0.8,30,0.23964854510308686,0.5403060691502464,-1.8215930859373188
eta_0.8,31,0.2718241806943838,0.5835377160829416,-1.7783614390046236
eta_0.8,32,0.2647795945930935,0.5679487108789751,-1.79395044420859
eta_0.8,33,0.2834265824308607,0.5568310931111227,-1.8050680619764425
eta_0.8,34,0.31496230239291245,0.605003122174614,-1.7568960329129513
eta_0.8,35,0.27585233297684847,0.6199354968842542,-1.7419636582033111
eta_0.8,36,0.27983449576721026,0.5443968777305044,-1.8175022773570608
eta_0.8,37,0.29996176333602825,0.6901936760038327,-1.6717054790837325
eta_0.8,38,0.24271527098897575,0.5407627620272907,-1.8211363930602746
eta_0.8,39,0.3060214095745907,0.5945043027851853,-1.76739485230238
eta_0.8,40,0.24878350229559504,0.5659566626695605,-1.7959424924180047
eta_0.8,41,0.26870230262010336,0.5711546323621635,-1.7907445227254017
eta_0.8,42,0.24589581570716199,0.5844398072979944,-1.7774593477895708
eta_0.8,43,0.2349933484908366,0.5204061317914797,-1.8414930232960856
eta_0.8,44,0.32916679975036456,0.6411983924733067,-1.7207007626142585
eta_0.8,45,0.24345927771385223,0.542981258556706,-1.8189178965308592
eta_0.8,46,0.268906303857042,0.6890344960910378,-1.6728646589965273
eta_0.8,47,0.2371156027294229,0.5926412816806144,-1.7692578734069508
eta_0.8,48,0.25826880909331296,0.5707600413706057,-1.7911391137169597
eta_0.8,49,0.27753216426529437,0.6052568947588766,-1.7566422603286886
eta_0.8,50,0.24920797106434214,0.5617600961041749,-1.8001390589833903
eta_0.8,51,0.24567364021690558,0.5612451892342629,-1.8006539658533023
eta_0.8,52,0.2583712746351934,0.5513624933522225,-1.8105366617353427
eta_0.8,53,0.23000601280909588,0.5340504022675157,-1.8278487528200495
eta_0.8,54,0.2628672720711628,0.5623068203254247,-1.7995923347621405
eta_0.8,55,0.2731378977602247,0.590762549812967,-1.7711366052745983
eta_0.8,56,0.2814674351710579,0.6788685466987201,-1.683030608388845
eta_0.8,57,0.2549836452302731,0.5902701759525828,-1.7716289791349824
eta_0.8,58,0.2586471731794573,0.6080994696779045,-1.7537996854096607
eta_0.8,59,0.3122242429850852,0.5977900773392884,-1.7641090777482769
eta_0.8,60,0.228536934652107,0.6143095314414306,-1.7475896236461346
eta_0.8,61,0.2629883598988634,0.6060799714511187,-1.7558191836364465
eta_0.8,62,0.2540148560584649,0.5686916915875706,-1.7932074634999946
eta_0.8,63,0.27546551120542667,0.6448363039714273,-1.7170628511161379
eta_0.8,64,0.2647661341718188,0.643918834561622,-1.7179803205259432
eta_0.8,65,0.26023479633917984,0.6202047449269816,-1.7416944101605836
eta_0.8,66,0.27123272590023967,0.6095507547892625,-1.7523484002983027
eta_0.8,67,0.2707904157629949,0.6243525001544397,-1.7375466549331255
eta_0.8,68,0.27883343621352535,0.6049937935952584,-1.756905361492307
eta_0.8,69,0.2654447084681055,0.5139149050285824,-1.8479842500589827
eta_0.8,70,0.2695160436611718,0.6853556747129288,-1.6765434803746364
eta_0.8,71,0.2514897722576516,0.6525958209951901,-1.7093033340923751
eta_0.8,72,0.2652812664158053,0.5781687932114739,-1.7837303618760914
eta_0.8,73,0.27957921392173035,0.5763256225802238,-1.7855735325073414
eta_0.8,74,0.269690249439258,0.5534168225427432,-1.808482332544822
eta_0.8,75,0.29663726984517286,0.5885111093746449,-1.7733880457129203
eta_0.8,76,0.26511841107618084,0.6461985305876232,-1.715700624499942
eta_0.8,77,0.28882500797643784,0.5692671764176822,-1.792631978669883
eta_0.8,78,0.23600505909369776,0.60302500096128,-1.7588741541262851
eta_0.8,79,0.2504726031097492,0.5330320005445106,-1.8288671545430546
eta_0.8,80,0.2736388360072073,0.5519854322469169,-1.8099137228406483
eta_0.8,81,0.2559817829173454,0.5700815226725278,-1.7918176324150374
eta_0.8,82,0.2545580607703498,0.6345203753472635,-1.7273787797403017
eta_0.8,83,0.27042721278529325,0.5819298674692668,-1.7799692876182984
eta_0.8,84,0.2506637450103249,0.5640454661430558,-1.7978536889445094
eta_0.8,85,0.2638804186302167,0.6113280298427561,-1.750571125244809
eta_0.8,86,0.22828909528035213,0.49119944606036103,-1.8706997090272042
eta_0.8,87,0.2510864418949882,0.5953236465854441,-1.766575508502121
eta_0.8,88,0.23772008278589674,0.5568873007977895,-1.8050118542897757
eta_0.8,89,0.2551649761209946,0.6014578876905388,-1.7604412673970264
eta_0.8,90,0.27180493129926125,0.5630834313533073,-1.798815723734258
eta_0.8,91,0.2888730305880458,0.6417518907923688,-1.7201472642951963
eta_0.8,92,0.2553884370195345,0.5394385353562389,-1.8224606197313262
eta_0.8,93,0.2633380706896591,0.5368695009540763,-1.825029654133489
eta_0.8,94,0.28609107031287984,0.6000971762340864,-1.761801978853479
eta_0.8,95,0.2686398557776461,0.5918635913237411,-1.770035563763824
eta_0.8,96,0.25042663975822477,0.582885343480551,-1.7790138116070142
eta_0.8,97,0.24125596330024418,0.5127844274977171,-1.849114727589848
eta_0.8,98,0.29496996848258245,0.60746324218037,-1.7544359129071951
eta_0.8,99,0.2697673439301126,0.6027987174759079,-1.7591004376116572
eta_0.8,100,0.2625837317225747,0.5781161156169838,-1.7837830394705814
eta_0.8,101,0.23855678843650452,0.5874556256923755,-1.7744435293951897
eta_0.8,102,0.294218349479153,0.6769224332684661,-1.684976721819099
eta_0.8,103,0.25254404822679244,0.6163299133843669,-1.7455692417031983
eta_0.8,104,0.22557491760238413,0.5467086878692109,-1.8151904672183543
eta_0.8,105,0.24936025084704477,0.5624556129244415,-1.7994435421631239
eta_0.8,106,0.24350924319683298,0.4936130669517707,-1.8682860881357946
eta_0.8,107,0.2681296074409971,0.6210569151179164,-1.7408422399696488
eta_0.8,108,0.2520424088599832,0.6196041645597603,-1.742294990527805
eta_0.8,109,0.24411248695298537,0.5110039178895543,-1.850895237198011
eta_0.8,110,0.2723799958378053,0.6022620332225321,-1.759637121865033
eta_0.8,111,0.257470196828983,0.5892937068764629,-1.7726054482111024
eta_0.8,112,0.2785307500736538,0.599900626377667,-1.7619985287098983
eta_0.8,113,0.27102973082048987,0.5864460459765128,-1.7754531091110524
eta_0.8,114,0.2634110913003638,0.5562464754119296,-1.8056526796756356
eta_0.8,115,0.25658182661415485,0.5962553998429255,-1.7656437552446396
eta_0.8,116,0.2741623115527458,0.5765224834094498,-1.7853766716781154
eta_0.8,117,0.2318294116730982,0.5490539962692513,-1.8128451588183139
eta_0.8,118,0.2502082918721484,0.5967597916601289,-1.7651393634274362
eta_0.8,119,0.26936398397446937,0.591869166094088,-1.7700299889934772
eta_0.8,120,0.23868694581945726,0.5611345351390196,-1.8007646199485456
eta_0.8,121,0.22404754521064815,0.534266154922053,-1.8276330001655121
eta_0.8,122,0.2582437389703054,0.5634050528184711,-1.7984941022690941
eta_0.8,123,0.2989213357559954,0.5841871393233182,-1.777712015764247
eta_0.8,124,0.27357182972575445,0.6286527658589847,-1.7332463892285805
eta_0.8,125,0.2931401623845058,0.5801176534696132,-1.7817815016179521
eta_0.8,126,0.2486461751632382,0.5731525657641261,-1.788746589323439
eta_0.8,127,0.25095531891994793,0.5335085703719924,-1.8283905847155728
eta_0.8,128,0.2715545309300881,0.6203433077247649,-1.7415558473628003
eta_0.8,129,0.2917020200642112,0.6117373935031619,-1.7501617615844034
eta_0.8,130,0.28118986385387823,0.5209452777167713,-1.8409538773707939
eta_0.8,131,0.2543812599479358,0.635711634423381,-1.7261875206641841
eta_0.8,132,0.2524230593388521,0.614949862498629,-1.746949292588936
eta_0.8,133,0.24862282466065738,0.5794175954862253,-1.78248155960134
eta_0.8,134,0.23188905981997215,0.5620087760221957,-1.7998903790653695
eta_0.8,135,0.23527972854796747,0.5191802352800332,-1.842718919807532
eta_0.8,136,0.2550435628606508,0.5374290872654566,-1.8244700678221086
eta_0.8,137,0.25975843988102226,0.5432602310380286,-1.8186389240495366
eta_0.8,138,0.3037062734850565,0.6583714363956926,-1.7035277186918725
eta_0.8,139,0.23926547235983103,0.5302509399074811,-1.8316482151800841
eta_0.8,140,0.308548288387962,0.6049664276883114,-1.7569327273992537
eta_0.8,141,0.24347120707846528,0.5573333468241415,-1.8045658082634237
eta_0.8,142,0.24569904775536078,0.6136437318210803,-1.7482554232664849
eta_0.8,143,0.24572849584764397,0.5676275584918767,-1.7942715965956886
eta_0.8,144,0.23239345434246542,0.573237474794978,-1.7886616802925872
eta_0.8,145,0.24017903978007732,0.5398367436162941,-1.8220624114712711
eta_0.8,146,0.2621207834012075,0.5632782119893626,-1.7986209430982028
eta_0.8,147,0.2551341855672946,0.5492729763754826,-1.8126261787120828
eta_0.8,148,0.2914617799026184,0.6684891095041885,-1.6934100455833767
eta_0.8,149,0.24223289843850143,0.5372931951574094,-1.8246059599301558
eta_0.8,150,0.2541899344643434,0.545814730633106,-1.8160844244544592
eta_0.8,151,0.2642124591529991,0.5943628082349746,-1.7675363468525906
eta_0.8,152,0.2269157348413282,0.533787021691565,-1.8281121333960002
eta_0.8,153,0.2735983981812385,0.6300071633648361,-1.7318919917227291
eta_0.8,154,0.25298666126815905,0.5727871324671715,-1.7891120226203938
eta_0.8,155,0.25388860208903025,0.5749853383396843,-1.7869138167478809
eta_0.8,156,0.2666257116272125,0.5528274132356295,-1.8090717418519358
eta_0.8,157,0.24722408419327652,0.5580872116281034,-1.8038119434594617
eta_0.8,158,0.23802335852552153,0.5783197781503245,-1.7835793769372406
eta_0.8,159,0.2433451333364416,0.577568181965207,-1.7843309731223582
eta_0.8,160,0.25443847844628265,0.5537426376251453,-1.80815651746242
eta_0.8,161,0.29421655430615445,0.6151747344030425,-1.7467244206845227
eta_0.8,162,0.2512739017865979,0.5868528281580191,-1.7750463269295462
eta_0.8,163,0.23754309754044223,0.5845773252882821,-1.7773218297992832
eta_0.8,164,0.28644734386284426,0.6038840733378066,-1.7580150817497586
eta_0.8,165,0.2918616718692145,0.5971849249641483,-1.7647142301234169
eta_0.8,166,0.23688839791579733,0.5744528418253263,-1.787446313262239
eta_0.8,167,0.2394633464828297,0.6024153963937118,-1.7594837586938534
eta_0.8,168,0.26564033857363273,0.623001343056548,-1.7388978120310172
eta_0.8,169,0.2635634156727245,0.6637528060896081,-1.6981463489979571
eta_0.8,170,0.2565051416308639,0.5898137566097371,-1.7720853984778282
eta_0.8,171,0.27186938187951254,0.6579249460207118,-1.7039742090668533
eta_0.8,172,0.2706251358005936,0.5524966916678735,-1.8094024634196917
eta_0.8,173,0.24995450100532102,0.5353858391495081,-1.826513315938057
eta_0.8,174,0.30581452388808594,0.7448474389858925,-1.6170517161016726
eta_0.8,175,0.2463533892459524,0.5586517537043407,-1.8032474013832245
eta_0.8,176,0.2627929559163591,0.5643251159665983,-1.797574039120967
eta_0.8,177,0.2684610756756267,0.559745694137403,-1.8021534609501622
eta_0.8,178,0.2792972532901439,0.5767444195224357,-1.7851547355651296
eta_0.8,179,0.2664441481260067,0.6704226392910249,-1.6914765157965403
eta_0.8,180,0.2550707502951553,0.5575627724367312,-1.8043363826508338
eta_0.8,181,0.2648883821590685,0.5492769036811836,-1.8126222514063817
eta_0.8,182,0.27310280130570375,0.6031511800801057,-1.7587479750074595
eta_0.8,183,0.2989202685489891,0.5968358130027893,-1.7650633420847759
eta_0.8,184,0.2832924969090622,0.5945891544220283,-1.767310000665537
eta_0.8,185,0.2444557218117794,0.5807429546503262,-1.781156200437239
eta_0.8,186,0.2815507009920868,0.5431426080346357,-1.8187565470529297
eta_0.8,187,0.256282631339351,0.574230909477941,-1.7876682456096242
eta_0.8,188,0.2775040755849279,0.6139616029166624,-1.7479375521709029
eta_0.8,189,0.24019769970629995,0.5836534538397906,-1.7782457012477746
eta_0.8,190,0.2516126615042823,0.5479586395081266,-1.8139405155794386
eta_0.8,191,0.2849480399041526,0.6449693753053515,-1.7169297797822138
eta_0.8,192,0.27926512895027505,0.601779237674037,-1.7601199174135282
eta_0.8,193,0.24391174494288678,0.5495182820114666,-1.8123808730760986
eta_0.8,194,0.24961132811824235,0.5381311376345131,-1.8237680174530522
eta_0.8,195,0.25618248266536625,0.6016575750994708,-1.7602415799880944
eta_0.8,196,0.24917162149879368,0.5446446290958631,-1.8172545259917021
eta_0.8,197,0.2544866767856407,0.5725282235924689,-1.7893709314950963
eta_0.8,198,0.24785588138959622,0.6012267848999473,-1.760672370187618
eta_0.8,199,0.26816155867199,0.5345883325213783,-1.827310822566187
eta_0.8,200,0.2651803225633527,0.5383074133898931,-1.8235917416976721
eta_0.8,201,0.23558539824815924,0.5604118677137893,-1.801487287373776
eta_0.8,202,0.2591777540788798,0.5862199565242175,-1.7756791985633478
eta_0.8,203,0.2543030414535273,0.5930834560118987,-1.7688156990756665
eta_0.8,204,0.2519969822026125,0.5381885286405981,-1.8237106264469671
eta_0.8,205,0.27987058555197974,0.5927949900155147,-1.7691041650720505
eta_0.8,206,0.2605842985918538,0.6127697165709352,-1.74912943851663
eta_0.8,207,0.2674945566681092,0.5583901181525553,-1.8035090369350097
eta_0.8,208,0.24385177192172322,0.5479803342680205,-1.8139188208195447
eta_0.8,209,0.2617554896286883,0.5945242509708057,-1.7673749041167595
eta_0.8,210,0.2388704183201532,0.5363413810292472,-1.825557774058318
eta_0.8,211,0.25498557517060516,0.607242873019095,-1.7546562820684701
eta_0.8,212,0.2831416317127516,0.5443155261408533,-1.817583628946712
eta_0.8,213,0.24882415217273932,0.575777825097221,-1.7861213299903442
eta_0.8,214,0.24702403495747627,0.5441469342082808,-1.8177522208792845
eta_0.8,215,0.2849402770810176,0.5744765021850267,-1.7874226529025385
eta_0.8,216,0.24686614753290134,0.5651635224794278,-1.7967356326081374
eta_0.8,217,0.25519434371708594,0.5633579472602084,-1.7985412078273568
eta_0.8,218,0.24527530127274705,0.5687370955232327,-1.7931620595643325
eta_0.8,219,0.2520418018945527,0.5532557628062396,-1.8086433922813256
eta_0.8,220,0.27580570730859794,0.5722492563230506,-1.7896498987645146
eta_0.8,221,0.3015799497677073,0.6027870737412231,-1.7591120813463421
eta_0.8,222,0.2735030392374991,0.5926159549311443,-1.769283200156421
eta_0.8,223,0.24868716618550973,0.6098113789463069,-1.7520877761412583
eta_0.8,224,0.25084954741665605,0.5832080010049808,-1.7786911540825843
eta_0.8,225,0.24749574672573352,0.5650888572756064,-1.796810297811959
eta_0.8,226,0.2630973527406655,0.5532591475997743,-1.8086400074877909
eta_0.8,227,0.2714553443109825,0.6484782868449134,-1.7134208682426517
eta_0.8,228,0.30084178016033947,0.6114710718085856,-1.7504280832789796
eta_0.8,229,0.26448261843611215,0.5615483332798967,-1.8003508218076685
eta_0.8,230,0.2727901324490669,0.5479613624781425,-1.8139377926094227
eta_0.8,231,0.24254272322501402,0.5458257137475422,-1.816073441340023
eta_0.8,232,0.28012979425848383,0.6223739514828079,-1.7395252036047573
eta_0.8,233,0.2825642803830763,0.5862648652933624,-1.7756342897942028
eta_0.8,234,0.2616640726819295,0.5760191986189467,-1.7858799564686185
eta_0.8,235,0.2454333124969256,0.5652004991306794,-1.7966986559568858
eta_0.8,236,0.27529504979475505,0.6094107114711219,-1.7524884436164432
eta_0.8,237,0.300979036923895,0.5615706477905542,-1.800328507297011
eta_0.8,238,0.29966420203103944,0.5473367901301416,-1.8145623649574236
eta_0.8,239,0.277795085788749,0.6493285843337644,-1.7125705707538008
eta_0.8,240,0.2691328316082029,0.5019119822839121,-1.859987172803653
eta_0.8,241,0.24943350400612266,0.5690737044111737,-1.7928254506763914
eta_0.8,242,0.2525704528983099,0.6173770545690365,-1.7445221005185287
eta_0.8,243,0.2576430220255181,0.5585604167744267,-1.8033387383131385
eta_0.8,244,0.22932504585673766,0.595055510221986,-1.7668436448655793
eta_0.8,245,0.23633435983389056,0.572198038359137,-1.7897011167284282
eta_0.8,246,0.2709180179603058,0.5911694794483591,-1.7707296756392061
eta_0.8,247,0.25571356185985433,0.6250205505272404,-1.7368786045603248
eta_0.8,248,0.24123737135419554,0.5786215661105151,-1.7832775889770502
eta_0.8,249,0.2665459020666936,0.547747258105206,-1.8141518969823593
eta_0.8,250,0.2758350048004289,0.5741923453052139,-1.7877068097823514
eta_0.8,251,0.23897990940342095,0.5942262876788635,-1.7676728674087017
eta_0.8,252,0.29065017146856,0.5587934119136144,-1.8031057431739508
eta_0.8,253,0.26902732844752897,0.6114746123910652,-1.7504245426965
eta_0.8,254,0.2654331150551239,0.5772437923651372,-1.784655362722428
eta_0.8,255,0.24376023511487424,0.553723761430803,-1.8081753936567622
eta_0.8,256,0.2693030376306434,0.5912676992881399,-1.7706314557994252
eta_0.8,257,0.2921304926708799,0.6013697128365694,-1.7605294422509958
eta_0.8,258,0.24428829180105766,0.6266939204342826,-1.7352052346532827
eta_0.8,259,0.28867800452689263,0.5996294351399433,-1.7622697199476218
eta_0.8,260,0.25646851891276484,0.5590514020860391,-1.802847753001526
eta_0.8,261,0.23679290147735788,0.5587128070354224,-1.8031863480521428
eta_0.8,262,0.23540008726489153,0.5144037331914296,-1.8474954218961357
eta_0.8,263,0.25358769065236253,0.5863523517759619,-1.7755468033116033
eta_0.8,264,0.2837312783757687,0.645127343567442,-1.7167718115201231
eta_0.8,265,0.24438999500554842,0.5698621476821981,-1.792037007405367
eta_0.8,266,0.23073277170172923,0.5151080754872517,-1.8467910796003135
eta_0.8,267,0.258607171110123,0.5764529216583444,-1.7854462334292207
eta_0.8,268,0.2822373447128095,0.5242877796192348,-1.8376113754683305
eta_0.8,269,0.2483598260272677,0.5933074885905838,-1.7685916664969814
eta_0.8,270,0.23782715480763855,0.6109065997539559,-1.7509925553336094
eta_0.8,271,0.2780768114291793,0.5568819624870716,-1.8050171926004936
eta_0.8,272,0.2460582631295003,0.5977161111974698,-1.7641830438900954
eta_0.8,273,0.24914475652431847,0.5886646565330129,-1.7732344985545523
eta_0.8,274,0.28153225572683893,0.5531918104086876,-1.8087073446788775
eta_0.8,275,0.227067488653893,0.5302052808329898,-1.8316938742545754
eta_0.8,276,0.24606641494688103,0.6025086788950931,-1.7593904761924721
eta_0.8,277,0.2962568264343688,0.5411478012673124,-1.8207513538202527
eta_0.8,278,0.24067674350763374,0.6234438385565425,-1.7384553165310228
eta_0.8,279,0.2432353000008046,0.6018713422478807,-1.7600278128396845
eta_0.8,280,0.25135048702918084,0.5951778079585706,-1.7667213471289946
eta_0.8,281,0.24808766554853734,0.5357269528665072,-1.826172202221058
eta_0.8,282,0.22298797679309154,0.6351925452526526,-1.7267066098349126
eta_0.8,283,0.2801788571819532,0.6148185104968478,-1.7470806445907174
eta_0.8,284,0.23564949770174634,0.5001057931346014,-1.8617933619529639
eta_0.8,285,0.2309225788861287,0.5354020987266924,-1.8264970563608727
eta_0.8,286,0.24481801910534007,0.5082283448757661,-1.8536708102117991
eta_0.8,287,0.25107839769214607,0.6879617533336386,-1.6739374017539266
eta_0.8,288,0.28160718878758584,0.6056146077400502,-1.756284547347515
eta_0.8,289,0.29269387179652784,0.668527577535411,-1.693371577552154
eta_0.8,290,0.2597650205846587,0.5395316429487589,-1.8223675121388063
eta_0.8,291,0.22312209776797548,0.5565889849408927,-1.8053101701466725
eta_0.8,292,0.25135795921207343,0.5444089284191451,-1.81749022666842
eta_0.8,293,0.270502424852771,0.6283123832003259,-1.7335867718872393
eta_0.8,294,0.2501418006518871,0.561594181743172,-1.8003049733443932
eta_0.8,295,0.23907189589378156,0.5514642094602734,-1.810434945627292
eta_0.8,296,0.2616718930714942,0.5973072334681659,-1.7645919216193993
eta_0.8,297,0.2610965284995258,0.5997739326196063,-1.7621252224679589
eta_0.8,298,0.27087084012653295,0.562016827144072,-1.7998823279434932
eta_0.8,299,0.2395327151258203,0.5591624911266135,-1.8027366639609517
eta_0.8,300,0.24438331064066887,0.542754988399871,-1.8191441666876942
eta_0.8,301,0.2598573196517856,0.5630098190168198,-1.7988893360707454
eta_0.8,302,0.26217286107004795,0.5608387076781554,-1.8010604474094098
eta_0.8,303,0.24631605802607034,0.5988555400767641,-1.763043615010801
eta_0.8,304,0.23884067147632393,0.5151442273213007,-1.8467549277662645
eta_0.8,305,0.28660123380504127,0.7021983673703696,-1.6597007877171956
eta_0.8,306,0.25886666915894985,0.519694254432103,-1.8422049006554622
eta_0.8,307,0.2514647804431049,0.604052903411969,-1.7578462516755962
eta_0.8,308,0.25819322930524513,0.5393293351805741,-1.822569819906991
eta_0.8,309,0.2681632643915631,0.5523164885650997,-1.8095826665224655
eta_0.8,310,0.2787702475312903,0.6037966028408717,-1.7581025522466935
eta_0.8,311,0.276992884029784,0.5640316729853285,-1.7978674821022367
eta_0.8,312,0.2339416365487182,0.5138523483098172,-1.848046806777748
eta_0.8,313,0.26963885858157405,0.6110248279589061,-1.750874327128659
eta_0.8,314,0.2732729885297166,0.5989650541169905,-1.7629341009705746
eta_0.8,315,0.2919553396738177,0.5902091758364053,-1.77168997925116
eta_0.8,316,0.28154318238375114,0.6726542545049301,-1.689244900582635
eta_0.8,317,0.2753548784759844,0.5424541069077383,-1.8194450481798268
eta_0.8,318,0.24800488278777982,0.5378902770563632,-1.824008878031202
eta_0.8,319,0.22331499342799965,0.5749532110582962,-1.786945944029269
eta_0.8,320,0.25915173151225573,0.6201719054843213,-1.7417272496032439
eta_0.8,321,0.2548700055196784,0.6166784489947499,-1.7452207060928153
eta_0.8,322,0.279673248792165,0.5981924783026975,-1.7637066767848677
eta_0.8,323,0.24022840677328006,0.5787456221100853,-1.78315353297748
eta_0.8,324,0.2433816336153819,0.5718338520400761,-1.7900653030474891
eta_0.8,325,0.23971639626184765,0.553864053801211,-1.8080351012863543
eta_0.8,326,0.25255888072760335,0.6113855910296746,-1.7505135640578906
eta_0.8,327,0.2528748912285146,0.5217170059832489,-1.8401821491043164
eta_0.8,328,0.254079115814815,0.5461016625148531,-1.815797492572712
eta_0.8,329,0.2730733259660142,0.6446407637307694,-1.7172583913567958
eta_0.8,330,0.25156117994241933,0.5677166368434947,-1.7941825182440705
eta_0.8,331,0.26733848432066865,0.6461528575798166,-1.7157462975077487
eta_0.8,332,0.2985258522588869,0.5656920469322828,-1.7962071081552824
eta_0.8,333,0.27746726553408974,0.5736289063073484,-1.7882702487802167
eta_0.8,334,0.23302300569899548,0.5047335892266476,-1.8571655658609176
eta_0.8,335,0.22492260897299737,0.5560263763116731,-1.8058727787758921
eta_0.8,336,0.23820740810930244,0.5704119866665108,-1.7914871684210545
eta_0.8,337,0.25187187319580284,0.5657529628085687,-1.7961461922789965
eta_0.8,338,0.2659277293032639,0.5581158910690656,-1.8037832640184996
eta_0.8,339,0.26216886164625075,0.6013708349495426,-1.7605283201380226
eta_0.8,340,0.2604707760610935,0.5635097964744719,-1.7983893586130932
eta_0.8,341,0.24892954540403173,0.606918162685851,-1.7549809924017143
eta_0.8,342,0.2742905851059098,0.6289796844844895,-1.7329194706030757
eta_0.8,343,0.2519254650686646,0.5241075992650407,-1.8377915558225246
eta_0.8,344,0.2555963432573556,0.6202725718605874,-1.741626583226978
eta_0.8,345,0.24907959193633278,0.5424803457647522,-1.819418809322813
eta_0.8,346,0.2925403799659352,0.6311482195020326,-1.7307509355855326
eta_0.8,347,0.2793125074881444,0.5403947501611115,-1.8215044049264537
eta_0.8,348,0.30007125231418796,0.5990874683674349,-1.7628116867201302
eta_0.8,349,0.3208948426588923,0.5811080269506579,-1.7807911281369073
eta_0.8,350,0.2845133686724022,0.5432938060570994,-1.8186053490304657
eta_0.8,351,0.26421192999726417,0.578101303533951,-1.7837978515536141
eta_0.8,352,0.2533710543524419,0.5953323050856247,-1.7665668500019405
eta_0.8,353,0.2682401469317792,0.5877882886906811,-1.774110866396884
eta_0.8,354,0.2595881459771852,0.6004183641029283,-1.761480790984637
eta_0.8,355,0.28041169203691285,0.6578207731573393,-1.7040783819302259
eta_0.8,356,0.2511729371899065,0.6124169138253368,-1.7494822412622284
eta_0.8,357,0.2508667464971761,0.5509787689314305,-1.8109203861561347
eta_0.8,358,0.2509272419557161,0.5297237641765243,-1.8321753909110408
eta_0.8,359,0.2681876566391701,0.5517316427530645,-1.8101675123345007
eta_0.8,360,0.2449506058390296,0.5535658195894395,-1.8083333354981257
eta_0.8,361,0.2479205737498981,0.5464543156063286,-1.8154448394812366
eta_0.8,362,0.2491951162367942,0.5161605349645355,-1.8457386201230297
eta_0.8,363,0.22593218534126439,0.5411038771816672,-1.820795277905898
eta_0.8,364,0.2477552524437534,0.5898101636631388,-1.7720889914244264
eta_0.8,365,0.30189110136656416,0.6579118822457022,-1.703987272841863
eta_0.8,366,0.2621408506359665,0.6020736160923665,-1.7598255389951987
eta_0.8,367,0.2939595814421734,0.6218365576225315,-1.7400625974650337
eta_0.8,368,0.2778748641700436,0.5574271674237785,-1.8044719876637867
eta_0.8,369,0.27765344894789645,0.5942430930086933,-1.767656062078872
eta_0.8,370,0.29426265506975596,0.5849493960644223,-1.776949759023143
eta_0.8,371,0.25753653335694765,0.5760096431374087,-1.7858895119501565
eta_0.8,372,0.28375967547749126,0.6211374924934818,-1.7407616625940834
eta_0.8,373,0.24079430152398937,0.600833453891438,-1.7610657011961273
eta_0.8,374,0.25446053211056263,0.6042656664064332,-1.757633488681132
eta_0.8,375,0.24701285296713904,0.6099066477844557,-1.7519925073031095
eta_0.8,376,0.2715414660194575,0.5737113950792632,-1.788187760008302
eta_0.8,377,0.2549938670311032,0.5671381111089657,-1.7947610439785995
eta_0.8,378,0.22440475133657112,0.5591578908424777,-1.8027412642450875
eta_0.8,379,0.2991752504377422,0.6327585922491872,-1.729140562838378
eta_0.8,380,0.24757492798060815,0.539863756460859,-1.8220353986267062
eta_0.8,381,0.28302532707011546,0.5914515435508098,-1.7704476115367553
eta_0.8,382,0.26551907590027446,0.6143400299419053,-1.74755912514566
eta_0.8,383,0.29359003267602335,0.5892025634835939,-1.7726965916039714
eta_0.8,384,0.286547423552134,0.6141146476812951,-1.7477845074062701
eta_0.8,385,0.2784337083316787,0.5925576535857331,-1.7693415015018321
eta_0.8,386,0.23888840822023702,0.5513391526504201,-1.810560002437145
eta_0.8,387,0.2553650450267061,0.5767381926132897,-1.7851609624742755
eta_0.8,388,0.2647424761215493,0.5516068704710858,-1.8102922846164793
eta_0.8,389,0.30222907649496583,0.6578847962659555,-1.7040143588216097
eta_0.8,390,0.2801898704822457,0.6357269551011497,-1.7261721999864155
eta_0.8,391,0.2609233423969043,0.545116384161398,-1.8167827709261672
eta_0.8,392,0.23743570323304763,0.5980426051990781,-1.763856549888487
eta_0.8,393,0.23416577069417166,0.5803613774690737,-1.7815377776184915
eta_0.8,394,0.23859597745780697,0.5501842654717048,-1.8117148896158604
eta_0.8,395,0.24151537082131802,0.5731104325649121,-1.788788722522653
eta_0.8,396,0.2545683396903228,0.5675987883441156,-1.7943003667434496
eta_0.8,397,0.24140072291789816,0.5579956151963799,-1.8039035398911853
eta_0.8,398,0.26621769434330156,0.5381015907264988,-1.8237975643610664
eta_0.8,399,0.24221860215390606,0.5590926687573365,-1.8028064863302287
eta_0.8,400,0.25323065222542995,0.5421172643209923,-1.8197818907665728
eta_0.8,401,0.23813531523105885,0.5567339776173006,-1.8051651774702646
eta_0.8,402,0.24276197883604436,0.5604607055575624,-1.8014384495300027
eta_0.8,403,0.2602132856730398,0.5349268059528987,-1.8269723491346666
eta_0.8,404,0.28644534788302833,0.604761922917558,-1.7571372321700072
eta_0.8,405,0.2711146274987916,0.6292037253263207,-1.7326954297612445
eta_0.8,406,0.26106090158510964,0.5873096845296505,-1.7745894705579146
eta_0.8,407,0.22449781259822613,0.5348505077127379,-1.8270486473748273
eta_0.8,408,0.25224909669437034,0.552121658343766,-1.8097774967437992
eta_0.8,409,0.251154789496736,0.5656841650907222,-1.7962149899968431
eta_0.8,410,0.26988815831290436,0.5840428726061411,-1.7778562824814241
eta_0.8,411,0.27622248965156804,0.6067794519595868,-1.7551197031279784
eta_0.8,412,0.28714189290533976,0.6758772275008047,-1.6860219275867605
eta_0.8,413,0.2548583656702309,0.579106555183196,-1.7827925999043692
eta_0.8,414,0.2781897228931759,0.6577274697020803,-1.704171685385485
eta_0.8,415,0.26981750656911285,0.626342780886732,-1.7355563742008333
eta_0.8,416,0.22678819950787435,0.559351166013679,-1.8025479890738862
eta_0.8,417,0.2752997525344559,0.5919467262481628,-1.7699524288394024
eta_0.8,418,0.25019528019197557,0.599156024146593,-1.7627431309409722
eta_0.8,419,0.21885568043529674,0.5800705589104891,-1.7818285961770761
eta_0.8,420,0.2846108302491082,0.5536759273532701,-1.8082232277342951
eta_0.8,421,0.2539778448514612,0.5483554854853441,-1.8135436696022211
eta_0.8,422,0.26513185457898625,0.5851341669842618,-1.7767649881033034
eta_0.8,423,0.2581377388130728,0.5274611631768766,-1.8344379919106886
eta_0.8,424,0.2462765672100721,0.5699726212284022,-1.791926533859163
eta_0.8,425,0.2617840109410597,0.5475857320659981,-1.814313423021567
eta_0.8,426,0.23415689145594548,0.5670782588585048,-1.7948208962290604
eta_0.8,427,0.26011535572845357,0.6033761517774321,-1.7585230033101331
eta_0.8,428,0.2521228453562123,0.5497299473379003,-1.812169207749665
eta_0.8,429,0.2968313441898731,0.6288374451959742,-1.733061709891591
eta_0.8,430,0.22809707808113822,0.5500894647042226,-1.8118096903833427
eta_0.8,431,0.2728051228522614,0.5885038476984928,-1.7733953073890723
eta_0.8,432,0.2502748419702258,0.5422750471416637,-1.8196241079459015
eta_0.8,433,0.2405379869514482,0.5864625502669574,-1.7754366048206078
eta_0.8,434,0.26709141401202235,0.5748396324848313,-1.787059522602734
eta_0.8,435,0.22908946362887683,0.6145310390363024,-1.7473681160512629
eta_0.8,436,0.2576772290818152,0.554144289268054,-1.8077548658195113
eta_0.8,437,0.27866389457935425,0.5392915423304576,-1.8226076127571076
eta_0.8,438,0.2968779522698951,0.5866339750318829,-1.7752651800556825
eta_0.8,439,0.28887795106834924,0.5669514944712559,-1.7949476606163093
eta_0.8,440,0.2530561038786202,0.5900422418025505,-1.7718569132850148
eta_0.8,441,0.2449080983548839,0.5055519945198537,-1.8563471605677115
eta_0.8,442,0.2810974261578205,0.5816624880810384,-1.7802366670065268
eta_0.8,443,0.24880761152132452,0.5946981907196849,-1.7672009643678803
eta_0.8,444,0.25204076557441274,0.5711452796123475,-1.7907538754752177
eta_0.8,445,0.266302922631101,0.6104103650863132,-1.7514887900012521
eta_0.8,446,0.2501360429444908,0.5524264883634415,-1.8094726667241237
eta_0.8,447,0.2632666972926013,0.580310707437292,-1.7815884476502732
eta_0.8,448,0.28326682275301857,0.5922822056453085,-1.7696169494422567
eta_0.8,449,0.2684883739494223,0.6172203884633538,-1.7446787666242114
eta_0.8,450,0.2411620180205848,0.5134934135940746,-1.8484057414934907
eta_0.8,451,0.2758857718119099,0.6083681277983892,-1.753531027289176
eta_0.8,452,0.24255500051894177,0.5983146150768484,-1.7635845400107169
eta_0.8,453,0.23817166407893298,0.5473849436910232,-1.814514211396542
eta_0.8,454,0.25665737526872934,0.594816774679485,-1.7670823804080802
eta_0.8,455,0.20567518064111612,0.5260938755420785,-1.8358052795454867
eta_0.8,456,0.2537638974393424,0.5771494104197399,-1.7847497446678253
eta_0.8,457,0.2603521756182792,0.5912566499825264,-1.7706425051050387
eta_0.8,458,0.27954064737638173,0.5975763132398271,-1.7643228418477381
eta_0.8,459,0.2615138786375637,0.5275887460390647,-1.8343104090485005
eta_0.8,460,0.2625640718025509,0.538654903677348,-1.8232442514102172
eta_0.8,461,0.23973329625865825,0.5519586894469019,-1.8099404656406635
eta_0.8,462,0.2550716220196931,0.592850062845457,-1.769049092242108
eta_0.8,463,0.2652446950533028,0.5993574043701331,-1.7625417507174321
eta_0.8,464,0.2584531832042195,0.5898381523238235,-1.7720610027637416
eta_0.8,465,0.22837645096375211,0.5792441854033078,-1.7826549696842573
eta_0.8,466,0.27337523659220786,0.566620610883773,-1.7952785442037922
eta_0.8,467,0.2771611743741814,0.6031490317889849,-1.7587501232985803
eta_0.8,468,0.26115945641835253,0.5729356782497931,-1.7889634768377722
eta_0.8,469,0.22951118472328982,0.5234265233173858,-1.8384726317701794
eta_0.8,470,0.25729983753126656,0.5772877285738527,-1.7846114265137125
eta_0.8,471,0.24773851672059993,0.5893762121625328,-1.7725229429250324
eta_0.8,472,0.28467934556807545,0.6438601268775166,-1.7180390282100486
eta_0.8,473,0.23600888594396147,0.577443317324181,-1.7844558377633843
eta_0.8,474,0.3009992079882928,0.6001901653658578,-1.7617089897217073
eta_0.8,475,0.29519468333776433,0.6075584286073488,-1.7543407264802164
eta_0.8,476,0.2574197105811124,0.6485344432295845,-1.7133647118579807
eta_0.8,477,0.23155150034899985,0.5522540686080282,-1.809645086479537
eta_0.8,478,0.22392268920918984,0.5074665687111837,-1.8544325863763815
eta_0.8,479,0.24858959909718908,0.5885106640662894,-1.7733884910212758
eta_0.8,480,0.25299707356543377,0.585144118976274,-1.7767550361112912
eta_0.8,481,0.293143537073846,0.5950862577510863,-1.766812897336479
eta_0.8,482,0.26427197719264073,0.5522182179735264,-1.8096809371140388
eta_0.8,483,0.2688451707501135,0.5731806152561074,-1.7887185398314578
eta_0.8,484,0.26496929560519394,0.5672903338653721,-1.7946088212221931
eta_0.8,485,0.27261317297586457,0.5695986341796166,-1.7923005209079486
eta_0.8,486,0.247692228150299,0.5837134274963007,-1.7781857275912645
eta_0.8,487,0.2374585284681645,0.566002838809758,-1.7958963162778072
eta_0.8,488,0.21413221544073355,0.5439789896928995,-1.8179201653946657
eta_0.8,489,0.2993607195766754,0.6162153565073651,-1.7456837985802
eta_0.8,490,0.2540496172154628,0.5742993323985655,-1.7875998226889998
eta_0.8,491,0.29508882093579514,0.6066529580368091,-1.7552461970507562
eta_0.8,492,0.2589332862024431,0.6084572626206526,-1.7534418924669126
eta_0.8,493,0.2443643194079153,0.513012302774946,-1.8488868523126192
eta_0.8,494,0.2680072374706353,0.5900039476759671,-1.7718952074115981
eta_0.8,495,0.28133274382463563,0.6060067501862426,-1.7558924049013225
eta_0.8,496,0.28343169476407587,0.6428285070160724,-1.7190706480714928
eta_0.8,497,0.280985371026289,0.6072968273321717,-1.7546023277553935
eta_0.8,498,0.25204822370734953,0.5387035037275517,-1.8231956513600136
eta_0.8,499,0.27344238286748357,0.6078797386117518,-1.7540194164758134
eta_0.8,500,0.27306201301991695,0.5747053298667673,-1.787193825220798
eta_0.8,501,0.25047574884995666,0.5965791573983512,-1.765319997689214
eta_0.8,502,0.23495285491630924,0.5418200864258791,-1.8200790686616861
eta_0.8,503,0.2636118683417159,0.5566528937946442,-1.805246261292921
eta_0.8,504,0.2999998980291573,0.5979836665621386,-1.7639154885254267
eta_0.8,505,0.26769517853922625,0.6185494515179604,-1.7433497035696048
eta_0.8,506,0.25413442889328375,0.6076376611485191,-1.7542614939390462
eta_0.8,507,0.26854977492833554,0.5788636264249613,-1.7830355286626038
eta_0.8,508,0.3051567702768363,0.5874702953863374,-1.7744288597012279
eta_0.8,509,0.2541082577070379,0.6292298464653969,-1.7326693086221683
eta_0.8,510,0.28528490139565765,0.5503996306028656,-1.8114995244846996
eta_0.8,511,0.2558451229089702,0.5781226661791726,-1.7837764889083925
eta_0.8,512,0.24529491597307973,0.5964638403275173,-1.765435314760048
eta_0.8,513,0.25989908238783455,0.5088375900533485,-1.8530615650342166
eta_0.8,514,0.2654721324466822,0.5770042553760604,-1.7848948997115048
eta_0.8,515,0.24250091316091757,0.5396239362900241,-1.822275218797541
eta_0.8,516,0.2320068947558644,0.609432386949127,-1.7524667681384383
eta_0.8,517,0.24075893807512905,0.5398096186845749,-1.8220895364029903
eta_0.8,518,0.22082341002299716,0.5410348393894044,-1.8208643156981608
eta_0.8,519,0.24068208526532184,0.6014277115688303,-1.760471443518735
eta_0.8,520,0.30912647792759573,0.562237815364659,-1.7996613397229062
eta_0.8,521,0.2589277432970142,0.6163089076744347,-1.7455902474131304
eta_0.8,522,0.2560079938318381,0.5806932564735214,-1.7812058986140438
eta_0.8,523,0.27449744681175026,0.5928408082482051,-1.7690583468393601
eta_0.8,524,0.2717038856762316,0.5924039367228504,-1.7694952183647148
eta_0.8,525,0.2555005723158239,0.68604401219526,-1.6758551428923052
eta_0.8,526,0.26052040962656764,0.5853306420989293,-1.776568512988636
eta_0.8,527,0.2536697268522734,0.5277841079614751,-1.83411504712609
eta_0.8,528,0.26819081862322625,0.5572686943475523,-1.8046304607400128
eta_0.8,529,0.2698034912476681,0.5549344427902902,-1.806964712297275
eta_0.8,530,0.23967935851229544,0.5781065258937959,-1.7837926291937694
eta_0.8,531,0.2409303853408611,0.5427890719336506,-1.8191100831539146
eta_0.8,532,0.2264118448186347,0.6194574789192262,-1.742441676168339
eta_0.8,533,0.2376709971724012,0.5777275914717405,-1.7841715636158249
eta_0.8,534,0.26374815437732846,0.5333279871414534,-1.8285711679461119
eta_0.8,535,0.2271532940397781,0.5754915575184764,-1.786407597569089
eta_0.8,536,0.2360551932768623,0.5468351010864295,-1.8150640540011356
eta_0.8,537,0.24464090043401854,0.5500607717453896,-1.8118383833421756
eta_0.8,538,0.2990694950448475,0.6215562910837531,-1.740342864003812
eta_0.8,539,0.26007795272849715,0.5700918305924441,-1.7918073244951211
eta_0.8,540,0.2196450934737413,0.5065527988405524,-1.8553463562470127
eta_0.8,541,0.23263808103410843,0.5253439120244069,-1.8365552430631582
eta_0.8,542,0.2508711580364873,0.5865133421320372,-1.775385812955528
eta_0.8,543,0.23942308519512692,0.5746229671286752,-1.78727618795889
eta_0.8,544,0.27421262366314403,0.5440283838844967,-1.8178707712030686
eta_0.8,545,0.26512260748209054,0.6017957788185693,-1.760103376268996
eta_0.8,546,0.25312964934930726,0.5587804372542944,-1.8031187178332708
eta_0.8,547,0.23692829049744635,0.5141311852289923,-1.847767969858573
eta_0.8,548,0.2523274875879912,0.587832243197594,-1.7740669118899712
eta_0.8,549,0.22953668345852787,0.5370858161959334,-1.8248133388916319
eta_0.8,550,0.2441887243969488,0.61079346469349,-1.7511056903940752
eta_0.8,551,0.25218351894321694,0.5738636716333854,-1.7880354834541798
eta_0.8,552,0.23094304820629946,0.6021851003184621,-1.7597140547691033
eta_0.8,553,0.2611939670390415,0.5954376950172205,-1.7664614600703445
eta_0.8,554,0.2462418818281973,0.5829167369076282,-1.778982418179937
eta_0.8,555,0.2748382356236536,0.636122871296182,-1.7257762837913833
eta_0.8,556,0.27235035337427316,0.5412695905702648,-1.8206295645173003
eta_0.8,557,0.30782915317316845,0.6354705399651084,-1.7264286151224568
eta_0.8,558,0.22867587384006055,0.5224022830310358,-1.8394968720565295
eta_0.8,559,0.257398334289904,0.6130524880749795,-1.7488466670125857
eta_0.8,560,0.25532503434072695,0.5741920309815095,-1.7877071241060558
eta_0.8,561,0.2382915771095783,0.5472966540473407,-1.8146025010402245
eta_0.8,562,0.248560526684784,0.5524166785378557,-1.8094824765497095
eta_0.8,563,0.23730254044819715,0.504381637121162,-1.8575175179664032
eta_0.8,564,0.2957732211812797,0.5810353888903228,-1.7808637661972424
eta_0.8,565,0.2351640170338683,0.5476444439041385,-1.8142547111834268
eta_0.8,566,0.22731087012625315,0.5509319893130444,-1.8109671657745208
eta_0.8,567,0.25375791099296235,0.5682835050540934,-1.793615650033472
eta_0.8,568,0.24809776965025565,0.5006693872924338,-1.8612297677951313
eta_0.8,569,0.24821445149430532,0.6258908848122174,-1.7360082702753479
eta_0.8,570,0.26039361190369725,0.5958292834055626,-1.7660698716820025
eta_0.8,571,0.25671941094465833,0.5463374381513891,-1.815561716936176
eta_0.8,572,0.26115468675666115,0.624782498164898,-1.7371166569226673
eta_0.8,573,0.2507022423524838,0.556076814902885,-1.8058223401846802
eta_0.8,574,0.26161470914770385,0.6217555332655558,-1.7401436218220094
eta_0.8,575,0.21716285772016203,0.5313606799420754,-1.8305384751454898
eta_0.8,576,0.25001109030020124,0.581028252564289,-1.7808709025232763
eta_0.8,577,0.24084161224212497,0.568480490704512,-1.7934186643830532
eta_0.8,578,0.26533756715438916,0.6138160216113935,-1.7480831334761717
eta_0.8,579,0.2521109828492947,0.6041296942255742,-1.757769460861991
eta_0.8,580,0.26952460484400403,0.6198873344517942,-1.742011820635771
eta_0.8,581,0.25178487361406793,0.6092340805597927,-1.7526650745277725
eta_0.8,582,0.28277804786783767,0.6399780745676689,-1.7219210805198963
eta_0.8,583,0.28054522961006,0.5297680544054849,-1.8321311006820804
eta_0.8,584,0.251664185437421,0.5352926273145777,-1.8266065277729875
eta_0.8,585,0.257865402034772,0.5590414169017428,-1.8028577381858224
eta_0.8,586,0.24578519891753736,0.5589652815522381,-1.802933873535327
eta_0.8,587,0.23261824428793154,0.4988811771876439,-1.8630179778999212
eta_0.8,588,0.289665373510994,0.5954125681343684,-1.7664865869531967
eta_0.8,589,0.252882936149031,0.5962687844788288,-1.7656303706087364
eta_0.8,590,0.24325274498873217,0.5494070506729865,-1.8124921044145788
eta_0.8,591,0.23723409222731157,0.5323277609678041,-1.829571394119761
eta_0.8,592,0.24699773535879035,0.5550920548380658,-1.8068071002494994
eta_0.8,593,0.2645921918871057,0.561490846862664,-1.8004083082249012
eta_0.8,594,0.27730680464537305,0.6062165639787095,-1.7556825911088558
eta_0.8,595,0.2413313366592759,0.5104901791694357,-1.8514089759181296
eta_0.8,596,0.2832762618365136,0.5552913020842172,-1.806607853003348
eta_0.8,597,0.24486639080903996,0.56639766073338,-1.7955014943541852
eta_0.8,598,0.2713117529765837,0.544065455386476,-1.8178336997010893
eta_0.8,599,0.2742312583286174,0.582009600217227,-1.7798895548703382
eta_0.8,600,0.25588169507208536,0.5275037474183031,-1.8343954076692621
eta_0.8,601,0.27365744315018004,0.615909015757006,-1.7459901393305592
eta_0.8,602,0.23960319650245285,0.5528494304467029,-1.8090497246408623
eta_0.8,603,0.24237671510155118,0.578009814400801,-1.7838893406867642
eta_0.8,604,0.2501619145484978,0.5427725109753108,-1.8191266441122544
eta_0.8,605,0.2936603957107736,0.5720274214240808,-1.7898717336634844
eta_0.8,606,0.2909247883078814,0.6078685864625053,-1.75403056862506
eta_0.8,607,0.24128621672490574,0.5371213101685479,-1.8247778449190173
eta_0.8,608,0.2330441317465882,0.5670828145697828,-1.7948163405177824
eta_0.8,609,0.2488456145286167,0.588438801775372,-1.7734603533121933
eta_0.8,610,0.24112222593647342,0.5414606475635118,-1.8204385075240535
eta_0.8,611,0.2637270254174393,0.5148689670347304,-1.8470301880528348
eta_0.8,612,0.29080386083483656,0.5392530385210381,-1.822646116566527
eta_0.8,613,0.23151484392052268,0.4955639278603472,-1.866335227227218
eta_0.8,614,0.27248258116048013,0.5591171776023542,-1.802781977485211
eta_0.8,615,0.2433068003435731,0.5552582938701696,-1.8066408612173956
eta_0.8,616,0.23558405793100579,0.5578628739869762,-1.804036281100589
eta_0.8,617,0.24182970677166207,0.5520348647822213,-1.809864290305344
eta_0.8,618,0.2931972417664943,0.569675264334389,-1.7922238907531762
eta_0.8,619,0.25666403311076796,0.5552852284085192,-1.806613926679046
eta_0.8,620,0.26066136482235636,0.5818504576793737,-1.7800486974081915
eta_0.8,621,0.2975871912089292,0.617002040800225,-1.7448971142873402
eta_0.8,622,0.2813395582912361,0.6124511542052167,-1.7494480008823485
eta_0.8,623,0.2649005784486287,0.5868311078044959,-1.7750680472830693
eta_0.8,624,0.24099354235467446,0.5290835864976511,-1.8328155685899141
eta_0.8,625,0.2381463960211847,0.538759877019698,-1.8231392780678672
eta_0.8,626,0.2392505816140711,0.570328838964669,-1.7915703161228962
eta_0.8,627,0.2774634728838154,0.5946925806747346,-1.7672065744128305
eta_0.8,628,0.25162505548219216,0.49705017164672255,-1.8648489834408426
eta_0.8,629,0.23130284207503327,0.585335922931928,-1.7765632321556373
eta_0.8,630,0.28200863867890064,0.5926054053740548,-1.7692937497135104
eta_0.8,631,0.2677752962584095,0.6336845287119336,-1.7282146263756317
eta_0.8,632,0.27400474306056005,0.6228369264686769,-1.7390622286188884
eta_0.8,633,0.24631748798555675,0.5641773487783371,-1.797721806309228
eta_0.8,634,0.27092879640799095,0.5988136716302372,-1.763085483457328
eta_0.8,635,0.2888735703610983,0.6336033774299191,-1.728295777657646
eta_0.8,636,0.2935106519743618,0.6000235518378818,-1.7618756032496834
eta_0.8,637,0.2740515867806704,0.5703454514591304,-1.7915537036284348
eta_0.8,638,0.24448899100133373,0.5665526581062292,-1.795346496981336
eta_0.8,639,0.25904045267637155,0.5873967252280022,-1.774502429859563
eta_0.8,640,0.22606459780995553,0.5941448853254354,-1.7677542697621298
eta_0.8,641,0.26012975398574056,0.6521252384398426,-1.7097739166477226
eta_0.8,642,0.29714028787837343,0.5907269624507118,-1.7711721926368535
eta_0.8,643,0.2539340723959122,0.5274087138613244,-1.8344904412262408
eta_0.8,644,0.30946242200868584,0.5309251362857095,-1.8309740188018557
eta_0.8,645,0.2229562729329081,0.5501019882608723,-1.8117971668266928
eta_0.8,646,0.2842859752270538,0.631201082447522,-1.7306980726400432
eta_0.8,647,0.2459564990662838,0.5335179389599465,-1.8283812161276187
eta_0.8,648,0.25683164743232006,0.5534112308262753,-1.80848792426129
eta_0.8,649,0.2796556365981859,0.5376736345408148,-1.8242255205467504
eta_0.8,650,0.2606723745289199,0.609787075570241,-1.7521120795173242
eta_0.8,651,0.22166338848746314,0.5693379442634698,-1.7925612108240954
eta_0.8,652,0.28049223943932644,0.5635225521034711,-1.798376602984094
eta_0.8,653,0.26037905693339863,0.5872314565669183,-1.7746676985206469
eta_0.8,654,0.25906560553875874,0.516180437149976,-1.8457187179375891
eta_0.8,655,0.24761028613876318,0.5332947421291734,-1.8286044129583918
eta_0.8,656,0.27108683514518117,0.5772275294798676,-1.7846716256076975
eta_0.8,657,0.28223522009249047,0.5668814768146602,-1.795017678272905
eta_0.8,658,0.26370348239876307,0.5402766629052884,-1.8216224921822768
eta_0.8,659,0.2488833455577295,0.6210710319765073,-1.7408281231110578
eta_0.8,660,0.24990932175273864,0.5875779235529003,-1.7743212315346648
eta_0.8,661,0.2579962942446019,0.5439082594213571,-1.817990895666208
eta_0.8,662,0.24475767480123803,0.5642946847102075,-1.7976044703773577
eta_0.8,663,0.2864854016097272,0.6335194297360759,-1.7283797253514894
eta_0.8,664,0.24075484382530735,0.5593557684386341,-1.802543386648931
eta_0.8,665,0.23833580541925248,0.5516151877012185,-1.8102839673863467
eta_0.8,666,0.2545693651852594,0.5601324326602872,-1.801766722427278
eta_0.8,667,0.23581449239024393,0.557519100908495,-1.8043800541790702
eta_0.8,668,0.22495914340003445,0.5595700892698261,-1.802329065817739
eta_0.8,669,0.2621363800802902,0.5565823088979462,-1.805316846189619
eta_0.8,670,0.24508551663909556,0.6233673486436003,-1.738531806443965
eta_0.8,671,0.2643963260805225,0.5951049491735866,-1.7667942059139787
eta_0.8,672,0.25808459190483785,0.5953710020666186,-1.7665281530209467
eta_0.8,673,0.2363660574379238,0.5967796400800143,-1.765119515007551
eta_0.8,674,0.26444880244227675,0.6066931913310505,-1.7552059637565147
eta_0.8,675,0.24547461570023407,0.618752726492797,-1.7431464285947682
eta_0.8,676,0.25720675066510484,0.5927288372684232,-1.769170317819142
eta_0.8,677,0.31447517515075146,0.6375287018613045,-1.7243704532262607
eta_0.8,678,0.31409863528034127,0.604970583771425,-1.7569285713161402
eta_0.8,679,0.24049548927631184,0.5972265055841197,-1.7646726495034455
eta_0.8,680,0.2320776057451482,0.5520022718713499,-1.8098968832162154
eta_0.8,681,0.25774880821755863,0.5431527169061046,-1.8187464381814606
eta_0.8,682,0.2598326662875236,0.5509196314507943,-1.810979523636771
eta_0.8,683,0.27458655802535925,0.5912097064264139,-1.7706894486611513
eta_0.8,684,0.24781909861754503,0.5564779149835748,-1.8054212401039904
eta_0.8,685,0.26303679474540154,0.5573772186560638,-1.8045219364315015
eta_0.8,686,0.2914795211328298,0.5921002204638677,-1.7697989346236975
eta_0.8,687,0.24857430931792718,0.593997365241584,-1.7679017898459812
eta_0.8,688,0.2447608013253969,0.5739207691283991,-1.7879783859591662
eta_0.8,689,0.2539437296672177,0.5884466670866968,-1.7734524880008684
eta_0.8,690,0.28963267764151646,0.6092231664043062,-1.752675988683259
eta_0.8,691,0.23158790275585261,0.5305155631820098,-1.8313835919055554
eta_0.8,692,0.27009476767399876,0.7077830324759187,-1.6541161226116465
eta_0.8,693,0.2283583742872505,0.5698112323414697,-1.7920879227460955
eta_0.8,694,0.26403401620373534,0.5804429405793157,-1.7814562145082495
eta_0.8,695,0.27814068293417693,0.5724748666694721,-1.789424288418093
eta_0.8,696,0.2704373902189377,0.5860744675914749,-1.7758246874960903
eta_0.8,697,0.2431324783996628,0.562712590753974,-1.7991865643335911
eta_0.8,698,0.24472770611838618,0.5986344048054963,-1.7632647502820689
eta_0.8,699,0.2390032703051597,0.5748452214213073,-1.7870539336662579
eta_0.8,700,0.2510638243214122,0.5631123312448203,-1.798786823842745
eta_0.8,701,0.26137118422189376,0.5332609223726044,-1.8286382327149608
eta_0.8,702,0.2579047113572108,0.5304421751743983,-1.8314569799131668
eta_0.8,703,0.23448797743551497,0.5754248199341216,-1.7864743351534436
eta_0.8,704,0.26690095244569517,0.5660779706981989,-1.7958211843893663
eta_0.8,705,0.2668300758567023,0.6015249338932989,-1.7603742211942663
eta_0.8,706,0.2872056983229383,0.6397394173924684,-1.7221597376950968
eta_0.8,707,0.2584883169683588,0.5620744376205691,-1.7998247174669961
eta_0.8,708,0.2682146971038433,0.5698275286736644,-1.7920716264139007
eta_0.8,709,0.24963134516455,0.5799167622877096,-1.7819823927998555
eta_0.8,710,0.2682212398923971,0.6075415298316822,-1.754357625255883
eta_0.8,711,0.2592882189141831,0.6012370841795222,-1.760662070908043
eta_0.8,712,0.2535019560822505,0.6332846399560037,-1.7286145151315615
eta_0.8,713,0.25252022008955555,0.5322771182028773,-1.8296220368846878
eta_0.8,714,0.2695407871092272,0.5865255458246817,-1.7753736092628833
eta_0.8,715,0.2466409839249446,0.6170671301668558,-1.7448320249207094
eta_0.8,716,0.23002797038453032,0.5508225627374818,-1.8110765923500836
eta_0.8,717,0.24614541526769335,0.5938023351558158,-1.7680968199317495
eta_0.8,718,0.26134831024056526,0.5563773293424057,-1.8055218257451595
eta_0.8,719,0.272992027203844,0.5485012125052173,-1.8133979425823479
eta_0.8,720,0.27801169912128615,0.5807783425864019,-1.7811208125011633
eta_0.8,721,0.2525300706096312,0.5361612368192806,-1.8257379182682847
eta_0.8,722,0.25444963294768375,0.5750604942248574,-1.7868386608627078
eta_0.8,723,0.2818881878188062,0.6211231313175666,-1.7407760237699987
eta_0.8,724,0.2449707242291394,0.5566457587075464,-1.8052533963800188
eta_0.8,725,0.23692449672427923,0.5249982376216628,-1.8369009174659023
eta_0.8,726,0.2592142417713453,0.6935630350935318,-1.6683361199940334
eta_0.8,727,0.2526351192912112,0.5186806894490873,-1.8432184656384778
eta_0.8,728,0.24420786827720833,0.5777292752578682,-1.784169879829697
eta_0.8,729,0.27433708391130895,0.5720096778494999,-1.7898894772380654
eta_0.8,730,0.257622844216423,0.547651417726353,-1.8142477373612123
eta_0.8,731,0.2798819783649653,0.5373397450364003,-1.8245594100511648
eta_0.8,732,0.31165360265453623,0.6347809298133066,-1.7271182252742587
eta_0.8,733,0.27289660386968184,0.5927549649068992,-1.7691441901806662
eta_0.8,734,0.25160817788086565,0.501557525534944,-1.8603416295526212
eta_0.8,735,0.26627282505852096,0.5985466108189068,-1.7633525442686584
eta_0.8,736,0.28104412151486824,0.6020640653186204,-1.7598350897689448
eta_0.8,737,0.2715871183828804,0.616961637423513,-1.7449375176640523
eta_0.8,738,0.26721625369691204,0.5724865457590007,-1.7894126093285645
eta_0.8,739,0.24281129610414756,0.5559597449488816,-1.8059394101386836
eta_0.8,740,0.2820208631325884,0.5637257078026107,-1.7981734472849547
eta_0.8,741,0.22882887781043135,0.5585025350581261,-1.8033966200294391
eta_0.8,742,0.2756732491668462,0.5863415577373818,-1.7755575973501834
eta_0.8,743,0.24297516988665277,0.5093134942300439,-1.8525856608575213
eta_0.8,744,0.2551731813453383,0.557188105784439,-1.8047110493031262
eta_0.8,745,0.27861487356528714,0.6083701496820563,-1.7535290054055088
eta_0.8,746,0.2761624970744971,0.5910207756359319,-1.7708783794516334
eta_0.8,747,0.2534106780129976,0.5993070387105108,-1.7625921163770544
eta_0.8,748,0.2443476715650941,0.5816185065403561,-1.7802806485472091
eta_0.8,749,0.24210778573742575,0.5700309233694156,-1.7918682317181496
eta_0.8,750,0.2937142594959067,0.5689252413583115,-1.7929739137292537
eta_0.8,751,0.235870310969706,0.5138050912803009,-1.8480940638072643
eta_0.8,752,0.22151602689471056,0.5057661376311412,-1.8561330174564241
eta_0.8,753,0.24845317267129505,0.5534723727011495,-1.8084267823864157
eta_0.8,754,0.2511959169752077,0.5565842804003049,-1.8053148746872603
eta_0.8,755,0.24662576475754738,0.5533082096521917,-1.8085909454353735
eta_0.8,756,0.24705461869589998,0.5680113981806432,-1.793887756906922
eta_0.8,757,0.24554542481699249,0.556219282987293,-1.8056798721002723
eta_0.8,758,0.23165441073154464,0.5740189135815708,-1.7878802415059944
eta_0.8,759,0.2525755227995179,0.5917415826046946,-1.7701575724828706
eta_0.8,760,0.22629530662027034,0.5429633402731606,-1.8189358148144046
eta_0.8,761,0.27870106629302915,0.5818260053044293,-1.780073149783136
eta_0.8,762,0.2504970906861238,0.5337289499482434,-1.8281702051393218
eta_0.8,763,0.2612006106761955,0.5461970340317613,-1.815702121055804
eta_0.8,764,0.23334701895823223,0.5282068148206498,-1.8336923402669154
eta_0.8,765,0.29145996231289445,0.5939601170502384,-1.7679390380373268
eta_0.8,766,0.24851064083779462,0.5793594361935511,-1.782539718894014
eta_0.8,767,0.2893065197427012,0.5783411109241177,-1.7835580441634475
eta_0.8,768,0.26751443022189064,0.6016419656935293,-1.7602571893940357
eta_0.8,769,0.2914796684051585,0.5566782801288197,-1.8052208749587455
eta_0.8,770,0.22253528757309785,0.5507089433558029,-1.8111902117317622
eta_0.8,771,0.31947430285548534,0.5799827351985816,-1.7819164198889836
eta_0.8,772,0.25638203880860894,0.558866290845311,-1.8030328642422542
eta_0.8,773,0.2825465552257198,0.5676714960297293,-1.7942276590578359
eta_0.8,774,0.28134714000486777,0.5875925135359086,-1.7743066415516566
eta_0.8,775,0.252634919339083,0.5766054690625262,-1.785293686025039
eta_0.8,776,0.269242345740334,0.5759236043371685,-1.7859755507503967
eta_0.8,777,0.23313575243037488,0.5015810008339282,-1.860318154253637
eta_0.8,778,0.2671937149527891,0.5219688276896115,-1.8399303273979537
eta_0.8,779,0.2712459306135222,0.5870307126320697,-1.7748684424554955
eta_0.8,780,0.25821227112436324,0.5647680190897244,-1.7971311359978408
eta_0.8,781,0.24573165001493852,0.5833539675855636,-1.7785451875020017
eta_0.8,782,0.2581947421985301,0.6105973945058396,-1.7513017605817256
eta_0.8,783,0.31066298341582876,0.5724965535585234,-1.7894026015290418
eta_0.8,784,0.2772083977384883,0.6083979609732634,-1.753501194114302
eta_0.8,785,0.2535849383658422,0.5814125983176432,-1.780486556769922
eta_0.8,786,0.2646748660909937,0.5873140323806483,-1.774585122706917
eta_0.8,787,0.2524038676833372,0.5170557104447042,-1.844843444642861
eta_0.8,788,0.2594416236643269,0.6038989756461363,-1.7580001794414288
eta_0.8,789,0.25282129170590734,0.5979557074647502,-1.763943447622815
eta_0.8,790,0.24921515173948658,0.5615684486973439,-1.8003307063902212
eta_0.8,791,0.257249428667775,0.5824628847441748,-1.7794362703433904
eta_0.8,792,0.2596770338850422,0.5990155147003883,-1.762883640387177
eta_0.8,793,0.24397270043836528,0.6059282749825348,-1.7559708801050304
eta_0.8,794,0.2902962958128294,0.6425877368768211,-1.719311418210744
eta_0.8,795,0.2457091731570734,0.5450058387185961,-1.8168933163689691
eta_0.8,796,0.26748981959756557,0.5705805936267686,-1.7913185614607965
eta_0.8,797,0.2825668500323173,0.5520907952205251,-1.80980835986704
eta_0.8,798,0.2516542921861682,0.5824858809975233,-1.779413274090042
eta_0.8,799,0.2535039495857189,0.566788825496708,-1.7951103295908573
eta_0.8,800,0.2649350958391548,0.5903628611183775,-1.7715362939691877
eta_0.8,801,0.28265894451396756,0.5836827622120161,-1.778216392875549
eta_0.8,802,0.2809700976889375,0.6354215093575252,-1.7264776457300401
eta_0.8,803,0.2655176537174092,0.5673022138851616,-1.7945969412024037
eta_0.8,804,0.22134857245278908,0.5692260902723494,-1.7926730648152158
eta_0.8,805,0.2738015104770645,0.5671079852892368,-1.7947911697983283
eta_0.8,806,0.23007640795372808,0.6181297791407414,-1.7437693759468238
eta_0.8,807,0.3020397246381089,0.6132580064712951,-1.74864114861627
eta_0.8,808,0.22794351184169365,0.48804384229096126,-1.873855312796604
eta_0.8,809,0.2606086933369706,0.5949680880547964,-1.7669310670327687
eta_0.8,810,0.2706169238863587,0.5416355281474401,-1.8202636269401251
eta_0.8,811,0.24922173754533467,0.4948241117247177,-1.8670750433628476
eta_0.8,812,0.29358592294640856,0.5487890941515653,-1.8131100609359998
eta_0.8,813,0.24819936825369143,0.5783506084592859,-1.7835485466282792
eta_0.8,814,0.23812809626366657,0.5670037263161601,-1.794895428771405
eta_0.8,815,0.25825063925744707,0.6075023715788872,-1.754396783508678
eta_0.8,816,0.3166305553714187,0.6707344226391199,-1.6911647324484453
eta_0.8,817,0.24105863616710674,0.5247226141657049,-1.8371765409218603
eta_0.8,818,0.2581288370631748,0.5488061238645197,-1.8130930312230455
eta_0.8,819,0.2611547345743992,0.5662932830848131,-1.7956058720027521
eta_0.8,820,0.26459539070616933,0.6167475214086984,-1.7451516336788668
eta_0.8,821,0.2665462102991421,0.5608361509565201,-1.8010630041310451
eta_0.8,822,0.2561877541276233,0.5436862374365133,-1.818212917651052
eta_0.8,823,0.23776300187761684,0.581511641829565,-1.7803875132580003
eta_0.8,824,0.2623527785286509,0.5320526603074488,-1.8298464947801163
eta_0.8,825,0.23572102282797594,0.5405834049189809,-1.8213157501685844
eta_0.8,826,0.2766129589250219,0.5176692585379965,-1.8442298965495687
eta_0.8,827,0.26410833291317487,0.5709999956150447,-1.7908991594725205
eta_0.8,828,0.23141804029100588,0.5162521074094205,-1.8456470476781446
eta_0.8,829,0.3111102566060615,0.6078374435125513,-1.754061711575014
eta_0.8,830,0.24456114530905917,0.5453890471370947,-1.8165101079504704
eta_0.8,831,0.24295161417480307,0.6077281644201129,-1.7541709906674523
eta_0.8,832,0.31124761423904435,0.6174176634728468,-1.7444814916147184
eta_0.8,833,0.251744961995789,0.5335659507362898,-1.8283332043512754
eta_0.8,834,0.2384501064329772,0.5511754839944956,-1.8107236710930696
eta_0.8,835,0.2590797414931881,0.6375644226237984,-1.7243347324637668
eta_0.8,836,0.34274839515934735,0.6806646694078332,-1.6812344856797319
eta_0.8,837,0.24440893398779634,0.5288442973851164,-1.8330548577024488
eta_0.8,838,0.2176849299678638,0.5360115248609651,-1.8258876302266
eta_0.8,839,0.2542264025511927,0.5762889153091197,-1.7856102397784455
eta_0.8,840,0.2734606253352,0.59394496373892,-1.7679541913486452
eta_0.8,841,0.25947617491766084,0.5295470221861378,-1.8323521329014274
eta_0.8,842,0.26023515000430275,0.5424554845400248,-1.8194436705475403
eta_0.8,843,0.2612368022297484,0.6130209057874088,-1.7488782493001565
eta_0.8,844,0.2560165204525161,0.6348564899578766,-1.7270426651296886
eta_0.8,845,0.25336605343917723,0.609163078683588,-1.7527360764039772
eta_0.8,846,0.21533247334047434,0.5226547201308996,-1.8392444349566657
eta_0.8,847,0.2733632797332264,0.5836910078351795,-1.7782081472523856
eta_0.8,848,0.31242595583047567,0.6315351557743603,-1.730363999313205
eta_0.8,849,0.24669500000758554,0.5666775030001154,-1.7952216520874498
eta_0.8,850,0.22284795697196813,0.5680321409680366,-1.7938670141195288
eta_0.8,851,0.2817989220459379,0.6199070383588992,-1.741992116728666
eta_0.8,852,0.25527063320806065,0.537236764459641,-1.8246623906279242
eta_0.8,853,0.29839630986169946,0.5867661368009556,-1.7751330182866096
eta_0.8,854,0.2838157116363864,0.5971661403844529,-1.7647330147031122
eta_0.8,855,0.2608223207245379,0.5409439615409148,-1.8209551935466504
eta_0.8,856,0.2509843191112324,0.6009252909402882,-1.760973864147277
eta_0.8,857,0.23094658166552912,0.5468535093948719,-1.8150456456926933
eta_0.8,858,0.26093032255751014,0.5671664126131505,-1.7947327424744146
eta_0.8,859,0.23015266364951775,0.5710484345169229,-1.7908507205706423
eta_0.8,860,0.2566259591595266,0.6204893401471174,-1.7414098149404478
eta_0.8,861,0.2352837501137309,0.5881152008621873,-1.773783954225378
eta_0.8,862,0.228120723556606,0.5786534657124714,-1.7832456893750939
eta_0.8,863,0.24439175584219264,0.5631691374778597,-1.7987300176097056
eta_0.8,864,0.2378480548457979,0.5732436784522978,-1.7886554766352674
eta_0.8,865,0.239066421976296,0.5387957506542911,-1.8231034044332741
eta_0.8,866,0.24953995204644003,0.6301671331016137,-1.7317320219859516
eta_0.8,867,0.2624002570100721,0.5809204004936419,-1.7809787545939233
eta_0.8,868,0.34348911179638675,0.5825347529630082,-1.779364402124557
eta_0.8,869,0.2964783444089931,0.5744269288933025,-1.7874722261942626
eta_0.8,870,0.2930409420064569,0.5962700579416025,-1.7656290971459627
eta_0.8,871,0.2754889855105245,0.6126698175438106,-1.7492293375437546
eta_0.8,872,0.27283243702347093,0.5447742985587407,-1.8171248565288245
eta_0.8,873,0.2640103014245408,0.5932922210052128,-1.7686069340823525
eta_0.8,874,0.22939066282203674,0.5337100474777955,-1.8281891076097696
eta_0.8,875,0.2789760409108941,0.5938305124023118,-1.7680686426852534
eta_0.8,876,0.23839590725084847,0.5093426207724034,-1.8525565343151618
eta_0.8,877,0.24886011713879777,0.5921048730880878,-1.7697942819994774
eta_0.8,878,0.2434907406644043,0.5605016164979826,-1.8013975385895826
eta_0.8,879,0.2762567701435767,0.5636042686779577,-1.7982948864096076
eta_0.8,880,0.2636978778749445,0.5652228937046619,-1.7966762613829033
eta_0.8,881,0.2691685575869919,0.6063968776086837,-1.7555022774788815
eta_0.8,882,0.28542183928787085,0.5760113480029383,-1.785887807084627
eta_0.8,883,0.2605963891903016,0.6037105127345896,-1.7581886423529756
eta_0.8,884,0.27344653509405076,0.5729930663582568,-1.7889060887293085
eta_0.8,885,0.2793441512200139,0.5775370166123087,-1.7843621384752564
eta_0.8,886,0.2506745939485897,0.5447440534382756,-1.8171551016492895
eta_0.8,887,0.29035342487566485,0.5660075023637298,-1.7958916527238356
eta_0.8,888,0.2396451484593087,0.5666294714976259,-1.7952696835899393
eta_0.8,889,0.2627658774758716,0.6129714871763902,-1.748927667911175
eta_0.8,890,0.23856336436353673,0.5983766029107729,-1.7635225521767923
eta_0.8,891,0.307733185659525,0.6159310539532685,-1.7459681011342967
eta_0.8,892,0.26309513980804294,0.5781703748577214,-1.7837287802298438
eta_0.8,893,0.22659007721020522,0.5230187606460024,-1.8388803944415628
eta_0.8,894,0.25008299199830475,0.5977099800491654,-1.7641891750383998
eta_0.8,895,0.2464312281600452,0.5734702709157374,-1.7884288841718279
eta_0.8,896,0.27184320388102595,0.5541680099043964,-1.8077311451831688
eta_0.8,897,0.264014109140965,0.5939653677436938,-1.7679337873438714
eta_0.8,898,0.22863836942066879,0.5662903760721926,-1.7956087790153727
eta_0.8,899,0.23908412004894963,0.6521225602950664,-1.7097765947924988
eta_0.8,900,0.25920136910343017,0.5599126847133435,-1.8019864703742217
eta_0.8,901,0.2511253778678064,0.6191955740557179,-1.7427035810318472
eta_0.8,902,0.2716627604617744,0.6357088598147651,-1.7261902952728
eta_0.8,903,0.2695376028180576,0.6511474103076196,-1.7107517447799456
eta_0.8,904,0.3008093866198359,0.5805812968164608,-1.7813178582711044
eta_0.8,905,0.2510893192505091,0.5583210906736001,-1.8035780644139652
eta_0.8,906,0.31195705682340835,0.6632471176549015,-1.6986520374326637
eta_0.8,907,0.24141416600308258,0.5610462428128993,-1.800852912274666
eta_0.8,908,0.2625940590993146,0.5593829721051914,-1.802516182982374
eta_0.8,909,0.2863581719435895,0.5965415671271422,-1.7653575879604229
eta_0.8,910,0.24422204168045514,0.5602982550344369,-1.8016009000531283
eta_0.8,911,0.2455852657836803,0.6045427536692668,-1.7573564014182983
eta_0.8,912,0.2387047426221363,0.5801367258883793,-1.781762429199186
eta_0.8,913,0.2397312010160726,0.5440217276712662,-1.817877427416299
eta_0.8,914,0.23597295149093162,0.5743388986071314,-1.7875602564804338
eta_0.8,915,0.26916141343042144,0.5598286775010529,-1.8020704775865122
eta_0.8,916,0.2338014597777604,0.5476898550858541,-1.814209300001711
eta_0.8,917,0.22912169816568045,0.6129523039394958,-1.7489468511480695
eta_0.8,918,0.2529406895861068,0.5463487738072336,-1.8155503812803317
eta_0.8,919,0.26723065599230156,0.584099606629193,-1.7777995484583722
eta_0.8,920,0.22925935795770785,0.5830061315515793,-1.7788930235359859
eta_0.8,921,0.2799197797348262,0.599717421931367,-1.7621817331561982
eta_0.8,922,0.2588453973620976,0.5970203080537697,-1.7648788470337955
eta_0.8,923,0.27759112142038267,0.6248701284326574,-1.7370290266549078
eta_0.8,924,0.2538138540322983,0.6530930133546688,-1.7088061417328964
eta_0.8,925,0.27676198843187705,0.5983956225660503,-1.763503532521515
eta_0.8,926,0.27808755245545,0.5937656102271904,-1.7681335448603748
eta_0.8,927,0.31532926154869567,0.6179249374003715,-1.7439742176871937
eta_0.8,928,0.2622476361823652,0.6491220609550838,-1.7127770941324814
eta_0.8,929,0.22799502120097107,0.5697998312809944,-1.7920993238065708
eta_0.8,930,0.2798233032227864,0.577581405738825,-1.78431774934874
eta_0.8,931,0.2872251218460442,0.6095983392546497,-1.7523008158329154
eta_0.8,932,0.25614971319024793,0.5499499332078676,-1.8119492218796975
eta_0.8,933,0.286991628602435,0.6322360719177481,-1.7296630831698172
eta_0.8,934,0.2804199454009396,0.576171219073097,-1.7857279360144682
eta_0.8,935,0.2542758252242119,0.6052765958832856,-1.7566225592042795
eta_0.8,936,0.2753899455556852,0.532563714500464,-1.8293354405871012
eta_0.8,937,0.24166804045448975,0.5669474608118146,-1.7949516942757506
eta_0.8,938,0.25143888952648996,0.5359797694738507,-1.8259193856137146
eta_0.8,939,0.259510654965004,0.5578090940669711,-1.804090061020594
eta_0.8,940,0.27582487667824074,0.6071126172528021,-1.7547865378347631
eta_0.8,941,0.2398041568870064,0.6131064138212118,-1.7487927412663535
eta_0.8,942,0.2929648705366904,0.6126748748740525,-1.7492242802135127
eta_0.8,943,0.24515086581526918,0.6073354787058226,-1.7545636763817427
eta_0.8,944,0.25340881774981583,0.5301210798728605,-1.8317780752147046
eta_0.8,945,0.26040320073586853,0.6930441675239097,-1.6688549875636554
eta_0.8,946,0.288909590814738,0.5289080648521807,-1.8329910902353845
eta_0.8,947,0.2632582889925642,0.5867656560578918,-1.7751334990296734
eta_0.8,948,0.2731721827482315,0.5728338227029697,-1.7890653323845955
eta_0.8,949,0.2604040393251762,0.5649655115139908,-1.7969336435735745
eta_0.8,950,0.26973910329251144,0.5941045794643309,-1.7677945756232343
eta_0.8,951,0.2560392503723321,0.6145912492545924,-1.7473079058329728
eta_0.8,952,0.27629620115944686,0.6527235376605727,-1.7091756174269925
eta_0.8,953,0.2796075687004076,0.5755529971353905,-1.7863461579521747
eta_0.8,954,0.2684759636673464,0.5397049339539414,-1.822194221133624
eta_0.8,955,0.21778421540762846,0.5274778600226581,-1.834421295064907
eta_0.8,956,0.3137923872498942,0.6308042842620244,-1.7310948708255407
eta_0.8,957,0.29527542542234897,0.6289533126484963,-1.732945842439069
eta_0.8,958,0.2535153155156469,0.538930350171229,-1.8229688049163362
eta_0.8,959,0.2520499432879709,0.5738963523758887,-1.7880028027116766
eta_0.8,960,0.2724450821531579,0.6109988210292445,-1.7509003340583207
eta_0.8,961,0.2524407071872267,0.5931713178746292,-1.768727837212936
eta_0.8,962,0.28246090325139644,0.5665260450240241,-1.795373110063541
eta_0.8,963,0.26099073659138455,0.5836127830861432,-1.7782863720014221
eta_0.8,964,0.25843955077288616,0.5184437757188094,-1.8434553793687558
eta_0.8,965,0.269424668328623,0.5857557532048091,-1.7761434018827562
eta_0.8,966,0.2629654752724003,0.6400378578306927,-1.7218612972568725
eta_0.8,967,0.2843038166233685,0.5263356408544845,-1.8355635142330806
eta_0.8,968,0.2914541226090121,0.6122527227105377,-1.7496464323770275
eta_0.8,969,0.24851881731111047,0.6121878214154135,-1.7497113336721517
eta_0.8,970,0.2425067095529636,0.5595081600666927,-1.8023909950208725
eta_0.8,971,0.2351606728356651,0.5445641901014862,-1.817334964986079
eta_0.8,972,0.23855971228912404,0.5707335675772572,-1.7911655875103079
eta_0.8,973,0.29041462150551006,0.6338781932739957,-1.7280209618135696
eta_0.8,974,0.22225869470559712,0.5598162537900465,-1.8020829012975188
eta_0.8,975,0.2674108313059941,0.6050457476990843,-1.756853407388481
eta_0.8,976,0.2923269692669486,0.632415091474313,-1.7294840636132522
eta_0.8,977,0.2323699750294521,0.5622994110264266,-1.7995997440611387
eta_0.8,978,0.2569411273622778,0.5412685649230962,-1.820630590164469
eta_0.8,979,0.2771095267722134,0.5488606417242918,-1.8130385133632734
eta_0.8,980,0.30057196464496927,0.5653967680470267,-1.7965023870405386
eta_0.8,981,0.3116182773301783,0.5919467563164795,-1.7699523987710857
eta_0.8,982,0.2766121373246403,0.638197062033131,-1.7237020930544342
eta_0.8,983,0.26810404417905065,0.5382781137084136,-1.8236210413791516
eta_0.8,984,0.2682460161285184,0.634394999153634,-1.7275041559339313
eta_0.8,985,0.27406824471204233,0.5373774765920055,-1.8245216784955596
eta_0.8,986,0.24694081710068944,0.5701966735657866,-1.7917024815217786
eta_0.8,987,0.24649126956553685,0.6649921596567098,-1.6969069954308553
eta_0.8,988,0.27338154562835093,0.6198192431377204,-1.742079911949845
eta_0.8,989,0.2537083645722321,0.4993058799074903,-1.862593275180075
eta_0.8,990,0.23730755598105405,0.5460411032542132,-1.815858051833352
eta_0.8,991,0.23854483967382617,0.5820062085630098,-1.7798929465245554
eta_0.8,992,0.2768700529448289,0.627866834448743,-1.7340323206388222
eta_0.8,993,0.2839336192892513,0.5980951425799769,-1.7638040125075882
eta_0.8,994,0.22953886538583312,0.5688903218309453,-1.7930088332566199
eta_0.8,995,0.26157845720720185,0.5609750183316633,-1.800924136755902
eta_0.8,996,0.2703148373127767,0.6210349212211164,-1.7408642338664488
eta_0.8,997,0.2540743258207581,0.5805091839360608,-1.7813899711515044
eta_0.8,998,0.2658971455100342,0.5738370737340884,-1.7880620813534769
eta_0.8,999,0.2470997880886447,0.5308927572995535,-1.8310063977880118
eta_0.8,1000,0.24438488853202475,0.5145829384200246,-1.8473162166675405
eta_0.8,1001,0.250786458148792,0.5914671144681833,-1.7704320406193819
eta_0.8,1002,0.24937027853752433,0.5777448573880973,-1.7841542976994678
eta_0.8,1003,0.22346909450636532,0.5462767470662979,-1.8156224080212673
eta_0.8,1004,0.2405240178720503,0.5101389289229469,-1.8517602261646182
eta_0.8,1005,0.24327833351540548,0.5448184831534093,-1.817080671934156
eta_0.8,1006,0.2606589989006542,0.5944930059583253,-1.7674061491292399
eta_0.8,1007,0.2655825040528145,0.6465162075652932,-1.7153829475222722
eta_0.8,1008,0.26768171233139415,0.524028983227759,-1.837870171859806
eta_0.8,1009,0.2747923186113856,0.5369551085889238,-1.8249440464986413
eta_0.8,1010,0.26793385251278107,0.5861629224623743,-1.7757362326251909
eta_0.8,1011,0.26392798631617315,0.6137459176445107,-1.7481532374430544
eta_0.8,1012,0.24546404501421284,0.516121273631619,-1.8457778814559462
eta_0.8,1013,0.2609447402041026,0.5580254710253625,-1.8038736840622027
eta_0.8,1014,0.21852735597602985,0.529476006983234,-1.8324231481043312
eta_0.8,1015,0.2738281378181393,0.5737117245638595,-1.7881874305237058
eta_0.8,1016,0.2324290856319299,0.5521239028440095,-1.8097752522435557
eta_0.8,1017,0.2518127589962686,0.5471741702091921,-1.814724984878373
eta_0.8,1018,0.24025980933170651,0.5507208772842862,-1.811178277803279
eta_0.8,1019,0.27615609522615353,0.54543913377751,-1.8164600213100552
eta_0.8,1020,0.2608383196253182,0.5866011748289284,-1.7752979802586368
eta_0.8,1021,0.26526205711109424,0.615856622399032,-1.7460425326885332
eta_0.8,1022,0.28613397717145084,0.5532783604966987,-1.8086207945908666
eta_0.8,1023,0.2495721159311593,0.5438044702508368,-1.8180946848367285
eta_0.8,1024,0.22962756363183706,0.5240909858099079,-1.8378081692776573
eta_0.8,1025,0.2495428986048156,0.589858192668972,-1.7720409624185933
eta_0.8,1026,0.2452568160920592,0.6035911120607584,-1.7583080430268068
eta_0.8,1027,0.26283823821263325,0.5867384223604913,-1.7751607327270738
eta_0.8,1028,0.25452117589410345,0.5862877002499935,-1.7756114548375717
eta_0.8,1029,0.28796105073114975,0.5458039219462788,-1.8160952331412865
eta_0.8,1030,0.27184068561543495,0.6398509503054115,-1.7220482047821537
eta_0.8,1031,0.28267898667072344,0.5868847851914321,-1.7750143698961331
eta_0.8,1032,0.22803628816056393,0.5126508485495335,-1.8492483065380316
eta_0.8,1033,0.2507216579861081,0.5651654213544961,-1.796733733733069
eta_0.8,1034,0.25115921903199334,0.6561333233842822,-1.705765831703283
eta_0.8,1035,0.26408512115464833,0.5814112951300913,-1.780487859957474
eta_0.8,1036,0.2578298142968799,0.5455366351076,-1.8163625199799651
eta_0.8,1037,0.2654573635050301,0.587481599990839,-1.774417555096726
eta_0.8,1038,0.2916974452864151,0.5904499807831018,-1.7714491743044634
eta_0.8,1039,0.24161207785883201,0.5858310846555392,-1.776068070432026
eta_0.8,1040,0.27171408684349924,0.576377478525806,-1.7855216765617592
eta_0.8,1041,0.26313579928339736,0.6388852092279294,-1.7230139458596359
eta_0.8,1042,0.2594102391446642,0.593845272173843,-1.7680538829137222
eta_0.8,1043,0.2809581084309644,0.650074926220555,-1.7118242288670102
eta_0.8,1044,0.27869171371257206,0.5950978730723897,-1.7668012820151755
eta_0.8,1045,0.2726860087798866,0.5370599690899837,-1.8248391859975817
eta_0.8,1046,0.23926302749240907,0.5848388652710346,-1.7770602898165306
eta_0.8,1047,0.2518922909312497,0.5711625484902421,-1.7907366065973231
eta_0.8,1048,0.26634154725081877,0.5447131570359254,-1.8171859980516398
eta_0.8,1049,0.30090382491738493,0.6166228296719608,-1.7452763254156043
eta_0.8,1050,0.26614411330926685,0.574708537481894,-1.7871906176056713
eta_0.8,1051,0.25532543200244606,0.6298071691308229,-1.7320919859567423
eta_0.8,1052,0.27638947705532374,0.5813126649657419,-1.7805864901218234
eta_0.8,1053,0.24339252829651384,0.587475839963684,-1.7744233151238813
eta_0.8,1054,0.2793435985860424,0.5323447177922728,-1.8295544372952923
eta_0.8,1055,0.27408625531614544,0.5703993410170951,-1.79149981407047
eta_0.8,1056,0.2360076994855775,0.5466414104690025,-1.8152577446185627
eta_0.8,1057,0.2471246581744018,0.5874393668807583,-1.774459788206807
eta_0.8,1058,0.25760714722546196,0.5690759636555884,-1.7928231914319768
eta_0.8,1059,0.22607893775022384,0.5353938014559049,-1.8265053536316604
eta_0.8,1060,0.2720252496202351,0.5610708868863166,-1.8008282682012486
eta_0.8,1061,0.27324510664889656,0.6117480720181887,-1.7501510830693765
eta_0.8,1062,0.2567171916071975,0.5601142384084916,-1.8017849166790736
eta_0.8,1063,0.24026450759007448,0.5322359603233753,-1.82966319476419
eta_0.8,1064,0.2699129739217627,0.5896004311078371,-1.772298723979728
eta_0.8,1065,0.24627606128043494,0.5536456559032399,-1.8082534991843253
eta_0.8,1066,0.2516151218694113,0.6339118208961572,-1.727987334191408
eta_0.8,1067,0.26761868678419365,0.6078440286994637,-1.7540551263881015
eta_0.8,1068,0.22462955386307976,0.5444092301593606,-1.8174899249282046
eta_0.8,1069,0.2948832959836955,0.6149110887239277,-1.7469880663636375
eta_0.8,1070,0.2587131175775236,0.5955346323895725,-1.7663645226979927
eta_0.8,1071,0.2923724614825375,0.5664636155228866,-1.7954355395646786
eta_0.8,1072,0.23496705364751352,0.5857335348169104,-1.7761656202706548
eta_0.8,1073,0.27378891707028175,0.5768381026239162,-1.785061052463649
eta_0.8,1074,0.25948643045003117,0.6021791650602963,-1.7597199900272689
eta_0.8,1075,0.263129939737411,0.5382028251048585,-1.8236963299827067
eta_0.8,1076,0.2773709042174112,0.5900365979737536,-1.7718625571138116
eta_0.8,1077,0.27543835128546745,0.6055360062353059,-1.7563631488522593
eta_0.8,1078,0.2442871236061731,0.5856805609252215,-1.7762185941623438
eta_0.8,1079,0.2182432115429273,0.5073502038807747,-1.8545489512067905
eta_0.8,1080,0.262168364345661,0.5068607399924208,-1.8550384150951444
eta_0.8,1081,0.24368355983430812,0.5738140470949675,-1.7880851079925977
eta_0.8,1082,0.2318637291393134,0.5830587803722012,-1.778840374715364
eta_0.8,1083,0.2625685728840723,0.5853138870033033,-1.7765852680842618
eta_0.8,1084,0.24535138861252442,0.5853984203998599,-1.7765007346877053
eta_0.8,1085,0.2769971549899852,0.6005775083247344,-1.7613216467628308
eta_0.8,1086,0.23203900513900927,0.6053661767866281,-1.7565329783009371
eta_0.8,1087,0.2563217453737404,0.6156408814088439,-1.7462582736787213
eta_0.8,1088,0.2484594100643788,0.6370536474575413,-1.724845507630024
eta_0.8,1089,0.23777622328819673,0.561907916766879,-1.7999912383206862
eta_0.8,1090,0.25021957814557305,0.5533845262113732,-1.808514628876192
eta_0.8,1091,0.24192998486089315,0.5549761078486094,-1.8069230472389557
eta_0.8,1092,0.2415692021768873,0.6185916097016451,-1.7433075453859201
eta_0.8,1093,0.23264278686487422,0.5606628503329317,-1.8012363047546334
eta_0.8,1094,0.2531757898858221,0.6081687776016266,-1.7537303774859385
eta_0.8,1095,0.2683986836119154,0.640192839126984,-1.7217063159605812
eta_0.8,1096,0.27917915468803584,0.5410964002285089,-1.8208027548590562
eta_0.8,1097,0.2679353450403721,0.6325641701758868,-1.7293349849116784
eta_0.8,1098,0.2903612424227397,0.6792151170694629,-1.6826840380181023
eta_0.8,1099,0.2767886650339939,0.5623418182441964,-1.7995573368433688
eta_0.8,1100,0.28451803238653,0.5756195611957814,-1.7862795938917837
eta_0.8,1101,0.2859911574708045,0.5619346517835933,-1.799964503303972
eta_0.8,1102,0.2531610055465858,0.5569101666718252,-1.80498898841574
eta_0.8,1103,0.2378498047476268,0.5569689945591232,-1.804930160528442
eta_0.8,1104,0.22410653554337023,0.5650301427499134,-1.7968690123376518
eta_0.8,1105,0.2370891664533648,0.5612000213156286,-1.8006991337719365
eta_0.8,1106,0.26368989803179477,0.6168514765218219,-1.7450476785657432
eta_0.8,1107,0.26128624821723617,0.5804618899860646,-1.7814372651015007
eta_0.8,1108,0.25750936373759115,0.6054334363502094,-1.7564657187373558
eta_0.8,1109,0.25375562184133627,0.5731734669449788,-1.7887256881425864
eta_0.8,1110,0.30582491550874435,0.6590468523318369,-1.7028523027557283
eta_0.8,1111,0.24405213178743812,0.5970376408649682,-1.764861514222597
eta_0.8,1112,0.2519336463547476,0.6012333884255424,-1.7606657666620227
eta_0.8,1113,0.2582405414777077,0.6283403010833644,-1.7335588540042008
eta_0.8,1114,0.25565478235529215,0.5585993221703611,-1.803299832917204
eta_0.8,1115,0.2708853493656376,0.611514343491925,-1.7503848115956402
eta_0.8,1116,0.269886441357733,0.6819808726138799,-1.6799182824736854
eta_0.8,1117,0.23721361051183681,0.5394616465350188,-1.8224375085525464
eta_0.8,1118,0.2951549699987128,0.5614142922290759,-1.8004848628584893
eta_0.8,1119,0.2717292671439149,0.5741016738646285,-1.7877974812229367
eta_0.8,1120,0.30511576355846104,0.7155145653183259,-1.6463845897692393
eta_0.8,1121,0.2509112640629863,0.5205138510007299,-1.8413853040868353
eta_0.8,1122,0.301054292401148,0.5813013721225873,-1.780597782964978
eta_0.8,1123,0.2247970888168441,0.5007879432576031,-1.8611112118299622
eta_0.8,1124,0.23968600134850157,0.5298689814927569,-1.8320301735948084
eta_0.8,1125,0.24384315177335442,0.5836266335221474,-1.7782725215654178
eta_0.8,1126,0.2938659299972716,0.7523354779227791,-1.609563677164786
eta_0.8,1127,0.27839324265575266,0.5770582215436615,-1.7848409335439037
eta_0.8,1128,0.251440150745908,0.49272923602403446,-1.8691699190635307
eta_0.8,1129,0.27428848214442236,0.6500390429110705,-1.7118601121764947
eta_0.8,1130,0.25125158407763654,0.5705536707925984,-1.7913454842949668
eta_0.8,1131,0.25018709870523276,0.566807622697006,-1.7950915323905592
eta_0.8,1132,0.2864783405996037,0.6230459933032471,-1.7388531617843181
eta_0.8,1133,0.23604404040263088,0.5863339534135749,-1.7755652016739902
eta_0.8,1134,0.23610450230572183,0.5483097620020903,-1.813589393085475
eta_0.8,1135,0.28115689707948455,0.5759941205242148,-1.7859050345633505
eta_0.8,1136,0.25420238441661175,0.6119004997232547,-1.7499986553643105
eta_0.8,1137,0.2503697267846675,0.5801792620659123,-1.781719893021653
eta_0.8,1138,0.25533831120930117,0.5574206349312878,-1.8044785201562774
eta_0.8,1139,0.23803933899180857,0.5711807547984707,-1.7907184002890943
eta_0.8,1140,0.2830012763236387,0.5731040910401022,-1.788795064047463
eta_0.8,1141,0.26400100661335735,0.5785219146495724,-1.7833772404379928
eta_0.8,1142,0.29015102716604874,0.6521829041913982,-1.709716250896167
eta_0.8,1143,0.24750914481928993,0.5670429243844471,-1.7948562307031182
eta_0.8,1144,0.2349100251041072,0.5605215763951268,-1.8013775786924384
eta_0.8,1145,0.2538950177162128,0.5743618184761435,-1.7875373366114218
eta_0.8,1146,0.23096149213494196,0.5623020329826365,-1.7995971221049287
eta_0.8,1147,0.24244708988048927,0.6063503155390138,-1.7555488395485515
eta_0.8,1148,0.2644149851465442,0.581951043678387,-1.7799481114091782
eta_0.8,1149,0.2855116265298365,0.5883100882869959,-1.7735890668005694
eta_0.8,1150,0.26340093356070615,0.5400858577087888,-1.8218132973787764
eta_0.8,1151,0.2231150202954294,0.5530537070471064,-1.8088454480404588
eta_0.8,1152,0.2847723269163817,0.5526150678432444,-1.8092840872443208
eta_0.8,1153,0.2645921322587007,0.5774598805902376,-1.7844392744973276
eta_0.8,1154,0.23943820423882436,0.5676989294083113,-1.794200225679254
eta_0.8,1155,0.28112874676499855,0.5637452772763145,-1.7981538778112507
eta_0.8,1156,0.22275353293735817,0.5661810518609715,-1.7957181032265939
eta_0.8,1157,0.23465545278211578,0.5491109404415078,-1.8127882146460574
eta_0.8,1158,0.2757157792957012,0.5916571465082362,-1.770242008579329
eta_0.8,1159,0.26417578514804557,0.534397640356626,-1.8275015147309392
eta_0.8,1160,0.23693816498318584,0.5730675345726665,-1.7888316205148986
eta_0.8,1161,0.2857954740979275,0.5550453779056885,-1.8068537771818767
eta_0.8,1162,0.27398656570710234,0.5785744801824413,-1.783324674905124
eta_0.8,1163,0.24262658065587872,0.5748055775266784,-1.7870935775608867
eta_0.8,1164,0.2441516730838829,0.5588356795251982,-1.8030634755623671
eta_0.8,1165,0.27054222916678317,0.5678670870966318,-1.7940320679909334
eta_0.8,1166,0.25414427950287355,0.5473387032483065,-1.8145604518392586
eta_0.8,1167,0.23572154398753076,0.5770762269477148,-1.7848229281398504
eta_0.8,1168,0.3053943981252195,0.594557346502159,-1.7673418085854062
eta_0.8,1169,0.2633955323540317,0.5649192151103597,-1.7969799399772055
eta_0.8,1170,0.2473545919885465,0.5313806227378064,-1.8305185323497588
eta_0.8,1171,0.2616675378200619,0.5907671597915573,-1.7711319952960078
eta_0.8,1172,0.2769437573889787,0.6217024472391393,-1.740196707848426
eta_0.8,1173,0.2571749210248222,0.5287992267673473,-1.8330999283202178
eta_0.8,1174,0.2464535168223725,0.5659445442693283,-1.795954610818237
eta_0.8,1175,0.2498766860411621,0.6108511013518432,-1.751048053735722
eta_0.8,1176,0.28094023053440365,0.5994896125552256,-1.7624095425323396
eta_0.8,1177,0.2428849911222008,0.5693712278283943,-1.792527927259171
eta_0.8,1178,0.2400669300609707,0.5497287548423301,-1.8121704002452352
eta_0.8,1179,0.2635883591971064,0.5974072916570551,-1.7644918634305102
eta_0.8,1180,0.2531246731248923,0.5799530954189178,-1.7819460596686474
eta_0.8,1181,0.23820728581550418,0.5844755253054261,-1.777423629782139
eta_0.8,1182,0.3120849571401273,0.6399393899333468,-1.7219597651542184
eta_0.8,1183,0.27906602682781656,0.5360874684736802,-1.8258116866138852
eta_0.8,1184,0.2967313797115954,0.6005632975158519,-1.7613358575717133
eta_0.8,1185,0.2666534259698175,0.5896366267611466,-1.7722625283264186
eta_0.8,1186,0.2777863970129887,0.5464920390630137,-1.8154071160245515
eta_0.8,1187,0.24558758140472095,0.5920956384198452,-1.76980351666772
eta_0.8,1188,0.299747174852786,0.6197051340915174,-1.7421940209960478
eta_0.8,1189,0.26132407018483167,0.6238087361417548,-1.7380904189458104
eta_0.8,1190,0.2804638487479535,0.5681405903600413,-1.7937585647275238
eta_0.8,1191,0.2670609547239834,0.5825890572960949,-1.7793100977914702
eta_0.8,1192,0.2682367660629864,0.5309710621540129,-1.8309280929335523
eta_0.8,1193,0.2390355444416198,0.5981654740260705,-1.7637336810614948
eta_0.8,1194,0.2547082613865699,0.530832827488021,-1.8310663275995442
eta_0.8,1195,0.2697102134720689,0.5799426746258493,-1.7819564804617158
eta_0.8,1196,0.2258184541298557,0.5736363851787079,-1.7882627699088574
eta_0.8,1197,0.25355906022687297,0.5707695007899589,-1.7911296542976063
eta_0.8,1198,0.252969786901074,0.5906773652427946,-1.7712217898447706
eta_0.8,1199,0.250690012024518,0.5131959130694714,-1.8487032420180938
eta_0.8,1200,0.2588649032836597,0.6336378516320216,-1.7282613034555436
eta_0.8,1201,0.26721414621493655,0.5898724038289913,-1.772026751258574
eta_0.8,1202,0.2802683472062317,0.5885527878365497,-1.7733463672510155
eta_0.8,1203,0.28649158040227307,0.6087294175640701,-1.7531697375234951
eta_0.8,1204,0.24656309885028463,0.5734708975784877,-1.7884282575090775
eta_0.8,1205,0.23593268533159906,0.6037348474199513,-1.758164307667614
eta_0.8,1206,0.25417473920122813,0.5621863122377727,-1.7997128428497926
eta_0.8,1207,0.25852862100556667,0.5933708153962425,-1.7685283396913227
eta_0.8,1208,0.2520710590705074,0.520040270090308,-1.8418588849972573
eta_0.8,1209,0.29692712962240686,0.6091024024582956,-1.7527967526292696
eta_0.8,1210,0.2591281015315816,0.5929731021388853,-1.7689260529486799
eta_0.8,1211,0.254173969729988,0.5653022411916229,-1.7965969138959423
eta_0.8,1212,0.26489981293837933,0.6071984172155113,-1.7547007378720538
eta_0.8,1213,0.23632028727193874,0.5752286378649274,-1.7866705172226378
eta_0.8,1214,0.30246707309911147,0.5886191442235944,-1.7732800108639708
eta_0.8,1215,0.26474602802767466,0.6038584400777891,-1.758040715009776
eta_0.8,1216,0.2745950882939221,0.615214130909428,-1.746685024178137
eta_0.8,1217,0.3351346293911147,0.5927792424011955,-1.7691199126863697
eta_0.8,1218,0.24356720283381764,0.5531697507362188,-1.8087294043513464
eta_0.8,1219,0.24670047938344272,0.5312385406184665,-1.8306606144690987
eta_0.8,1220,0.25753169489395766,0.6093438718425157,-1.7525552832450495
eta_0.8,1221,0.2897347798436815,0.5909717860387596,-1.7709273690488057
eta_0.8,1222,0.24235869087353784,0.5723056622882567,-1.7895934927993085
eta_0.8,1223,0.2737699186122946,0.5585098178609322,-1.803389337226633
eta_0.8,1224,0.23605255702539196,0.5694272898456185,-1.7924718652419467
eta_0.8,1225,0.26721573811093147,0.6177963219846649,-1.7441028331029003
eta_0.8,1226,0.2558584618425707,0.5563429577109468,-1.8055561973766183
eta_0.8,1227,0.2885720316722866,0.5371619498067615,-1.8247372052808037
eta_0.8,1228,0.23960414809387898,0.5899804781883466,-1.7719186768992186
eta_0.8,1229,0.24126193937811785,0.5724327269016517,-1.7894664281859134
eta_0.8,1230,0.2776883871338915,0.5732722049374965,-1.7886269501500687
eta_0.8,1231,0.2775433763487761,0.6123469297668926,-1.7495522253206726
eta_0.8,1232,0.25313484622589205,0.5593426600054296,-1.8025564950821356
eta_0.8,1233,0.2597575766726716,0.5611903735031176,-1.8007087815844476
eta_0.8,1234,0.24020262993238176,0.5822233951759592,-1.779675759911606
eta_0.8,1235,0.2551636458229205,0.6002990864226321,-1.7616000686649331
eta_0.8,1236,0.261254432374771,0.6011874006348106,-1.7607117544527546
eta_0.8,1237,0.25870277427045524,0.5822525806640071,-1.7796465744235581
eta_0.8,1238,0.24093735627384621,0.5779171246874619,-1.7839820304001033
eta_0.8,1239,0.2191606614139583,0.511509782480961,-1.850389372606604
eta_0.8,1240,0.26096990645066387,0.5571403028739736,-1.8047588522135916
eta_0.8,1241,0.24682280982621768,0.5768935509099278,-1.7850056041776374
eta_0.8,1242,0.2454127428736365,0.5943507908862948,-1.7675483642012704
eta_0.8,1243,0.2554969256505675,0.5698796557926109,-1.7920194992949543
eta_0.8,1244,0.27183855775471266,0.650271436437192,-1.7116277186503732
eta_0.8,1245,0.21404227378528323,0.5751350448216022,-1.786764110265963
eta_0.8,1246,0.2170606787786515,0.5555147245954651,-1.8063844304921002
eta_0.8,1247,0.25134770547745244,0.5647406558442711,-1.797158499243294
eta_0.8,1248,0.23853789709322626,0.5012656465118781,-1.860633508575687
eta_0.8,1249,0.24814895995983638,0.5054234394019954,-1.8564757156855698
eta_0.8,1250,0.23830743112049538,0.5490426541104683,-1.812856500977097
eta_0.8,1251,0.26353757906307884,0.5746273441541394,-1.7872718109334258
eta_0.8,1252,0.2960307157163187,0.6512920294153712,-1.710607125672194
eta_0.8,1253,0.2593925520883848,0.5228075241505861,-1.8390916309369791
eta_0.8,1254,0.2469245687904709,0.5595103739269437,-1.8023887811606216
eta_0.8,1255,0.2317703775388492,0.5277317138616981,-1.834167441225867
eta_0.8,1256,0.26907879467503865,0.5825592073829062,-1.779339947704659
eta_0.8,1257,0.24579530981584555,0.5356407972240167,-1.8262583578635485
eta_0.8,1258,0.31205270247777983,0.5530873744256346,-1.8088117806619306
eta_0.8,1259,0.24614352902543785,0.5353557000199856,-1.8265434550675796
eta_0.8,1260,0.28408450111565076,0.6059185344742956,-1.7559806206132698
eta_0.8,1261,0.26248735450255656,0.6645829013679807,-1.6973162537195845
eta_0.8,1262,0.23679850848085152,0.5307189246783854,-1.8311802304091798
eta_0.8,1263,0.2956596185030251,0.5789383987300558,-1.7829607563575094
eta_0.8,1264,0.24893243997904074,0.5677953283763314,-1.794103826711234
eta_0.8,1265,0.27811881732800564,0.6238095987080068,-1.7380895563795584
eta_0.8,1266,0.263596364652068,0.544471273961997,-1.8174278811255682
eta_0.8,1267,0.23219003462137952,0.5382138346258037,-1.8236853204617613
eta_0.8,1268,0.24785460292505695,0.6075364513979467,-1.7543627036896186
eta_0.8,1269,0.25795250801021374,0.5011177013347424,-1.8607814537528227
eta_0.8,1270,0.25177397514478794,0.5469222000280649,-1.8149769550595003
eta_0.8,1271,0.2470697356439785,0.5180959722788022,-1.843803182808763
eta_0.8,1272,0.2593193993357965,0.5439113407928087,-1.8179878142947565
eta_0.8,1273,0.2882369613689496,0.5978231847856103,-1.7640759703019548
eta_0.8,1274,0.28326778242218376,0.6169331962498863,-1.744965958837679
eta_0.8,1275,0.2719268737975491,0.5870455880298988,-1.7748535670576664
eta_0.8,1276,0.23904875534342984,0.6123201814793768,-1.7495789736081884
eta_0.8,1277,0.2584646261994156,0.5465459706307333,-1.815353184456832
eta_0.8,1278,0.230080581364516,0.5380032745451423,-1.8238958805424228
eta_0.8,1279,0.2560711462001367,0.5923279903430401,-1.7695711647445251
eta_0.8,1280,0.2560191062813106,0.6337272007551131,-1.728171954332452
eta_0.8,1281,0.2630915856207184,0.5606546242654857,-1.8012445308220795
eta_0.8,1282,0.2511414529909178,0.5715533865707743,-1.790345768516791
eta_0.8,1283,0.25143934917718813,0.5377256233202156,-1.8241735317673498
eta_0.8,1284,0.2512207695308697,0.5826369982902837,-1.7792621567972815
eta_0.8,1285,0.2827950051321443,0.5890721402459727,-1.7728270148415926
eta_0.8,1286,0.23890105396298272,0.5917191590919082,-1.770179995995657
eta_0.8,1287,0.2275968863230115,0.538018290942547,-1.8238808641450182
eta_0.8,1288,0.27035284524642555,0.5569109278246718,-1.8049882272628934
eta_0.8,1289,0.24546912438901816,0.5602313753248236,-1.8016677797627416
eta_0.8,1290,0.2563847019815629,0.6196876497180428,-1.7422115053695224
eta_0.8,1291,0.2643337710673569,0.5893118338595569,-1.7725873212280083
eta_0.8,1292,0.27046585035947723,0.5439649893443572,-1.817934165743208
eta_0.8,1293,0.2594377911158763,0.5710007519306167,-1.7908984031569486
eta_0.8,1294,0.2549254779551729,0.5362971984110856,-1.8256019566764796
eta_0.8,1295,0.2410154863554933,0.5903160477608669,-1.7715831073266983
eta_0.8,1296,0.24890641061907523,0.5873934517820357,-1.7745057033055294
eta_0.8,1297,0.24381531589484515,0.5863246013602499,-1.7755745537273153
eta_0.8,1298,0.28091190278237477,0.6281441188240704,-1.7337550362634948
eta_0.8,1299,0.3174515163898328,0.5946070248135076,-1.7672921302740576
eta_0.8,1300,0.23247351760193447,0.5479785604676447,-1.8139205946199204
eta_0.8,1301,0.25525369911130436,0.5799745626219273,-1.781924592465638
eta_0.8,1302,0.26629746971225576,0.5257640516784616,-1.8361351034091036
eta_0.8,1303,0.2583779242774785,0.6867879081002775,-1.6751112469872877
eta_0.8,1304,0.2954681466536862,0.639898503449695,-1.7220006516378703
eta_0.8,1305,0.24218346965916376,0.5246532938016233,-1.837245861285942
eta_0.8,1306,0.24191274735467372,0.512016954066683,-1.8498822010208822
eta_0.8,1307,0.24162631261891993,0.5189899473537325,-1.8429092077338327
eta_0.8,1308,0.29019965852300167,0.6179364182813076,-1.7439627368062576
eta_0.8,1309,0.22046480805211982,0.5459300013586316,-1.8159691537289335
eta_0.8,1310,0.26717910032270475,0.5710779688501579,-1.7908211862374073
eta_0.8,1311,0.22227685634503713,0.5279517071890761,-1.8339474478984892
eta_0.8,1312,0.2578312167926494,0.5480758240695524,-1.8138233310180127
eta_0.8,1313,0.2713429194264727,0.6328332793815408,-1.7290658757060244
eta_0.8,1314,0.2379191439972332,0.567902208804236,-1.7939969462833292
eta_0.8,1315,0.2500215264535278,0.5864799402309897,-1.7754192148565755
eta_0.8,1316,0.2764989570283352,0.5821179878376778,-1.7797811672498876
eta_0.8,1317,0.28737451976773837,0.5738303071258906,-1.7880688479616746
eta_0.8,1318,0.25580755555096363,0.5309836280979194,-1.8309155269896458
eta_0.8,1319,0.2786655519546859,0.5563504815485001,-1.8055486735390651
eta_0.8,1320,0.24563422128768034,0.5599365764240167,-1.8019625786635485
eta_0.8,1321,0.26129948537256426,0.5233700447131536,-1.8385291103744117
eta_0.8,1322,0.29702350853680326,0.6060191375565857,-1.7558800175309797
eta_0.8,1323,0.27203659224583376,0.5937174183885767,-1.7681817366989885
eta_0.8,1324,0.2489097203680639,0.5485606697261164,-1.8133384853614487
eta_0.8,1325,0.24817866102390637,0.5705112220165727,-1.7913879330709925
eta_0.8,1326,0.23438488722680015,0.548953819265601,-1.812945335821964
eta_0.8,1327,0.2724954486779534,0.5278923014701988,-1.8340068536173664
eta_0.8,1328,0.2478055869043188,0.592352893985647,-1.7695462611019181
eta_0.8,1329,0.2196277295147501,0.58657445974057,-1.7753246953469952
eta_0.8,1330,0.26749696849426213,0.5662057358414239,-1.7956934192461413
eta_0.8,1331,0.24146668531783622,0.5742029555344151,-1.78769619955315
eta_0.8,1332,0.2857870042364907,0.6564804152092039,-1.7054187398783613
eta_0.8,1333,0.2447481785777729,0.5312070364656021,-1.8306921186219631
eta_0.8,1334,0.2373328113912807,0.5267220332973304,-1.8351771217902348
eta_0.8,1335,0.24879650392702252,0.5676859817434359,-1.7942131733441293
eta_0.8,1336,0.27376961765437424,0.5716236027404475,-1.7902755523471177
eta_0.8,1337,0.28755057353782165,0.6098400983008179,-1.7520590567867473
eta_0.8,1338,0.2581755543363399,0.5836189094443189,-1.7782802456432463
eta_0.8,1339,0.245810458498904,0.5975508329011403,-1.764348322186425
eta_0.8,1340,0.22082345634327535,0.5393603258685375,-1.8225388292190277
eta_0.8,1341,0.2656096044901435,0.5595318451747899,-1.8023673099127753
eta_0.8,1342,0.24709415398027124,0.6347591332177334,-1.7271400218698318
eta_0.8,1343,0.26332927713163157,0.5814058928971166,-1.7804932621904486
eta_0.8,1344,0.2612880047848807,0.5339208235729254,-1.8279783315146398
eta_0.8,1345,0.28853644858347294,0.5972635921445999,-1.7646355629429653
eta_0.8,1346,0.3039004916000546,0.6996903231112701,-1.662208831976295
eta_0.8,1347,0.2885243459831873,0.5700725506121929,-1.7918266044753723
eta_0.8,1348,0.27593238134698805,0.5911503701445832,-1.770748784942982
eta_0.8,1349,0.24575915515104185,0.5923077625754709,-1.7695913925120943
eta_0.8,1350,0.29617166092992037,0.5572618171229596,-1.8046373379646057
eta_0.8,1351,0.2862378229315741,0.5816866591650899,-1.7802124959224752
eta_0.8,1352,0.29841522450088226,0.5464609164821694,-1.8154382386053958
eta_0.8,1353,0.2820938182120636,0.6544133985674123,-1.7074857565201529
eta_0.8,1354,0.24670130979164012,0.5769861369308483,-1.784913018156717
eta_0.8,1355,0.27056512224287504,0.6069943484624745,-1.7549048066250907
eta_0.8,1356,0.2859080803418951,0.5651759612256195,-1.7967231938619457
eta_0.8,1357,0.25608185686206697,0.5959105868373146,-1.7659885682502505
eta_0.8,1358,0.303846779301444,0.5909203161061547,-1.7709788389814105
eta_0.8,1359,0.2661536718392089,0.5249132492887232,-1.836985905798842
eta_0.8,1360,0.2670798093875972,0.6053337797225249,-1.7565653753650403
eta_0.8,1361,0.2609366619568502,0.5929493064347396,-1.7689498486528255
eta_0.8,1362,0.27887218993270624,0.606740248902413,-1.7551589061851522
eta_0.8,1363,0.2864367621414705,0.5956853874477283,-1.766213767639837
eta_0.8,1364,0.24972853453217955,0.556179226443744,-1.8057199286438212
eta_0.8,1365,0.24280123555797933,0.5917090791787708,-1.7701900759087943
eta_0.8,1366,0.2631185649990171,0.6236209420390768,-1.7382782130484884
eta_0.8,1367,0.258134061516416,0.606834180143824,-1.7550649749437413
eta_0.8,1368,0.2590842036704215,0.5738518681814282,-1.788047286906137
eta_0.8,1369,0.2506503888474121,0.5919482727594949,-1.7699508823280703
eta_0.8,1370,0.2828154297351311,0.5676011476143266,-1.7942980074732386
eta_0.8,1371,0.2881912215264353,0.6075855106915913,-1.754313644395974
eta_0.8,1372,0.2708759071395991,0.5829535436908097,-1.7789456113967557
eta_0.8,1373,0.26640642146018984,0.5324676575796383,-1.8294314975079269
eta_0.8,1374,0.28452053435411656,0.5724803318595195,-1.7894188232280457
eta_0.8,1375,0.2670057295291744,0.625040319032462,-1.7368588360551032
eta_0.8,1376,0.25500715828657894,0.574700255213621,-1.7871988998739443
eta_0.8,1377,0.2837695696386535,0.5975448119381523,-1.7643543431494129
eta_0.8,1378,0.27258273443975994,0.616078532654353,-1.7458206224332122
eta_0.8,1379,0.2526189730392207,0.5459469976860014,-1.8159521574015638
eta_0.8,1380,0.24261264715774233,0.6124823212346989,-1.7494168338528664
eta_0.8,1381,0.2549647174170652,0.6001279840680539,-1.7617711710195114
eta_0.8,1382,0.2480335214122935,0.5797492187477862,-1.782149936339779
eta_0.8,1383,0.24975758605781925,0.6398927651342994,-1.7220063899532658
eta_0.8,1384,0.24062315666392878,0.5265030279716957,-1.8353961271158696
eta_0.8,1385,0.24213550395330122,0.5614453788525255,-1.8004537762350397
eta_0.8,1386,0.2606070629821259,0.5424172470031261,-1.819481908084439
eta_0.8,1387,0.24861663680888646,0.5522223819194179,-1.8096767731681473
eta_0.8,1388,0.27121533297391,0.5530926832123317,-1.8088064718752335
eta_0.8,1389,0.2318451139704943,0.5926146905473456,-1.7692844645402195
eta_0.8,1390,0.27810373832282687,0.5812724237649913,-1.7806267313225739
eta_0.8,1391,0.26145887262268364,0.5237843461790374,-1.8381148089085277
eta_0.8,1392,0.24947710564064968,0.5426453972109615,-1.8192537578766037
eta_0.8,1393,0.2349541014291437,0.5752054230216761,-1.786693732065889
eta_0.8,1394,0.2714595782450844,0.6164912970334568,-1.7454078580541084
eta_0.8,1395,0.23177745513049638,0.5305549179801946,-1.8313442371073707
eta_0.8,1396,0.2576178700547125,0.5805271176484472,-1.781372037439118
eta_0.8,1397,0.26132418929035545,0.5748349423434022,-1.7870642127441632
eta_0.8,1398,0.26267738495623005,0.5759573321002778,-1.7859418229872874
eta_0.8,1399,0.2868027830223792,0.638208203526212,-1.7236909515613532
eta_0.8,1400,0.24358436122178956,0.6042648752442075,-1.7576342798433577
eta_0.8,1401,0.281412040965793,0.5719535927319903,-1.789945562355575
eta_0.8,1402,0.25724814604782564,0.5575734358901314,-1.8043257191974338
eta_0.8,1403,0.24265895843307003,0.5636532880930134,-1.7982458669945518
eta_0.8,1404,0.2689462475114186,0.5758345150214821,-1.7860646400660831
eta_0.8,1405,0.24468661597652164,0.5580307737613197,-1.8038683813262455
eta_0.8,1406,0.24779482464752528,0.5862398804524327,-1.7756592746351325
eta_0.8,1407,0.23788692295421582,0.5699802090221865,-1.7919189460653788
eta_0.8,1408,0.25733190341312395,0.6367973311141754,-1.72510182397339
eta_0.8,1409,0.25103100828448577,0.5580631355882024,-1.8038360194993628
eta_0.8,1410,0.25014052081231664,0.5566574255447831,-1.805241729542782
eta_0.8,1411,0.2223076459983167,0.5712955665399418,-1.7906035885476235
eta_0.8,1412,0.25044703919993494,0.5203472794682955,-1.8415518756192697
eta_0.8,1413,0.2502267078323829,0.529821308518469,-1.8320778465690961
eta_0.8,1414,0.2864762343954498,0.5710512541496802,-1.790847900937885
eta_0.8,1415,0.2423135582006773,0.5779126238793547,-1.7839865312082104
eta_0.8,1416,0.24576566591517102,0.5492994110489884,-1.8125997440385768
eta_0.8,1417,0.2575878552360983,0.6604243190474732,-1.701474836040092
eta_0.8,1418,0.2829911254566184,0.576145282616625,-1.78575387247094
eta_0.8,1419,0.23236689772837876,0.5798966946671641,-1.7820024604204012
eta_0.8,1420,0.2462410262682126,0.5700429578556894,-1.7918561972318758
eta_0.8,1421,0.2586130793810796,0.584274686448689,-1.7776244686388762
eta_0.8,1422,0.2637442455875685,0.5904220287882775,-1.7714771262992877
eta_0.8,1423,0.25901653887903386,0.5423321179245936,-1.8195670371629715
eta_0.8,1424,0.25182591956418765,0.5773360935449301,-1.784563061542635
eta_0.8,1425,0.26011657624032275,0.619918679016047,-1.741980476071518
eta_0.8,1426,0.2576911526558188,0.5477908335140773,-1.814108321573488
eta_0.8,1427,0.25710740141232846,0.5724502181996416,-1.7894489368879236
eta_0.8,1428,0.2675451457495225,0.5557000893267394,-1.8061990657608258
eta_0.8,1429,0.2524476463417641,0.5994009520533683,-1.762498203034197
eta_0.8,1430,0.2453973325290124,0.5816023552976729,-1.7802967997898924
eta_0.8,1431,0.2583910854721031,0.567957432492469,-1.7939417225950962
eta_0.8,1432,0.29183273886154815,0.604105311924554,-1.7577938431630113
eta_0.8,1433,0.26088920312344877,0.5597065384622385,-1.8021926166253266
eta_0.8,1434,0.23058991533382087,0.5512336716473819,-1.8106654834401832
eta_0.8,1435,0.29088773724469086,0.6007022477658444,-1.7611969073217209
eta_0.8,1436,0.23283145934003163,0.5409782415161818,-1.8209209135713835
eta_0.8,1437,0.21453535560765613,0.5374969107219865,-1.8244022443655787
eta_0.8,1438,0.27772235093896147,0.5771167570936382,-1.784782397993927
eta_0.8,1439,0.2585733585691031,0.6012825230356131,-1.760616632051952
eta_0.8,1440,0.2515806989496358,0.5478996857491572,-1.813999469338408
eta_0.8,1441,0.22685469843203696,0.5553538223041854,-1.8065453327833798
eta_0.8,1442,0.278107238001872,0.561354260301453,-1.8005448947861122
eta_0.8,1443,0.2576911438842449,0.5862673073961666,-1.7756318476913986
eta_0.8,1444,0.2520905337128014,0.5843534657961457,-1.7775456892914194
eta_0.8,1445,0.23170736578946605,0.5386157220605672,-1.823283433026998
eta_0.8,1446,0.27324483380986614,0.5888208008378413,-1.773078354249724
eta_0.8,1447,0.28418809703153036,0.625598530662768,-1.7363006244247972
eta_0.8,1448,0.23870858980809306,0.6070369027894553,-1.7548622522981099
eta_0.8,1449,0.2707808286346909,0.6018045475142235,-1.7600946075733417
eta_0.8,1450,0.25055227712023576,0.5736102458093486,-1.7882889092782166
eta_0.8,1451,0.2539580617706265,0.5898418286119679,-1.7720573264755974
eta_0.8,1452,0.249991544964563,0.5263378930824505,-1.8355612620051147
eta_0.8,1453,0.25914163397623013,0.5945258897240249,-1.7673732653635403
eta_0.8,1454,0.23950513627844172,0.5672264913603995,-1.7946726637271657
eta_0.8,1455,0.24488469031109217,0.5723008253911608,-1.7895983296964044
eta_0.8,1456,0.24204637122338715,0.5475187931866958,-1.8143803619008694
eta_0.8,1457,0.2712962614291161,0.5623923835138056,-1.7995067715737596
eta_0.8,1458,0.23696361068594884,0.5139346337547555,-1.8479645213328098
eta_0.8,1459,0.24328310811738965,0.5572200678577564,-1.8046790872298089
eta_0.8,1460,0.29059852772972317,0.5687557819063878,-1.7931433731811774
eta_0.8,1461,0.25249654397311905,0.5958965182894782,-1.766002636798087
eta_0.8,1462,0.2592155558109053,0.6120329139115932,-1.749866241175972
eta_0.8,1463,0.26558285099666556,0.6316730812324269,-1.7302260738551383
eta_0.8,1464,0.261028136509115,0.537526270011081,-1.8243728850764842
eta_0.8,1465,0.22700528866231745,0.5190373654332794,-1.8428617896542858
eta_0.8,1466,0.2517472249615198,0.6224878207491795,-1.7394113343383857
eta_0.8,1467,0.25765740794004394,0.5247127791565087,-1.8371863759310565
eta_0.8,1468,0.24556905837218118,0.5814315831846729,-1.7804675719028924
eta_0.8,1469,0.26408676911670004,0.5549445127949137,-1.8069546422926515
eta_0.8,1470,0.22876810650335475,0.5475100795612475,-1.8143890755263177
eta_0.8,1471,0.27657542461379586,0.6048472484692237,-1.7570519066183414
eta_0.8,1472,0.27135869015060055,0.6262452546864725,-1.7356539004010927
eta_0.8,1473,0.24545167278285496,0.5749183780300857,-1.7869807770574795
eta_0.8,1474,0.2846786830624417,0.5643453863023608,-1.7975537687852046
eta_0.8,1475,0.2595736840142353,0.5636287152706554,-1.7982704398169098
eta_0.8,1476,0.2452097627025096,0.541090502244838,-1.8208086528427272
eta_0.8,1477,0.28956960495517614,0.5777455223943851,-1.78415363269318
eta_0.8,1478,0.24417333753056117,0.5448479764454855,-1.8170511786420795
eta_0.8,1479,0.2444932840774775,0.5275063283035335,-1.8343928267840317
eta_0.8,1480,0.2509543754851423,0.5735411006825972,-1.788358054404968
eta_0.8,1481,0.2640636241789767,0.5729860347039339,-1.7889131203836313
eta_0.8,1482,0.26507837875326173,0.556511086891476,-1.8053880681960892
eta_0.8,1483,0.2728189725495074,0.6417676041303364,-1.7201315509572288
eta_0.8,1484,0.24164174929594348,0.5881475491939498,-1.7737516058936154
eta_0.8,1485,0.27088942926989706,0.6292277110594722,-1.732671444028093
eta_0.8,1486,0.2657184903630907,0.5517703724355052,-1.81012878265206
eta_0.8,1487,0.2550114238682753,0.5352620848446566,-1.8266370702429087
eta_0.8,1488,0.2703925514903675,0.6003511420138664,-1.761548013073699
eta_0.8,1489,0.24853990941085222,0.5384152042041234,-1.8234839508834417
eta_0.8,1490,0.2567926557526965,0.6137537122273593,-1.748145442860206
eta_0.8,1491,0.25499370862662674,0.5823566607774138,-1.7795424943101514
eta_0.8,1492,0.23795416092828817,0.5092585786712889,-1.8526405764162763
eta_0.8,1493,0.2657223063489959,0.56375584433877,-1.7981433107487952
eta_0.8,1494,0.23921203954815246,0.5239105316906171,-1.837988623396948
eta_0.8,1495,0.2780683540603352,0.5830913367275062,-1.7788078183600589
eta_0.8,1496,0.23909262542735268,0.5826884959893301,-1.779210659098235
eta_0.8,1497,0.28166898069194585,0.6192227240334243,-1.742676431054141
eta_0.8,1498,0.24835218207145437,0.5588111503320656,-1.8030880047554996
eta_0.8,1499,0.2618391940799625,0.6131231876237642,-1.748775967463801
eta_0.8,1500,0.28483312040263165,0.6153983516248827,-1.7465008034626825
eta_0.8,1501,0.2607753541146544,0.567045266108396,-1.7948538889791692
eta_0.8,1502,0.25669312214668616,0.5954079933954495,-1.7664911616921157
eta_0.8,1503,0.2522514721389645,0.5905802708247232,-1.771318884262842
eta_0.8,1504,0.26023439840699414,0.5587695063722048,-1.8031296487153603
eta_0.8,1505,0.27436490813400094,0.6504202801693328,-1.7114788749182324
eta_0.8,1506,0.2697059630263291,0.5609258605759765,-1.8009732945115888
eta_0.8,1507,0.246949955141457,0.636197569230929,-1.7257015858566362
eta_0.8,1508,0.24602622836831955,0.592844029550593,-1.7690551255369722
eta_0.8,1509,0.317204440139286,0.6055471796196754,-1.7563519754678898
eta_0.8,1510,0.2439769530104544,0.5772660793697193,-1.784633075717846
eta_0.8,1511,0.2659098264617374,0.6240390776949012,-1.737860077392664
eta_0.8,1512,0.2522109406037024,0.5886671433888262,-1.773232011698739
eta_0.8,1513,0.23981162325261113,0.6165007776042791,-1.7453983774832862
eta_0.8,1514,0.25226523460083267,0.5934254838120252,-1.76847367127554
eta_0.8,1515,0.25728731112535586,0.5599125163936449,-1.8019866386939203
eta_0.8,1516,0.2868286569142403,0.62672806191442,-1.7351710931731452
eta_0.8,1517,0.27576389836414594,0.6589602719862023,-1.7029388831013628
eta_0.8,1518,0.25258040959684624,0.6865739037800354,-1.6753252513075299
eta_0.8,1519,0.2553363338792246,0.5609317249399727,-1.8009674301475926
eta_0.8,1520,0.2678988623770634,0.5441999682317281,-1.8176991868558372
eta_0.8,1521,0.2489021645702752,0.589899794088727,-1.7719993609988383
eta_0.8,1522,0.3220200707421947,0.701301660436211,-1.6605974946513542
eta_0.8,1523,0.23755478731013763,0.5772233309662016,-1.7846758241213636
eta_0.8,1524,0.23781155035266385,0.5474018808803378,-1.8144972742072274
eta_0.8,1525,0.2593251056591289,0.5177605811654131,-1.844138573922152
eta_0.8,1526,0.26400537072449826,0.6040637462019994,-1.7578354088855659
eta_0.8,1527,0.2543368049195788,0.6218972779974317,-1.7400018770901335
eta_0.8,1528,0.24266953283459874,0.5858742329773479,-1.7760249221102173
eta_0.8,1529,0.26966753684669315,0.612173954079111,-1.749725201008454
eta_0.8,1530,0.25118339579685056,0.561212132838893,-1.8006870222486722
eta_0.8,1531,0.2591489692585489,0.6290256087259205,-1.7328735463616447
eta_0.8,1532,0.2386041753528165,0.5197954814563976,-1.8421036736311676
eta_0.8,1533,0.2643202367853895,0.5764771671311922,-1.785421987956373
eta_0.8,1534,0.2703286016853338,0.5436243988124543,-1.818274756275111
eta_0.8,1535,0.22657147259149518,0.5459036763179486,-1.8159954787696166
eta_0.8,1536,0.24897668250568697,0.5632510230980132,-1.798648131989552
eta_0.8,1537,0.2575728883685444,0.577182171143202,-1.7847169839443633
eta_0.8,1538,0.28252396786948686,0.5525821217657452,-1.80931703332182
eta_0.8,1539,0.22966818258522298,0.5634736478371123,-1.798425507250453
eta_0.8,1540,0.29037288383352805,0.643248775963916,-1.7186503791236492
eta_0.8,1541,0.276037130755951,0.5828599990490432,-1.7790391560385221
eta_0.8,1542,0.24425960292995913,0.5294738512137783,-1.8324253038737868
eta_0.8,1543,0.2599867361468595,0.5919392354297,-1.7699599196578653
eta_0.8,1544,0.23131124822464547,0.5394132170987244,-1.8224859379888407
eta_0.8,1545,0.25079895865783797,0.5833729224511705,-1.7785262326363949
eta_0.8,1546,0.23065173018367285,0.5625648275909565,-1.7993343274966087
eta_0.8,1547,0.2663573727325303,0.5694297288817771,-1.792469426205788
eta_0.8,1548,0.2651205365545168,0.5977389253419655,-1.7641602297455998
eta_0.8,1549,0.24331792417441866,0.5868067073231887,-1.7750924477643766
eta_0.8,1550,0.2506253406448635,0.5460638877747859,-1.8158352673127793
eta_0.8,1551,0.25496110195510857,0.524980993274377,-1.8369181618131882
eta_0.8,1552,0.2479365190759699,0.6092854606172158,-1.7526136944703494
eta_0.8,1553,0.24750456960044762,0.5892354112454434,-1.7726637438421218
eta_0.8,1554,0.24717923697332414,0.5916817895353844,-1.7702173655521807
eta_0.8,1555,0.24729821544816571,0.5700308507511557,-1.7918683043364094
eta_0.8,1556,0.22775312251481528,0.5228580012327682,-1.839041153854797
eta_0.8,1557,0.24926553607716692,0.523477092787625,-1.8384220622999403
eta_0.8,1558,0.27157207208907014,0.5887911344555701,-1.7731080206319951
eta_0.8,1559,0.29544491336385403,0.5621807059480513,-1.799718449139514
eta_0.8,1560,0.26184796513905556,0.6946793659867461,-1.6672197891008191
eta_0.8,1561,0.24139097928673142,0.5890496066595408,-1.7728495484280244
eta_0.8,1562,0.2525520843607345,0.6292220537095256,-1.7326771013780395
eta_0.8,1563,0.283971751801225,0.5762971846579269,-1.7856019704296382
eta_0.8,1564,0.2691394251201362,0.5669750149304211,-1.794924140157144
eta_0.8,1565,0.24797226514164084,0.5414589036016597,-1.8204402514859055
eta_0.8,1566,0.26927440752709886,0.5447438695300784,-1.8171552855574868
eta_0.8,1567,0.2790268500364148,0.5520592421726327,-1.8098399129149325
eta_0.8,1568,0.272728850213927,0.5853838106474651,-1.7765153444401
eta_0.8,1569,0.2646814074200442,0.5700725436802394,-1.7918266114073258
eta_0.8,1570,0.2611882233636872,0.5883122947030279,-1.7735868603845373
eta_0.8,1571,0.2718263619950626,0.6145765025383514,-1.7473226525492138
eta_0.8,1572,0.2900542444507002,0.5848612961499685,-1.7770378589375966
eta_0.8,1573,0.2194533815885176,0.5205939662083539,-1.8413051888792114
eta_0.8,1574,0.28375093166913207,0.6347575291399851,-1.72714162594758
eta_0.8,1575,0.27654104299470994,0.5921670454965047,-1.7697321095910605
eta_0.8,1576,0.2682150418358875,0.5635027997964844,-1.7983963552910809
eta_0.8,1577,0.25963293735290294,0.5568617657123636,-1.8050373893752016
eta_0.8,1578,0.25907529938053087,0.5496096085823163,-1.8122895465052489
eta_0.8,1579,0.30785619362543926,0.5738935373449863,-1.788005617742579
eta_0.8,1580,0.24502755580543398,0.5740014592813933,-1.7878976958061719
eta_0.8,1581,0.23884336612985613,0.5237078323955314,-1.8381913226920337
eta_0.8,1582,0.2385784247705336,0.5285123191788971,-1.833386835908668
eta_0.8,1583,0.2567686071208168,0.5531159172338972,-1.808783237853668
eta_0.8,1584,0.26682207508771116,0.5397280569948273,-1.822171098092738
eta_0.8,1585,0.2412315336373844,0.5595427017737062,-1.802356453313859
eta_0.8,1586,0.2494042576239906,0.5999694829190301,-1.7619296721685351
eta_0.8,1587,0.24709105891155075,0.5440797656303574,-1.817819389457208
eta_0.8,1588,0.26130244182475626,0.5560148142545531,-1.805884340833012
eta_0.8,1589,0.28558860912386674,0.5811539018336139,-1.7807452532539512
eta_0.8,1590,0.23985887565081485,0.5571129202652003,-1.8047862348223649
eta_0.8,1591,0.29934088456728025,0.6187156468885198,-1.7431835081990454
eta_0.8,1592,0.23714903167108198,0.5946335694185347,-1.7672655856690305
eta_0.8,1593,0.22728745721374494,0.5140255809505032,-1.847873574137062
eta_0.8,1594,0.24891023934646328,0.5456839001253592,-1.8162152549622061
eta_0.8,1595,0.2565298425245626,0.5323494977791936,-1.8295496573083716
eta_0.8,1596,0.24917623183044824,0.5529756914997872,-1.808923463587778
eta_0.8,1597,0.2575054722571686,0.5815042459361275,-1.7803949091514377
eta_0.8,1598,0.2760874980045824,0.5538132907620074,-1.808085864325558
eta_0.8,1599,0.25580510743762697,0.5993554189533702,-1.762543736134195
eta_0.8,1600,0.22900057576342336,0.5738504560654472,-1.788048699022118
eta_0.8,1601,0.2619770816474015,0.5650411045115873,-1.796858050575978
eta_0.8,1602,0.24487495707866908,0.5661226077711174,-1.7957765473164478
eta_0.8,1603,0.25694666642467356,0.5372845397347351,-1.82461461535283
eta_0.8,1604,0.23165891639160835,0.5562308209435058,-1.8056683341440594
eta_0.8,1605,0.23904551260155416,0.5581036845699204,-1.8037954705176449
eta_0.8,1606,0.29034501073093677,0.5616782679218316,-1.8002208871657337
eta_0.8,1607,0.2396907190933846,0.5611319571179169,-1.8007671979696482
eta_0.8,1608,0.2706435774049041,0.6131356238591401,-1.748763531228425
eta_0.8,1609,0.2562267532527689,0.5591945795843534,-1.8027045755032118
eta_0.8,1610,0.2462242802039557,0.5530433276990449,-1.8088558273885202
eta_0.8,1611,0.2610060011242477,0.5581450386617595,-1.8037541164258057
eta_0.8,1612,0.32182348365399893,0.6229697364527941,-1.738929418634771
eta_0.8,1613,0.2530917521694131,0.5660811667350698,-1.7958179883524954
eta_0.8,1614,0.23058455936248817,0.5708739595801897,-1.7910251955073755
eta_0.8,1615,0.2643209813753089,0.6096829817281859,-1.7522161733593793
eta_0.8,1616,0.2779904780222042,0.5820978000164705,-1.7798013550710947
eta_0.8,1617,0.24540826831674983,0.5742511304825018,-1.7876480246050634
eta_0.8,1618,0.26696753488171754,0.5760997868427362,-1.785799368244829
eta_0.8,1619,0.27557487313733864,0.6290917786013297,-1.7328073764862355
eta_0.8,1620,0.26718571563706045,0.5325131671750988,-1.8293859879124663
eta_0.8,1621,0.27438486319132965,0.6044039001945705,-1.7574952548929947
eta_0.8,1622,0.24658680041305048,0.5286640099418383,-1.833235145145727
eta_0.8,1623,0.2398691885968701,0.5644182742121209,-1.7974808808754443
eta_0.8,1624,0.2646477857035755,0.5441593117544884,-1.8177398433330767
eta_0.8,1625,0.24748938875561455,0.5401318465329368,-1.8217673085546284
eta_0.8,1626,0.26878007535582826,0.5947187843435344,-1.7671803707440308
eta_0.8,1627,0.260644513102894,0.5787959019456734,-1.7831032531418918
eta_0.8,1628,0.24880491342048833,0.5438354444532836,-1.8180637106342816
eta_0.8,1629,0.25268167708889966,0.6087102266773583,-1.753188928410207
eta_0.8,1630,0.2634265025215688,0.5235370405647369,-1.8383621145228282
eta_0.8,1631,0.25015188813518974,0.5634622844595889,-1.7984368706279763
eta_0.8,1632,0.22917024283458642,0.553165361299294,-1.8087337937882713
eta_0.8,1633,0.2824938839113279,0.5888983927879989,-1.7730007622995663
eta_0.8,1634,0.26495858884037354,0.5987876157142367,-1.7631115393733285
eta_0.8,1635,0.2413964188013046,0.5812863684711014,-1.7806127866164638
eta_0.8,1636,0.25118262519939005,0.6522260661115118,-1.7096730889760534
eta_0.8,1637,0.27669174100613114,0.6194698470192492,-1.742429308068316
eta_0.8,1638,0.236988812327462,0.5959819675975355,-1.7659171874900297
eta_0.8,1639,0.23910771754558893,0.5658394372723003,-1.7960597178152649
eta_0.8,1640,0.25488074758913204,0.559587106794317,-1.8023120482932482
eta_0.8,1641,0.2570160126297764,0.5739811189068762,-1.787918036180689
eta_0.8,1642,0.26795491190115434,0.5942011028410943,-1.767698052246471
eta_0.8,1643,0.28901630482477614,0.5867550989078973,-1.7751440561796679
eta_0.8,1644,0.25348383513803596,0.5190581318172556,-1.8428410232703096
eta_0.8,1645,0.22451941948180193,0.5309421137940775,-1.8309570412934877
eta_0.8,1646,0.26311960658578687,0.5488828216142326,-1.8130163334733327
eta_0.8,1647,0.26767976643884217,0.5462967767173074,-1.815602378370258
eta_0.8,1648,0.2502712213640681,0.5228089446241007,-1.8390902104634645
eta_0.8,1649,0.23875415227379615,0.6120492464742293,-1.749849908613336
eta_0.8,1650,0.301304824239118,0.6420606490513823,-1.719838506036183
eta_0.8,1651,0.27370019723265476,0.5501380041246449,-1.8117611509629203
eta_0.8,1652,0.2901504731625575,0.6344823753201076,-1.7274167797674576
eta_0.8,1653,0.24745726584891042,0.5488940825547513,-1.813005072532814
eta_0.8,1654,0.2692759339108426,0.509681113453963,-1.852218041633602
eta_0.8,1655,0.25176551006653114,0.6051932901456695,-1.7567058649418956
eta_0.8,1656,0.25141679106102327,0.5518103281150093,-1.810088826972556
eta_0.8,1657,0.2640906694323414,0.5508049047305096,-1.8110942503570557
eta_0.8,1658,0.23917517250603243,0.5761407013936568,-1.7857584536939084
eta_0.8,1659,0.268259667910002,0.570546973118504,-1.7913521819690612
eta_0.8,1660,0.2669831588421855,0.5683265122795857,-1.7935726428079795
eta_0.8,1661,0.25606643983371336,0.5632697073060076,-1.7986294477815576
eta_0.8,1662,0.2411711551902829,0.5922434967668004,-1.7696556583207648
eta_0.8,1663,0.23697532933461213,0.5458337053315803,-1.816065449755985
eta_0.8,1664,0.24654912655455907,0.5580808189004802,-1.803818336187085
eta_0.8,1665,0.2758488458239607,0.5569389265541915,-1.8049602285333737
eta_0.8,1666,0.249635296201387,0.5208719664539934,-1.8410271886335718
eta_0.8,1667,0.23393558484555294,0.5701475450569722,-1.791751610030593
eta_0.8,1668,0.2498710967511599,0.5319527391527049,-1.8299464159348604
eta_0.8,1669,0.26536656363349376,0.597759405270575,-1.7641397498169902
eta_0.8,1670,0.27239565514531006,0.609446232898392,-1.7524529221891734
eta_0.8,1671,0.2977697709138061,0.6072086745261929,-1.7546904805613723
eta_0.8,1672,0.26212205141794465,0.55359011977938,-1.8083090353081852
eta_0.8,1673,0.23596503500011892,0.552000583872466,-1.8098985712150992
eta_0.8,1674,0.2985065317191554,0.6040369270489869,-1.7578622280385783
eta_0.8,1675,0.2626554902770859,0.5509444956460586,-1.8109546594415065
eta_0.8,1676,0.2814719436451443,0.6151744109411963,-1.746724744146369
eta_0.8,1677,0.23253187364179484,0.5595594032641226,-1.8023397518234425
eta_0.8,1678,0.23863448095201545,0.5852221724348682,-1.7766769826526971
eta_0.8,1679,0.28967399618144146,0.6295978923571088,-1.7323012627304564
eta_0.8,1680,0.2740474877297548,0.5835979034435796,-1.7783012516439856
eta_0.8,1681,0.2561106243043182,0.561726841269018,-1.8001723138185473
eta_0.8,1682,0.28578348365609396,0.642334265884479,-1.7195648892030864
eta_0.8,1683,0.2457456062557231,0.6012180383693542,-1.760681116718211
eta_0.8,1684,0.2964344187822687,0.6150482923893937,-1.7468508626981714
eta_0.8,1685,0.2342658744039312,0.5369268309333602,-1.824972324154205
eta_0.8,1686,0.2987452616531326,0.5565262134239836,-1.8053729416635815
eta_0.8,1687,0.27255434263498324,0.6088608801745132,-1.753038274913052
eta_0.8,1688,0.2578914365060242,0.5885327489034862,-1.773366406184079
eta_0.8,1689,0.22193806583218453,0.5646023781506982,-1.797296776936867
eta_0.8,1690,0.24412684643457483,0.6025922009632088,-1.7593069541243564
eta_0.8,1691,0.3156627810158479,0.6304999322546192,-1.731399222832946
eta_0.8,1692,0.21550113215160366,0.5222582493296501,-1.839640905757915
eta_0.8,1693,0.2894510874340734,0.6116973457577669,-1.7502018093297984
eta_0.8,1694,0.24526316007878052,0.5271200425774407,-1.8347791125101245
eta_0.8,1695,0.2556124866401824,0.5400261353322471,-1.8218730197553181
eta_0.8,1696,0.23798297068742325,0.5428095258188091,-1.8190896292687562
eta_0.8,1697,0.2431978269703721,0.5128659938480691,-1.8490331612394961
eta_0.8,1698,0.25893164569036065,0.5800764030582923,-1.7818227520292729
eta_0.8,1699,0.24144446856310928,0.560609849318642,-1.8012893057689232
eta_0.8,1700,0.24054882178495107,0.5201215728691773,-1.841777582218388
eta_0.8,1701,0.2680861803441189,0.6801328006198466,-1.6817663544677186
eta_0.8,1702,0.2680220299306644,0.5745840079540694,-1.7873151471334958
eta_0.8,1703,0.23496434455154458,0.5698442453066157,-1.7920549097809495
eta_0.8,1704,0.2432502183411349,0.5403266279217972,-1.8215725271657681
eta_0.8,1705,0.2292708130223643,0.5493748963992755,-1.8125242586882897
eta_0.8,1706,0.26004474023170504,0.6106409817562486,-1.7512581733313166
eta_0.8,1707,0.2927821570167931,0.5691191532038944,-1.7927800018836708
eta_0.8,1708,0.27308736139443857,0.5904813721567481,-1.771417782930817
eta_0.8,1709,0.2629788665967697,0.5926848055376296,-1.7692143495499355
eta_0.8,1710,0.24822493844705887,0.5643659964164133,-1.7975331586711518
eta_0.8,1711,0.28670492144420723,0.5852436667473293,-1.776655488340236
eta_0.8,1712,0.2675648916186776,0.5993941540451646,-1.7625050010424006
eta_0.8,1713,0.2425858957609477,0.5863746056792083,-1.775524549408357
eta_0.8,1714,0.23826153545720102,0.5707710978195568,-1.7911280572680084
eta_0.8,1715,0.25692983672945563,0.5093897291969902,-1.852509425890575
eta_0.8,1716,0.24049051107431468,0.570357929044413,-1.7915412260431522
eta_0.8,1717,0.26340819791763986,0.5623883391550806,-1.7995108159324846
eta_0.8,1718,0.27303299953948384,0.6280225891526692,-1.733876565934896
eta_0.8,1719,0.2931079697878348,0.5579295945764138,-1.8039695605111514
eta_0.8,1720,0.25195572693281565,0.5579074169809238,-1.8039917381066415
eta_0.8,1721,0.24501679133498472,0.5321076718028463,-1.8297914832847189
eta_0.8,1722,0.2881477166534263,0.6484312081152528,-1.7134679469723124
eta_0.8,1723,0.24882636420275747,0.5687661464872045,-1.7931330086003607
eta_0.8,1724,0.2540371708339675,0.599431031812028,-1.7624681232755373
eta_0.8,1725,0.27147445671456233,0.5819114161072423,-1.779987738980323
eta_0.8,1726,0.23526661191892545,0.5315479601681231,-1.8303511949194422
eta_0.8,1727,0.2505377496114702,0.6385135094845842,-1.723385645602981
eta_0.8,1728,0.27330357446494646,0.6570242542662639,-1.7048749008213013
eta_0.8,1729,0.26551364768041824,0.5542150309613718,-1.8076841241261934
eta_0.8,1730,0.24877668102397985,0.604036619526171,-1.7578625355613942
eta_0.8,1731,0.2476305506515561,0.5837471106598728,-1.7781520444276924
eta_0.8,1732,0.26585652366559315,0.564442242940763,-1.7974569121468023
eta_0.8,1733,0.2825746260383162,0.558871304231559,-1.8030278508560063
eta_0.8,1734,0.25124247551246215,0.5291089913949305,-1.8327901636926347
eta_0.8,1735,0.27776579352114433,0.591292245725318,-1.7706069093622472
eta_0.8,1736,0.2430682875268204,0.6817290588337583,-1.6801700962538069
eta_0.8,1737,0.3042208853576985,0.5853297352383888,-1.7765694198491764
eta_0.8,1738,0.2831801562759781,0.5649571796780901,-1.796941975409475
eta_0.8,1739,0.262539468900041,0.6117520298927432,-1.750147125194822
eta_0.8,1740,0.26066799908278737,0.5385168982571704,-1.8233822568303948
eta_0.8,1741,0.2531257437999506,0.5194789720305779,-1.8424201830569873
eta_0.8,1742,0.24873104998171347,0.586652714693443,-1.7752464403941222
eta_0.8,1743,0.2524410238350101,0.5835196536258922,-1.778379501461673
eta_0.8,1744,0.24672157758107816,0.5670303602136906,-1.7948687948738746
eta_0.8,1745,0.26548858234860123,0.5647527053102218,-1.7971464497773435
eta_0.8,1746,0.2891134771691857,0.6560731320396198,-1.7058260230479454
eta_0.8,1747,0.226528816892611,0.5958183498101683,-1.7660808052773969
eta_0.8,1748,0.2418283237686485,0.5634716585259817,-1.7984274965615836
eta_0.8,1749,0.31057439251324676,0.5874487209235666,-1.7744504341639986
eta_0.8,1750,0.2793126281631185,0.5879681846726881,-1.7739309704148771
eta_0.8,1751,0.24646651415804743,0.5731543447761211,-1.788744810311444
eta_0.8,1752,0.29304117623462195,0.588561737645881,-1.773337417441684
eta_0.8,1753,0.26399934543812537,0.5779398319078088,-1.7839593231797564
eta_0.8,1754,0.2463089504457141,0.5727962603619786,-1.7891028947255867
eta_0.8,1755,0.2401092559638365,0.5496838886593383,-1.812215266428227
eta_0.8,1756,0.25429455791046107,0.5640711290578695,-1.7978280260296957
eta_0.8,1757,0.2643273085407705,0.6274402673824189,-1.7344588877051463
eta_0.8,1758,0.2553694776960822,0.5143054876308675,-1.8475936674566977
eta_0.8,1759,0.25762544642899443,0.5322084938436271,-1.829690661243938
eta_0.8,1760,0.27122674562049554,0.5847083832070799,-1.7771907718804854
eta_0.8,1761,0.22656863661369636,0.5621426586371153,-1.79975649645045
eta_0.8,1762,0.275472746595672,0.6079850681300034,-1.7539140869575618
eta_0.8,1763,0.2510348005451926,0.5186671064127161,-1.843232048674849
eta_0.8,1764,0.27088868948439904,0.5552421126217478,-1.8066570424658175
eta_0.8,1765,0.24554990014417552,0.5579824609454065,-1.8039166941421587
eta_0.8,1766,0.26236129717212703,0.5527900900242727,-1.8091090650632924
eta_0.8,1767,0.26061084923988526,0.49302576580444407,-1.868873389283121
eta_0.8,1768,0.2521481262624772,0.5347758251545303,-1.827123329933035
eta_0.8,1769,0.2592854005246129,0.5655710427427332,-1.796328112344832
eta_0.8,1770,0.27150971566249066,0.511615333330737,-1.850283821756828
eta_0.8,1771,0.25964900072298747,0.5591184740730045,-1.8027806810145606
eta_0.8,1772,0.2185205499466557,0.5858331816874747,-1.7760659734000905
eta_0.8,1773,0.31723382861816485,0.5800134610219996,-1.7818856940655656
eta_0.8,1774,0.2759417256673743,0.5561450471085165,-1.8057541079790487
eta_0.8,1775,0.24407144412416776,0.5608434639857403,-1.801055691101825
eta_0.8,1776,0.2657021957012133,0.6092918548982454,-1.7526073001893199
eta_0.8,1777,0.2954073043273424,0.6033716082511964,-1.7585275468363688
eta_0.8,1778,0.2657057399487541,0.5784045827479588,-1.7834945723396065
eta_0.8,1779,0.26610307834294195,0.6023734733797864,-1.7595256817077787
eta_0.8,1780,0.2732297102602672,0.6068041399771549,-1.7550950151104103
eta_0.8,1781,0.24852588310043633,0.5892137873786736,-1.7726853677088916
eta_0.8,1782,0.25496892097840185,0.6484669777008965,-1.7134321773866688
eta_0.8,1783,0.247780527328822,0.5625324920017378,-1.7993666630858274
eta_0.8,1784,0.2903318298664009,0.6014190542864222,-1.760480100801143
eta_0.8,1785,0.2491414561221308,0.5345250687731419,-1.8273740863144234
eta_0.8,1786,0.2399229761933159,0.5861933042888426,-1.7757058507987225
eta_0.8,1787,0.2341558645640861,0.5368737108701085,-1.8250254442174567
eta_0.8,1788,0.30729841538131575,0.579658854853326,-1.782240300234239
eta_0.8,1789,0.22450746565858615,0.547987939410356,-1.8139112156772093
eta_0.8,1790,0.28679486770268947,0.5510721170472056,-1.8108270380403595
eta_0.8,1791,0.24278414770915227,0.5638734642054152,-1.7980256908821501
eta_0.8,1792,0.29526095200756935,0.6517366632557011,-1.710162491831864
eta_0.8,1793,0.24951181535326628,0.587586996055734,-1.7743121590318314
eta_0.8,1794,0.2804012792650272,0.5619293218620703,-1.7999698332254948
eta_0.8,1795,0.2439486410360882,0.502151590048126,-1.8597475650394393
eta_0.8,1796,0.2836444323459379,0.5545270570282315,-1.8073720980593337
eta_0.8,1797,0.2675004653253059,0.5693811447715309,-1.7925180103160343
eta_0.8,1798,0.2655807235049198,0.5870800028436989,-1.7748191522438663
eta_0.8,1799,0.27551193686739317,0.6068150315805848,-1.7550841235069803
eta_0.8,1800,0.24893393885268633,0.6544483664851493,-1.707450788602416
eta_0.8,1801,0.2681162592373723,0.5336455103933593,-1.828253644694206
eta_0.8,1802,0.23228483528776658,0.5976259153661344,-1.764273239721431
eta_0.8,1803,0.25441057835060765,0.5402773386755397,-1.8216218164120255
eta_0.8,1804,0.24889184109972026,0.5203098606134798,-1.8415892944740855
eta_0.8,1805,0.23904701211690577,0.5372197556911132,-1.824679399396452
eta_0.8,1806,0.27998873666614177,0.6481860527965806,-1.7137131022909846
eta_0.8,1807,0.2945621034716895,0.6611853720161301,-1.7007137830714352
eta_0.8,1808,0.2727685451279743,0.5851846419488231,-1.776714513138742
eta_0.8,1809,0.2752513427424955,0.6175084414288212,-1.744390713658744
eta_0.8,1810,0.2824351497757952,0.6139176992009087,-1.7479814558866567
eta_0.8,1811,0.26197950854586605,0.53712739396848,-1.8247717611190852
eta_0.8,1812,0.29356210563655893,0.562785411268055,-1.7991137438195102
eta_0.8,1813,0.2851520646069251,0.6067662697102489,-1.7551328853773163
eta_0.8,1814,0.29833969140206906,0.5683242871343124,-1.7935748679532528
eta_0.8,1815,0.25720518213440685,0.6128302531323941,-1.749068901955171
eta_0.8,1816,0.29391279886916927,0.5520213098064282,-1.809877845281137
eta_0.8,1817,0.24842760051932375,0.5800717327758471,-1.781827422311718
eta_0.8,1818,0.2393453910977632,0.5207666934599958,-1.8411324616275695
eta_0.8,1819,0.2251099275824092,0.562565441449449,-1.7993337136381162
eta_0.8,1820,0.2413643512849722,0.5417616430710968,-1.8201375120164685
eta_0.8,1821,0.2701504446793189,0.6140300758953725,-1.7478690791921927
eta_0.8,1822,0.2411903543004738,0.5282649677290076,-1.8336341873585575
eta_0.8,1823,0.269019642880833,0.578800020610772,-1.7830991344767932
eta_0.8,1824,0.2443211068787799,0.6323145823060016,-1.7295845727815635
eta_0.8,1825,0.24533891041675351,0.5743132530982837,-1.7875859019892815
eta_0.8,1826,0.25727650937778856,0.6067048878398191,-1.755194267247746
eta_0.8,1827,0.2952992130409449,0.6185607937854558,-1.7433383613021094
eta_0.8,1828,0.26696116415446497,0.560519710338873,-1.8013794447486922
eta_0.8,1829,0.22504816454201645,0.6134034530858715,-1.7484957020016938
eta_0.8,1830,0.2581285222376305,0.6407180741296034,-1.7211810809579617
eta_0.8,1831,0.2491647786461642,0.5614577742408051,-1.80044138084676
eta_0.8,1832,0.2919489931614543,0.5855304253205651,-1.776368729767
eta_0.8,1833,0.24754956983914564,0.5783425879190435,-1.7835565671685218
eta_0.8,1834,0.2806376384823701,0.5426193396751933,-1.819279815412372
eta_0.8,1835,0.27022414241459936,0.7037726573308132,-1.658126497756752
eta_0.8,1836,0.23605140814709302,0.5576411591870304,-1.8042579959005347
eta_0.8,1837,0.2731062568182231,0.6251746965402809,-1.7367244585472843
eta_0.8,1838,0.2802603740413,0.5992392148687515,-1.7626599402188137
eta_0.8,1839,0.26687744964495635,0.5931950549286014,-1.7687041001589638
eta_0.8,1840,0.2445417252057751,0.6309440052632938,-1.7309551498242715
eta_0.8,1841,0.2883170453262763,0.5918137891476091,-1.770085365939956
eta_0.8,1842,0.24660637082848552,0.5655611766130819,-1.7963379784744833
eta_0.8,1843,0.2132799423093577,0.5433228045494309,-1.8185763505381343
eta_0.8,1844,0.29658531829701973,0.5953543592453399,-1.7665447958422253
eta_0.8,1845,0.2551845236110355,0.5684401379334951,-1.79345901715407
eta_0.8,1846,0.2684068970291215,0.5964383758823506,-1.7654607792052146
eta_0.8,1847,0.26406082609145576,0.6219247173525313,-1.739974437735034
eta_0.8,1848,0.25956360203688444,0.6108101452786212,-1.751089009808944
eta_0.8,1849,0.2530179627203354,0.5932246102391844,-1.768674544848381
eta_0.8,1850,0.25956278289535073,0.5902714224136244,-1.7716277326739407
eta_0.8,1851,0.24501754817661725,0.6034677724459474,-1.7584313826416178
eta_0.8,1852,0.26509543922609224,0.5607493106630892,-1.801149844424476
eta_0.8,1853,0.28480377954415836,0.5245897069149528,-1.8373094481726124
eta_0.8,1854,0.2733226161415381,0.5836622858989855,-1.7782368691885797
eta_0.8,1855,0.24641827512281372,0.6159616389671726,-1.7459375161203927
eta_0.8,1856,0.27348881594432073,0.5468959597103928,-1.8150031953771724
eta_0.8,1857,0.24205680459592066,0.5971339467363104,-1.7647652083512548
eta_0.8,1858,0.27231757805664775,0.6189090101717085,-1.7429901449158567
eta_0.8,1859,0.27126385171854817,0.5604985041946877,-1.8014006508928775
eta_0.8,1860,0.28191278532099884,0.6100838004184022,-1.751815354669163
eta_0.8,1861,0.22819219288498227,0.5803364862513827,-1.7815626688361825
eta_0.8,1862,0.26583024742450867,0.5558866109928087,-1.8060125440947565
eta_0.8,1863,0.255889827441377,0.5726990624254825,-1.7892000926620826
eta_0.8,1864,0.26278553646742175,0.5914490412125746,-1.7704501138749906
eta_0.8,1865,0.26335886933472186,0.5877029595576291,-1.7741961955299361
eta_0.8,1866,0.25240317463727197,0.5795834110455885,-1.7823157440419766
eta_0.8,1867,0.2652105521258007,0.6151252598173393,-1.7467738952702259
eta_0.8,1868,0.23737682661720516,0.5819080831675665,-1.7799910719199987
eta_0.8,1869,0.23156243251625558,0.5559815033820594,-1.8059176517055058
eta_0.8,1870,0.23920907749498324,0.6223068822094836,-1.7395922728780815
eta_0.8,1871,0.2130453158199084,0.5618596787819824,-1.800039476305583
eta_0.8,1872,0.2605498870081345,0.5926899087866715,-1.7692092463008937
eta_0.8,1873,0.23564094514731151,0.5747760140280196,-1.7871231410595456
eta_0.8,1874,0.28638555692108303,0.6294397416960664,-1.7324594133914988
eta_0.8,1875,0.2794006272971943,0.5741765457847692,-1.787722609302796
eta_0.8,1876,0.24101642150833638,0.5962679837382965,-1.7656311713492687
eta_0.8,1877,0.2604654227605276,0.5607102338437953,-1.80118892124377
eta_0.8,1878,0.24849426207650693,0.5773068824131642,-1.784592272674401
eta_0.8,1879,0.33823590123848885,0.6566498716227707,-1.7052492834647945
eta_0.8,1880,0.2522292872174914,0.5936944381879964,-1.768204716899569
eta_0.8,1881,0.28119281600082857,0.584412353778542,-1.7774868013090233
eta_0.8,1882,0.24241145620239768,0.537786802663746,-1.8241123524238192
eta_0.8,1883,0.24420728765293728,0.5993393048631289,-1.7625598502244362
eta_0.8,1884,0.2687959844432818,0.6262256698391301,-1.735673485248435
eta_0.8,1885,0.24453652689935312,0.5556382780114246,-1.8062608770761406
eta_0.8,1886,0.2988109047556827,0.6199737003638819,-1.7419254547236833
eta_0.8,1887,0.2851480351158524,0.5755195384078848,-1.7863796166796804
eta_0.8,1888,0.30185841685105674,0.5750618833090955,-1.7868372717784697
eta_0.8,1889,0.27054215762093337,0.6026224365025201,-1.759276718585045
eta_0.8,1890,0.25882070120301376,0.5209280499358664,-1.8409711051516988
eta_0.8,1891,0.24505219711929285,0.5790149610943336,-1.7828841939932316
eta_0.8,1892,0.2697193790401984,0.5433281702953765,-1.8185709847921887
eta_0.8,1893,0.25458344289539,0.557817861629986,-1.8040812934575792
eta_0.8,1894,0.24205080956354702,0.564822754164877,-1.797076400922688
eta_0.8,1895,0.28759659012929295,0.5891216594260161,-1.7727774956615492
eta_0.8,1896,0.2826916180679069,0.5486665688693171,-1.8132325862182481
eta_0.8,1897,0.24414474320667498,0.5780702517789553,-1.7838289033086099
eta_0.8,1898,0.2830800131426533,0.6494128817065481,-1.712486273381017
eta_0.8,1899,0.27498172121837483,0.5722957945668194,-1.7896033605207458
eta_0.8,1900,0.26155174037872286,0.5993205851276527,-1.7625785699599126
eta_0.8,1901,0.24201706235309656,0.5215606398032423,-1.8403385152843228
eta_0.8,1902,0.28634875027506607,0.6419060456230106,-1.7199931094645546
eta_0.8,1903,0.26967207147084693,0.5567123821879505,-1.8051867728996147
eta_0.8,1904,0.28260730274720136,0.5827827274429439,-1.7791164276446212
eta_0.8,1905,0.24278513889188924,0.5473744190136662,-1.814524736073899
eta_0.8,1906,0.2321714939034016,0.5556373204118354,-1.8062618346757298
eta_0.8,1907,0.2612542940991658,0.5308903111942731,-1.831008843893292
eta_0.8,1908,0.3147247793932755,0.627966320408464,-1.7339328346791012
eta_0.8,1909,0.22299484894675686,0.5668507077047679,-1.7950484473827975
eta_0.8,1910,0.24887758142206962,0.6052722834771731,-1.756626871610392
eta_0.8,1911,0.235622817096235,0.5176850042772616,-1.8442141508103036
eta_0.8,1912,0.25056303751457065,0.5808682420918819,-1.7810309129956834
eta_0.8,1913,0.2464394466578868,0.5770778488218997,-1.7848213062656655
eta_0.8,1914,0.2539115964106503,0.5228125255755873,-1.8390866295119779
eta_0.8,1915,0.2281998250049097,0.6027458134886572,-1.759153341598908
eta_0.8,1916,0.2755759640903706,0.6733608687545461,-1.688538286333019
eta_0.8,1917,0.23914691695104862,0.5525963403146428,-1.8093028147729224
eta_0.8,1918,0.23864047310274394,0.591700197963874,-1.7701989571236911
eta_0.8,1919,0.28878068334985524,0.5742611710001424,-1.7876379840874228
eta_0.8,1920,0.2583630588574131,0.5265964658442681,-1.835302689243297
eta_0.8,1921,0.288942057215155,0.6131135303118722,-1.748785624775693
eta_0.8,1922,0.2823482254459283,0.6378726509127048,-1.7240265041748604
eta_0.8,1923,0.26432608142121916,0.5883036575839732,-1.773595497503592
eta_0.8,1924,0.257769841480354,0.5522617039713207,-1.8096374511162445
eta_0.8,1925,0.2410230605172392,0.5884742935370566,-1.7734248615505086
eta_0.8,1926,0.24724088825325718,0.5872732162812472,-1.774625938806318
eta_0.8,1927,0.3126835991169751,0.5718201099297416,-1.7900790451578237
eta_0.8,1928,0.29897942778255504,0.593485305976003,-1.7684138491115622
eta_0.8,1929,0.25282255757513283,0.5825974083408605,-1.7793017467467047
eta_0.8,1930,0.26848373222004873,0.5845900739995774,-1.7773090810879877
eta_0.8,1931,0.26933131955824624,0.5676693909837925,-1.7942297641037728
eta_0.8,1932,0.2608283724645954,0.6030481969322137,-1.7588509581553515
eta_0.8,1933,0.2255879887746763,0.5388352956082723,-1.823063859479293
eta_0.8,1934,0.2420899642390061,0.5294365072732552,-1.83246264781431
eta_0.8,1935,0.2793887840516421,0.5628929569368706,-1.7990061981506946
eta_0.8,1936,0.2645539417425784,0.6067649192210776,-1.7551342358664876
eta_0.8,1937,0.23529044868455964,0.5558143331262554,-1.80608482196131
eta_0.8,1938,0.2719404398948564,0.5639111806897118,-1.7979879743978535
eta_0.8,1939,0.25712741132510064,0.5507781583143074,-1.8111209967732578
eta_0.8,1940,0.274657581980977,0.5966298732026917,-1.7652692818848736
eta_0.8,1941,0.2651013216940663,0.5538783744840713,-1.8080207806034938
eta_0.8,1942,0.270852564008756,0.5761019759731472,-1.785797179114418
eta_0.8,1943,0.289356517712315,0.5512210537528593,-1.8106781013347057
eta_0.8,1944,0.2844549799445987,0.6487962400744363,-1.713102915013129
eta_0.8,1945,0.24942677961114906,0.5530833356217226,-1.8088158194658426
eta_0.8,1946,0.2704172741462689,0.5894156874363288,-1.7724834676512364
eta_0.8,1947,0.26948157729254496,0.5859172464888942,-1.775981908598671
eta_0.8,1948,0.28439950212402343,0.5685963517661226,-1.7933028033214427
eta_0.8,1949,0.25050512536056235,0.6095551222160251,-1.75234403287154
eta_0.8,1950,0.2618740905125486,0.5309731066411845,-1.8309260484463807
eta_0.8,1951,0.26117929638928195,0.5816955562905086,-1.7802035987970566
eta_0.8,1952,0.22481016953943123,0.5262337866942706,-1.8356653683932946
eta_0.8,1953,0.2614915642238116,0.5382235094379155,-1.8236756456496497
eta_0.8,1954,0.2376409982465732,0.5816862778194387,-1.7802128772681265
eta_0.8,1955,0.25000403111897174,0.5701091476310406,-1.7917900074565245
eta_0.8,1956,0.25066430222907954,0.5504650880802995,-1.8114340670072657
eta_0.8,1957,0.2635701893367507,0.5480916679040037,-1.8138074871835617
eta_0.8,1958,0.2552470856404291,0.6322241764528832,-1.729674978634682
eta_0.8,1959,0.26356597149123356,0.5392021363106243,-1.822697018776941
eta_0.8,1960,0.2584229507634537,0.6352334402703644,-1.7266657148172007
eta_0.8,1961,0.26746466646471195,0.5648899552562432,-1.797009199831322
eta_0.8,1962,0.2958183077758613,0.5973189136612769,-1.7645802414262883
eta_0.8,1963,0.2532819858788488,0.5724963252475122,-1.789402829840053
eta_0.8,1964,0.25248873827521623,0.5748582271904862,-1.787040927897079
eta_0.8,1965,0.25220335199951965,0.5294638653809932,-1.8324352897065719
eta_0.8,1966,0.26067174963142437,0.5620547397611868,-1.7998444153263784
eta_0.8,1967,0.26620873979450277,0.5734868602997482,-1.788412294787817
eta_0.8,1968,0.23560316370792522,0.5430924106796344,-1.8188067444079308
eta_0.8,1969,0.254145383221799,0.611847455228179,-1.7500516998593862
eta_0.8,1970,0.28664924235720424,0.6068464755266042,-1.755052679560961
eta_0.8,1971,0.2842313986209599,0.6567715231551536,-1.7051276319324116
eta_0.8,1972,0.23899033983334178,0.5122624936663575,-1.8496366614212079
eta_0.8,1973,0.2291607958224547,0.5458693775658892,-1.816029777521676
eta_0.8,1974,0.23411432401747215,0.5440665635395046,-1.8178325915480607
eta_0.8,1975,0.272322211666293,0.5538485192738674,-1.8080506358136978
eta_0.8,1976,0.27003345045689975,0.541307796488045,-1.8205913585995201
eta_0.8,1977,0.2641518359762681,0.5299744253289796,-1.8319247297585854
eta_0.8,1978,0.2689355589278886,0.6241839466773568,-1.7377152084102083
eta_0.8,1979,0.23447705013915973,0.5607139651210276,-1.8011851899665376
eta_0.8,1980,0.27646229323030425,0.6186944310789548,-1.7432047240086104
eta_0.8,1981,0.2440727710425607,0.5614388960572965,-1.8004602590302687
eta_0.8,1982,0.2941461799923382,0.6809896197485025,-1.6809095353390626
eta_0.8,1983,0.24621672679705725,0.5421821852472055,-1.8197169698403597
eta_0.8,1984,0.3499124332381506,0.59937777446742,-1.7625213806201452
eta_0.8,1985,0.2637336629566993,0.6033771243782696,-1.7585220307092957
eta_0.8,1986,0.2492285291330013,0.6271673635634867,-1.7347317915240785
eta_0.8,1987,0.2752741245930561,0.5814041544391129,-1.7804950006484523
eta_0.8,1988,0.2608261422321247,0.5726638614735167,-1.7892352936140485
eta_0.8,1989,0.23452268404401397,0.5866583625546113,-1.7752407925329539
eta_0.8,1990,0.26775324171130777,0.643610337622153,-1.718288817465412
eta_0.8,1991,0.24208512472074586,0.5322365913449494,-1.8296625637426158
eta_0.8,1992,0.2504832506513831,0.5757713604632256,-1.7861277946243397
eta_0.8,1993,0.24640220853421754,0.5730584067466074,-1.7888407483409579
eta_0.8,1994,0.2828183191228062,0.6095004781857954,-1.7523986769017696
eta_0.8,1995,0.24240564228641812,0.5204638594851567,-1.8414352956024085
eta_0.8,1996,0.26474848354857683,0.5454472473916554,-1.8164519076959098
eta_0.8,1997,0.2580887894757088,0.5902170856898243,-1.7716820693977409
eta_0.8,1998,0.26340745238757374,0.5800638241506406,-1.7818353309369246
eta_0.8,1999,0.26459018493007064,0.6020685585567336,-1.7598305965308316
isospectral_broken_8partition,0,0.2666672976048372,0.033221250502089475,-0.8220129290846253
isospectral_broken_8partition,1,0.3123938236692406,0.09379963098220806,-0.7614345486045067
isospectral_broken_8partition,2,0.28243530659814414,0.042291668129070745,-0.8129425114576441
isospectral_broken_8partition,3,0.31590458537610183,0.07955970960330741,-0.7756744699834074
isospectral_broken_8partition,4,0.27197102493899705,0.042543529568312935,-0.8126906500184018
isospectral_broken_8partition,5,0.2576173437331129,0.033970188037839175,-0.8212639915488756
isospectral_broken_8partition,6,0.2368265132558263,0.026280647873358157,-0.8289535317133566
isospectral_broken_8partition,7,0.36485568087861664,0.06752715786712718,-0.7877070217195876
isospectral_broken_8partition,8,0.2733067777956237,0.04842972429446983,-0.806804455292245
isospectral_broken_8partition,9,0.2807131652902233,0.050560071175239966,-0.8046741084114748
isospectral_broken_8partition,10,0.24845118298288182,0.039571624843455395,-0.8156625547432593
isospectral_broken_8partition,11,0.29444799331058613,0.07187263354408621,-0.7833615460426285
isospectral_broken_8partition,12,0.20868944920119026,0.02607598153442017,-0.8291581980522946
isospectral_broken_8partition,13,0.3366551079786163,0.06470459552790493,-0.7905295840588098
isospectral_broken_8partition,14,0.23334227484118106,0.02596344848652339,-0.8292707311001913
isospectral_broken_8partition,15,0.2760985654017748,0.040490122287993154,-0.8147440572987216
isospectral_broken_8partition,16,0.2734129019831354,0.03925148508433915,-0.8159826945023756
isospectral_broken_8partition,17,0.2823902011794608,0.04829613834115995,-0.8069380412455548
isospectral_broken_8partition,18,0.24250020162572802,0.03434033599072443,-0.8208938435959904
isospectral_broken_8partition,19,0.23879597434274083,0.05051714863030514,-0.8047170309564097
isospectral_broken_8partition,20,0.23073966984280825,0.04141971927585261,-0.8138144603108621
isospectral_broken_8partition,21,0.2597324766236449,0.07212477971027927,-0.7831093998764355
isospectral_broken_8partition,22,0.2950536203282073,0.04971655102206679,-0.8055176285646479
isospectral_broken_8partition,23,0.25306068808309523,0.02628224674683121,-0.8289519328398836
isospectral_broken_8partition,24,0.27428144824192957,0.058942944843066426,-0.7962912347436484
isospectral_broken_8partition,25,0.3205926128269981,0.06789506990625514,-0.7873391096804596
isospectral_broken_8partition,26,0.2323103842925377,0.03141562464995104,-0.8238185549367637
isospectral_broken_8partition,27,0.28026372516542364,0.038712363605180836,-0.816521815981534
isospectral_broken_8partition,28,0.2317360226314664,0.031940728619884166,-0.8232934509668306
isospectral_broken_8partition,29,0.23541372705128394,0.031226566283367785,-0.8240076133033469
isospectral_broken_8partition,30,0.31036936887177946,0.06891087867759343,-0.7863233009091213
isospectral_broken_8partition,31,0.22272504163624587,0.035009369156484116,-0.8202248104302307
isospectral_broken_8partition,32,0.2049807419491397,0.022576124468733937,-0.8326580551179809
isospectral_broken_8partition,33,0.2907192681842391,0.04255897294915492,-0.8126752066375599
isospectral_broken_8partition,34,0.2842632748305697,0.035545424580733134,-0.8196887550059816
isospectral_broken_8partition,35,0.20354835246269024,0.031773299530934024,-0.8234608800557808
isospectral_broken_8partition,36,0.2596833166367155,0.04754046541386058,-0.8076937141728542
isospectral_broken_8partition,37,0.2844060321330205,0.04513649077933077,-0.810097688807384
isospectral_broken_8partition,38,0.31778972659789595,0.05086100027187783,-0.804373179314837
isospectral_broken_8partition,39,0.2803083538384682,0.03684057732700867,-0.8183936022597061
isospectral_broken_8partition,40,0.23690102843775557,0.032693274866847574,-0.8225409047198672
isospectral_broken_8partition,41,0.26165982223452366,0.03170482826145474,-0.8235293513252601
isospectral_broken_8partition,42,0.2731881214031405,0.04363131760701692,-0.8116028619796979
isospectral_broken_8partition,43,0.28562925522689814,0.032561278895811015,-0.8226729006909037
isospectral_broken_8partition,44,0.31957013679109014,0.05710749673229145,-0.7981266828544233
isospectral_broken_8partition,45,0.28101065355058913,0.041602868222701386,-0.8136313113640133
isospectral_broken_8partition,46,0.31214520043885846,0.08255020794255893,-0.7726839716441558
isospectral_broken_8partition,47,0.28809523468768056,0.042787161033487765,-0.812447018553227
isospectral_broken_8partition,48,0.3037114906158509,0.0637645358748799,-0.7914696437118349
isospectral_broken_8partition,49,0.2852157475498681,0.06447196211890834,-0.7907622174678064
isospectral_broken_8partition,50,0.27961461962635586,0.038250943251619596,-0.8169832363350952
isospectral_broken_8partition,51,0.22150728998506455,0.024806414838828957,-0.8304277647478858
isospectral_broken_8partition,52,0.26800497816023144,0.05098478077830566,-0.8042493988084091
isospectral_broken_8partition,53,0.3554034229418608,0.048047677827760246,-0.8071865017589546
isospectral_broken_8partition,54,0.29123410921477216,0.05050361520171654,-0.8047305643849982
isospectral_broken_8partition,55,0.2793842903455679,0.06019984100023848,-0.7950343385864763
isospectral_broken_8partition,56,0.2589108484637614,0.03713440297480063,-0.8180997766119141
isospectral_broken_8partition,57,0.2665596112919999,0.048458699100219924,-0.8067754804864948
isospectral_broken_8partition,58,0.27071250657305884,0.03476166982753516,-0.8204725097591796
isospectral_broken_8partition,59,0.25354181553173866,0.034592154204967265,-0.8206420253817475
isospectral_broken_8partition,60,0.2810327547123862,0.06813355788265371,-0.787100621704061
isospectral_broken_8partition,61,0.2747586627392814,0.04468477545631558,-0.8105494041303992
isospectral_broken_8partition,62,0.3410251920603568,0.06680822206172826,-0.7884259575249866
isospectral_broken_8partition,63,0.29345115249372145,0.043775439669548784,-0.811458739917166
isospectral_broken_8partition,64,0.3158319549264362,0.06957200421316738,-0.7856621753735474
isospectral_broken_8partition,65,0.30832913443301546,0.05776606156641448,-0.7974681180203003
isospectral_broken_8partition,66,0.33735122379955707,0.06840604620181372,-0.7868281333849011
isospectral_broken_8partition,67,0.22414768691404877,0.02569247984130728,-0.8295416997454075
isospectral_broken_8partition,68,0.27743840571150347,0.041137496390249384,-0.8140966831964653
isospectral_broken_8partition,69,0.24720285150966176,0.0333296889064876,-0.8219044906802272
isospectral_broken_8partition,70,0.23323483364558434,0.041744632839012336,-0.8134895467477025
isospectral_broken_8partition,71,0.28393316023361237,0.08179401967364247,-0.7734401599130722
isospectral_broken_8partition,72,0.2956251330985327,0.04078089888356455,-0.8144532807031503
isospectral_broken_8partition,73,0.29108283580509353,0.04862588831088638,-0.8066082912758283
isospectral_broken_8partition,74,0.2669740396830593,0.04649290149658586,-0.8087412780901289
isospectral_broken_8partition,75,0.32757262520674446,0.06658833510856711,-0.7886458444781477
isospectral_broken_8partition,76,0.2575194678223691,0.03435838753392988,-0.8208757920527849
isospectral_broken_8partition,77,0.24742305390882288,0.027344338834532342,-0.8278898407521824
isospectral_broken_8partition,78,0.3540479269865006,0.09914362961948202,-0.7560905499672328
isospectral_broken_8partition,79,0.25993540624050837,0.03723090346439625,-0.8180032761223185
isospectral_broken_8partition,80,0.2419364674112318,0.03398670652587399,-0.8212474730608408
isospectral_broken_8partition,81,0.319107510218871,0.049040088070576054,-0.8061940915161387
isospectral_broken_8partition,82,0.29161039125282356,0.057681603410379645,-0.7975525761763351
isospectral_broken_8partition,83,0.2788211433814305,0.07500741522809354,-0.7802267643586213
isospectral_broken_8partition,84,0.25172184602688297,0.03329304196364164,-0.8219411376230731
isospectral_broken_8partition,85,0.2764092926673475,0.04599428090742826,-0.8092398986792865
isospectral_broken_8partition,86,0.30230658147825495,0.041857592371975026,-0.8133765872147397
isospectral_broken_8partition,87,0.267705090396895,0.04955133581975957,-0.8056828437669552
isospectral_broken_8partition,88,0.28849108705368615,0.06024433152198618,-0.7949898480647286
isospectral_broken_8partition,89,0.2656110501516347,0.04620429163847934,-0.8090298879482354
isospectral_broken_8partition,90,0.30034421332617467,0.040000560691187376,-0.8152336188955274
isospectral_broken_8partition,91,0.2382036713201522,0.03279180893671141,-0.8224423706500034
isospectral_broken_8partition,92,0.27104359164884617,0.05704598994494685,-0.798188189641768
isospectral_broken_8partition,93,0.31875154627565494,0.0854879520293997,-0.769746227557315
isospectral_broken_8partition,94,0.29735346904039306,0.05041692900855553,-0.8048172505781592
isospectral_broken_8partition,95,0.34122914775365665,0.07147971045831575,-0.7837544691283991
isospectral_broken_8partition,96,0.28201195129784706,0.04397720771442551,-0.8112569718722893
isospectral_broken_8partition,97,0.27192578994368266,0.03622717469594952,-0.8190070048907653
isospectral_broken_8partition,98,0.28080842987056953,0.05023941139027765,-0.8049947681964371
isospectral_broken_8partition,99,0.29529321803977016,0.028166098630938677,-0.8270680809557761
isospectral_broken_8partition,100,0.32273304531279956,0.04985116229767529,-0.8053830172890395
isospectral_broken_8partition,101,0.2608712024684616,0.04271948515846348,-0.8125146944282513
isospectral_broken_8partition,102,0.25551324434915024,0.03133712111815444,-0.8238970584685603
isospectral_broken_8partition,103,0.3053284404585058,0.05405558786394754,-0.8011785917227672
isospectral_broken_8partition,104,0.2632806200663362,0.05877108827479425,-0.7964630913119205
isospectral_broken_8partition,105,0.27977050481779514,0.0737608756139023,-0.7814733039728124
isospectral_broken_8partition,106,0.2916157791429612,0.03713097076731622,-0.8181032088193986
isospectral_broken_8partition,107,0.2869234017812292,0.04491379583020694,-0.8103203837565078
isospectral_broken_8partition,108,0.2623392996290349,0.04216652039920045,-0.8130676591875143
isospectral_broken_8partition,109,0.23452338996962097,0.0322430207161781,-0.8229911588705366
isospectral_broken_8partition,110,0.29885636133308446,0.04884615988701396,-0.8063880196997009
isospectral_broken_8partition,111,0.3078156406912028,0.05891781745827337,-0.7963163621284414
isospectral_broken_8partition,112,0.21778259093992292,0.02676998928893748,-0.8284641902977773
isospectral_broken_8partition,113,0.24992767972645266,0.03428443169372589,-0.8209497478929889
isospectral_broken_8partition,114,0.2960868174504415,0.03481588544195498,-0.8204182941447598
isospectral_broken_8partition,115,0.23226172460777283,0.021478084380968817,-0.833756095205746
isospectral_broken_8partition,116,0.26410220485069286,0.042240148846963727,-0.8129940307397511
isospectral_broken_8partition,117,0.29002438919862505,0.052784904106496326,-0.8024492754802185
isospectral_broken_8partition,118,0.26559674745877726,0.06250549829462713,-0.7927286812920876
isospectral_broken_8partition,119,0.33791689327995506,0.07745204740942721,-0.7777821321772875
isospectral_broken_8partition,120,0.3477875158140763,0.08113235650596198,-0.7741018230807528
isospectral_broken_8partition,121,0.26373842273481196,0.05065179420820115,-0.8045823853785137
isospectral_broken_8partition,122,0.23538184467502773,0.03277034952143596,-0.8224638300652788
isospectral_broken_8partition,123,0.2389554312231694,0.03089500537900859,-0.8243391742077062
isospectral_broken_8partition,124,0.23541297563675645,0.04466834548269136,-0.8105658341040234
isospectral_broken_8partition,125,0.33495118293266385,0.06355779672374551,-0.7916763828629693
isospectral_broken_8partition,126,0.28524548281381457,0.04841708919378442,-0.8068170903929304
isospectral_broken_8partition,127,0.3000343359381131,0.052698572224344334,-0.8025356073623704
isospectral_broken_8partition,128,0.2910902050320824,0.07113858042071697,-0.7840955991659978
isospectral_broken_8partition,129,0.22134385493447864,0.030229160852165878,-0.8250050187345489
isospectral_broken_8partition,130,0.2609416289223196,0.02967225859546913,-0.8255619209912456
isospectral_broken_8partition,131,0.266530501066647,0.06663759216015258,-0.7885965874265621
isospectral_broken_8partition,132,0.3159397864445461,0.06249928516150759,-0.7927348944252072
isospectral_broken_8partition,133,0.31925816568632054,0.06229359755659819,-0.7929405820301165
isospectral_broken_8partition,134,0.2543555646521947,0.04565664162894084,-0.8095775379577739
isospectral_broken_8partition,135,0.29877328326259267,0.0460141918820058,-0.8092199877047089
isospectral_broken_8partition,136,0.2764637403073259,0.03720673433084188,-0.8180274452558729
isospectral_broken_8partition,137,0.25452368400919756,0.02976656381358748,-0.8254676157731273
isospectral_broken_8partition,138,0.32319196534703676,0.05579635281741191,-0.7994378267693029
isospectral_broken_8partition,139,0.24686454993725163,0.036991057246773956,-0.8182431223399408
isospectral_broken_8partition,140,0.2824359475934185,0.04002513761734128,-0.8152090419693735
isospectral_broken_8partition,141,0.31698288535504826,0.06529951531473638,-0.7899346642719784
isospectral_broken_8partition,142,0.23870305683415804,0.029474965485572595,-0.8257592141011422
isospectral_broken_8partition,143,0.3413644919922465,0.09779606975288933,-0.7574381098338254
isospectral_broken_8partition,144,0.23896782692342522,0.02792542473434311,-0.8273087548523717
isospectral_broken_8partition,145,0.24808465141651084,0.028244332394554577,-0.8269898471921602
isospectral_broken_8partition,146,0.2504932730419148,0.03885553016445814,-0.8163786494222567
isospectral_broken_8partition,147,0.2765603464347101,0.05837456814026766,-0.7968596114464471
isospectral_broken_8partition,148,0.265555900426767,0.04238690527155903,-0.8128472743151558
isospectral_broken_8partition,149,0.284160153821097,0.08989684600566496,-0.7653373335810498
isospectral_broken_8partition,150,0.27316838288178763,0.04315622203490979,-0.812077957551805
isospectral_broken_8partition,151,0.2764200190669242,0.038848094442955755,-0.816386085143759
isospectral_broken_8partition,152,0.27100951958448005,0.046865986783696925,-0.8083681928030179
isospectral_broken_8partition,153,0.28484319747277853,0.052627159758402896,-0.8026070198283118
isospectral_broken_8partition,154,0.3682072305799538,0.07140738024861831,-0.7838267993380965
isospectral_broken_8partition,155,0.2971559275016521,0.041222623985904,-0.8140115556008107
isospectral_broken_8partition,156,0.2843340571079821,0.0705506386025733,-0.7846835409841415
isospectral_broken_8partition,157,0.3090075721785913,0.05857610230699938,-0.7966580772797154
isospectral_broken_8partition,158,0.273529416598942,0.05534427079322658,-0.7998899087934882
isospectral_broken_8partition,159,0.2542308129074743,0.038544916450376006,-0.8166892631363387
isospectral_broken_8partition,160,0.3257850992665046,0.05927310974326396,-0.7959610698434508
isospectral_broken_8partition,161,0.24351365502272632,0.04223899303900015,-0.8129951865477146
isospectral_broken_8partition,162,0.29342446769371827,0.044266711272497,-0.8109674683142177
isospectral_broken_8partition,163,0.2573881033656531,0.044497423075363876,-0.8107367565113509
isospectral_broken_8partition,164,0.24495819873932506,0.04954238894234156,-0.8056917906443732
isospectral_broken_8partition,165,0.23030946997109064,0.022856780751956476,-0.8323773988347583
isospectral_broken_8partition,166,0.24622221116524298,0.04820184099340448,-0.8070323385933103
isospectral_broken_8partition,167,0.262293216410464,0.039657471586389374,-0.8155767080003254
isospectral_broken_8partition,168,0.24661667064145176,0.056589908650679324,-0.7986442709360354
isospectral_broken_8partition,169,0.23535685866942463,0.042698967149122885,-0.8125352124375919
isospectral_broken_8partition,170,0.25795415895147206,0.030374917944191032,-0.8248592616425238
isospectral_broken_8partition,171,0.2766983374437516,0.034404160033596906,-0.8208300195531179
isospectral_broken_8partition,172,0.2523748666015048,0.05167000143258338,-0.8035641781541314
isospectral_broken_8partition,173,0.3061698099530966,0.1043438244803561,-0.7508903551063587
isospectral_broken_8partition,174,0.22407303726776115,0.030257255887838442,-0.8249769236988763
isospectral_broken_8partition,175,0.3012479032332308,0.07630908582995719,-0.7789250937567576
isospectral_broken_8partition,176,0.27210310789720027,0.043811274549141827,-0.811422905037573
isospectral_broken_8partition,177,0.25972418555014587,0.047169170503981186,-0.8080650090827336
isospectral_broken_8partition,178,0.24739840410076808,0.053219611847091446,-0.8020145677396233
isospectral_broken_8partition,179,0.25669128502847766,0.038854626709679235,-0.8163795528770356
isospectral_broken_8partition,180,0.2679108378574566,0.03760934088832752,-0.8176248386983872
isospectral_broken_8partition,181,0.2553795069005696,0.02867010975538318,-0.8265640698313316
isospectral_broken_8partition,182,0.2842374069450351,0.06055528711030157,-0.7946788924764132
isospectral_broken_8partition,183,0.2792320037736041,0.03407073336815081,-0.821163446218564
isospectral_broken_8partition,184,0.3056141136057002,0.05974840090180791,-0.7954857786849069
isospectral_broken_8partition,185,0.25257276940642714,0.054458851830661945,-0.8007753277560529
isospectral_broken_8partition,186,0.3704336857549416,0.09881074321195986,-0.756423436374755
isospectral_broken_8partition,187,0.29448869598452315,0.054606268804126806,-0.800627910782588
isospectral_broken_8partition,188,0.26581147609412936,0.04252691823525537,-0.8127072613514594
isospectral_broken_8partition,189,0.2238464240217883,0.0505374717046198,-0.804696707882095
isospectral_broken_8partition,190,0.2907146485027482,0.06107874440674513,-0.7941554351799697
isospectral_broken_8partition,191,0.25633126390234895,0.029570636433226917,-0.8256635431534879
isospectral_broken_8partition,192,0.24951901354131673,0.03237290018838283,-0.822861279398332
isospectral_broken_8partition,193,0.3155163408343167,0.0728415568777447,-0.78239262270897
isospectral_broken_8partition,194,0.31648988521128607,0.04862785464891187,-0.8066063249378029
isospectral_broken_8partition,195,0.2255669098038193,0.037160679369654885,-0.8180735002170599
isospectral_broken_8partition,196,0.25114808675919575,0.03703682999821826,-0.8181973495884965
isospectral_broken_8partition,197,0.3370593964050077,0.07439962293992734,-0.7808345566467875
isospectral_broken_8partition,198,0.2781012961953708,0.05487446942019801,-0.8003597101665167
isospectral_broken_8partition,199,0.20430714165126712,0.02283357116861931,-0.8324006084180955
isospectral_broken_8partition,200,0.33119087224165744,0.06707619266396508,-0.7881579869227497
isospectral_broken_8partition,201,0.24084690312271423,0.033543010616778945,-0.8216911689699358
isospectral_broken_8partition,202,0.2536235996784731,0.05546413970431181,-0.7997700398824029
isospectral_broken_8partition,203,0.2561087757717878,0.031009576462806856,-0.8242246031239079
isospectral_broken_8partition,204,0.3016054813602289,0.12534177332362023,-0.7298924062630945
isospectral_broken_8partition,205,0.26772123900886774,0.0616966173030259,-0.7935375622836889
isospectral_broken_8partition,206,0.2946573230363183,0.05930155943051345,-0.7959326201562014
isospectral_broken_8partition,207,0.2502287592365099,0.04168889831085765,-0.8135452812758571
isospectral_broken_8partition,208,0.35150196497014885,0.0801112911559046,-0.7751228884308101
isospectral_broken_8partition,209,0.2675635231999666,0.030704029270959533,-0.8245301503157553
isospectral_broken_8partition,210,0.24385023357875923,0.03006956568943219,-0.8251646138972826
isospectral_broken_8partition,211,0.33529415161121995,0.0681040843523082,-0.7871300952344066
isospectral_broken_8partition,212,0.2772239662573608,0.04692258279141583,-0.808311596795299
isospectral_broken_8partition,213,0.2610333807739448,0.039378792487369946,-0.8158553870993448
isospectral_broken_8partition,214,0.28171843220911863,0.12389535138636687,-0.7313388282003479
isospectral_broken_8partition,215,0.34819687549200284,0.09678288922538675,-0.7584512903613281
isospectral_broken_8partition,216,0.27605439131140513,0.04691148267736369,-0.8083226969093511
isospectral_broken_8partition,217,0.27591923269606067,0.031723792701056366,-0.8235103868856584
isospectral_broken_8partition,218,0.27753378408505486,0.040373058338678366,-0.8148611212480364
isospectral_broken_8partition,219,0.2679071290713494,0.05208370009689818,-0.8031504794898165
isospectral_broken_8partition,220,0.2606978245936433,0.03545835429801422,-0.8197758252887005
isospectral_broken_8partition,221,0.26253472341613204,0.06128963727063037,-0.7939445423160844
isospectral_broken_8partition,222,0.32144264934309386,0.05312133239429623,-0.8021128471924186
isospectral_broken_8partition,223,0.21116475871220053,0.01935521457241829,-0.8358789650142965
isospectral_broken_8partition,224,0.2636348413133905,0.03660929669301056,-0.8186248828937042
isospectral_broken_8partition,225,0.316228909885509,0.06161490714163099,-0.7936192724450838
isospectral_broken_8partition,226,0.26257797029446783,0.0407419300016313,-0.8144922495850835
isospectral_broken_8partition,227,0.27734562159110887,0.06738428592285164,-0.7878498936638632
isospectral_broken_8partition,228,0.26997906236457364,0.06850096292796287,-0.786733216658752
isospectral_broken_8partition,229,0.293268860821718,0.04933805747081163,-0.8058961221159031
isospectral_broken_8partition,230,0.2765217526563759,0.03784343065724446,-0.8173907489294703
isospectral_broken_8partition,231,0.3495300766924575,0.0674129349157313,-0.7878212446709835
isospectral_broken_8partition,232,0.3179985775380733,0.07604645700206125,-0.7791877225846535
isospectral_broken_8partition,233,0.22413467351618416,0.022142495808524662,-0.8330916837781901
isospectral_broken_8partition,234,0.2842982028296711,0.04117131429028998,-0.8140628652964248
isospectral_broken_8partition,235,0.2780339553924467,0.05199427337134488,-0.8032399062153699
isospectral_broken_8partition,236,0.28971937108208234,0.053816895841065394,-0.8014172837456494
isospectral_broken_8partition,237,0.2602799069289155,0.0278015033779492,-0.8274326762087656
isospectral_broken_8partition,238,0.3056483957073025,0.04920502759544242,-0.8060291519912723
isospectral_broken_8partition,239,0.25687274813456223,0.036691467793364546,-0.8185427117933503
isospectral_broken_8partition,240,0.24269372517011914,0.027086484601728418,-0.8281476949849863
isospectral_broken_8partition,241,0.37489318100376146,0.05752184430261506,-0.7977123352840997
isospectral_broken_8partition,242,0.2411231191675175,0.02758294411015822,-0.8276512354765565
isospectral_broken_8partition,243,0.2607423881223654,0.0453726478971938,-0.809861531689521
isospectral_broken_8partition,244,0.2912939458141396,0.07279505944694345,-0.7824391201397713
isospectral_broken_8partition,245,0.2696986304195596,0.05133732157137322,-0.8038968580153416
isospectral_broken_8partition,246,0.26655359856418837,0.03077250445916971,-0.8244616751275451
isospectral_broken_8partition,247,0.2577328498290369,0.052776502138321246,-0.8024576774483936
isospectral_broken_8partition,248,0.2671992217222597,0.0622364812747854,-0.7929976983119293
isospectral_broken_8partition,249,0.24855706864603339,0.029546252978741028,-0.8256879266079737
isospectral_broken_8partition,250,0.32063057901213143,0.07553137689022521,-0.7797028026964896
isospectral_broken_8partition,251,0.27036551149964133,0.05875857941006556,-0.7964756001766492
isospectral_broken_8partition,252,0.27201262403479803,0.05076778233468808,-0.8044663972520267
isospectral_broken_8partition,253,0.26564570601735654,0.07966249369944553,-0.7755716858872692
isospectral_broken_8partition,254,0.22438584263901967,0.034143915201055565,-0.8210902643856592
isospectral_broken_8partition,255,0.2609654163163899,0.02130641801630813,-0.8339277615704066
isospectral_broken_8partition,256,0.3119875624344179,0.09279147251308091,-0.7624427070736338
isospectral_broken_8partition,257,0.26730252403532107,0.04620537065916294,-0.8090288089275518
isospectral_broken_8partition,258,0.22748948142224729,0.02350650772888043,-0.8317276718578344
isospectral_broken_8partition,259,0.2262536933031925,0.02926753991447783,-0.8259666396722369
isospectral_broken_8partition,260,0.2965511340301419,0.08153453408694171,-0.7736996454997731
isospectral_broken_8partition,261,0.2805827594445316,0.0693475637710007,-0.7858866158157141
isospectral_broken_8partition,262,0.26383105954949093,0.023314959438703806,-0.831919220148011
isospectral_broken_8partition,263,0.28671721763366403,0.036201959627529895,-0.8190322199591848
isospectral_broken_8partition,264,0.29835346526209056,0.05205644532486114,-0.8031777342618537
isospectral_broken_8partition,265,0.20867147516151963,0.014659591432279313,-0.8405745881544354
isospectral_broken_8partition,266,0.26913769025007117,0.04819117765136202,-0.8070430019353527
isospectral_broken_8partition,267,0.29798647362637054,0.05484559849460158,-0.8003885810921132
isospectral_broken_8partition,268,0.28025073738288264,0.042864732274034895,-0.8123694473126799
isospectral_broken_8partition,269,0.2832660497800864,0.05049461727961125,-0.8047395623071035
isospectral_broken_8partition,270,0.31848579252402676,0.1028337629372402,-0.7524004166494745
isospectral_broken_8partition,271,0.34429845296835215,0.05516008598203409,-0.8000740936046806
isospectral_broken_8partition,272,0.287372284664683,0.040308650210772325,-0.8149255293759424
isospectral_broken_8partition,273,0.2662770514770881,0.032786372853026574,-0.8224478067336882
isospectral_broken_8partition,274,0.2631608881096807,0.05045975854681818,-0.8047744210398966
isospectral_broken_8partition,275,0.22433444054359908,0.041875863357974684,-0.8133583162287401
isospectral_broken_8partition,276,0.3214859861244533,0.06209300097994932,-0.7931411786067655
isospectral_broken_8partition,277,0.2934019893675064,0.03864747171388286,-0.8165867078728319
isospectral_broken_8partition,278,0.25468965287795203,0.04142144053552799,-0.8138127390511868
isospectral_broken_8partition,279,0.2992910070500019,0.06210977342933318,-0.7931244061573816
isospectral_broken_8partition,280,0.29203864992309964,0.04047141110307028,-0.8147627684836445
isospectral_broken_8partition,281,0.2811484698630293,0.055446202781954,-0.7997879768047608
isospectral_broken_8partition,282,0.22984322429094156,0.026534618848539963,-0.8286995607381749
isospectral_broken_8partition,283,0.28465478994468085,0.06148117222151108,-0.7937530073652037
isospectral_broken_8partition,284,0.30085779901721016,0.05683245363249176,-0.798401725954223
isospectral_broken_8partition,285,0.29348338857090916,0.04569007475298324,-0.8095441048337315
isospectral_broken_8partition,286,0.20767223713834668,0.025105287140049795,-0.830128892446665
isospectral_broken_8partition,287,0.28160862615580573,0.048063746453587915,-0.8071704331331269
isospectral_broken_8partition,288,0.26310006623881643,0.04172828333272542,-0.8135058962539894
isospectral_broken_8partition,289,0.30209487852866235,0.054192857377965656,-0.8010413222087491
isospectral_broken_8partition,290,0.235836812050047,0.02866786310969048,-0.8265663164770243
isospectral_broken_8partition,291,0.25752250950806144,0.04399293819840465,-0.8112412413883101
isospectral_broken_8partition,292,0.31449966331468443,0.05249669378192398,-0.8027374858047908
isospectral_broken_8partition,293,0.27722719277373375,0.05136808778892639,-0.8038660917977883
isospectral_broken_8partition,294,0.24777710108377204,0.041776388427178776,-0.813457791159536
isospectral_broken_8partition,295,0.2835784130043832,0.04335002267151118,-0.8118841569152035
isospectral_broken_8partition,296,0.188783853666275,0.0130866382343081,-0.8421475413524067
isospectral_broken_8partition,297,0.2527285414038733,0.04194688596448372,-0.8132872936222311
isospectral_broken_8partition,298,0.22502905329697298,0.03034743247006066,-0.8248867471166541
isospectral_broken_8partition,299,0.24737292343188846,0.026126017084290312,-0.8291081625024245
isospectral_broken_8partition,300,0.23982944447971405,0.0326598957934377,-0.822574283793277
isospectral_broken_8partition,301,0.24134259670510644,0.03743153704580214,-0.8178026425409126
isospectral_broken_8partition,302,0.27757081873526956,0.04417377599343293,-0.8110604035932818
isospectral_broken_8partition,303,0.2342384920224379,0.017560250250668707,-0.837673929336046
isospectral_broken_8partition,304,0.26127217634894023,0.024542857116918754,-0.830691322469796
isospectral_broken_8partition,305,0.34376837487862044,0.04825963640271759,-0.8069745431839972
isospectral_broken_8partition,306,0.30238003991411727,0.04681835406805449,-0.8084158255186603
isospectral_broken_8partition,307,0.27787726041910105,0.02873444937745455,-0.8264997302092603
isospectral_broken_8partition,308,0.2992385747969051,0.06605638913262396,-0.7891777904540909
isospectral_broken_8partition,309,0.23776329607309254,0.03153534226301236,-0.8236988373237024
isospectral_broken_8partition,310,0.2525130720809533,0.0320522737817347,-0.8231819058049801
isospectral_broken_8partition,311,0.24179636397574736,0.052656383294597243,-0.8025777962921176
isospectral_broken_8partition,312,0.2653069294738713,0.04647696412679624,-0.8087572154599185
isospectral_broken_8partition,313,0.24707181749489326,0.04497950464606908,-0.8102546749406457
isospectral_broken_8partition,314,0.23600801009092448,0.03262095738958653,-0.8226132221971283
isospectral_broken_8partition,315,0.23915826157482745,0.024724858293226397,-0.8305093212934884
isospectral_broken_8partition,316,0.29801037164088773,0.0671160722581757,-0.788118107328539
isospectral_broken_8partition,317,0.2774397429758977,0.05656883813098145,-0.7986653414557333
isospectral_broken_8partition,318,0.29193897719121187,0.06278019840384347,-0.7924539811828712
isospectral_broken_8partition,319,0.2672344949755543,0.037756058830652056,-0.8174781207560627
isospectral_broken_8partition,320,0.33043177137656166,0.060947218230224594,-0.7942869613564901
isospectral_broken_8partition,321,0.28666191401064256,0.05484964088402151,-0.8003845387026932
isospectral_broken_8partition,322,0.2797181253274037,0.04132294448040218,-0.8139112351063126
isospectral_broken_8partition,323,0.33351216768490005,0.05864380827635002,-0.7965903713103648
isospectral_broken_8partition,324,0.25848408991988003,0.049827644893619794,-0.805406534693095
isospectral_broken_8partition,325,0.2601881178419489,0.04608364143965705,-0.8091505381470577
isospectral_broken_8partition,326,0.24164421926861507,0.03765206780165598,-0.8175821117850588
isospectral_broken_8partition,327,0.2258600648415775,0.02875686869793787,-0.8264773108887769
isospectral_broken_8partition,328,0.25631131806196394,0.04511734262572005,-0.8101168369609947
isospectral_broken_8partition,329,0.2829034156118374,0.0606896334500982,-0.7945445461366165
isospectral_broken_8partition,330,0.27500496075693037,0.058839425446359235,-0.7963947541403555
isospectral_broken_8partition,331,0.30899464971387847,0.0702094515231145,-0.7850247280636002
isospectral_broken_8partition,332,0.34963162814762033,0.06747748083761172,-0.787756698749103
isospectral_broken_8partition,333,0.3300965767365873,0.059761710423648334,-0.7954724691630665
isospectral_broken_8partition,334,0.25250546364758114,0.049945316128302095,-0.8052888634584127
isospectral_broken_8partition,335,0.31130894007026433,0.03947154113073009,-0.8157626384559846
isospectral_broken_8partition,336,0.26923669488353985,0.0510636335751893,-0.8041705460115255
isospectral_broken_8partition,337,0.28407549501664786,0.04488207172200111,-0.8103521078647137
isospectral_broken_8partition,338,0.3572199700843093,0.06841807361694538,-0.7868161059697694
isospectral_broken_8partition,339,0.3428854941571606,0.052461742424597314,-0.8027724371621174
isospectral_broken_8partition,340,0.2962618749846673,0.06197732599082091,-0.7932568535958938
isospectral_broken_8partition,341,0.25714866467549735,0.02759042012316508,-0.8276437594635497
isospectral_broken_8partition,342,0.2906844128628633,0.053684627246660094,-0.8015495523400546
isospectral_broken_8partition,343,0.33438102288468075,0.10266827749361374,-0.752565902093101
isospectral_broken_8partition,344,0.24200252779921833,0.035096270422277795,-0.820137909164437
isospectral_broken_8partition,345,0.21543260200121755,0.024631993626240738,-0.8306021859604741
isospectral_broken_8partition,346,0.28168382569413175,0.055704669188145345,-0.7995295103985695
isospectral_broken_8partition,347,0.28826785036774544,0.038411577342303604,-0.8168226022444112
isospectral_broken_8partition,348,0.25662281242645113,0.04579041247112989,-0.8094437671155849
isospectral_broken_8partition,349,0.3381704246739444,0.13285659576703623,-0.7223775838196785
isospectral_broken_8partition,350,0.24416568763189025,0.04327326984171369,-0.8119609097450011
isospectral_broken_8partition,351,0.2799641593774619,0.03638240875334532,-0.8188517708333695
isospectral_broken_8partition,352,0.32605605950697764,0.09921361899968814,-0.7560205605870266
isospectral_broken_8partition,353,0.24947492979271513,0.051504120901637154,-0.8037300586850776
isospectral_broken_8partition,354,0.33826527040668164,0.10869053444690623,-0.7465436451398085
isospectral_broken_8partition,355,0.2851362601554859,0.05255692620584182,-0.8026772533808729
isospectral_broken_8partition,356,0.27349081552032434,0.039522379983736616,-0.8157117996029781
isospectral_broken_8partition,357,0.24220460040438863,0.04237554454227441,-0.8128586350444403
isospectral_broken_8partition,358,0.283820562491923,0.05447036161175668,-0.8007638179749581
isospectral_broken_8partition,359,0.2835565766653829,0.04748200868858221,-0.8077521708981326
isospectral_broken_8partition,360,0.28381311019296673,0.04403640621069041,-0.8111977733760244
isospectral_broken_8partition,361,0.2919911009580949,0.03850435148202837,-0.8167298281046864
isospectral_broken_8partition,362,0.25024368761766796,0.034984726279683125,-0.8202494533070317
isospectral_broken_8partition,363,0.2749326735806027,0.05136880479403307,-0.8038653747926817
isospectral_broken_8partition,364,0.21823668852450598,0.029919664735291913,-0.8253145148514228
isospectral_broken_8partition,365,0.32682868595324827,0.07044842690619021,-0.7847857526805245
isospectral_broken_8partition,366,0.26092094625371565,0.05472826862480158,-0.8005059109619131
isospectral_broken_8partition,367,0.2387201854409211,0.03686011027728876,-0.818374069309426
isospectral_broken_8partition,368,0.27735138761581934,0.04570849760579919,-0.8095256819809156
isospectral_broken_8partition,369,0.28036040345167806,0.05088840507508181,-0.8043457745116329
isospectral_broken_8partition,370,0.23373118721844327,0.049480797473507,-0.8057533821132078
isospectral_broken_8partition,371,0.25167916747199975,0.03964631534151821,-0.8155878642451966
isospectral_broken_8partition,372,0.2436719335062289,0.03459475121852698,-0.8206394283681878
isospectral_broken_8partition,373,0.26916087516394593,0.05805343525311385,-0.797180744333601
isospectral_broken_8partition,374,0.25502283368031103,0.04275142714623137,-0.8124827524404834
isospectral_broken_8partition,375,0.298428975329874,0.05359835844810845,-0.8016358211386063
isospectral_broken_8partition,376,0.2695128611379308,0.04588455322411937,-0.8093496263625954
isospectral_broken_8partition,377,0.2719692533808358,0.01977542663664962,-0.8354587529500651
isospectral_broken_8partition,378,0.264106661947334,0.030484507502985883,-0.8247496720837288
isospectral_broken_8partition,379,0.20468025912019477,0.022473483254395084,-0.8327606963323196
isospectral_broken_8partition,380,0.25856060387312096,0.04168107006835867,-0.8135531095183561
isospectral_broken_8partition,381,0.23992830975672907,0.03200525363600738,-0.8232289259507074
isospectral_broken_8partition,382,0.3792521008599795,0.09110554532878173,-0.764128634257933
isospectral_broken_8partition,383,0.27126287267540306,0.044887672844194516,-0.8103465067425203
isospectral_broken_8partition,384,0.31571842875567946,0.06173681646779492,-0.7934973631189198
isospectral_broken_8partition,385,0.2867467129824259,0.04530788111759374,-0.809926298469121
isospectral_broken_8partition,386,0.33176402851503317,0.1200840441525639,-0.7351501354341509
isospectral_broken_8partition,387,0.25488212510339897,0.031008422097276788,-0.8242257574894379
isospectral_broken_8partition,388,0.30351990502617154,0.05537291704461922,-0.7998612625420956
isospectral_broken_8partition,389,0.2533687787975667,0.038442148068617,-0.8167920315180978
isospectral_broken_8partition,390,0.31167655164804,0.06112615011886859,-0.7941080294678462
isospectral_broken_8partition,391,0.23856859364864402,0.05199092735113897,-0.8032432522355758
isospectral_broken_8partition,392,0.2571093006394047,0.043996732941752624,-0.8112374466449621
isospectral_broken_8partition,393,0.2904247790821755,0.048190502917537695,-0.8070436766691771
isospectral_broken_8partition,394,0.2068074026845288,0.01870185172577487,-0.8365323278609399
isospectral_broken_8partition,395,0.2999002425474593,0.05997231848256586,-0.7952618611041489
isospectral_broken_8partition,396,0.28921526759203375,0.06467408950267146,-0.7905600900840433
isospectral_broken_8partition,397,0.2920783671651975,0.056550327375541366,-0.7986838522111734
isospectral_broken_8partition,398,0.3021898416841913,0.04820324237128622,-0.8070309372154285
isospectral_broken_8partition,399,0.3411018729276796,0.0748446981402722,-0.7803894814464426
isospectral_broken_8partition,400,0.2520167666860594,0.035162220736320436,-0.8200719588503943
isospectral_broken_8partition,401,0.3000055907253699,0.0689482994948585,-0.7862858800918563
isospectral_broken_8partition,402,0.29062900052856266,0.05286504551459805,-0.8023691340721167
isospectral_broken_8partition,403,0.27504421995800454,0.06529812005127886,-0.7899360595354359
isospectral_broken_8partition,404,0.2690598419760819,0.06321558159955204,-0.7920185979871628
isospectral_broken_8partition,405,0.26312182191848205,0.0414029451107744,-0.8138312344759404
isospectral_broken_8partition,406,0.25096498732756667,0.046556374199693884,-0.8086778053870209
isospectral_broken_8partition,407,0.20846589453747572,0.02791827795060195,-0.8273159016361128
isospectral_broken_8partition,408,0.31150849279291837,0.04033716346942976,-0.814897016117285
isospectral_broken_8partition,409,0.29694345340452305,0.06825602053502611,-0.7869781590516887
isospectral_broken_8partition,410,0.2733060800396761,0.0449006128760283,-0.8103335667106865
isospectral_broken_8partition,411,0.22726770787925116,0.029277529805417993,-0.8259566497812968
isospectral_broken_8partition,412,0.32149483569925075,0.040214960855153636,-0.8150192187315611
isospectral_broken_8partition,413,0.3210898608948306,0.06099880423690274,-0.794235375349812
isospectral_broken_8partition,414,0.30902074586708883,0.0524583502814917,-0.8027758293052231
isospectral_broken_8partition,415,0.24721959882239125,0.03272028392219423,-0.8225138956645206
isospectral_broken_8partition,416,0.2567798047136384,0.0329853444575335,-0.8222488351291812
isospectral_broken_8partition,417,0.23099388951473887,0.03451715790664955,-0.8207170216800652
isospectral_broken_8partition,418,0.2728151760031898,0.06229541960427118,-0.7929387599824436
isospectral_broken_8partition,419,0.26541589908794794,0.040260588838318546,-0.8149735907483963
isospectral_broken_8partition,420,0.26714814680569365,0.03311461000812538,-0.8221195695785894
isospectral_broken_8partition,421,0.2803150407362066,0.05762795895395714,-0.7976062206327577
isospectral_broken_8partition,422,0.32047704633694607,0.06309198433843158,-0.7921421952482832
isospectral_broken_8partition,423,0.2510841375920451,0.030566717038110272,-0.8246674625486045
isospectral_broken_8partition,424,0.22983350324000124,0.033310534397105435,-0.8219236451896094
isospectral_broken_8partition,425,0.2482324228740464,0.03650869104864411,-0.8187254885380707
isospectral_broken_8partition,426,0.25146373672082234,0.047046347831716136,-0.8081878317549986
isospectral_broken_8partition,427,0.28015899373300157,0.03162308514864023,-0.8236110944380746
isospectral_broken_8partition,428,0.24023054723020898,0.045843965318571905,-0.8093902142681428
isospectral_broken_8partition,429,0.3471474929818129,0.07401194425298195,-0.7812222353337328
isospectral_broken_8partition,430,0.27881974410247456,0.03008585014793854,-0.8251483294387763
isospectral_broken_8partition,431,0.29310733096098707,0.030830392196504727,-0.82440378739021
isospectral_broken_8partition,432,0.2555108345841776,0.054321181265364074,-0.8009129983213507
isospectral_broken_8partition,433,0.2922664071842901,0.04097734523256161,-0.8142568343541532
isospectral_broken_8partition,434,0.3047953542448864,0.060214077031553286,-0.7950201025551615
isospectral_broken_8partition,435,0.27542452968776865,0.03925836250424219,-0.8159758170824726
isospectral_broken_8partition,436,0.24588835802234016,0.030781058521438413,-0.8244531210652764
isospectral_broken_8partition,437,0.25400797246694784,0.04089214388310368,-0.8143420357036111
isospectral_broken_8partition,438,0.30041789320717593,0.07519010659354355,-0.7800440729931712
isospectral_broken_8partition,439,0.2859542489146155,0.045372507855665434,-0.8098616717310494
isospectral_broken_8partition,440,0.27039863152212973,0.04861194781456955,-0.8066222317721452
isospectral_broken_8partition,441,0.2796654739882678,0.05558940078598787,-0.7996447788007269
isospectral_broken_8partition,442,0.28177683835222533,0.048772203976864686,-0.8064619756098501
isospectral_broken_8partition,443,0.3129379588426441,0.0854657205390233,-0.7697684590476914
isospectral_broken_8partition,444,0.20744310983462688,0.030805075920257243,-0.8244291036664575
isospectral_broken_8partition,445,0.24450069975793642,0.029907753179201333,-0.8253264264075134
isospectral_broken_8partition,446,0.3253568964376238,0.06844133452200399,-0.7867928450647108
isospectral_broken_8partition,447,0.3155119680609839,0.04434225299771239,-0.8108919265890023
isospectral_broken_8partition,448,0.33929140587210344,0.06063509140843031,-0.7945990881782845
isospectral_broken_8partition,449,0.2650468557478185,0.03909763458685166,-0.8161365449998631
isospectral_broken_8partition,450,0.3029079296000386,0.054890322852257034,-0.8003438567344577
isospectral_broken_8partition,451,0.271519721520726,0.035727751089856714,-0.8195064284968581
isospectral_broken_8partition,452,0.25753778676337674,0.03562348349370802,-0.8196106960930067
isospectral_broken_8partition,453,0.22088429573790797,0.032842474740828756,-0.822391704845886
isospectral_broken_8partition,454,0.2623386931823005,0.03915519894474931,-0.8160789806419655
isospectral_broken_8partition,455,0.2805940893445227,0.04300282733224602,-0.8122313522544687
isospectral_broken_8partition,456,0.2830351049654623,0.045440127563551515,-0.8097940520231632
isospectral_broken_8partition,457,0.25103695992800124,0.04733568107388516,-0.8078984985128296
isospectral_broken_8partition,458,0.2818487619295892,0.021493050577598642,-0.8337411290091161
isospectral_broken_8partition,459,0.24096073188226078,0.0457083681586741,-0.8095258114280407
isospectral_broken_8partition,460,0.35918862620200653,0.08482593748100808,-0.7704082421057067
isospectral_broken_8partition,461,0.2743858186318637,0.05676925123674155,-0.7984649283499732
isospectral_broken_8partition,462,0.2776889698580427,0.07214340350642018,-0.7830907760802945
isospectral_broken_8partition,463,0.27697674915731485,0.03566202423390061,-0.8195721553528141
isospectral_broken_8partition,464,0.23968379454615085,0.03324874787708034,-0.8219854317096345
isospectral_broken_8partition,465,0.2394147335327696,0.03804513957264319,-0.8171890400140716
isospectral_broken_8partition,466,0.24260515559733295,0.03654714502096695,-0.8186870345657479
isospectral_broken_8partition,467,0.28392670407287657,0.043751169602915856,-0.811483009983799
isospectral_broken_8partition,468,0.29702026946353743,0.05689195329306293,-0.7983422262936518
isospectral_broken_8partition,469,0.2947091833058405,0.05600604530870494,-0.7992281342780099
isospectral_broken_8partition,470,0.27438856157977043,0.03455390829131823,-0.8206802712953966
isospectral_broken_8partition,471,0.24217912134374464,0.03717109945528577,-0.818063080131429
isospectral_broken_8partition,472,0.2787961588830706,0.03806159719468423,-0.8171725823920305
isospectral_broken_8partition,473,0.29030371998258275,0.04623704639739783,-0.808997133189317
isospectral_broken_8partition,474,0.22179804422603602,0.02072627040575275,-0.8345079091809621
isospectral_broken_8partition,475,0.2752608096942525,0.05692999633007426,-0.7983041832566405
isospectral_broken_8partition,476,0.23963497494203478,0.04312806120341277,-0.812106118383302
isospectral_broken_8partition,477,0.3181933919044839,0.04378341800457722,-0.8114507615821376
isospectral_broken_8partition,478,0.23207916184559924,0.023680539479993254,-0.8315536401067215
isospectral_broken_8partition,479,0.3179618438289702,0.04338580507860185,-0.8118483745081129
isospectral_broken_8partition,480,0.2809030484208517,0.043324356263748615,-0.8119098233229661
isospectral_broken_8partition,481,0.27847366236188165,0.05252812232690103,-0.8027060572598137
isospectral_broken_8partition,482,0.24501078321762024,0.03937313311696502,-0.8158610464697498
isospectral_broken_8partition,483,0.22372728679930454,0.04817961526001857,-0.8070545643266962
isospectral_broken_8partition,484,0.3103174613353364,0.05624554027632889,-0.7989886393103859
isospectral_broken_8partition,485,0.3318008542296308,0.07041215172386589,-0.7848220278628488
isospectral_broken_8partition,486,0.2899018428515805,0.07792198729316582,-0.777312192293549
isospectral_broken_8partition,487,0.26825218134739476,0.03624196819997015,-0.8189922113867446
isospectral_broken_8partition,488,0.2894324001141503,0.039668264225654226,-0.8155659153610606
isospectral_broken_8partition,489,0.27462434379656425,0.06275405897800942,-0.7924801206087053
isospectral_broken_8partition,490,0.3078396271675,0.0647847909239956,-0.7904493886627192
isospectral_broken_8partition,491,0.31657781215361713,0.0654159691237434,-0.7898182104629714
isospectral_broken_8partition,492,0.3016905008325456,0.041539696720783836,-0.8136944828659309
isospectral_broken_8partition,493,0.2853825353405124,0.0530614481246488,-0.8021727314620659
isospectral_broken_8partition,494,0.30674513640002377,0.037860962206096874,-0.8173732173806179
isospectral_broken_8partition,495,0.2274476023807852,0.03813086067852056,-0.8171033189081942
isospectral_broken_8partition,496,0.289868243908233,0.038298376385157686,-0.8169358032015571
isospectral_broken_8partition,497,0.2900908429716256,0.04249215620273304,-0.8127420233839817
isospectral_broken_8partition,498,0.294063733837568,0.06317451942105345,-0.7920596601656613
isospectral_broken_8partition,499,0.25657892690215317,0.0384469616662823,-0.8167872179204325
isospectral_broken_8partition,500,0.26690164692507823,0.031011085405794465,-0.8242230941809203
isospectral_broken_8partition,501,0.3022967716326343,0.041661478361433545,-0.8135727012252812
isospectral_broken_8partition,502,0.24335090419989736,0.033054583883834775,-0.82217959570288
isospectral_broken_8partition,503,0.24575969624957977,0.04652499626521275,-0.808709183321502
isospectral_broken_8partition,504,0.28878503624775,0.05498112275483808,-0.8002530568318766
isospectral_broken_8partition,505,0.26505515182177164,0.03207730388209923,-0.8231568757046155
isospectral_broken_8partition,506,0.26646892153091506,0.048587329647543864,-0.8066468499391709
isospectral_broken_8partition,507,0.24455334674003926,0.04191967039337482,-0.8133145091933399
isospectral_broken_8partition,508,0.3488747735424835,0.0760298262369471,-0.7792043533497677
isospectral_broken_8partition,509,0.28714101329184333,0.04462248879910097,-0.8106116907876137
isospectral_broken_8partition,510,0.3401245015527329,0.09005169048051201,-0.7651824891062028
isospectral_broken_8partition,511,0.4233869575371746,0.07813974823423486,-0.7770944313524799
isospectral_broken_8partition,512,0.27170142607720976,0.04998488279329159,-0.8052492967934232
isospectral_broken_8partition,513,0.26282086731371335,0.04867502857387404,-0.8065591510128407
isospectral_broken_8partition,514,0.28917291283851465,0.05989251303774601,-0.7953416665489688
isospectral_broken_8partition,515,0.287417769643737,0.09125624986994958,-0.7639779297167651
isospectral_broken_8partition,516,0.3615885337915469,0.07609673264547412,-0.7791374469412407
isospectral_broken_8partition,517,0.2827719615253953,0.045173367054316314,-0.8100608125323985
isospectral_broken_8partition,518,0.33614470297675236,0.05299207623541792,-0.8022421033512969
isospectral_broken_8partition,519,0.33398152823391064,0.06874802947047548,-0.7864861501162392
isospectral_broken_8partition,520,0.28330993609008825,0.038103320059089174,-0.8171308595276257
isospectral_broken_8partition,521,0.2638245728525238,0.02746480751344626,-0.8277693720732685
isospectral_broken_8partition,522,0.2525132908022478,0.03726303664146414,-0.8179711429452506
isospectral_broken_8partition,523,0.3152886177875901,0.0473417004116141,-0.8078924791751007
isospectral_broken_8partition,524,0.2900724410669252,0.043068758234323,-0.8121654213523918
isospectral_broken_8partition,525,0.2880292119553596,0.05551932364529105,-0.7997148559414238
isospectral_broken_8partition,526,0.24669898114273292,0.06233388653374508,-0.7929002930529697
isospectral_broken_8partition,527,0.21813353613718844,0.022480800231134322,-0.8327533793555805
isospectral_broken_8partition,528,0.2553782459875771,0.0418293072866064,-0.8134048723001084
isospectral_broken_8partition,529,0.35993247312905785,0.07080821735357819,-0.7844259622331365
isospectral_broken_8partition,530,0.28935618824997034,0.05042607243471349,-0.8048081071520012
isospectral_broken_8partition,531,0.23824137896513337,0.035439725378373046,-0.8197944542083417
isospectral_broken_8partition,532,0.26079687449076394,0.03160412234602233,-0.8236300572406925
isospectral_broken_8partition,533,0.24280161877713752,0.027936436585673102,-0.8272977430010416
isospectral_broken_8partition,534,0.3013275963341079,0.04760846636995893,-0.8076257132167558
isospectral_broken_8partition,535,0.3085632875457696,0.0550960892677364,-0.8001380903189783
isospectral_broken_8partition,536,0.24510512423590916,0.038758742252015144,-0.8164754373346996
isospectral_broken_8partition,537,0.26831559886531126,0.04442708533237015,-0.8108070942543446
isospectral_broken_8partition,538,0.23933792928751027,0.025108182880822574,-0.8301259967058922
isospectral_broken_8partition,539,0.2584060083195631,0.03824281342426754,-0.8169913661624473
isospectral_broken_8partition,540,0.2651110411613049,0.057895963239441,-0.7973382163472738
isospectral_broken_8partition,541,0.2789363539339803,0.06327627764859275,-0.791957901938122
isospectral_broken_8partition,542,0.2669034834617381,0.044155723372151325,-0.8110784562145634
isospectral_broken_8partition,543,0.24104249984076004,0.03575931007994389,-0.8194748695067708
isospectral_broken_8partition,544,0.28625470479806214,0.04441294458960424,-0.8108212349971106
isospectral_broken_8partition,545,0.2991758688502334,0.05592266447097064,-0.7993115151157442
isospectral_broken_8partition,546,0.3030816511797814,0.06110826560169709,-0.7941259139850176
isospectral_broken_8partition,547,0.2651594298381141,0.03542125398624593,-0.8198129256004688
isospectral_broken_8partition,548,0.27108534487033203,0.03553368896312398,-0.8197004906235907
isospectral_broken_8partition,549,0.3039150309696324,0.057664147932720344,-0.7975700316539944
isospectral_broken_8partition,550,0.31114473996297454,0.06890820168128899,-0.7863259779054258
isospectral_broken_8partition,551,0.26402821911640406,0.038850334221996796,-0.816383845364718
isospectral_broken_8partition,552,0.3068106578454608,0.048537375419297396,-0.8066968041674174
isospectral_broken_8partition,553,0.257424488525936,0.02995788537993232,-0.8252762942067825
isospectral_broken_8partition,554,0.27271868321667203,0.0661793732312741,-0.7890548063554407
isospectral_broken_8partition,555,0.24276483614045957,0.038665275023927026,-0.8165689045627877
isospectral_broken_8partition,556,0.2869746229779435,0.040153867415014234,-0.8150803121717005
isospectral_broken_8partition,557,0.31964332490199004,0.07994034110152715,-0.7752938384851876
isospectral_broken_8partition,558,0.23040675539847616,0.023436236270270038,-0.8317979433164447
isospectral_broken_8partition,559,0.23665070731720778,0.03160171058246713,-0.8236324690042477
isospectral_broken_8partition,560,0.29361639125451083,0.043605427431632864,-0.8116287521550819
isospectral_broken_8partition,561,0.2739056636833789,0.04390038130749554,-0.8113337982792193
isospectral_broken_8partition,562,0.3444419418413388,0.055232105179186336,-0.8000020744075285
isospectral_broken_8partition,563,0.30656893849829736,0.06431696369271336,-0.7909172158940014
isospectral_broken_8partition,564,0.30446703359169613,0.040735116431652924,-0.8144990631550618
isospectral_broken_8partition,565,0.24058028205506427,0.0255006259734446,-0.8297335536132702
isospectral_broken_8partition,566,0.2578845544600349,0.037025367415343576,-0.8182088121713712
isospectral_broken_8partition,567,0.30952852129274644,0.08640078314869665,-0.7688333964380181
isospectral_broken_8partition,568,0.30540194386193686,0.06586535209805469,-0.7893688274886601
isospectral_broken_8partition,569,0.25083810239521487,0.03407231569510287,-0.8211618638916119
isospectral_broken_8partition,570,0.27030176756123087,0.043052859563264684,-0.8121813200234501
isospectral_broken_8partition,571,0.20649029985168169,0.021425919346539035,-0.8338082602401757
isospectral_broken_8partition,572,0.31633088115948105,0.06746636906373561,-0.7877678105229792
isospectral_broken_8partition,573,0.29646546333748935,0.05790076426264793,-0.7973334153240669
isospectral_broken_8partition,574,0.2944246421860979,0.04964998055961396,-0.8055841990271008
isospectral_broken_8partition,575,0.2997495938472605,0.07830675244968784,-0.7769274271370269
isospectral_broken_8partition,576,0.2775600213249866,0.05142841682406855,-0.8038057627626463
isospectral_broken_8partition,577,0.2484649167812727,0.026437579173978668,-0.8287966004127361
isospectral_broken_8partition,578,0.32334533236237123,0.06155878425600256,-0.7936753953307122
isospectral_broken_8partition,579,0.2837172978476672,0.03633368037508382,-0.818900499211631
isospectral_broken_8partition,580,0.2446429582176822,0.025407680345662126,-0.8298264992410527
isospectral_broken_8partition,581,0.26062615114498544,0.03581338217722026,-0.8194207974094945
isospectral_broken_8partition,582,0.2577872388782323,0.03502359153438419,-0.8202105880523306
isospectral_broken_8partition,583,0.26628202123868744,0.06175220580795412,-0.7934819737787606
isospectral_broken_8partition,584,0.2724452383561078,0.028824098509855955,-0.8264100810768589
isospectral_broken_8partition,585,0.322234885845458,0.05319141368782483,-0.8020427658988899
isospectral_broken_8partition,586,0.26131469056215684,0.0500501744749857,-0.805184005111729
isospectral_broken_8partition,587,0.28108130611313664,0.0600997399103178,-0.795134439676397
isospectral_broken_8partition,588,0.2783300762317178,0.03496356878517959,-0.8202706108015352
isospectral_broken_8partition,589,0.24345903729901008,0.04310736699910397,-0.8121268125876108
isospectral_broken_8partition,590,0.2648633560771686,0.03225737246075918,-0.8229768071259556
isospectral_broken_8partition,591,0.2814519085622541,0.05462997860501888,-0.8006042009816959
isospectral_broken_8partition,592,0.28420317766100095,0.061337387218502605,-0.7938967923682122
isospectral_broken_8partition,593,0.26716372417292844,0.050562931683859766,-0.804671247902855
isospectral_broken_8partition,594,0.3406850631204975,0.06893625628985163,-0.7862979232968631
isospectral_broken_8partition,595,0.2705247754383254,0.049923125507029216,-0.8053110540796855
isospectral_broken_8partition,596,0.29076138990450034,0.07346725907566226,-0.7817669205110525
isospectral_broken_8partition,597,0.270289832316453,0.0344807445809996,-0.8207534350057152
isospectral_broken_8partition,598,0.26414747315814524,0.06811846934675876,-0.787115710239956
isospectral_broken_8partition,599,0.23941759894001566,0.05092368129304528,-0.8043104982936695
isospectral_broken_8partition,600,0.2382955623745875,0.03198389119164277,-0.823250288395072
isospectral_broken_8partition,601,0.27391004399569563,0.055688382688569904,-0.7995457968981449
isospectral_broken_8partition,602,0.2835619999722754,0.039060920463579854,-0.8161732591231349
isospectral_broken_8partition,603,0.2365613216540651,0.019916014507655122,-0.8353181650790596
isospectral_broken_8partition,604,0.2960554130787268,0.04054749365077812,-0.8146866859359366
isospectral_broken_8partition,605,0.229018429925623,0.03285065216164114,-0.8223835274250736
isospectral_broken_8partition,606,0.2945946228853655,0.051181665594368674,-0.8040525139923461
isospectral_broken_8partition,607,0.2612390040536069,0.06463232493866782,-0.790601854648047
isospectral_broken_8partition,608,0.25402679339793,0.04465833445877354,-0.8105758451279412
isospectral_broken_8partition,609,0.3126330290366198,0.04848820653041794,-0.8067459730562968
isospectral_broken_8partition,610,0.35318445414684063,0.08426931859604286,-0.7709648609906719
isospectral_broken_8partition,611,0.3003705724837097,0.05578796690637072,-0.7994462126803441
isospectral_broken_8partition,612,0.21878256627167567,0.037383604203908,-0.8178505753828068
isospectral_broken_8partition,613,0.2372596712305053,0.029956162904979187,-0.8252780166817356
isospectral_broken_8partition,614,0.2346276214173873,0.0272150719759267,-0.8280191076107881
isospectral_broken_8partition,615,0.25736038355651336,0.057750971488022815,-0.797483208098692
isospectral_broken_8partition,616,0.36920094345732535,0.0746767119324313,-0.7805574676542835
isospectral_broken_8partition,617,0.2892014792625859,0.041335693179158306,-0.8138984864075565
isospectral_broken_8partition,618,0.28838614089338316,0.04219102206869205,-0.8130431575180227
isospectral_broken_8partition,619,0.3107858293168585,0.0494006027970302,-0.8058335767896846
isospectral_broken_8partition,620,0.3045079777269604,0.046241610348210546,-0.8089925692385043
isospectral_broken_8partition,621,0.277908402857742,0.03979144564967646,-0.8154427339370383
isospectral_broken_8partition,622,0.3141026475878969,0.05808290940908486,-0.7971512701776299
isospectral_broken_8partition,623,0.28450450349698175,0.04629106064867147,-0.8089431189380433
isospectral_broken_8partition,624,0.2235620559446258,0.02283778846646657,-0.8323963911202482
isospectral_broken_8partition,625,0.26356330165636366,0.039522921161569455,-0.8157112584251454
isospectral_broken_8partition,626,0.22678578227818091,0.02327199604771692,-0.8319621835389979
isospectral_broken_8partition,627,0.3403808918916993,0.0687946063458697,-0.7864395732408451
isospectral_broken_8partition,628,0.28829044071013743,0.041516862170330036,-0.8137173174163848
isospectral_broken_8partition,629,0.2729163463739062,0.05695150571629762,-0.7982826738704172
isospectral_broken_8partition,630,0.219565027656406,0.027497169959224552,-0.8277370096274902
isospectral_broken_8partition,631,0.29106433594051484,0.06134331440958205,-0.7938908651771327
isospectral_broken_8partition,632,0.317764067753532,0.06020241609099414,-0.7950317634957207
isospectral_broken_8partition,633,0.29193763031217357,0.06239565081102681,-0.792838528775688
isospectral_broken_8partition,634,0.3134757015419476,0.05439053534301262,-0.8008436442437021
isospectral_broken_8partition,635,0.28580662287940256,0.042898826005484676,-0.8123353535812301
isospectral_broken_8partition,636,0.35075342343558846,0.08557882847471386,-0.7696553511120009
isospectral_broken_8partition,637,0.4218645316992818,0.08308957761541239,-0.7721446019713024
isospectral_broken_8partition,638,0.23404801287132176,0.05866902685900826,-0.7965651527277066
isospectral_broken_8partition,639,0.22947216356415506,0.032213759602194206,-0.8230204199845206
isospectral_broken_8partition,640,0.20074829981770062,0.02043128528488189,-0.8348028943018329
isospectral_broken_8partition,641,0.2705301228292142,0.0367498739245758,-0.8184843056621389
isospectral_broken_8partition,642,0.2528883874880575,0.029072478498561122,-0.8261617010881537
isospectral_broken_8partition,643,0.3219797075198695,0.0851363520802739,-0.7700978275064408
isospectral_broken_8partition,644,0.25291826038778104,0.040120587529838325,-0.8151135920568764
isospectral_broken_8partition,645,0.31921187882612234,0.05095395244088651,-0.8042802271458283
isospectral_broken_8partition,646,0.3512235557784681,0.09111895568777889,-0.7641152238989359
isospectral_broken_8partition,647,0.3700918203350756,0.06764275354760452,-0.7875914260391103
isospectral_broken_8partition,648,0.2952731530509615,0.07985641472750932,-0.7753777648592055
isospectral_broken_8partition,649,0.2661812426454443,0.029984591431238435,-0.8252495881554763
isospectral_broken_8partition,650,0.24486399249659102,0.055494681089878345,-0.7997394984968365
isospectral_broken_8partition,651,0.30711703081859276,0.04717347112375042,-0.8080607084629643
isospectral_broken_8partition,652,0.2554362588500498,0.026366179158276125,-0.8288680004284387
isospectral_broken_8partition,653,0.31417327678547524,0.053639657980870524,-0.8015945216058442
isospectral_broken_8partition,654,0.22667886327447034,0.03403414978891562,-0.8212000297977992
isospectral_broken_8partition,655,0.32950968524170926,0.05101865289093124,-0.8042155266957836
isospectral_broken_8partition,656,0.280975279511066,0.03534898013813394,-0.8198851994485808
isospectral_broken_8partition,657,0.2683661062642543,0.05466345876972506,-0.8005707208169897
isospectral_broken_8partition,658,0.2538351604296123,0.04486200384603015,-0.8103721757406847
isospectral_broken_8partition,659,0.24772671857710626,0.047854176805646464,-0.8073800027810683
isospectral_broken_8partition,660,0.2955846110904545,0.06466500881802052,-0.7905691707686943
isospectral_broken_8partition,661,0.2944769495797018,0.05445526495254135,-0.8007789146341734
isospectral_broken_8partition,662,0.2501480403560202,0.04570320235834841,-0.8095309772283663
isospectral_broken_8partition,663,0.23435554226078845,0.03740572165126353,-0.8178284579354512
isospectral_broken_8partition,664,0.30211601701059443,0.06744304910002713,-0.7877911304866876
isospectral_broken_8partition,665,0.37886960317872537,0.07644585128816322,-0.7787883282985515
isospectral_broken_8partition,666,0.299514281106962,0.05989711038399015,-0.7953370692027246
isospectral_broken_8partition,667,0.26717191302078747,0.042170705907478914,-0.8130634736792358
isospectral_broken_8partition,668,0.3338672740020553,0.07894995875717246,-0.7762842208295423
isospectral_broken_8partition,669,0.3478329579577932,0.08152560838191819,-0.7737085712047966
isospectral_broken_8partition,670,0.22155422277634212,0.015925611289089266,-0.8393085682976255
isospectral_broken_8partition,671,0.25058900631532677,0.03228145087792454,-0.8229527287087902
isospectral_broken_8partition,672,0.2666495869923469,0.037353823108703665,-0.817880356478011
isospectral_broken_8partition,673,0.21227356530693328,0.016607461337876626,-0.8386267182488382
isospectral_broken_8partition,674,0.2972951054353783,0.04832936641815867,-0.8069048131685561
isospectral_broken_8partition,675,0.2355915680359544,0.029873065313979978,-0.8253611142727348
isospectral_broken_8partition,676,0.22278965192366412,0.029940397261969228,-0.8252937823247456
isospectral_broken_8partition,677,0.29108907563412006,0.052534494173225914,-0.8026996854134889
isospectral_broken_8partition,678,0.26434559514712336,0.03932486973344399,-0.8159093098532708
isospectral_broken_8partition,679,0.30875252231846306,0.05816018736570765,-0.7970739922210072
isospectral_broken_8partition,680,0.25711420030591975,0.04209045984338883,-0.813143719743326
isospectral_broken_8partition,681,0.3452572875798684,0.07879108973439462,-0.7764430898523201
isospectral_broken_8partition,682,0.24119364614847688,0.029434359419523597,-0.8257998201671912
isospectral_broken_8partition,683,0.3261082257413166,0.04881176557531381,-0.8064224140114009
isospectral_broken_8partition,684,0.29069080322343904,0.04503455690321315,-0.8101996226835017
isospectral_broken_8partition,685,0.2866008034980711,0.06114247362127948,-0.7940917059654353
isospectral_broken_8partition,686,0.2955137119623795,0.07602982656198735,-0.7792043530247275
isospectral_broken_8partition,687,0.29820035957709645,0.06002690661971598,-0.7952072729669988
isospectral_broken_8partition,688,0.2537421095715976,0.03547247452466675,-0.819761705062048
isospectral_broken_8partition,689,0.22566093256309064,0.02217163223424823,-0.8330625473524665
isospectral_broken_8partition,690,0.29241739391319144,0.04720710614850445,-0.8080270734382103
isospectral_broken_8partition,691,0.2803968263531269,0.0580715355765636,-0.7971626440101511
isospectral_broken_8partition,692,0.311739082677933,0.08759389427547568,-0.7676402853112391
isospectral_broken_8partition,693,0.2667972892718841,0.04081086107018041,-0.8144233185165344
isospectral_broken_8partition,694,0.24162406834215625,0.053036804166853885,-0.8021973754198609
isospectral_broken_8partition,695,0.2546158150674376,0.033119368226028775,-0.822114811360686
isospectral_broken_8partition,696,0.29806701959605214,0.051487565292172896,-0.8037466142945419
isospectral_broken_8partition,697,0.29338938496969713,0.05140461270855694,-0.8038295668781579
isospectral_broken_8partition,698,0.25633440436746835,0.055457367655000596,-0.7997768119317141
isospectral_broken_8partition,699,0.28200796804663963,0.06591723609909139,-0.7893169434876234
isospectral_broken_8partition,700,0.2697198689180518,0.03830959285764004,-0.8169245867290748
isospectral_broken_8partition,701,0.3086848621605486,0.04628130088802399,-0.8089528786986908
isospectral_broken_8partition,702,0.21842892610158404,0.018478525821306276,-0.8367556537654085
isospectral_broken_8partition,703,0.2992850409866896,0.06910301249500761,-0.7861311670917072
isospectral_broken_8partition,704,0.3032180173104816,0.07360590220141017,-0.7816282773853046
isospectral_broken_8partition,705,0.31471654324180814,0.04961180850104688,-0.8056223710856679
isospectral_broken_8partition,706,0.24708598877415502,0.038542844358843725,-0.8166913352278711
isospectral_broken_8partition,707,0.24902017660224168,0.03204632997787249,-0.8231878496088423
isospectral_broken_8partition,708,0.277657237184694,0.040207070245459005,-0.8150271093412558
isospectral_broken_8partition,709,0.28832103660764347,0.05851606288228356,-0.7967181167044313
isospectral_broken_8partition,710,0.25020938748811206,0.03454484009769422,-0.8206893394890206
isospectral_broken_8partition,711,0.2941563197709909,0.04779791792018985,-0.8074362616665249
isospectral_broken_8partition,712,0.25402933432930597,0.05464840179277713,-0.8005857777939377
isospectral_broken_8partition,713,0.26405244201060785,0.04619535196904781,-0.809038827617667
isospectral_broken_8partition,714,0.28656176211084805,0.06041105310596888,-0.7948231264807459
isospectral_broken_8partition,715,0.26228825318418764,0.04180242188774355,-0.8134317576989712
isospectral_broken_8partition,716,0.2680589405735748,0.052391067143775824,-0.8028431124429389
isospectral_broken_8partition,717,0.24983803505036675,0.044014992263960814,-0.811219187322754
isospectral_broken_8partition,718,0.29448238573976565,0.05595245320423134,-0.7992817263824834
isospectral_broken_8partition,719,0.2785321267238563,0.06794559520845475,-0.78728858437826
isospectral_broken_8partition,720,0.27524570871769816,0.047451429626810634,-0.8077827499599042
isospectral_broken_8partition,721,0.23832936776546154,0.028904629958419532,-0.8263295496282952
isospectral_broken_8partition,722,0.2531341342218428,0.02643647671780071,-0.8287977028689141
isospectral_broken_8partition,723,0.25685279799528804,0.040884675712688806,-0.8143495038740259
isospectral_broken_8partition,724,0.256603369620879,0.03436585427420913,-0.8208683253125056
isospectral_broken_8partition,725,0.27294682957713257,0.05334410745848875,-0.801890072128226
isospectral_broken_8partition,726,0.2232343916400541,0.022113799293866938,-0.8331203802928479
isospectral_broken_8partition,727,0.30483057267930336,0.05379140579237546,-0.8014427737943393
isospectral_broken_8partition,728,0.3081538066899725,0.0381509401058977,-0.8170832394808171
isospectral_broken_8partition,729,0.2573249678883973,0.05459003015067574,-0.800644149436039
isospectral_broken_8partition,730,0.28494145857311887,0.044366266920772175,-0.8108679126659426
isospectral_broken_8partition,731,0.3216682850393728,0.04846640690868782,-0.8067677726780269
isospectral_broken_8partition,732,0.2282234692861701,0.02738696877174351,-0.8278472108149713
isospectral_broken_8partition,733,0.2969626741302632,0.0515732027088995,-0.8036609768778152
isospectral_broken_8partition,734,0.31032264985365954,0.06233934498935185,-0.7928948345973629
isospectral_broken_8partition,735,0.22841562907396734,0.021669039970230994,-0.8335651396164838
isospectral_broken_8partition,736,0.2775870003744472,0.04104147197264544,-0.8141927076140694
isospectral_broken_8partition,737,0.31469755328027593,0.08239625478942501,-0.7728379247972897
isospectral_broken_8partition,738,0.27912112388212884,0.049772007284956954,-0.8054621723017579
isospectral_broken_8partition,739,0.28995722589721096,0.05088755781401694,-0.8043466217726978
isospectral_broken_8partition,740,0.3030292158889917,0.0725403733330393,-0.7826938062536755
isospectral_broken_8partition,741,0.2876950088225593,0.06490928948607308,-0.7903248901006417
isospectral_broken_8partition,742,0.26170206896571807,0.03952945363286185,-0.8157047259538529
isospectral_broken_8partition,743,0.24578293324979766,0.03237026638540192,-0.8228639132013128
isospectral_broken_8partition,744,0.25530328382501255,0.03262552718165152,-0.8226086524050632
isospectral_broken_8partition,745,0.2713819105290489,0.04425623663749212,-0.8109779429492227
isospectral_broken_8partition,746,0.26422031686751957,0.04070864600561224,-0.8145255335811026
isospectral_broken_8partition,747,0.37496041900871663,0.08337562467509768,-0.771858554911617
isospectral_broken_8partition,748,0.31003832760153993,0.05352039838569193,-0.8017137812010229
isospectral_broken_8partition,749,0.30817849781698203,0.08190073985140506,-0.7733334397353098
isospectral_broken_8partition,750,0.26746069087495483,0.04888492646419125,-0.8063492531225235
isospectral_broken_8partition,751,0.28000117320403906,0.07215395752093075,-0.783080222065784
isospectral_broken_8partition,752,0.2754642365805626,0.03861472918332365,-0.8166194504033911
isospectral_broken_8partition,753,0.2190636561475179,0.022947548096148383,-0.8322866314905664
isospectral_broken_8partition,754,0.26001648433853464,0.024696530794233902,-0.8305376487924808
isospectral_broken_8partition,755,0.26613868628336085,0.060214620753705976,-0.7950195588330088
isospectral_broken_8partition,756,0.19509982169860707,0.018381005768780836,-0.8368531738179339
isospectral_broken_8partition,757,0.2758818577824973,0.04120693765529321,-0.8140272419314216
isospectral_broken_8partition,758,0.3002698548131123,0.0884354967292241,-0.7667986828574906
isospectral_broken_8partition,759,0.2674573980782225,0.050164078553721195,-0.8050701010329936
isospectral_broken_8partition,760,0.2391209212964251,0.0244570964617332,-0.8307770831249816
isospectral_broken_8partition,761,0.26131950022947453,0.039706750649135716,-0.815527428937579
isospectral_broken_8partition,762,0.3101660382030017,0.07296309476618242,-0.7822710848205323
isospectral_broken_8partition,763,0.26319471417738227,0.04715684553783785,-0.8080773340488769
isospectral_broken_8partition,764,0.26403064225170253,0.03351879732639114,-0.8217153822603236
isospectral_broken_8partition,765,0.23347434531475825,0.03551906200504684,-0.8197151175816679
isospectral_broken_8partition,766,0.27011536099508304,0.05236672556275506,-0.8028674540239598
isospectral_broken_8partition,767,0.268989957231416,0.05194596672338091,-0.8032882128633339
isospectral_broken_8partition,768,0.275612991541722,0.05505628797558468,-0.8001778916111301
isospectral_broken_8partition,769,0.28282340996834227,0.03482168317105961,-0.8204124964156552
isospectral_broken_8partition,770,0.2558347913535443,0.029448973295795145,-0.8257852062909197
isospectral_broken_8partition,771,0.3102802357705519,0.03150833417909693,-0.8237258454076178
isospectral_broken_8partition,772,0.22649281028663024,0.029859852212011692,-0.8253743273747031
isospectral_broken_8partition,773,0.30694307695956463,0.07251527832330622,-0.7827189012634086
isospectral_broken_8partition,774,0.2404357410704731,0.026242592533644284,-0.8289915870530705
isospectral_broken_8partition,775,0.23420771924094827,0.027167270235620437,-0.8280669093510943
isospectral_broken_8partition,776,0.2810246193137227,0.04749930201137263,-0.8077348775753421
isospectral_broken_8partition,777,0.285975533804041,0.04917829870777761,-0.8060558808789372
isospectral_broken_8partition,778,0.28427509432385367,0.037646051088132064,-0.8175881284985828
isospectral_broken_8partition,779,0.31437203869791575,0.0629299316513795,-0.7923042479353353
isospectral_broken_8partition,780,0.2131696622694701,0.031117248420358515,-0.8241169311663562
isospectral_broken_8partition,781,0.25269242841558165,0.043117712144290984,-0.8121164674424238
isospectral_broken_8partition,782,0.2777582148399457,0.03928294676502921,-0.8159512328216856
isospectral_broken_8partition,783,0.24095488767898715,0.030911804018973005,-0.8243223755677418
isospectral_broken_8partition,784,0.27420909272789945,0.04623517931914682,-0.808999000267568
isospectral_broken_8partition,785,0.2662242110358618,0.041714166894974106,-0.8135200126917407
isospectral_broken_8partition,786,0.2586679213939475,0.04169152941233284,-0.8135426501743819
isospectral_broken_8partition,787,0.27346674302674623,0.040355798088607675,-0.8148783814981071
isospectral_broken_8partition,788,0.2649258082958901,0.07218269131833777,-0.783051488268377
isospectral_broken_8partition,789,0.304938443452362,0.056211829638250554,-0.7990223499484642
isospectral_broken_8partition,790,0.26712693027224294,0.035086691999412736,-0.820147487587302
isospectral_broken_8partition,791,0.27597480709010663,0.0357904244805232,-0.8194437551061916
isospectral_broken_8partition,792,0.23625610143410453,0.015220940257391269,-0.8400132393293235
isospectral_broken_8partition,793,0.38738943104209045,0.07823713206560345,-0.7769970475211113
isospectral_broken_8partition,794,0.32935694730571197,0.08198690517859815,-0.7732472744081166
isospectral_broken_8partition,795,0.284697240901691,0.04803936894355634,-0.8071948106431585
isospectral_broken_8partition,796,0.26574359056706975,0.04830407348963185,-0.8069301060970829
isospectral_broken_8partition,797,0.24689901371673412,0.03351708109577223,-0.8217170984909425
isospectral_broken_8partition,798,0.29728132041794525,0.040867434227436064,-0.8143667453592787
isospectral_broken_8partition,799,0.2826137639505356,0.0661159680244052,-0.7891182115623095
isospectral_broken_8partition,800,0.2614648314603828,0.04129580236276719,-0.8139383772239476
isospectral_broken_8partition,801,0.34582812708802535,0.07567499415464518,-0.7795591854320696
isospectral_broken_8partition,802,0.22250468156258751,0.02194582645611698,-0.8332883531305978
isospectral_broken_8partition,803,0.32124901662985533,0.06186654626864353,-0.7933676333180713
isospectral_broken_8partition,804,0.23475094084249337,0.025053861787330524,-0.8301803177993843
isospectral_broken_8partition,805,0.30674977057681196,0.056013772709570475,-0.7992204068771442
isospectral_broken_8partition,806,0.2847529152529271,0.044122901193242685,-0.8111112783934721
isospectral_broken_8partition,807,0.2698286050266875,0.03454914086447997,-0.8206850387222347
isospectral_broken_8partition,808,0.309045071338971,0.06106083523270609,-0.7941733443540087
isospectral_broken_8partition,809,0.25717516980782795,0.026465637164111287,-0.8287685424226034
isospectral_broken_8partition,810,0.1949589957120703,0.02036725663854596,-0.8348669229481688
isospectral_broken_8partition,811,0.24822447686476978,0.03154560029467099,-0.8236885792920438
isospectral_broken_8partition,812,0.2508392665035407,0.0346682613693019,-0.8205659182174129
isospectral_broken_8partition,813,0.2612868929624429,0.03572088089063327,-0.8195132986960815
isospectral_broken_8partition,814,0.30625950549417164,0.046517775494663766,-0.808716404092051
isospectral_broken_8partition,815,0.2749141392499085,0.03686509571398293,-0.8183690838727319
isospectral_broken_8partition,816,0.2490858151121873,0.04463839394348264,-0.8105957856432321
isospectral_broken_8partition,817,0.3051250887965161,0.055706384235110436,-0.7995277953516043
isospectral_broken_8partition,818,0.2852465596578028,0.0347040982698529,-0.8205300813168619
isospectral_broken_8partition,819,0.2958558157772284,0.06087746731577457,-0.7943567122709402
isospectral_broken_8partition,820,0.27444214234076736,0.04071090916076218,-0.8145232704259526
isospectral_broken_8partition,821,0.2476673886221524,0.02683624692768754,-0.8283979326590273
isospectral_broken_8partition,822,0.3708751591589723,0.06816841044541089,-0.7870657691413039
isospectral_broken_8partition,823,0.23382319055669273,0.039956480497960835,-0.8152776990887539
isospectral_broken_8partition,824,0.2673706566976125,0.03777170505620263,-0.8174624745305121
isospectral_broken_8partition,825,0.2151052055151648,0.024136930536523278,-0.8310972490501914
isospectral_broken_8partition,826,0.30417904280842173,0.0431142653622545,-0.8121199142244603
isospectral_broken_8partition,827,0.2755747818106594,0.04602781189766857,-0.8092063676890462
isospectral_broken_8partition,828,0.24837489195319626,0.038837388603695344,-0.8163967909830194
isospectral_broken_8partition,829,0.30771067274481784,0.07627127600711708,-0.7789629035795977
isospectral_broken_8partition,830,0.27454849957732336,0.06421504445929452,-0.7910191351274203
isospectral_broken_8partition,831,0.25410480616227826,0.03212120214352308,-0.8231129774431917
isospectral_broken_8partition,832,0.2450614661956882,0.03970090887648013,-0.8155332707102346
isospectral_broken_8partition,833,0.26738460466056346,0.02892673880207887,-0.8263074407846359
isospectral_broken_8partition,834,0.3383206443445018,0.05618790651647037,-0.7990462730702445
isospectral_broken_8partition,835,0.2511392678650307,0.05104433538485975,-0.804189844201855
isospectral_broken_8partition,836,0.30476710923700145,0.044848597680937664,-0.8103855819057771
isospectral_broken_8partition,837,0.23037940630097445,0.028655852280566455,-0.8265783273061483
isospectral_broken_8partition,838,0.2677985327750448,0.039654774490701095,-0.8155794050960137
isospectral_broken_8partition,839,0.332972274370941,0.05431224753815413,-0.8009219320485607
isospectral_broken_8partition,840,0.27019567389834265,0.045907937985485356,-0.8093262416012295
isospectral_broken_8partition,841,0.27221364053419184,0.03292209385082395,-0.8223120857358908
isospectral_broken_8partition,842,0.31807020567655697,0.04707323702542429,-0.8081609425612905
isospectral_broken_8partition,843,0.2459819131702226,0.03816918885112685,-0.8170649907355879
isospectral_broken_8partition,844,0.3454093273123048,0.10115348391904065,-0.7540806956676741
isospectral_broken_8partition,845,0.2476777941815167,0.03378811649850244,-0.8214460630882123
isospectral_broken_8partition,846,0.27457130329603346,0.0393408179045249,-0.8158933616821898
isospectral_broken_8partition,847,0.2821667709527498,0.05425915776771705,-0.8009750218189977
isospectral_broken_8partition,848,0.2947829788977042,0.07943794303131461,-0.7757962365554002
isospectral_broken_8partition,849,0.293841707051544,0.04062385736059743,-0.8146103222261173
isospectral_broken_8partition,850,0.26976961529262294,0.03066876966455654,-0.8245654099221582
isospectral_broken_8partition,851,0.2932256594046777,0.06199051530840479,-0.79324366427831
isospectral_broken_8partition,852,0.21345146851838973,0.01970351038430863,-0.8355306692024062
isospectral_broken_8partition,853,0.2209452865455319,0.02137074519261596,-0.8338634343940988
isospectral_broken_8partition,854,0.2936158698235853,0.07095246794560418,-0.7842817116411106
isospectral_broken_8partition,855,0.27113164797138806,0.0455135967515984,-0.8097205828351164
isospectral_broken_8partition,856,0.31552886990522727,0.07967585563236185,-0.7755583239543529
isospectral_broken_8partition,857,0.26058173992222733,0.03331307384336084,-0.821921105743354
isospectral_broken_8partition,858,0.2984118686876416,0.07065643745818279,-0.784577742128532
isospectral_broken_8partition,859,0.3006990498612372,0.0490525006370334,-0.8061816789496814
isospectral_broken_8partition,860,0.24963712497001173,0.034716266417643984,-0.8205179131690707
isospectral_broken_8partition,861,0.2994656219255776,0.06497971445013513,-0.7902544651365796
isospectral_broken_8partition,862,0.33103752658567964,0.09035049729213626,-0.7648836822945785
isospectral_broken_8partition,863,0.28674508162347434,0.05543180581199763,-0.7998023737747172
isospectral_broken_8partition,864,0.271601002011465,0.05090831791191563,-0.8043258616747991
isospectral_broken_8partition,865,0.2953616932173166,0.04560620628629862,-0.8096279733004161
isospectral_broken_8partition,866,0.3111425130627249,0.07075347713257628,-0.7844807024541385
isospectral_broken_8partition,867,0.3115554384968452,0.07185926821464723,-0.7833749113720675
isospectral_broken_8partition,868,0.31505185160482607,0.06325843990167883,-0.791975739685036
isospectral_broken_8partition,869,0.22478560187411312,0.042447517007532284,-0.8127866625791825
isospectral_broken_8partition,870,0.2499315263635514,0.02907265249330425,-0.8261615270934105
isospectral_broken_8partition,871,0.3323198752206379,0.06496620997614985,-0.7902679696105649
isospectral_broken_8partition,872,0.26716560084364455,0.04833336854942747,-0.8069008110372873
isospectral_broken_8partition,873,0.25675395218785313,0.03449886525565092,-0.8207353143310638
isospectral_broken_8partition,874,0.25734818106618945,0.04772456113354298,-0.8075096184531718
isospectral_broken_8partition,875,0.3671349665447283,0.05604156975527367,-0.7991926098314411
isospectral_broken_8partition,876,0.22322418567767693,0.025349694749391336,-0.8298844848373235
isospectral_broken_8partition,877,0.28472195995869753,0.048069829397644884,-0.8071643501890698
isospectral_broken_8partition,878,0.32598636341957077,0.053151243295417705,-0.8020829362912971
isospectral_broken_8partition,879,0.35281956580345,0.06290969783119171,-0.7923244817555231
isospectral_broken_8partition,880,0.27690933444154103,0.05760657866083883,-0.7976276009258759
isospectral_broken_8partition,881,0.31705524422355436,0.058344083568238836,-0.7968900960184759
isospectral_broken_8partition,882,0.2446123668821677,0.04682550525477061,-0.8084086743319442
isospectral_broken_8partition,883,0.286776413342508,0.0551305310282319,-0.8001036485584829
isospectral_broken_8partition,884,0.24888030027923044,0.03804714353300998,-0.8171870360537048
isospectral_broken_8partition,885,0.26847928176165403,0.026292581002338365,-0.8289415985843764
isospectral_broken_8partition,886,0.3093544170081812,0.04169401112605425,-0.8135401684606605
isospectral_broken_8partition,887,0.3146271401531562,0.05503077169334653,-0.8002034078933682
isospectral_broken_8partition,888,0.2641002634695551,0.02002597139038094,-0.8352082081963338
isospectral_broken_8partition,889,0.2711322666454911,0.03940388162049328,-0.8158302979662215
isospectral_broken_8partition,890,0.2905562932372441,0.06850869039214501,-0.7867254891945697
isospectral_broken_8partition,891,0.28936719976665043,0.0944864916471162,-0.7607476879395986
isospectral_broken_8partition,892,0.2355658589314055,0.025963677180486394,-0.8292705024062283
isospectral_broken_8partition,893,0.29089780864343706,0.05519678176929487,-0.8000373978174199
isospectral_broken_8partition,894,0.29756094121452437,0.06687573042997778,-0.788358449156737
isospectral_broken_8partition,895,0.27682654387211075,0.03617728195124291,-0.8190568976354718
isospectral_broken_8partition,896,0.2651664681745414,0.04871180109301358,-0.8065223784937012
isospectral_broken_8partition,897,0.2929144783373638,0.051166063503366895,-0.8040681160833478
isospectral_broken_8partition,898,0.22880256951134165,0.03435123472345661,-0.8208829448632582
isospectral_broken_8partition,899,0.23926097776829833,0.026755285319329428,-0.8284788942673853
isospectral_broken_8partition,900,0.22647510547816918,0.025594417381724282,-0.8296397622049905
isospectral_broken_8partition,901,0.2408719278354025,0.03287178307905922,-0.8223623965076555
isospectral_broken_8partition,902,0.30796519375606046,0.06222401752128055,-0.7930101620654342
isospectral_broken_8partition,903,0.24865456848498685,0.04196805761563249,-0.8132661219710823
isospectral_broken_8partition,904,0.2548240246886505,0.021668896209379517,-0.8335652833773353
isospectral_broken_8partition,905,0.22935291984982864,0.022269613562078627,-0.8329645660246361
isospectral_broken_8partition,906,0.21340685783347985,0.027107865778024688,-0.8281263138086901
isospectral_broken_8partition,907,0.3015030853536669,0.10626177539177888,-0.7489724041949359
isospectral_broken_8partition,908,0.27891787061451084,0.04950902431922789,-0.8057251552674869
isospectral_broken_8partition,909,0.2662025423645787,0.044129536891200166,-0.8111046426955146
isospectral_broken_8partition,910,0.23213467062548993,0.032305846943937906,-0.8229283326427769
isospectral_broken_8partition,911,0.3000490095435253,0.06739136938181504,-0.7878428102048998
isospectral_broken_8partition,912,0.25271565848362065,0.0295320738861327,-0.8257021057005821
isospectral_broken_8partition,913,0.313312284861222,0.05805735518444107,-0.7971768244022737
isospectral_broken_8partition,914,0.2751979695732506,0.03259358874690471,-0.82264059083981
isospectral_broken_8partition,915,0.2939992987758269,0.05267343993834865,-0.8025607396483662
isospectral_broken_8partition,916,0.24984811782556537,0.03173061787657214,-0.8235035617101426
isospectral_broken_8partition,917,0.27250802331327606,0.048028577722816684,-0.8072056018638981
isospectral_broken_8partition,918,0.29583579732635423,0.0694433506639814,-0.7857908289227333
isospectral_broken_8partition,919,0.262775506263665,0.04989842348812648,-0.8053357560985883
isospectral_broken_8partition,920,0.3078845456101801,0.08976610450615911,-0.7654680750805557
isospectral_broken_8partition,921,0.29905853027080975,0.049496505378403374,-0.8057376742083114
isospectral_broken_8partition,922,0.27842571140582917,0.05107111185248959,-0.8041630677342252
isospectral_broken_8partition,923,0.3386652215191538,0.07972755104292896,-0.7755066285437858
isospectral_broken_8partition,924,0.35986303394610664,0.08365105890085295,-0.7715831206858619
isospectral_broken_8partition,925,0.3065902658794284,0.06625402724180915,-0.7889801523449056
isospectral_broken_8partition,926,0.30925810143965937,0.04490927052784885,-0.8103249090588659
isospectral_broken_8partition,927,0.2279364236267718,0.030887176200684607,-0.8243470033860302
isospectral_broken_8partition,928,0.26502759937792925,0.03693522642517124,-0.8182989531615436
isospectral_broken_8partition,929,0.31689132745652293,0.0534197141717552,-0.8018144654149596
isospectral_broken_8partition,930,0.23002040694812617,0.0328085092503433,-0.8224256703363715
isospectral_broken_8partition,931,0.27381630351683617,0.05574465142405226,-0.7994895281626625
isospectral_broken_8partition,932,0.2664631221168694,0.03938996752558842,-0.8158442120611263
isospectral_broken_8partition,933,0.3028704823093452,0.0654672680843959,-0.7897669115023189
isospectral_broken_8partition,934,0.2843325807199072,0.041180516649982096,-0.8140536629367326
isospectral_broken_8partition,935,0.2822343821852573,0.04355877477523703,-0.8116754048114777
isospectral_broken_8partition,936,0.3385150363047039,0.05603173319761344,-0.7992024463891013
isospectral_broken_8partition,937,0.2917993270854788,0.038033225988461414,-0.8172009535982534
isospectral_broken_8partition,938,0.2645451534109293,0.03446623798209658,-0.8207679416046182
isospectral_broken_8partition,939,0.2568810641130788,0.03523723170327169,-0.8199969478834431
isospectral_broken_8partition,940,0.263292021211917,0.04427515754480013,-0.8109590220419146
isospectral_broken_8partition,941,0.30624453485824615,0.0972511990887305,-0.7579829804979843
isospectral_broken_8partition,942,0.24343534074927847,0.028244394909135433,-0.8269897846775793
isospectral_broken_8partition,943,0.24329683041511302,0.031887580441666924,-0.8233465991450478
isospectral_broken_8partition,944,0.26622805160312785,0.06414015425983048,-0.7910940253268843
isospectral_broken_8partition,945,0.2816839210671324,0.06064539992993684,-0.7945887796567779
isospectral_broken_8partition,946,0.370456469645921,0.07967896666557817,-0.7755552129211366
isospectral_broken_8partition,947,0.26779448495228214,0.04742252447400279,-0.807811655112712
isospectral_broken_8partition,948,0.3517796764694263,0.06878893016112775,-0.786445249425587
isospectral_broken_8partition,949,0.27818475912891516,0.04717060804575765,-0.8080635715409571
isospectral_broken_8partition,950,0.23914399497194727,0.030624404814393463,-0.8246097747723213
isospectral_broken_8partition,951,0.2263656170620612,0.028005818959526297,-0.8272283606271885
isospectral_broken_8partition,952,0.2704618029389074,0.04982621888531506,-0.8054079607013997
isospectral_broken_8partition,953,0.2646844729803309,0.051156628336489915,-0.8040775512502248
isospectral_broken_8partition,954,0.278183999574407,0.05130162143286458,-0.8039325581538502
isospectral_broken_8partition,955,0.2380506221085588,0.033131771518965694,-0.822102408067749
isospectral_broken_8partition,956,0.29681806805657085,0.06269080396612989,-0.7925433756205849
isospectral_broken_8partition,957,0.3118412057357488,0.035040118719712805,-0.820194060867002
isospectral_broken_8partition,958,0.4157938754901351,0.10613196308687799,-0.7491022164998368
isospectral_broken_8partition,959,0.28389154541484846,0.04865243553331058,-0.8065817440534042
isospectral_broken_8partition,960,0.22879859052616403,0.025781411094498025,-0.8294527684922167
isospectral_broken_8partition,961,0.2737982747041461,0.05136593019156532,-0.8038682493951494
isospectral_broken_8partition,962,0.34065350093174557,0.07683711243188283,-0.7783970671548319
isospectral_broken_8partition,963,0.2770768163376365,0.03795959514622525,-0.8172745844404895
isospectral_broken_8partition,964,0.27857876604148346,0.0490614188372433,-0.8061727607494715
isospectral_broken_8partition,965,0.2934919364384889,0.0449754195786494,-0.8102587600080654
isospectral_broken_8partition,966,0.23291769733425274,0.02096384087350015,-0.8342703387132147
isospectral_broken_8partition,967,0.230372599335797,0.0492987602496939,-0.8059354193370208
isospectral_broken_8partition,968,0.30631325337036464,0.05212587691641661,-0.8031083026702982
isospectral_broken_8partition,969,0.23345785610159248,0.03532238598746536,-0.8199117935992494
isospectral_broken_8partition,970,0.23236904115420537,0.02502363624423671,-0.830210543342478
isospectral_broken_8partition,971,0.2991325616836816,0.04975238615052596,-0.8054817934361889
isospectral_broken_8partition,972,0.288702448437317,0.030777323475141963,-0.8244568561115728
isospectral_broken_8partition,973,0.3524594404704506,0.07378667392778412,-0.7814475056589306
isospectral_broken_8partition,974,0.23820977702539867,0.03741441771040214,-0.8178197618763127
isospectral_broken_8partition,975,0.2239197858594935,0.029772552978974423,-0.8254616266077404
isospectral_broken_8partition,976,0.2678302434793932,0.042470001223424585,-0.8127641783632902
isospectral_broken_8partition,977,0.319160863596637,0.04379499146092211,-0.8114391881257926
isospectral_broken_8partition,978,0.33919719081145894,0.09419203169562657,-0.7610421478910883
isospectral_broken_8partition,979,0.24428613728979082,0.03569770187316628,-0.8195364777135485
isospectral_broken_8partition,980,0.23874102016263013,0.02749862700190992,-0.8277355525848048
isospectral_broken_8partition,981,0.26667962053037675,0.035559485135177024,-0.8196746944515377
isospectral_broken_8partition,982,0.3159027329780205,0.05102686978948789,-0.8042073097972269
isospectral_broken_8partition,983,0.27531899444367613,0.029885194394557515,-0.8253489851921573
isospectral_broken_8partition,984,0.24934778727761017,0.030001947872395344,-0.8252322317143195
isospectral_broken_8partition,985,0.22475757554601655,0.02948399175792691,-0.8257501878287878
isospectral_broken_8partition,986,0.29042322975731033,0.05633164172633005,-0.7989025378603847
isospectral_broken_8partition,987,0.24962017077076842,0.04197401301849395,-0.8132601665682209
isospectral_broken_8partition,988,0.31622471099973654,0.07289496529339443,-0.7823392142933203
isospectral_broken_8partition,989,0.28113989486364804,0.07797303485009605,-0.7772611447366187
isospectral_broken_8partition,990,0.29564405783746617,0.03827961396209832,-0.8169545656246164
isospectral_broken_8partition,991,0.29184218759715985,0.04246133565795949,-0.8127728439287553
isospectral_broken_8partition,992,0.22396875509044176,0.023568182756271448,-0.8316659968304433
isospectral_broken_8partition,993,0.28754316793788787,0.041412162794896804,-0.813822016791818
isospectral_broken_8partition,994,0.23907095491365557,0.030297020411807013,-0.8249371591749077
isospectral_broken_8partition,995,0.2527668101473778,0.040724094960861046,-0.8145100846258537
isospectral_broken_8partition,996,0.28652071524964207,0.07561708990501205,-0.7796170896817027
isospectral_broken_8partition,997,0.29301800146880846,0.04319753287678883,-0.8120366467099259
isospectral_broken_8partition,998,0.24567463121537464,0.04633073873181152,-0.8089034408549033
isospectral_broken_8partition,999,0.27190977133654315,0.053494261833694275,-0.8017399177530204
isospectral_broken_8partition,1000,0.26579881397271915,0.038147657232492665,-0.8170865223542221
isospectral_broken_8partition,1001,0.2755477359739865,0.04618432690239283,-0.809049852684322
isospectral_broken_8partition,1002,0.23355992101672815,0.021422752267914492,-0.8338114273188003
isospectral_broken_8partition,1003,0.27805055296095976,0.044450345430863715,-0.8107838341558511
isospectral_broken_8partition,1004,0.31271270251475447,0.07161289927652555,-0.7836212803101892
isospectral_broken_8partition,1005,0.2605248712580403,0.04400140101731471,-0.8112327785694
isospectral_broken_8partition,1006,0.3109203072250903,0.06496707054882767,-0.7902671090378871
isospectral_broken_8partition,1007,0.22710119528466782,0.025658019662103352,-0.8295761599246114
isospectral_broken_8partition,1008,0.3228748647466253,0.05574594141169993,-0.7994882381750148
isospectral_broken_8partition,1009,0.2910743620937828,0.03380502371041857,-0.8214291558762962
isospectral_broken_8partition,1010,0.24664769199672637,0.030946528094242483,-0.8242876514924723
isospectral_broken_8partition,1011,0.24502328328077322,0.041161922247072935,-0.8140722573396418
isospectral_broken_8partition,1012,0.30832543302530235,0.04620535929425319,-0.8090288202924616
isospectral_broken_8partition,1013,0.3018654522808046,0.056816950183084663,-0.7984172294036301
isospectral_broken_8partition,1014,0.2480910568785294,0.03701574331022882,-0.8182184362764859
isospectral_broken_8partition,1015,0.2612943484064737,0.03430083422468718,-0.8209333453620276
isospectral_broken_8partition,1016,0.3718791830640588,0.09081985696189193,-0.7644143226248228
isospectral_broken_8partition,1017,0.2766123757627451,0.03175288165853247,-0.8234812979281823
isospectral_broken_8partition,1018,0.2875414109624238,0.06783443160536562,-0.7873997479813492
isospectral_broken_8partition,1019,0.23838133322840352,0.03041189688339128,-0.8248222827033235
isospectral_broken_8partition,1020,0.2857699513277335,0.043392310367856755,-0.811841869218858
isospectral_broken_8partition,1021,0.3003915287089475,0.058564544024387426,-0.7966696355623274
isospectral_broken_8partition,1022,0.22358446497086754,0.020538526156895363,-0.8346956534298194
isospectral_broken_8partition,1023,0.2538134335530241,0.04757596914616069,-0.8076582104405541
isospectral_broken_8partition,1024,0.2929374012164543,0.05350720606004014,-0.8017269735266747
isospectral_broken_8partition,1025,0.32328077146696604,0.06190093083819567,-0.7933332487485191
isospectral_broken_8partition,1026,0.2366248458016063,0.029603207172083045,-0.8256309724146317
isospectral_broken_8partition,1027,0.21688630695938066,0.03475526567760774,-0.820478913909107
isospectral_broken_8partition,1028,0.2912620460596148,0.06714657364833765,-0.7880876059383771
isospectral_broken_8partition,1029,0.26087133020711106,0.0615436988002674,-0.7936904807864473
isospectral_broken_8partition,1030,0.3236681313003713,0.0748678076912827,-0.7803663718954321
isospectral_broken_8partition,1031,0.3020795107083407,0.07279855593631163,-0.7824356236504031
isospectral_broken_8partition,1032,0.2779020438779554,0.06809256506507898,-0.7871416145216358
isospectral_broken_8partition,1033,0.2798019340737595,0.046038431846285706,-0.809195747740429
isospectral_broken_8partition,1034,0.24216937741033098,0.0494712561055808,-0.805762923481134
isospectral_broken_8partition,1035,0.27007479689192154,0.04590560301530151,-0.8093285765714132
isospectral_broken_8partition,1036,0.28073692446372744,0.050221309120928245,-0.8050128704657865
isospectral_broken_8partition,1037,0.26254899462709047,0.05522373898848,-0.8000104405982348
isospectral_broken_8partition,1038,0.26000224286848883,0.05054087182993697,-0.8046933077567778
isospectral_broken_8partition,1039,0.29197823473686224,0.06477205806123201,-0.7904621215254828
isospectral_broken_8partition,1040,0.2635068610027931,0.043837343937832535,-0.8113968356488822
isospectral_broken_8partition,1041,0.2882886616742445,0.04451718971220661,-0.8107169898745081
isospectral_broken_8partition,1042,0.31291260731209797,0.04347172140899374,-0.8117624581777211
isospectral_broken_8partition,1043,0.2611799821243228,0.050310290780870806,-0.804923888805844
isospectral_broken_8partition,1044,0.30804727646017965,0.05623766417741152,-0.7989965154093033
isospectral_broken_8partition,1045,0.27711723452672665,0.07405062204333156,-0.7811835575433832
isospectral_broken_8partition,1046,0.26364176117118343,0.03974696461513928,-0.8154872149715755
isospectral_broken_8partition,1047,0.28941379733242356,0.08851257688440994,-0.7667216027023048
isospectral_broken_8partition,1048,0.2682804245839603,0.04230995027704012,-0.8129242293096747
isospectral_broken_8partition,1049,0.28806041914506414,0.049228721658411384,-0.8060054579283034
isospectral_broken_8partition,1050,0.21299274150091424,0.02294308794448894,-0.8322910916422258
isospectral_broken_8partition,1051,0.2703636369455496,0.0311800081041071,-0.8240541714826076
isospectral_broken_8partition,1052,0.2813274719268385,0.06450764989783898,-0.7907265296888758
isospectral_broken_8partition,1053,0.24808757529372413,0.045024991450657005,-0.8102091881360578
isospectral_broken_8partition,1054,0.2614140061738901,0.0475530532743855,-0.8076811263123292
isospectral_broken_8partition,1055,0.28973226009830905,0.05729615904705054,-0.7979380205396642
isospectral_broken_8partition,1056,0.25619501832588104,0.038276185940696865,-0.816957993646018
isospectral_broken_8partition,1057,0.3160418399100927,0.060364085977303306,-0.7948700936094115
isospectral_broken_8partition,1058,0.25782696248038295,0.046529151441582345,-0.8087050281451325
isospectral_broken_8partition,1059,0.21555203199146883,0.02814484616061493,-0.8270893334260998
isospectral_broken_8partition,1060,0.3241251526871166,0.04246211289584095,-0.8127720666908738
isospectral_broken_8partition,1061,0.32176076691343125,0.05759839135848479,-0.79763578822823
isospectral_broken_8partition,1062,0.2708686700917743,0.046055336836901176,-0.8091788427498136
isospectral_broken_8partition,1063,0.23129877822906306,0.030252943362905918,-0.8249812362238088
isospectral_broken_8partition,1064,0.24861859230517336,0.038012204485637,-0.8172219751010777
isospectral_broken_8partition,1065,0.22620052296423648,0.03748056752093077,-0.817753612065784
isospectral_broken_8partition,1066,0.29275195416040367,0.03899687595817432,-0.8162373036285404
isospectral_broken_8partition,1067,0.37422490067413766,0.11215744081499673,-0.7430767387717181
isospectral_broken_8partition,1068,0.26368594750875013,0.04516023222472641,-0.8100739473619883
isospectral_broken_8partition,1069,0.31536164554207885,0.08041978194485225,-0.7748143976418626
isospectral_broken_8partition,1070,0.25302707117754786,0.02019576938562912,-0.8350384102010856
isospectral_broken_8partition,1071,0.28869306151183033,0.04760177492432124,-0.8076324046623935
isospectral_broken_8partition,1072,0.26782345849899397,0.054142291178485555,-0.8010918884082292
isospectral_broken_8partition,1073,0.2357447551458734,0.042225443124651076,-0.8130087364620637
isospectral_broken_8partition,1074,0.29217781055425107,0.030645548288269816,-0.824588631298445
isospectral_broken_8partition,1075,0.2724936272841091,0.04766253613982324,-0.8075716434468916
isospectral_broken_8partition,1076,0.3007136636884548,0.06682786721887218,-0.7884063123678426
isospectral_broken_8partition,1077,0.25729935136982196,0.05752425048325184,-0.797709929103463
isospectral_broken_8partition,1078,0.2568504614242509,0.05043168203708742,-0.8048024975496273
isospectral_broken_8partition,1079,0.32480108201301255,0.10875953484566285,-0.746474644741052
isospectral_broken_8partition,1080,0.2858516360987391,0.05526211705462685,-0.799972062532088
isospectral_broken_8partition,1081,0.24275198561610856,0.04174344473118983,-0.8134907348555249
isospectral_broken_8partition,1082,0.2115444187603379,0.029919866561407688,-0.8253143130253071
isospectral_broken_8partition,1083,0.29598888210482055,0.033815899885648065,-0.8214182797010667
isospectral_broken_8partition,1084,0.28448330984829007,0.04406299457036375,-0.811171185016351
isospectral_broken_8partition,1085,0.3159117195433918,0.03750522214842084,-0.8177289574382939
isospectral_broken_8partition,1086,0.27281907580412884,0.06943177139009099,-0.7858024081966237
isospectral_broken_8partition,1087,0.26754232665374106,0.05035999004737493,-0.8048741895393399
isospectral_broken_8partition,1088,0.36044047577131016,0.08081309463614596,-0.7744210849505688
isospectral_broken_8partition,1089,0.29429633626187907,0.043967945277916275,-0.8112662343087985
isospectral_broken_8partition,1090,0.2843173185343256,0.04668302726515953,-0.8085511523215553
isospectral_broken_8partition,1091,0.32674561524520773,0.062724075460279,-0.7925101041264357
isospectral_broken_8partition,1092,0.25159029394080756,0.049347352661605434,-0.8058868269251094
isospectral_broken_8partition,1093,0.23010603936361007,0.019372891716848563,-0.8358612878698662
isospectral_broken_8partition,1094,0.2671154854629436,0.04049340186850941,-0.8147407777182054
isospectral_broken_8partition,1095,0.271292936062172,0.03916201284052118,-0.8160721667461935
isospectral_broken_8partition,1096,0.25214050650659925,0.02767999406811614,-0.8275541855185986
isospectral_broken_8partition,1097,0.2527172071765521,0.0433566383670177,-0.811877541219697
isospectral_broken_8partition,1098,0.3297540855672577,0.08352372879175528,-0.7717104507949595
isospectral_broken_8partition,1099,0.2872684048427845,0.05038858241386835,-0.8048455971728464
isospectral_broken_8partition,1100,0.3612196335371719,0.0686059503535847,-0.78662822923313
isospectral_broken_8partition,1101,0.2994444017026998,0.0470354491422843,-0.8081987304444305
isospectral_broken_8partition,1102,0.2646430660016676,0.04923220320767743,-0.8060019763790374
isospectral_broken_8partition,1103,0.2741888795283416,0.04182584069543501,-0.8134083388912797
isospectral_broken_8partition,1104,0.22775654142257212,0.025853607548572504,-0.8293805720381423
isospectral_broken_8partition,1105,0.18515265530814148,0.018853881158632534,-0.8363802984280823
isospectral_broken_8partition,1106,0.28319446162258755,0.04534141908785137,-0.8098927604988634
isospectral_broken_8partition,1107,0.23289762283919213,0.028250429531011118,-0.8269837500557037
isospectral_broken_8partition,1108,0.27772837876755013,0.05326655673392887,-0.8019676228527859
isospectral_broken_8partition,1109,0.2738285287977454,0.08365936912009701,-0.7715748104666178
isospectral_broken_8partition,1110,0.33429103386913994,0.03718121036416792,-0.8180529692225469
isospectral_broken_8partition,1111,0.243923990443746,0.03226105329846471,-0.82297312628825
isospectral_broken_8partition,1112,0.28981000816436153,0.06368489534855322,-0.7915492842381615
isospectral_broken_8partition,1113,0.22791528161156044,0.02765038199064936,-0.8275837975960654
isospectral_broken_8partition,1114,0.24792034145907646,0.030492863171711584,-0.8247413164150031
isospectral_broken_8partition,1115,0.27871972972457965,0.06363373476424697,-0.7916004448224678
isospectral_broken_8partition,1116,0.2601083006103289,0.03368702819054498,-0.8215471513961697
isospectral_broken_8partition,1117,0.2749286497535711,0.03307953789822716,-0.8221546416884876
isospectral_broken_8partition,1118,0.27110535716316475,0.04163231705508226,-0.8136018625316325
isospectral_broken_8partition,1119,0.19192692828495328,0.02728584960619227,-0.8279483299805225
isospectral_broken_8partition,1120,0.3535917007884838,0.11500558122372187,-0.7402285983629929
isospectral_broken_8partition,1121,0.2162442278293939,0.022687341783826392,-0.8325468378028884
isospectral_broken_8partition,1122,0.255283774496832,0.05574894982997147,-0.7994852297567433
isospectral_broken_8partition,1123,0.211566545222186,0.020770876693714795,-0.834463302893
isospectral_broken_8partition,1124,0.2928871504840758,0.0467241028216228,-0.808510076765092
isospectral_broken_8partition,1125,0.28047318749973843,0.06060731600517553,-0.7946268635815392
isospectral_broken_8partition,1126,0.3171794082836378,0.08133660117454242,-0.7738975784121723
isospectral_broken_8partition,1127,0.2913792310492742,0.05626439130232129,-0.7989697882843935
isospectral_broken_8partition,1128,0.2657306816226164,0.045449722606908924,-0.8097844569798058
isospectral_broken_8partition,1129,0.3079056389986434,0.0587756439026783,-0.7964585356840365
isospectral_broken_8partition,1130,0.25560209666071476,0.029144391152114823,-0.8260897884345999
isospectral_broken_8partition,1131,0.26351490813280853,0.06659928932555527,-0.7886348902611595
isospectral_broken_8partition,1132,0.2534398098153743,0.0378154629300799,-0.8174187166566349
isospectral_broken_8partition,1133,0.31339269274195336,0.05559378719997707,-0.7996403923867377
isospectral_broken_8partition,1134,0.25650693067903174,0.06143863273218911,-0.7937955468545257
isospectral_broken_8partition,1135,0.31804454342332034,0.06432833932966849,-0.7909058402570462
isospectral_broken_8partition,1136,0.3211509226139919,0.07858300678389747,-0.7766511728028173
isospectral_broken_8partition,1137,0.2945993298851831,0.04913337197717186,-0.806100807609543
isospectral_broken_8partition,1138,0.25996036644768056,0.0314675921943553,-0.8237665873923594
isospectral_broken_8partition,1139,0.3405540863282587,0.06311554576693797,-0.7921186338197768
isospectral_broken_8partition,1140,0.2898482764643098,0.03826231999935853,-0.8169718595873563
isospectral_broken_8partition,1141,0.2516837115834436,0.028874393357040652,-0.8263597862296741
isospectral_broken_8partition,1142,0.3143509686098014,0.04608145875133532,-0.8091527208353795
isospectral_broken_8partition,1143,0.26986955234188187,0.03813624770752444,-0.8170979318791903
isospectral_broken_8partition,1144,0.3136667402892377,0.05256288553051629,-0.8026712940561985
isospectral_broken_8partition,1145,0.2474280301778287,0.07471399095437924,-0.7805201886323355
isospectral_broken_8partition,1146,0.2796934371246808,0.03590390680344002,-0.8193302727832747
isospectral_broken_8partition,1147,0.25635646508824705,0.038314701382868036,-0.8169194782038467
isospectral_broken_8partition,1148,0.24425065357195266,0.04918298099609529,-0.8060511985906195
isospectral_broken_8partition,1149,0.2820000984357298,0.06473700651357936,-0.7904971730731354
isospectral_broken_8partition,1150,0.27111061521773056,0.03328335580631048,-0.8219508237804043
isospectral_broken_8partition,1151,0.3764947132843465,0.08937645011439492,-0.7658577294723199
isospectral_broken_8partition,1152,0.3365702784271927,0.10440548465881622,-0.7508286949278986
isospectral_broken_8partition,1153,0.2624995021627014,0.03926888180993866,-0.8159652977767761
isospectral_broken_8partition,1154,0.2451378106455968,0.03243736067893893,-0.8227968189077759
isospectral_broken_8partition,1155,0.2926075184235397,0.05502906473135637,-0.8002051148553584
isospectral_broken_8partition,1156,0.2910330888512702,0.041655359440593176,-0.8135788201461216
isospectral_broken_8partition,1157,0.2539080056991555,0.05596441914714321,-0.7992697604395715
isospectral_broken_8partition,1158,0.2860345684298362,0.05130663922987464,-0.8039275403568401
isospectral_broken_8partition,1159,0.3638326459941179,0.08616375040001258,-0.7690704291867022
isospectral_broken_8partition,1160,0.26804704080034913,0.048254675141902625,-0.8069795044448121
isospectral_broken_8partition,1161,0.28052634219276773,0.07423266766351197,-0.7810015119232028
isospectral_broken_8partition,1162,0.26149606148238147,0.038077001625236355,-0.8171571779614785
isospectral_broken_8partition,1163,0.32320977969049214,0.06465900547635992,-0.7905751741103548
isospectral_broken_8partition,1164,0.29511193611879966,0.050144684301655015,-0.8050894952850598
isospectral_broken_8partition,1165,0.27376755299606303,0.040800127569479816,-0.814434052017235
isospectral_broken_8partition,1166,0.33078667915938886,0.082296522788501,-0.7729376567982138
isospectral_broken_8partition,1167,0.313431284597671,0.05497568713283695,-0.8002584924538778
isospectral_broken_8partition,1168,0.24898109099228022,0.036008069321946196,-0.8192261102647685
isospectral_broken_8partition,1169,0.26639592677014445,0.03782602044382698,-0.8174081591428878
isospectral_broken_8partition,1170,0.24254863132612703,0.03568500081851241,-0.8195491787682023
isospectral_broken_8partition,1171,0.26775106517940606,0.031597858534078,-0.8236363210526367
isospectral_broken_8partition,1172,0.3229764348814379,0.06854760071526503,-0.7866865788714498
isospectral_broken_8partition,1173,0.23942862511348317,0.029004776993285818,-0.8262294025934289
isospectral_broken_8partition,1174,0.2713180469814795,0.055492071045541554,-0.7997421085411732
isospectral_broken_8partition,1175,0.26518369243142553,0.05406634826455535,-0.8011678313221594
isospectral_broken_8partition,1176,0.31706180393547245,0.06381114129545656,-0.7914230382912582
isospectral_broken_8partition,1177,0.26632105762668207,0.04077928257014675,-0.814454897016568
isospectral_broken_8partition,1178,0.25376813314916913,0.038684132231808326,-0.8165500473549064
isospectral_broken_8partition,1179,0.2197960668814376,0.03540669655336601,-0.8198274830333487
isospectral_broken_8partition,1180,0.2825322715730788,0.04600441408559272,-0.809229765501122
isospectral_broken_8partition,1181,0.27665334557259136,0.05873809639290211,-0.7964960831938127
isospectral_broken_8partition,1182,0.3750155162053862,0.06221973619341746,-0.7930144433932973
isospectral_broken_8partition,1183,0.2312678173078667,0.028107270326604046,-0.8271269092601107
isospectral_broken_8partition,1184,0.24661402858688677,0.04342732640710035,-0.8118068531796144
isospectral_broken_8partition,1185,0.26143753399327924,0.054020729673053366,-0.8012134499136614
isospectral_broken_8partition,1186,0.3605439896702,0.07948731798558904,-0.7757468616011257
isospectral_broken_8partition,1187,0.26261039050223167,0.04203161572582047,-0.8132025638608943
isospectral_broken_8partition,1188,0.3623191586043753,0.10219386560634627,-0.7530403139803685
isospectral_broken_8partition,1189,0.3346058313960536,0.07698927669255745,-0.7782449028941574
isospectral_broken_8partition,1190,0.31307829300111073,0.08186778158211974,-0.7733663980045951
isospectral_broken_8partition,1191,0.24031934207750735,0.038911369030427065,-0.8163228105562877
isospectral_broken_8partition,1192,0.24237687551102038,0.03406637621421902,-0.8211678033724957
isospectral_broken_8partition,1193,0.288813133718778,0.05250915395501356,-0.8027250256317012
isospectral_broken_8partition,1194,0.2624887298703228,0.04010063983034795,-0.8151335397563668
isospectral_broken_8partition,1195,0.21332083485907544,0.02542573741427167,-0.8298084421724431
isospectral_broken_8partition,1196,0.2515202608239352,0.039972642708630664,-0.8152615368780841
isospectral_broken_8partition,1197,0.2982044127597888,0.05622939991010427,-0.7990047796766105
isospectral_broken_8partition,1198,0.2857832513350178,0.06686074501453312,-0.7883734345721817
isospectral_broken_8partition,1199,0.2399708655366512,0.03852288711584939,-0.8167112924708654
isospectral_broken_8partition,1200,0.2908149667188492,0.06662889930488526,-0.7886052802818295
isospectral_broken_8partition,1201,0.2220466502929095,0.01987114362485861,-0.8353630359618561
isospectral_broken_8partition,1202,0.2763027140380342,0.043188729766091706,-0.8120454498206231
isospectral_broken_8partition,1203,0.24233528720001773,0.038358689734586254,-0.8168754898521285
isospectral_broken_8partition,1204,0.27326665686830665,0.04943697841248716,-0.8057972011742276
isospectral_broken_8partition,1205,0.337319631065952,0.0650248795316086,-0.7902093000551061
isospectral_broken_8partition,1206,0.27907981675404714,0.056180083190277286,-0.7990540963964374
isospectral_broken_8partition,1207,0.24786971301042388,0.04091368035707253,-0.8143204992296422
isospectral_broken_8partition,1208,0.27836515092112646,0.05344981942661821,-0.8017843601600966
isospectral_broken_8partition,1209,0.21988999530201578,0.020251792244290415,-0.8349823873424244
isospectral_broken_8partition,1210,0.24419516700487812,0.03945783851175483,-0.8157763410749599
isospectral_broken_8partition,1211,0.2267349246449263,0.024339997272037832,-0.8308941823146769
isospectral_broken_8partition,1212,0.272379720559286,0.06454946294705889,-0.7906847166396559
isospectral_broken_8partition,1213,0.30377884268699723,0.05751558897766773,-0.797718590609047
isospectral_broken_8partition,1214,0.25762206878243055,0.03952207466354621,-0.8157121049231686
isospectral_broken_8partition,1215,0.261665335500592,0.056045467803494856,-0.7991887117832199
isospectral_broken_8partition,1216,0.20882665638208103,0.028264360996785497,-0.8269698185899292
isospectral_broken_8partition,1217,0.34632764282463463,0.04422814722900399,-0.8110060323577107
isospectral_broken_8partition,1218,0.2899894686768681,0.03580350686115896,-0.8194306727255558
isospectral_broken_8partition,1219,0.2825776382159574,0.04691275742458134,-0.8083214221621334
isospectral_broken_8partition,1220,0.2432529494742198,0.03673034838896456,-0.8185038311977502
isospectral_broken_8partition,1221,0.26589852401874847,0.04897135350952113,-0.8062628260771937
isospectral_broken_8partition,1222,0.24477753492514912,0.03727387799408938,-0.8179603015926253
isospectral_broken_8partition,1223,0.25959088301726996,0.0407511359707774,-0.8144830436159374
isospectral_broken_8partition,1224,0.2785485489635161,0.044231356881941894,-0.8110028227047729
isospectral_broken_8partition,1225,0.29378334845234694,0.052052194921576714,-0.803181984665138
isospectral_broken_8partition,1226,0.24983008760210962,0.036081484388804104,-0.8191526951979107
isospectral_broken_8partition,1227,0.23600020975113195,0.0339518744892103,-0.8212823050975044
isospectral_broken_8partition,1228,0.22640719272481868,0.030904245989925444,-0.8243299335967893
isospectral_broken_8partition,1229,0.21223639511589099,0.03830918790895134,-0.8169249916777634
isospectral_broken_8partition,1230,0.2853888820629878,0.06898504163430087,-0.7862491379524139
isospectral_broken_8partition,1231,0.22620000311863656,0.03255845663680075,-0.822675722949914
isospectral_broken_8partition,1232,0.21331389815590213,0.03077082929571797,-0.8244633502909968
isospectral_broken_8partition,1233,0.24703861729341697,0.05232207630168223,-0.8029121032850326
isospectral_broken_8partition,1234,0.27230876832535145,0.04464707377093684,-0.810587105815778
isospectral_broken_8partition,1235,0.2817477042408004,0.03801469311316749,-0.8172194864735473
isospectral_broken_8partition,1236,0.3437645015713677,0.11034869865927423,-0.7448854809274406
isospectral_broken_8partition,1237,0.23088698801740887,0.026447990837770604,-0.8287861887489442
isospectral_broken_8partition,1238,0.2563140763980101,0.03969455554962217,-0.8155396240370926
isospectral_broken_8partition,1239,0.24325550541203697,0.030204100533656214,-0.8250300790530586
isospectral_broken_8partition,1240,0.3227410905227773,0.08607658837083779,-0.769157591215877
isospectral_broken_8partition,1241,0.23833584137301234,0.03114977697836107,-0.8240844026083537
isospectral_broken_8partition,1242,0.267557333710156,0.041648362819154836,-0.8135858167675599
isospectral_broken_8partition,1243,0.2794092218240496,0.042330448494454484,-0.8129037310922603
isospectral_broken_8partition,1244,0.32937037983452067,0.05541470323461367,-0.7998194763521012
isospectral_broken_8partition,1245,0.25983678102913194,0.03713697447501256,-0.8180972051117023
isospectral_broken_8partition,1246,0.3287120240847916,0.05045628579723309,-0.8047778937894817
isospectral_broken_8partition,1247,0.33131468334287306,0.057122237965790086,-0.7981119416209247
isospectral_broken_8partition,1248,0.2765036429119956,0.0637595129828106,-0.7914746666039042
isospectral_broken_8partition,1249,0.23907170759918273,0.03122881764865562,-0.8240053619380592
isospectral_broken_8partition,1250,0.2717044490162081,0.036099405442353696,-0.8191347741443611
isospectral_broken_8partition,1251,0.26497040044620124,0.03295906355106071,-0.8222751160356541
isospectral_broken_8partition,1252,0.33547530265637904,0.07007178439436244,-0.7851623951923523
isospectral_broken_8partition,1253,0.29781914457435077,0.03382527239226466,-0.8214089071944501
isospectral_broken_8partition,1254,0.3332010570770121,0.09496032116146459,-0.7602738584252502
isospectral_broken_8partition,1255,0.24803087212303876,0.028384074904338405,-0.8268501046823764
isospectral_broken_8partition,1256,0.33079661243069225,0.08682874766256696,-0.7684054319241478
isospectral_broken_8partition,1257,0.2684036778391511,0.028059365195255336,-0.8271748143914595
isospectral_broken_8partition,1258,0.26039405114710396,0.030399539812885693,-0.8248346397738291
isospectral_broken_8partition,1259,0.2742988055554691,0.03779928050940442,-0.8174348990773104
isospectral_broken_8partition,1260,0.2594093892316469,0.027217796304503016,-0.8280163832822117
isospectral_broken_8partition,1261,0.22225599348714342,0.025089679209267173,-0.8301445003774476
isospectral_broken_8partition,1262,0.30763190959341147,0.05999326472144563,-0.7952409148652692
isospectral_broken_8partition,1263,0.3607875882205878,0.0797634938416939,-0.7754706857450209
isospectral_broken_8partition,1264,0.29837080498313995,0.07100380833452027,-0.7842303712521945
isospectral_broken_8partition,1265,0.2823533034231349,0.047201768261258804,-0.808032411325456
isospectral_broken_8partition,1266,0.2657189415399364,0.04313211296454355,-0.8121020666221712
isospectral_broken_8partition,1267,0.290361985829128,0.03685450250382546,-0.8183796770828893
isospectral_broken_8partition,1268,0.32628305248749345,0.06169442155528427,-0.7935397580314305
isospectral_broken_8partition,1269,0.23613157189257056,0.05177728810827106,-0.8034568914784437
isospectral_broken_8partition,1270,0.2933403100753509,0.058510085247093536,-0.7967240943396212
isospectral_broken_8partition,1271,0.2672772239132216,0.05350290602587267,-0.8017312735608421
isospectral_broken_8partition,1272,0.3137130093174345,0.06875476850123435,-0.7864794110854805
isospectral_broken_8partition,1273,0.26292653653570713,0.037072729715934685,-0.8181614498707801
isospectral_broken_8partition,1274,0.2787044398272664,0.04961573089793835,-0.8056184486887764
isospectral_broken_8partition,1275,0.3232521902491511,0.07266863705487452,-0.7825655425318403
isospectral_broken_8partition,1276,0.3276631767366456,0.056682231231652815,-0.7985519483550619
isospectral_broken_8partition,1277,0.262128336138846,0.06471869407996239,-0.7905154855067524
isospectral_broken_8partition,1278,0.2561714373819328,0.03502702051392906,-0.8202071590727857
isospectral_broken_8partition,1279,0.3421337878244049,0.07604526923605763,-0.7791889103506572
isospectral_broken_8partition,1280,0.3928275876802006,0.07407670069749057,-0.7811574788892242
isospectral_broken_8partition,1281,0.2845917473406482,0.04979959489657637,-0.8054345846901384
isospectral_broken_8partition,1282,0.286765384186849,0.06879061453922232,-0.7864435650474925
isospectral_broken_8partition,1283,0.2510619146011216,0.04021997111934371,-0.815014208467371
isospectral_broken_8partition,1284,0.30993237325343426,0.08754707389140887,-0.7676871056953058
isospectral_broken_8partition,1285,0.2938817924345551,0.04723992537789663,-0.8079942542088181
isospectral_broken_8partition,1286,0.313088612886056,0.05368609815108077,-0.801548081435634
isospectral_broken_8partition,1287,0.291879123953067,0.05713210245194836,-0.7981020771347664
isospectral_broken_8partition,1288,0.24101754079565102,0.0377140400405841,-0.8175201395461307
isospectral_broken_8partition,1289,0.2975019865067823,0.02932852581637425,-0.8259056537703405
isospectral_broken_8partition,1290,0.21582274630420378,0.02399238362921769,-0.831241795957497
isospectral_broken_8partition,1291,0.255225233757438,0.030377372611510613,-0.8248568069752041
isospectral_broken_8partition,1292,0.24739192101975888,0.046022411227873525,-0.8092117683588412
isospectral_broken_8partition,1293,0.3119047043815227,0.052925146548315,-0.8023090330383997
isospectral_broken_8partition,1294,0.3166529891577144,0.06045557256387707,-0.7947786070228378
isospectral_broken_8partition,1295,0.24542986950599727,0.03651146815428344,-0.8187227114324314
isospectral_broken_8partition,1296,0.29079769432757463,0.04451827552243723,-0.8107159040642775
isospectral_broken_8partition,1297,0.21749116892985715,0.0255706164997362,-0.8296635630869785
isospectral_broken_8partition,1298,0.2837863062807455,0.04484037544597042,-0.8103938041407444
isospectral_broken_8partition,1299,0.28688847640197745,0.04226754321082081,-0.812966636375894
isospectral_broken_8partition,1300,0.3030382103622756,0.052525361365258136,-0.8027088182214567
isospectral_broken_8partition,1301,0.21097927509510128,0.01823728690472905,-0.8369968926819857
isospectral_broken_8partition,1302,0.3315081375146155,0.05170486927152255,-0.8035293103151923
isospectral_broken_8partition,1303,0.28655797487208406,0.057245789076410675,-0.7979883905103041
isospectral_broken_8partition,1304,0.2554582448920983,0.03557307528719589,-0.8196611042995189
isospectral_broken_8partition,1305,0.2074028604013943,0.03226831289226311,-0.8229658666944517
isospectral_broken_8partition,1306,0.28490179601912297,0.04640265649660983,-0.808831523090105
isospectral_broken_8partition,1307,0.2713741419804617,0.06420674345530086,-0.7910274361314139
isospectral_broken_8partition,1308,0.2846358814852449,0.05786805223406193,-0.7973661273526529
isospectral_broken_8partition,1309,0.2906029904516266,0.05347115968154682,-0.801763019905168
isospectral_broken_8partition,1310,0.2734722586324691,0.04181393852595252,-0.8134202410607623
isospectral_broken_8partition,1311,0.3021063611431733,0.05156965229801852,-0.8036645272886962
isospectral_broken_8partition,1312,0.3603097223774435,0.08249918651783796,-0.7727349930688768
isospectral_broken_8partition,1313,0.22028605891931088,0.025291005769244784,-0.82994317381747
isospectral_broken_8partition,1314,0.3340235049961008,0.06296131819234295,-0.7922728613943718
isospectral_broken_8partition,1315,0.26093590341291195,0.02616133366461528,-0.8290728459220995
isospectral_broken_8partition,1316,0.2497731316326049,0.03984792873321813,-0.8153862508534966
isospectral_broken_8partition,1317,0.20870434473287375,0.028037455237470234,-0.8271967243492445
isospectral_broken_8partition,1318,0.2301188291009193,0.03003201827399508,-0.8252021613127197
isospectral_broken_8partition,1319,0.27120523319614176,0.05605502548815517,-0.7991791540985596
isospectral_broken_8partition,1320,0.3025904140892802,0.08747177695167808,-0.7677624026350367
isospectral_broken_8partition,1321,0.2938896681737395,0.07088246202567128,-0.7843517175610435
isospectral_broken_8partition,1322,0.3146500458329299,0.08940895386545075,-0.765825225721264
isospectral_broken_8partition,1323,0.31272303312176747,0.09417621514307103,-0.7610579644436437
isospectral_broken_8partition,1324,0.2588351855815368,0.05024538741913957,-0.8049887921675752
isospectral_broken_8partition,1325,0.3034269026650084,0.05475829462802473,-0.80047588495869
isospectral_broken_8partition,1326,0.31227005325879265,0.056583754520843646,-0.7986504250658711
isospectral_broken_8partition,1327,0.28598637358453854,0.03343072517386586,-0.821803454412849
isospectral_broken_8partition,1328,0.2688571622238577,0.050535812499613864,-0.8046983670871009
isospectral_broken_8partition,1329,0.28845700745441855,0.07569102717231474,-0.7795431524144001
isospectral_broken_8partition,1330,0.2610557267068222,0.03234116328050668,-0.822893016306208
isospectral_broken_8partition,1331,0.24543456866988173,0.034453557725860014,-0.8207806218608548
isospectral_broken_8partition,1332,0.23475781530963924,0.031277339976960125,-0.8239568396097546
isospectral_broken_8partition,1333,0.2879631543407796,0.03904488124884995,-0.8161892983378648
isospectral_broken_8partition,1334,0.23131021533106333,0.03862160952698902,-0.8166125700597258
isospectral_broken_8partition,1335,0.2822646874577961,0.060657802968331134,-0.7945763766183837
isospectral_broken_8partition,1336,0.323381124268558,0.06756591031021864,-0.7876682692764961
isospectral_broken_8partition,1337,0.27874528438372115,0.03548491146068868,-0.8197492681260261
isospectral_broken_8partition,1338,0.26902621711596686,0.0664895245752008,-0.788744655011514
isospectral_broken_8partition,1339,0.30012409949415936,0.04516522107568953,-0.8100689585110252
isospectral_broken_8partition,1340,0.353775391752291,0.09048065606133367,-0.7647535235253811
isospectral_broken_8partition,1341,0.2247565783473496,0.04527427460883567,-0.8099599049778791
isospectral_broken_8partition,1342,0.2610025378766746,0.03477672639642869,-0.8204574531902861
isospectral_broken_8partition,1343,0.27811750081962305,0.047116449265472385,-0.8081177303212423
isospectral_broken_8partition,1344,0.257568137707366,0.051631724226103626,-0.8036024553606111
isospectral_broken_8partition,1345,0.25662885272279856,0.03786369039530496,-0.8173704891914098
isospectral_broken_8partition,1346,0.250991706652019,0.03155939115976387,-0.8236747884269509
isospectral_broken_8partition,1347,0.28860407545083416,0.05960251501094635,-0.7956316645757684
isospectral_broken_8partition,1348,0.20426724066960877,0.019120118965138842,-0.8361140606215759
isospectral_broken_8partition,1349,0.25665471425683345,0.03872603228188264,-0.8165081473048321
isospectral_broken_8partition,1350,0.29328223861421165,0.06782345278021075,-0.787410726806504
isospectral_broken_8partition,1351,0.23839474496889318,0.052094669899335866,-0.8031395096873789
isospectral_broken_8partition,1352,0.28732502592649517,0.04603778585552893,-0.8091963937311858
isospectral_broken_8partition,1353,0.2817957175098467,0.04301000132159789,-0.8122241782651168
isospectral_broken_8partition,1354,0.2977745258633683,0.05555351984104655,-0.7996806597456683
isospectral_broken_8partition,1355,0.2919091983110814,0.029400950210739504,-0.8258332293759753
isospectral_broken_8partition,1356,0.2460792594207922,0.03736063193814186,-0.8178735476485729
isospectral_broken_8partition,1357,0.2544739259478005,0.03293711472992822,-0.8222970648567866
isospectral_broken_8partition,1358,0.2746050463904239,0.04288967380641545,-0.8123445057802994
isospectral_broken_8partition,1359,0.29964399053469126,0.07744271022097005,-0.7777914693657447
isospectral_broken_8partition,1360,0.2777259883251171,0.03831229389899654,-0.8169218856877183
isospectral_broken_8partition,1361,0.24342544639230096,0.0349088367372076,-0.8203253428495072
isospectral_broken_8partition,1362,0.2935898779373611,0.05231457424023426,-0.8029196053464805
isospectral_broken_8partition,1363,0.23195565129918297,0.034284148712024176,-0.8209500308746907
isospectral_broken_8partition,1364,0.22982562974068638,0.03571735440568903,-0.8195168251810258
isospectral_broken_8partition,1365,0.27697513991791245,0.04358451039855355,-0.8116496691881612
isospectral_broken_8partition,1366,0.25085850711091284,0.05173800299766851,-0.8034961765890463
isospectral_broken_8partition,1367,0.3246895347107861,0.05945693509372048,-0.7957772444929943
isospectral_broken_8partition,1368,0.30367836686131877,0.04911334811058196,-0.8061208314761328
isospectral_broken_8partition,1369,0.236826985038621,0.04094055688659881,-0.814293622700116
isospectral_broken_8partition,1370,0.2332187232462278,0.027815796303555528,-0.8274183832831592
isospectral_broken_8partition,1371,0.2642580434427344,0.06653040960862577,-0.788703769978089
isospectral_broken_8partition,1372,0.17998857219792913,0.023898269126845076,-0.8313359104598697
isospectral_broken_8partition,1373,0.3253142260435097,0.06847454132894784,-0.786759638257767
isospectral_broken_8partition,1374,0.273740991313051,0.041111671400220914,-0.8141225081864939
isospectral_broken_8partition,1375,0.29892486563756293,0.06991920564628316,-0.7853149739404316
isospectral_broken_8partition,1376,0.3455714189549352,0.08941108803869646,-0.7658230915480183
isospectral_broken_8partition,1377,0.3467732242645275,0.04885778461762439,-0.8063763949690904
isospectral_broken_8partition,1378,0.3099076299738637,0.061034925671096,-0.7941992539156187
isospectral_broken_8partition,1379,0.32746645789016326,0.05147952885010629,-0.8037546507366085
isospectral_broken_8partition,1380,0.296553676138464,0.03359722593602814,-0.8216369536506867
isospectral_broken_8partition,1381,0.31999991220349355,0.03708740885125254,-0.8181467707354623
isospectral_broken_8partition,1382,0.2922873940851474,0.07038760785570802,-0.7848465717310067
isospectral_broken_8partition,1383,0.22389018819472392,0.03492244216142896,-0.8203117374252858
isospectral_broken_8partition,1384,0.19226592573663093,0.019661251116680337,-0.8355729284700344
isospectral_broken_8partition,1385,0.28965547628099997,0.05447847844711544,-0.8007557011395994
isospectral_broken_8partition,1386,0.315684233137997,0.04224663111703735,-0.8129875484696775
isospectral_broken_8partition,1387,0.21848985057290288,0.017978393922815125,-0.8372557856638997
isospectral_broken_8partition,1388,0.27072495080218706,0.09096158308407264,-0.7642725965026421
isospectral_broken_8partition,1389,0.2647157124016377,0.04040989576917008,-0.8148242838175447
isospectral_broken_8partition,1390,0.2889636787364186,0.0549712740391889,-0.8002629055475259
isospectral_broken_8partition,1391,0.2354818681828445,0.03724534126054365,-0.8179888383261711
isospectral_broken_8partition,1392,0.22281744386227237,0.03301595785427146,-0.8222182217324433
isospectral_broken_8partition,1393,0.25328195279105503,0.037370833886868834,-0.817863345699846
isospectral_broken_8partition,1394,0.28478950312109985,0.07123821636357108,-0.7839959632231437
isospectral_broken_8partition,1395,0.2469670143408598,0.06591072451308663,-0.7893234550736281
isospectral_broken_8partition,1396,0.2761093340468274,0.055757091724732734,-0.799477087861982
isospectral_broken_8partition,1397,0.30849165425279557,0.04374652312053983,-0.8114876564661749
isospectral_broken_8partition,1398,0.2624615927481242,0.033792350828620935,-0.8214418287580938
isospectral_broken_8partition,1399,0.29506645279290294,0.05398157670627926,-0.8012526028804355
isospectral_broken_8partition,1400,0.335710455582673,0.06597938062000804,-0.7892547989667067
isospectral_broken_8partition,1401,0.26864504104672604,0.06191721708036517,-0.7933169625063496
isospectral_broken_8partition,1402,0.33510686559059505,0.05266392517296865,-0.8025702544137461
isospectral_broken_8partition,1403,0.307650346416507,0.07730330652753335,-0.7779308730591814
isospectral_broken_8partition,1404,0.20956641978354762,0.01680121569919839,-0.8384329638875164
isospectral_broken_8partition,1405,0.24633720381957241,0.036537274346147376,-0.8186969052405674
isospectral_broken_8partition,1406,0.2724508471230437,0.054631602902842594,-0.8006025766838721
isospectral_broken_8partition,1407,0.28334938982525737,0.045741473538256625,-0.8094927060484581
isospectral_broken_8partition,1408,0.23094097991321133,0.023454191214399737,-0.831779988372315
isospectral_broken_8partition,1409,0.27280744653860023,0.04099958422135311,-0.8142345953653617
isospectral_broken_8partition,1410,0.248055597161017,0.03269988561432578,-0.822534293972389
isospectral_broken_8partition,1411,0.2976404720169455,0.05511772537229439,-0.8001164542144203
isospectral_broken_8partition,1412,0.22576377662479158,0.023626841216987174,-0.8316073383697276
isospectral_broken_8partition,1413,0.2767202964863936,0.07015251895549893,-0.7850816606312159
isospectral_broken_8partition,1414,0.2428099278078836,0.035404026579261755,-0.819830153007453
isospectral_broken_8partition,1415,0.23911065291553565,0.021657928821799982,-0.8335762507649148
isospectral_broken_8partition,1416,0.24099331662385967,0.02722775610017324,-0.8280064234865415
isospectral_broken_8partition,1417,0.3118583923577754,0.05714944145497573,-0.7980847381317391
isospectral_broken_8partition,1418,0.26554172383037244,0.04956492855062255,-0.8056692510360922
isospectral_broken_8partition,1419,0.2575232517515893,0.04125255441111506,-0.8139816251755997
isospectral_broken_8partition,1420,0.2808520514140014,0.04797402602204878,-0.807260153564666
isospectral_broken_8partition,1421,0.33658347196531413,0.06816360222941686,-0.7870705773572979
isospectral_broken_8partition,1422,0.3277991522213786,0.08508541607822964,-0.7701487635084852
isospectral_broken_8partition,1423,0.27369276135343085,0.045212771112638495,-0.8100214084740762
isospectral_broken_8partition,1424,0.2789220835510309,0.06302167049300217,-0.7922125090937127
isospectral_broken_8partition,1425,0.2661609960292042,0.04677517261649945,-0.8084590069702153
isospectral_broken_8partition,1426,0.247862800127921,0.043707458252728024,-0.8115267213339867
isospectral_broken_8partition,1427,0.24863374540027322,0.026355007738272568,-0.8288791718484422
isospectral_broken_8partition,1428,0.2274948323763597,0.02313098814976375,-0.832103191436951
isospectral_broken_8partition,1429,0.3257658984654184,0.03945083272762708,-0.8157833468590877
isospectral_broken_8partition,1430,0.31535524896656386,0.073682585592072,-0.7815515939946428
isospectral_broken_8partition,1431,0.2721663854329976,0.05838652634770715,-0.7968476532390076
isospectral_broken_8partition,1432,0.32444992421303237,0.0766780789793841,-0.7785561006073307
isospectral_broken_8partition,1433,0.2595499554520702,0.04781746111164954,-0.8074167184750652
isospectral_broken_8partition,1434,0.30256948649027227,0.05972611460101054,-0.7955080649857043
isospectral_broken_8partition,1435,0.28136433121136706,0.049481417881528766,-0.8057527617051861
isospectral_broken_8partition,1436,0.2775834006061789,0.04345310942740805,-0.8117810701593067
isospectral_broken_8partition,1437,0.3310768006066823,0.072903795482887,-0.7823303841038278
isospectral_broken_8partition,1438,0.2648396176504175,0.036428320778090106,-0.8188058588086247
isospectral_broken_8partition,1439,0.25196246952514145,0.03835502008586082,-0.816879159500854
isospectral_broken_8partition,1440,0.2613544481581092,0.05198803271888077,-0.803246146867834
isospectral_broken_8partition,1441,0.3406276284282216,0.07492814560785735,-0.7803060339788574
isospectral_broken_8partition,1442,0.2529430148262768,0.03694765474339068,-0.8182865248433241
isospectral_broken_8partition,1443,0.23267249014010638,0.023710616823135966,-0.8315235627635789
isospectral_broken_8partition,1444,0.2631393563258301,0.041710260110984373,-0.8135239194757304
isospectral_broken_8partition,1445,0.26794557984954015,0.05556089506902238,-0.7996732845176924
isospectral_broken_8partition,1446,0.33350206687110784,0.05353303478226985,-0.8017011448044449
isospectral_broken_8partition,1447,0.2917529199611686,0.042751900594367516,-0.8124822789923473
isospectral_broken_8partition,1448,0.2461880811432452,0.025812649382717733,-0.829421530203997
isospectral_broken_8partition,1449,0.2789222880061138,0.03998000206295694,-0.8152541775237578
isospectral_broken_8partition,1450,0.30677388890543,0.0855296105924652,-0.7697045689942495
isospectral_broken_8partition,1451,0.2420657604363855,0.03136480366583115,-0.8238693759208836
isospectral_broken_8partition,1452,0.33611274170423516,0.07662632566323219,-0.7786078539234826
isospectral_broken_8partition,1453,0.23066061976323346,0.030831084044159095,-0.8244030955425556
isospectral_broken_8partition,1454,0.3457269906071624,0.0864734952415111,-0.7687606843452037
isospectral_broken_8partition,1455,0.309499418336418,0.057860723368065456,-0.7973734562186493
isospectral_broken_8partition,1456,0.24308285214339265,0.04020900353732401,-0.8150251760493907
isospectral_broken_8partition,1457,0.27573171543513086,0.04412598399646283,-0.8111081955902519
isospectral_broken_8partition,1458,0.34555950107070477,0.10745724075135002,-0.7477769388353648
isospectral_broken_8partition,1459,0.27797674080941015,0.04370555912830181,-0.811528620458413
isospectral_broken_8partition,1460,0.28365238742740034,0.06395163256633926,-0.7912825470203755
isospectral_broken_8partition,1461,0.27130653279807293,0.03985870599440143,-0.8153754735923133
isospectral_broken_8partition,1462,0.2943178304702939,0.04477749760239018,-0.8104566819843246
isospectral_broken_8partition,1463,0.3098061037564377,0.05055846434673586,-0.8046757152399789
isospectral_broken_8partition,1464,0.2806840245044235,0.032525194335470714,-0.822708985251244
isospectral_broken_8partition,1465,0.2628531748698788,0.035551035238389095,-0.8196831443483257
isospectral_broken_8partition,1466,0.2743817519036752,0.05730105647739235,-0.7979331231093224
isospectral_broken_8partition,1467,0.31155379649644543,0.057257117324623116,-0.7979770622620916
isospectral_broken_8partition,1468,0.28498764684187183,0.06223812995483709,-0.7929960496318776
isospectral_broken_8partition,1469,0.22733007041242137,0.028421220755004133,-0.8268129588317107
isospectral_broken_8partition,1470,0.26614308760635047,0.03376653588344104,-0.8214676437032737
isospectral_broken_8partition,1471,0.25552648536572753,0.055536840342226446,-0.7996973392444884
isospectral_broken_8partition,1472,0.30086255057019473,0.06526596889139775,-0.789968210695317
isospectral_broken_8partition,1473,0.2498798944827259,0.028313848982072305,-0.8269203306046424
isospectral_broken_8partition,1474,0.2652156600825606,0.050648070849804674,-0.80458610873691
isospectral_broken_8partition,1475,0.2625526125519456,0.03336466422705435,-0.8218695153596605
isospectral_broken_8partition,1476,0.2987864727094501,0.07773151583006221,-0.7775026637566526
isospectral_broken_8partition,1477,0.2707049244362859,0.03678978360595331,-0.8184443959807615
isospectral_broken_8partition,1478,0.29125193270811633,0.05651488946887493,-0.7987192901178398
isospectral_broken_8partition,1479,0.2608874942033017,0.0442696033436224,-0.8109645762430924
isospectral_broken_8partition,1480,0.3185543513816098,0.08354949903110202,-0.7716846805556128
isospectral_broken_8partition,1481,0.2479732717868172,0.03659528014270112,-0.8186388994440137
isospectral_broken_8partition,1482,0.23028299080440598,0.032294408795296756,-0.822939770791418
isospectral_broken_8partition,1483,0.2717977927880507,0.05825628455969657,-0.7969778950270182
isospectral_broken_8partition,1484,0.2759333459182173,0.06582632382537376,-0.789407855761341
isospectral_broken_8partition,1485,0.3538057978741087,0.06310025487470035,-0.7921339247120144
isospectral_broken_8partition,1486,0.3241987101149482,0.04811287532824688,-0.8071213042584678
isospectral_broken_8partition,1487,0.30598440763772894,0.057825004189433406,-0.7974091753972814
isospectral_broken_8partition,1488,0.3103193115455407,0.04830009379247867,-0.8069340857942361
isospectral_broken_8partition,1489,0.29086581966795827,0.06607057925422935,-0.7891636003324854
isospectral_broken_8partition,1490,0.2623831015165192,0.04996677112345683,-0.805267408463258
isospectral_broken_8partition,1491,0.3515768048223291,0.08594802828117552,-0.7692861513055392
isospectral_broken_8partition,1492,0.2311524385918844,0.02390428881774573,-0.831329890768969
isospectral_broken_8partition,1493,0.23824776079944882,0.032344102334085564,-0.8228900772526292
isospectral_broken_8partition,1494,0.23153745720442978,0.036152151661974774,-0.8190820279247399
isospectral_broken_8partition,1495,0.26204983831657114,0.04183829500518084,-0.8133958845815339
isospectral_broken_8partition,1496,0.3469112799033771,0.07311028493019069,-0.7821238946565241
isospectral_broken_8partition,1497,0.30939586972581645,0.10341751527832578,-0.751816664308389
isospectral_broken_8partition,1498,0.32017598884499016,0.07946487688037704,-0.7757693027063377
isospectral_broken_8partition,1499,0.20828842591915572,0.021688922528051196,-0.8335452570586636
isospectral_broken_8partition,1500,0.27964700700320133,0.06988615298674519,-0.7853480265999696
isospectral_broken_8partition,1501,0.2606028746253828,0.056681906882003974,-0.7985522727047107
isospectral_broken_8partition,1502,0.2902463030035843,0.0449900109166194,-0.8102441686700954
isospectral_broken_8partition,1503,0.26964113057673456,0.045344768054092655,-0.8098894115326221
isospectral_broken_8partition,1504,0.23827028478312734,0.0446984033264518,-0.810535776260263
isospectral_broken_8partition,1505,0.30679672471038827,0.08748074191002753,-0.7677534376766872
isospectral_broken_8partition,1506,0.35894703858901456,0.054783596813514635,-0.8004505827732001
isospectral_broken_8partition,1507,0.26563923598445704,0.030275561338205956,-0.8249586182485088
isospectral_broken_8partition,1508,0.24044862693354846,0.028093526428465188,-0.8271406531582496
isospectral_broken_8partition,1509,0.26962116534162345,0.046254613434897354,-0.8089795661518174
isospectral_broken_8partition,1510,0.27427256798435284,0.05323059274478864,-0.8020035868419262
isospectral_broken_8partition,1511,0.2937989258975504,0.049234756229225865,-0.8059994233574889
isospectral_broken_8partition,1512,0.2990179605139026,0.0434430726041001,-0.8117911069826147
isospectral_broken_8partition,1513,0.31480750194552115,0.05678887280040064,-0.7984453067863141
isospectral_broken_8partition,1514,0.2641551631158725,0.046484983548670575,-0.8087491960380442
isospectral_broken_8partition,1515,0.23318874571741185,0.0244383114764701,-0.8307958681102446
isospectral_broken_8partition,1516,0.3022288195313799,0.06607462955550447,-0.7891595500312103
isospectral_broken_8partition,1517,0.2493284411848466,0.03390763234643841,-0.8213265472402763
isospectral_broken_8partition,1518,0.2343758586017533,0.027187080268319817,-0.8280470993183949
isospectral_broken_8partition,1519,0.2905546889593028,0.04604344542109785,-0.8091907341656169
isospectral_broken_8partition,1520,0.27665883915170797,0.05387341414362977,-0.801360765443085
isospectral_broken_8partition,1521,0.38032760772529417,0.05682702781870187,-0.7984071517680129
isospectral_broken_8partition,1522,0.2897788506421455,0.05646625283631861,-0.7987679267503962
isospectral_broken_8partition,1523,0.2612107314148642,0.04354987576460881,-0.811684303822106
isospectral_broken_8partition,1524,0.29250813871625914,0.06910120449383671,-0.786132975092878
isospectral_broken_8partition,1525,0.30712311698205597,0.04110695987744115,-0.8141272197092736
isospectral_broken_8partition,1526,0.24522359463051419,0.03531096224299344,-0.8199232173437213
isospectral_broken_8partition,1527,0.32552765626152613,0.05815469290441731,-0.7970794866822974
isospectral_broken_8partition,1528,0.25072406200295694,0.03913141101806416,-0.8161027685686506
isospectral_broken_8partition,1529,0.2533101672715633,0.04354132225756197,-0.8116928573291528
isospectral_broken_8partition,1530,0.2642256906709354,0.03733648473334214,-0.8178976948533726
isospectral_broken_8partition,1531,0.2673168332097998,0.059036296387653786,-0.796197883199061
isospectral_broken_8partition,1532,0.23204703458296663,0.029246902967305796,-0.825987276619409
isospectral_broken_8partition,1533,0.2646833224553912,0.038828626705797786,-0.816405552880917
isospectral_broken_8partition,1534,0.28399295317278017,0.10540949100944069,-0.7498246885772741
isospectral_broken_8partition,1535,0.3128380102723045,0.05296495297892087,-0.8022692266077939
isospectral_broken_8partition,1536,0.28700020651379504,0.06740225076412062,-0.7878319288225941
isospectral_broken_8partition,1537,0.2728346011107967,0.04478215489750798,-0.8104520246892067
isospectral_broken_8partition,1538,0.2481486429661825,0.027203697911122655,-0.8280304816755921
isospectral_broken_8partition,1539,0.24249025248762351,0.028334615543728403,-0.8268995640429864
isospectral_broken_8partition,1540,0.3015991468632243,0.04790963927829829,-0.8073245403084165
isospectral_broken_8partition,1541,0.4015981716168595,0.09740426589884313,-0.7578299136878717
isospectral_broken_8partition,1542,0.23533396232845377,0.0323198214815184,-0.8229143581051964
isospectral_broken_8partition,1543,0.2901141022307364,0.05931358006359148,-0.7959205995231233
isospectral_broken_8partition,1544,0.34652126697964586,0.09126195127087941,-0.7639722283158353
isospectral_broken_8partition,1545,0.23514887307952187,0.04466185597783426,-0.8105723236088805
isospectral_broken_8partition,1546,0.2715120991092902,0.03683887758259135,-0.8183953020041235
isospectral_broken_8partition,1547,0.2700846202623507,0.050312958525128196,-0.8049212210615866
isospectral_broken_8partition,1548,0.22406382833563465,0.03230748922407052,-0.8229266903626442
isospectral_broken_8partition,1549,0.3330185411743388,0.06950421733050517,-0.7857299622562096
isospectral_broken_8partition,1550,0.27919405708047096,0.04794395229936756,-0.8072902272873472
isospectral_broken_8partition,1551,0.26060084631170943,0.028042427632012687,-0.8271917519547021
isospectral_broken_8partition,1552,0.25149371682067656,0.04279756695623728,-0.8124366126304775
isospectral_broken_8partition,1553,0.24241583848624104,0.03667903798216428,-0.8185551416045505
isospectral_broken_8partition,1554,0.2831583837426519,0.053190139357086275,-0.8020440402296285
isospectral_broken_8partition,1555,0.28748190396280393,0.06829165574120821,-0.7869425238455066
isospectral_broken_8partition,1556,0.2229965026712544,0.022067895169171514,-0.8331662844175433
isospectral_broken_8partition,1557,0.23070124449455318,0.0277260420362372,-0.8275081375504776
isospectral_broken_8partition,1558,0.31518001299877785,0.08392978992305171,-0.7713043896636631
isospectral_broken_8partition,1559,0.32506042736930685,0.04820282531385644,-0.8070313542728583
isospectral_broken_8partition,1560,0.2772126644850426,0.04010219203991751,-0.8151319875467973
isospectral_broken_8partition,1561,0.27208222977451973,0.07653226386682975,-0.778701915719885
isospectral_broken_8partition,1562,0.3018883041386773,0.08308289209803679,-0.772151287488678
isospectral_broken_8partition,1563,0.24094236319598789,0.028967175894430333,-0.8262670036922845
isospectral_broken_8partition,1564,0.2613162996848992,0.039869707841947225,-0.8153644717447676
isospectral_broken_8partition,1565,0.2710878088886463,0.02832636427002148,-0.8269078153166933
isospectral_broken_8partition,1566,0.28095831214315786,0.05507582001902672,-0.800158359567688
isospectral_broken_8partition,1567,0.23022649872302403,0.02865604671660714,-0.8265781328701076
isospectral_broken_8partition,1568,0.249352767340943,0.04854723132657469,-0.8066869482601401
isospectral_broken_8partition,1569,0.26503790553613116,0.0348327675325013,-0.8204014120542135
isospectral_broken_8partition,1570,0.27970761698872115,0.04993186528798664,-0.8053023142987281
isospectral_broken_8partition,1571,0.2756505180235204,0.043865765294996986,-0.8113684142917178
isospectral_broken_8partition,1572,0.27687213367993413,0.04050091153048464,-0.8147332680562301
isospectral_broken_8partition,1573,0.32586002837992395,0.07105843052571664,-0.7841757490609982
isospectral_broken_8partition,1574,0.22828229387828292,0.023139247487483826,-0.8320949320992309
isospectral_broken_8partition,1575,0.35156429094715586,0.0670467528753462,-0.7881874267113685
isospectral_broken_8partition,1576,0.26575502768077863,0.054612979158624925,-0.8006212004280898
isospectral_broken_8partition,1577,0.2516665757503316,0.04067882582050522,-0.8145553537662096
isospectral_broken_8partition,1578,0.2592886193164503,0.039839733606091735,-0.815394445980623
isospectral_broken_8partition,1579,0.24713643967818294,0.045144348541699755,-0.810089831045015
isospectral_broken_8partition,1580,0.2595344557128362,0.044783431323480706,-0.810450748263234
isospectral_broken_8partition,1581,0.29632716292555406,0.07838620568615537,-0.7768479739005594
isospectral_broken_8partition,1582,0.2608352377297505,0.04459474526356176,-0.810639434323153
isospectral_broken_8partition,1583,0.2603613825748655,0.06016319388715274,-0.795070985699562
isospectral_broken_8partition,1584,0.2871562455269695,0.06616148741418354,-0.7890726921725313
isospectral_broken_8partition,1585,0.3148434725423536,0.06778160270193148,-0.7874525768847833
isospectral_broken_8partition,1586,0.2991233000303402,0.04025934876141844,-0.8149748308252963
isospectral_broken_8partition,1587,0.3029517937424302,0.04198706257733985,-0.8132471170093749
isospectral_broken_8partition,1588,0.2549007649646608,0.04803430397477799,-0.8071998756119367
isospectral_broken_8partition,1589,0.24987903759181995,0.04509616905419983,-0.8101380105325149
isospectral_broken_8partition,1590,0.304830400866917,0.043433645325600796,-0.811800534261114
isospectral_broken_8partition,1591,0.24232262917015882,0.03442995431551971,-0.820804225271195
isospectral_broken_8partition,1592,0.284980388653591,0.052573712927512575,-0.8026604666592022
isospectral_broken_8partition,1593,0.266107410443068,0.03730044307037765,-0.8179337365163372
isospectral_broken_8partition,1594,0.2811960648186571,0.057757600087679856,-0.7974765794990349
isospectral_broken_8partition,1595,0.2561595564692451,0.03888325919383795,-0.8163509203928768
isospectral_broken_8partition,1596,0.24878559549365706,0.03733045486371152,-0.8179037247230032
isospectral_broken_8partition,1597,0.2799501112221323,0.051213020648933974,-0.8040211589377808
isospectral_broken_8partition,1598,0.27087091126372975,0.04820015928779356,-0.8070340202989212
isospectral_broken_8partition,1599,0.24340205019881445,0.05680311024441093,-0.7984310693423038
isospectral_broken_8partition,1600,0.24658158278727638,0.03257379278539349,-0.8226603868013213
isospectral_broken_8partition,1601,0.28971802851256817,0.052723996689011725,-0.802510182897703
isospectral_broken_8partition,1602,0.2887597616274648,0.06323574395208231,-0.7919984356346325
isospectral_broken_8partition,1603,0.23834272980193943,0.034957536067280394,-0.8202766435194344
isospectral_broken_8partition,1604,0.24499824432878584,0.03870101994782407,-0.8165331596388907
isospectral_broken_8partition,1605,0.31677923696777716,0.06171341562236488,-0.7935207639643499
isospectral_broken_8partition,1606,0.2859762437515355,0.06246560030663479,-0.7927685792800799
isospectral_broken_8partition,1607,0.24297259118830505,0.02691535934041952,-0.8283188202462952
isospectral_broken_8partition,1608,0.28299941128269585,0.07577566983868136,-0.7794585097480334
isospectral_broken_8partition,1609,0.2665446881201878,0.03412066697087272,-0.8211135126158421
isospectral_broken_8partition,1610,0.2466942761586909,0.031399038834282085,-0.8238351407524327
isospectral_broken_8partition,1611,0.25852314088012396,0.02813427465689343,-0.8270999049298213
isospectral_broken_8partition,1612,0.3135391107396289,0.0401575102653164,-0.8150766693213983
isospectral_broken_8partition,1613,0.2994461389992745,0.031639735525513864,-0.8235944440612009
isospectral_broken_8partition,1614,0.26016854787684696,0.05330373265828707,-0.8019304469284277
isospectral_broken_8partition,1615,0.23216212395671004,0.027163996415922098,-0.8280701831707926
isospectral_broken_8partition,1616,0.26371567589506145,0.034604083552107354,-0.8206300960346075
isospectral_broken_8partition,1617,0.2974399783481596,0.04958476372729338,-0.8056494158594214
isospectral_broken_8partition,1618,0.2957011331159806,0.05151800490350723,-0.8037161746832076
isospectral_broken_8partition,1619,0.2602554050671076,0.05038217991161702,-0.8048519996750978
isospectral_broken_8partition,1620,0.2747384352000754,0.04055809487992692,-0.8146760847067879
isospectral_broken_8partition,1621,0.2830737603241061,0.07126724102616203,-0.7839669385605528
isospectral_broken_8partition,1622,0.2338459813889988,0.030564770561626264,-0.8246694090250886
isospectral_broken_8partition,1623,0.2846111413512713,0.0736304101856384,-0.7816037694010763
isospectral_broken_8partition,1624,0.3397452045176198,0.04378359813062699,-0.8114505814560877
isospectral_broken_8partition,1625,0.22059312924295482,0.025233124123355974,-0.8300010554633588
isospectral_broken_8partition,1626,0.27947607553040815,0.059303409839153776,-0.795930769747561
isospectral_broken_8partition,1627,0.29416685231168577,0.037213164932139886,-0.8180210146545749
isospectral_broken_8partition,1628,0.30092179527673446,0.03748499547845455,-0.8177491841082603
isospectral_broken_8partition,1629,0.2626286273291947,0.056018894506677415,-0.7992152850800374
isospectral_broken_8partition,1630,0.23994370152784067,0.03873412753687786,-0.8165000520498369
isospectral_broken_8partition,1631,0.30392550344729186,0.04590465226487168,-0.809329527321843
isospectral_broken_8partition,1632,0.2904117145279373,0.06000056134745102,-0.7952336182392638
isospectral_broken_8partition,1633,0.255908910588734,0.03146770696595694,-0.8237664726207579
isospectral_broken_8partition,1634,0.22625394948953997,0.023800840990881277,-0.8314333385958335
isospectral_broken_8partition,1635,0.2474648416842666,0.03559251051608535,-0.8196416690706294
isospectral_broken_8partition,1636,0.29323088768462335,0.05232789968020493,-0.8029062799065099
isospectral_broken_8partition,1637,0.252658343028471,0.037159357046079804,-0.818074822540635
isospectral_broken_8partition,1638,0.2779274871370808,0.06776508333630044,-0.7874690962504143
isospectral_broken_8partition,1639,0.31141688809917867,0.07596266042671838,-0.7792715191599964
isospectral_broken_8partition,1640,0.25770151635662303,0.0538239949192617,-0.8014101846674531
isospectral_broken_8partition,1641,0.31739846885766526,0.042601998321546986,-0.8126321812651678
isospectral_broken_8partition,1642,0.2889971872369077,0.04552816074046316,-0.8097060188462516
isospectral_broken_8partition,1643,0.2619151472265374,0.045158652950857844,-0.8100755266358569
isospectral_broken_8partition,1644,0.25693192049909763,0.04546960443305109,-0.8097645751536637
isospectral_broken_8partition,1645,0.2504413453477171,0.04215614964628617,-0.8130780299404285
isospectral_broken_8partition,1646,0.2745041960791684,0.06528436492841572,-0.789949814658299
isospectral_broken_8partition,1647,0.2715418873593468,0.046460606232340065,-0.8087735733543747
isospectral_broken_8partition,1648,0.26484922593567606,0.04566964952069146,-0.8095645300660234
isospectral_broken_8partition,1649,0.26465979707036363,0.031276176417910584,-0.8239580031688042
isospectral_broken_8partition,1650,0.27777147778145544,0.037939826615735014,-0.8172943529709797
isospectral_broken_8partition,1651,0.2208098270830542,0.0322108641465675,-0.8230233154401473
isospectral_broken_8partition,1652,0.2758792398694304,0.05358881174828442,-0.8016453678384303
isospectral_broken_8partition,1653,0.2404541782130199,0.03338931494387737,-0.8218448646428373
isospectral_broken_8partition,1654,0.26353142128907114,0.06401015530314333,-0.7912240242835714
isospectral_broken_8partition,1655,0.2964082939363135,0.052278845374917726,-0.802955334211797
isospectral_broken_8partition,1656,0.3635901599550317,0.05593185123984721,-0.7993023283468675
isospectral_broken_8partition,1657,0.2794619363323856,0.06669721621563368,-0.788536963371081
isospectral_broken_8partition,1658,0.21991501910525482,0.021571572050021373,-0.8336626075366934
isospectral_broken_8partition,1659,0.2500976651163526,0.03316458051042158,-0.8220695990762932
isospectral_broken_8partition,1660,0.2729700359359887,0.03741261153215732,-0.8178215680545574
isospectral_broken_8partition,1661,0.23700700264671481,0.03550636466281315,-0.8197278149239016
isospectral_broken_8partition,1662,0.2540252553249146,0.043515535247499085,-0.8117186443392157
isospectral_broken_8partition,1663,0.3497206082440186,0.10451879680462675,-0.750715382782088
isospectral_broken_8partition,1664,0.3256376314595773,0.11415598682735106,-0.7410781927593637
isospectral_broken_8partition,1665,0.2350918088069847,0.03318364232789448,-0.8220505372588203
isospectral_broken_8partition,1666,0.2663876891209067,0.04170101247745825,-0.8135331671092565
isospectral_broken_8partition,1667,0.33334891456015237,0.07891237355524716,-0.7763218060314676
isospectral_broken_8partition,1668,0.2617772984551263,0.03310529212513957,-0.8221288874615752
isospectral_broken_8partition,1669,0.26468661812895466,0.04438402355518195,-0.8108501560315329
isospectral_broken_8partition,1670,0.22055479068247685,0.03906835095654106,-0.8161658286301737
isospectral_broken_8partition,1671,0.31625829143840806,0.06980053431115882,-0.7854336452755559
isospectral_broken_8partition,1672,0.3002483416666514,0.0600672114127859,-0.7951669681739288
isospectral_broken_8partition,1673,0.23272518748787907,0.034863729695013584,-0.8203704498917012
isospectral_broken_8partition,1674,0.2868002667605385,0.04789300894202342,-0.8073411706446914
isospectral_broken_8partition,1675,0.31947089133239703,0.052934405567392165,-0.8022997740193226
isospectral_broken_8partition,1676,0.2233515748274273,0.031012906094761906,-0.8242212734919528
isospectral_broken_8partition,1677,0.25624447074148443,0.04002548910518383,-0.815208690481531
isospectral_broken_8partition,1678,0.25437270535591266,0.04985580080112022,-0.8053783787855946
isospectral_broken_8partition,1679,0.2918378339340026,0.08013456668947526,-0.7750996128972395
isospectral_broken_8partition,1680,0.2571897961896782,0.037458729244272744,-0.817775450342442
isospectral_broken_8partition,1681,0.23732385263252934,0.03177319662415422,-0.8234609829625605
isospectral_broken_8partition,1682,0.27410542480995215,0.0602853343167177,-0.7949488452699971
isospectral_broken_8partition,1683,0.2456353621740707,0.04115754918229876,-0.814076630404416
isospectral_broken_8partition,1684,0.3122038512702229,0.060914033361586975,-0.7943201462251278
isospectral_broken_8partition,1685,0.30233566178365434,0.05299318337897119,-0.8022409962077436
isospectral_broken_8partition,1686,0.3260136125877946,0.075181799598872,-0.7800523799878427
isospectral_broken_8partition,1687,0.24799390195219334,0.049956143611556675,-0.8052780359751581
isospectral_broken_8partition,1688,0.2996788635400811,0.0908809383991642,-0.7643532411875505
isospectral_broken_8partition,1689,0.2752533724297812,0.06942346783123264,-0.7858107117554821
isospectral_broken_8partition,1690,0.23908878794896685,0.04030879165530292,-0.8149253879314119
isospectral_broken_8partition,1691,0.2856506092151456,0.06202779864052242,-0.7932063809461923
isospectral_broken_8partition,1692,0.3084332680236526,0.05770090310181459,-0.7975332764849001
isospectral_broken_8partition,1693,0.24654197370103365,0.038382457203216286,-0.8168517223834985
isospectral_broken_8partition,1694,0.281388503757234,0.06116834242254504,-0.7940658371641698
isospectral_broken_8partition,1695,0.2937969425697605,0.05201056623719441,-0.8032236133495203
isospectral_broken_8partition,1696,0.2374504900516881,0.031259099701294,-0.8239750798854207
isospectral_broken_8partition,1697,0.29007932912703993,0.05956850055328619,-0.7956656790334286
isospectral_broken_8partition,1698,0.25853542839266347,0.03348715929671407,-0.8217470202900007
isospectral_broken_8partition,1699,0.24871727338263386,0.02677048368763651,-0.8284636958990783
isospectral_broken_8partition,1700,0.2467587810970427,0.030033932056416898,-0.8252002475302979
isospectral_broken_8partition,1701,0.3065549590855643,0.05052879660464926,-0.8047053829820655
isospectral_broken_8partition,1702,0.30111835473332826,0.07857484834462772,-0.7766593312420871
isospectral_broken_8partition,1703,0.2522696070844094,0.030380005478672076,-0.8248541741080427
isospectral_broken_8partition,1704,0.2673248147130727,0.053746769469793454,-0.8014874101169214
isospectral_broken_8partition,1705,0.32891821354532524,0.08319874810510357,-0.7720354314816112
isospectral_broken_8partition,1706,0.30807327298187714,0.048889373818005746,-0.806344805768709
isospectral_broken_8partition,1707,0.2410323606772568,0.03723670081446488,-0.8179974787722499
isospectral_broken_8partition,1708,0.27403813250268566,0.07051943236380787,-0.7847147472229069
isospectral_broken_8partition,1709,0.23247642713069244,0.03866468059423196,-0.8165694989924828
isospectral_broken_8partition,1710,0.27794918875169905,0.059153982317985396,-0.7960801972687294
isospectral_broken_8partition,1711,0.31351067142585043,0.05827690236954559,-0.7969572772171691
isospectral_broken_8partition,1712,0.31571650037458265,0.04780026483497114,-0.8074339147517436
isospectral_broken_8partition,1713,0.2526891669297039,0.04067449132974284,-0.8145596882569719
isospectral_broken_8partition,1714,0.2897566073422658,0.05717313623796247,-0.7980610433487523
isospectral_broken_8partition,1715,0.2649362564773293,0.06569403338486089,-0.7895401462018539
isospectral_broken_8partition,1716,0.2615199139410582,0.054754361122252654,-0.8004798184644621
isospectral_broken_8partition,1717,0.26804663866219036,0.04815375891482446,-0.8070804206718903
isospectral_broken_8partition,1718,0.2671105887870256,0.04463105482636675,-0.810603124760348
isospectral_broken_8partition,1719,0.2727856942860542,0.039756658066214534,-0.8154775215205002
isospectral_broken_8partition,1720,0.2624118580727943,0.0324286821519667,-0.8228054974347481
isospectral_broken_8partition,1721,0.3137492597315993,0.06269259162721583,-0.7925415879594989
isospectral_broken_8partition,1722,0.27937733557971656,0.04159775325338794,-0.8136364263333269
isospectral_broken_8partition,1723,0.27529539558624805,0.039933972814335375,-0.8153002067723794
isospectral_broken_8partition,1724,0.2676690586771604,0.03504314806199327,-0.8201910315247215
isospectral_broken_8partition,1725,0.24763236988051474,0.031031577604307893,-0.8242026019824069
isospectral_broken_8partition,1726,0.2783606819031612,0.04016465066660985,-0.8150695289201049
isospectral_broken_8partition,1727,0.3436870408705174,0.041392319234967286,-0.8138418603517474
isospectral_broken_8partition,1728,0.26721153361987804,0.07461381166755059,-0.7806203679191642
isospectral_broken_8partition,1729,0.24478218212710778,0.039980419813319054,-0.8152537597733958
isospectral_broken_8partition,1730,0.26302722394095623,0.03558464107114617,-0.8196495385155687
isospectral_broken_8partition,1731,0.36666244185149743,0.09550503133114496,-0.7597291482555698
isospectral_broken_8partition,1732,0.27891112992888367,0.039639704541761224,-0.8155944750449535
isospectral_broken_8partition,1733,0.23277574150094196,0.02516462467922584,-0.8300695549074889
isospectral_broken_8partition,1734,0.2965073779200504,0.05106943363644553,-0.8041647459502692
isospectral_broken_8partition,1735,0.2339210017098488,0.03273576470608037,-0.8224984148806344
isospectral_broken_8partition,1736,0.3258949585905443,0.04804857447067547,-0.8071856051160393
isospectral_broken_8partition,1737,0.2634730748003164,0.05587566570528967,-0.7993585138814251
isospectral_broken_8partition,1738,0.23349730469915447,0.02339601147883477,-0.83183816810788
isospectral_broken_8partition,1739,0.30093251939255844,0.06800449452913374,-0.7872296850575811
isospectral_broken_8partition,1740,0.2966276649452939,0.06067117472439096,-0.7945630048623238
isospectral_broken_8partition,1741,0.23540151301326653,0.03160868198065297,-0.8236254976060619
isospectral_broken_8partition,1742,0.3149691673809887,0.07423991442624542,-0.7809942651604693
isospectral_broken_8partition,1743,0.25779840094579703,0.030155993774608075,-0.8250781858121067
isospectral_broken_8partition,1744,0.2735502198966332,0.04768538888269572,-0.8075487907040191
isospectral_broken_8partition,1745,0.31019750489580045,0.044776282689959916,-0.8104578968967548
isospectral_broken_8partition,1746,0.20547322001230978,0.024758242434581905,-0.8304759371521329
isospectral_broken_8partition,1747,0.31545314986295303,0.06605452180755056,-0.7891796577791642
isospectral_broken_8partition,1748,0.25588521811062054,0.048491335909109264,-0.8067428436776055
isospectral_broken_8partition,1749,0.2472293091758195,0.03739624679167566,-0.8178379327950391
isospectral_broken_8partition,1750,0.31910698807485516,0.10060104255431723,-0.7546331370323975
isospectral_broken_8partition,1751,0.23339657833167948,0.032081565193051456,-0.8231526143936633
isospectral_broken_8partition,1752,0.29729777783916167,0.04342779119170519,-0.8118063883950096
isospectral_broken_8partition,1753,0.3302908888443404,0.07378878534266411,-0.7814453942440507
isospectral_broken_8partition,1754,0.2638539348849813,0.041499309752968595,-0.8137348698337462
isospectral_broken_8partition,1755,0.2722502648100229,0.07164314686287418,-0.7835910327238406
isospectral_broken_8partition,1756,0.27576771246237625,0.07260667473965546,-0.7826275048470593
isospectral_broken_8partition,1757,0.260038818874037,0.051519562507210556,-0.8037146170795042
isospectral_broken_8partition,1758,0.2617220112253389,0.06023385526916543,-0.7950003243175493
isospectral_broken_8partition,1759,0.23949265880144574,0.04649504078763626,-0.8087391387990785
isospectral_broken_8partition,1760,0.23698870841260433,0.04451957854527848,-0.8107146010414363
isospectral_broken_8partition,1761,0.2757244968141263,0.0768903118705661,-0.7783438677161487
isospectral_broken_8partition,1762,0.3131172758213997,0.06609829774732562,-0.7891358818393892
isospectral_broken_8partition,1763,0.34286202712314484,0.08696088805608779,-0.768273291530627
isospectral_broken_8partition,1764,0.23516544914101603,0.03647777536952131,-0.8187564042171934
isospectral_broken_8partition,1765,0.2510761743899298,0.023975785486149623,-0.8312583941005651
isospectral_broken_8partition,1766,0.31462491717185614,0.05263725170841746,-0.8025969278782973
isospectral_broken_8partition,1767,0.27776631564277676,0.04004945338959327,-0.8151847261971215
isospectral_broken_8partition,1768,0.29698480521757786,0.07423353179914767,-0.7810006477875671
isospectral_broken_8partition,1769,0.2663151065628945,0.03829434639453743,-0.8169398331921773
isospectral_broken_8partition,1770,0.3203146802260547,0.06980705503087246,-0.7854271245558423
isospectral_broken_8partition,1771,0.23501180766989235,0.025404814127894037,-0.8298293654588207
isospectral_broken_8partition,1772,0.27185187488015383,0.05067730008426751,-0.8045568795024473
isospectral_broken_8partition,1773,0.24618217573245266,0.03001454475231487,-0.8252196348343999
isospectral_broken_8partition,1774,0.27934831783826136,0.044782078172756756,-0.8104521014139581
isospectral_broken_8partition,1775,0.2712496628038345,0.03671050809944349,-0.8185236714872712
isospectral_broken_8partition,1776,0.2560155918877817,0.046696765714162175,-0.8085374138725526
isospectral_broken_8partition,1777,0.2541438649002119,0.04460836216833229,-0.8106258174183825
isospectral_broken_8partition,1778,0.26294978538634584,0.049764545634911395,-0.8054696339518034
isospectral_broken_8partition,1779,0.2028451971114731,0.022760153932675442,-0.8324740256540393
isospectral_broken_8partition,1780,0.27314270974338406,0.06863718572719392,-0.7865969938595209
isospectral_broken_8partition,1781,0.2639943362651307,0.03990465737200878,-0.815329522214706
isospectral_broken_8partition,1782,0.31388146269404293,0.061317847521828846,-0.7939163320648859
isospectral_broken_8partition,1783,0.25711161787728304,0.041020894521021006,-0.8142132850656938
isospectral_broken_8partition,1784,0.2627438783616842,0.02715446380216139,-0.8280797157845534
isospectral_broken_8partition,1785,0.24905253419684423,0.03548129805312866,-0.8197528815335862
isospectral_broken_8partition,1786,0.2628105017205251,0.04902951713063208,-0.8062046624560827
isospectral_broken_8partition,1787,0.26756305263513247,0.03741526920946431,-0.8178189103772504
isospectral_broken_8partition,1788,0.27105244775390014,0.035163103097481954,-0.8200710764892328
isospectral_broken_8partition,1789,0.3214138746268853,0.06361282397057763,-0.7916213556161371
isospectral_broken_8partition,1790,0.2577140010175849,0.03621710556088147,-0.8190170740258333
isospectral_broken_8partition,1791,0.2636851715345724,0.03118036448670077,-0.824053815100014
isospectral_broken_8partition,1792,0.2716341954309246,0.043038570606452435,-0.8121956089802623
isospectral_broken_8partition,1793,0.3485087703114911,0.0845998666686281,-0.7706343129180867
isospectral_broken_8partition,1794,0.2588829944481272,0.039511313124324,-0.8157228664623908
isospectral_broken_8partition,1795,0.3056788918076722,0.07406641720737092,-0.7811677623793438
isospectral_broken_8partition,1796,0.3233686116689396,0.10052397000523838,-0.7547102095814764
isospectral_broken_8partition,1797,0.28108394164200123,0.06665246773577327,-0.7885817118509415
isospectral_broken_8partition,1798,0.24520875843792755,0.03000948968604831,-0.8252246899006664
isospectral_broken_8partition,1799,0.3426679878156375,0.06133973645613366,-0.7938944431305811
isospectral_broken_8partition,1800,0.32256174076223515,0.08267876698966602,-0.7725554125970487
isospectral_broken_8partition,1801,0.28916914636984303,0.060515880833178874,-0.794718298753536
isospectral_broken_8partition,1802,0.2696140444492602,0.048073823335815925,-0.8071603562508989
isospectral_broken_8partition,1803,0.20882116856261365,0.02837617011317583,-0.8268580094735389
isospectral_broken_8partition,1804,0.29217716610974304,0.036090360007906115,-0.8191438195788087
isospectral_broken_8partition,1805,0.2616498858829194,0.04423261478635368,-0.8110015648003611
isospectral_broken_8partition,1806,0.2831474271274282,0.04418509667920212,-0.8110490829075127
isospectral_broken_8partition,1807,0.27259411355179963,0.047490515259413876,-0.8077436643273009
isospectral_broken_8partition,1808,0.31615175009854524,0.06223223865578531,-0.7930019409309295
isospectral_broken_8partition,1809,0.2686566104696183,0.04367914147223133,-0.8115550381144835
isospectral_broken_8partition,1810,0.31482688857300506,0.03967361708954225,-0.8155605624971726
isospectral_broken_8partition,1811,0.27954486721342564,0.07473580174439665,-0.7804983778423181
isospectral_broken_8partition,1812,0.20268252084784966,0.016072912851235785,-0.839161266735479
isospectral_broken_8partition,1813,0.2860510834848686,0.06222902656357749,-0.7930051530231372
isospectral_broken_8partition,1814,0.2999416292386921,0.03876046520959958,-0.8164737143771152
isospectral_broken_8partition,1815,0.30575646825768343,0.07780472996128654,-0.7774294496254283
isospectral_broken_8partition,1816,0.24675269637540348,0.055318141861273,-0.7999160377254417
isospectral_broken_8partition,1817,0.30208892839458235,0.055480326645143865,-0.7997538529415709
isospectral_broken_8partition,1818,0.2502050482509045,0.02949056419187334,-0.8257436153948414
isospectral_broken_8partition,1819,0.27934700754298136,0.04760015080445999,-0.8076340287822548
isospectral_broken_8partition,1820,0.25488817589467605,0.043870254898162334,-0.8113639246885525
isospectral_broken_8partition,1821,0.34885521898357535,0.06845636170283466,-0.7867778178838801
isospectral_broken_8partition,1822,0.28179991099556573,0.04298486350113514,-0.8122493160855796
isospectral_broken_8partition,1823,0.3255463639402356,0.10819209465980213,-0.7470420849269126
isospectral_broken_8partition,1824,0.24441960449905895,0.03289499552417621,-0.8223391840625386
isospectral_broken_8partition,1825,0.22753384053377376,0.021433660511733572,-0.8338005190749812
isospectral_broken_8partition,1826,0.2820972147634167,0.04292625417305636,-0.8123079254136584
isospectral_broken_8partition,1827,0.2023454149992108,0.02230895309350427,-0.8329252264932105
isospectral_broken_8partition,1828,0.22968651037829402,0.035303858723388634,-0.8199303208633262
isospectral_broken_8partition,1829,0.3046469662822374,0.0725138767065093,-0.7827203028802054
isospectral_broken_8partition,1830,0.3128917167611194,0.059516140508440174,-0.7957180390782745
isospectral_broken_8partition,1831,0.26802871434454645,0.04289572935576831,-0.8123384502309464
isospectral_broken_8partition,1832,0.28326464945019275,0.04330554294720032,-0.8119286366395144
isospectral_broken_8partition,1833,0.30483062322469767,0.053967993135481236,-0.8012661864512335
isospectral_broken_8partition,1834,0.317084101171102,0.05583978075485395,-0.7993943988318608
isospectral_broken_8partition,1835,0.26507258250385646,0.03763649070363806,-0.8175976888830767
isospectral_broken_8partition,1836,0.2554590330430486,0.04931076263816357,-0.8059234169485512
isospectral_broken_8partition,1837,0.2993754189261141,0.04771658692326618,-0.8075175926634486
isospectral_broken_8partition,1838,0.33449408247837353,0.06162329735707768,-0.793610882229637
isospectral_broken_8partition,1839,0.32424374466698264,0.10788831710506508,-0.7473458624816497
isospectral_broken_8partition,1840,0.2926627837519115,0.06844036053421945,-0.7867938190524953
isospectral_broken_8partition,1841,0.2687351991977304,0.038182847583034564,-0.8170513320036802
isospectral_broken_8partition,1842,0.26963277641694416,0.04138164406338671,-0.813852535523328
isospectral_broken_8partition,1843,0.27926397135781467,0.05457281554415021,-0.8006613640425646
isospectral_broken_8partition,1844,0.36125710981596,0.07936246571676984,-0.7758717138699449
isospectral_broken_8partition,1845,0.3196462354505053,0.05155003054756001,-0.8036841490391547
isospectral_broken_8partition,1846,0.26708072757593404,0.04631050324407502,-0.8089236763426397
isospectral_broken_8partition,1847,0.2872640485016861,0.047452375581386645,-0.8077818040053282
isospectral_broken_8partition,1848,0.31151021106693444,0.06612405100909903,-0.7891101285776158
isospectral_broken_8partition,1849,0.3109257758383047,0.04659838035477587,-0.8086357992319388
isospectral_broken_8partition,1850,0.2744951935815273,0.029871024813423366,-0.8253631547732914
isospectral_broken_8partition,1851,0.24250791932704785,0.031154214716700452,-0.8240799648700143
isospectral_broken_8partition,1852,0.3029443946118435,0.04826661511142598,-0.8069675644752888
isospectral_broken_8partition,1853,0.2567835181414079,0.03920278041369051,-0.8160313991730243
isospectral_broken_8partition,1854,0.34345093439400076,0.09769743662584782,-0.7575367429608669
isospectral_broken_8partition,1855,0.27144788120776797,0.045201562918685455,-0.8100326166680293
isospectral_broken_8partition,1856,0.33005371721643895,0.04920800603006317,-0.8060261735566516
isospectral_broken_8partition,1857,0.2171093219548672,0.023034536612981715,-0.8321996429737331
isospectral_broken_8partition,1858,0.35356741703837913,0.04803121297722581,-0.807202966609489
isospectral_broken_8partition,1859,0.2612264175159014,0.044660858133294346,-0.8105733214534204
isospectral_broken_8partition,1860,0.3287279080566037,0.05421249472994963,-0.8010216848567652
isospectral_broken_8partition,1861,0.26862870731230437,0.02518912839266587,-0.8300450511940489
isospectral_broken_8partition,1862,0.31061412231343494,0.06984027133797105,-0.7853939082487438
isospectral_broken_8partition,1863,0.23390014603914527,0.0379464317519258,-0.817287747834789
isospectral_broken_8partition,1864,0.24024539361851155,0.0315099423855106,-0.8237242372012041
isospectral_broken_8partition,1865,0.24496200013999336,0.043811313348666496,-0.8114228662380483
isospectral_broken_8partition,1866,0.37533276182214953,0.05231037325493979,-0.802923806331775
isospectral_broken_8partition,1867,0.25544895465340844,0.04364129235664099,-0.8115928872300737
isospectral_broken_8partition,1868,0.2551431277399393,0.03001045528087993,-0.8252237243058348
isospectral_broken_8partition,1869,0.3286522310346981,0.06460653540031312,-0.7906276441864016
isospectral_broken_8partition,1870,0.26443159231317803,0.055339909943488745,-0.7998942696432261
isospectral_broken_8partition,1871,0.2686879595161563,0.04600079134330935,-0.8092333882434054
isospectral_broken_8partition,1872,0.2720514093401366,0.039558144657688726,-0.8156760349290261
isospectral_broken_8partition,1873,0.27492105065911,0.06400726736728149,-0.7912269122194333
isospectral_broken_8partition,1874,0.2645207437368187,0.06238370771099236,-0.7928504718757224
isospectral_broken_8partition,1875,0.2458472418641677,0.02904011573968262,-0.8261940638470322
isospectral_broken_8partition,1876,0.23435584775696683,0.028808749644671353,-0.8264254299420434
isospectral_broken_8partition,1877,0.26002881521950894,0.04542661833752736,-0.8098075612491874
isospectral_broken_8partition,1878,0.3205544724615068,0.03363207415845116,-0.8216021054282636
isospectral_broken_8partition,1879,0.32997482613578827,0.06553018001221311,-0.7897039995745017
isospectral_broken_8partition,1880,0.29632557541166715,0.056486401976556494,-0.7987477776101582
isospectral_broken_8partition,1881,0.32084013582280724,0.07112878101664763,-0.7841053985700671
isospectral_broken_8partition,1882,0.29547889015348455,0.05209834624391178,-0.803135833342803
isospectral_broken_8partition,1883,0.26558683471090216,0.027783655561178892,-0.8274505240255359
isospectral_broken_8partition,1884,0.25607900738015454,0.037367910509483244,-0.8178662690772315
isospectral_broken_8partition,1885,0.27263519230044403,0.03434583268667381,-0.820888346900041
isospectral_broken_8partition,1886,0.24651615628258688,0.04256330555846441,-0.8126708740282503
isospectral_broken_8partition,1887,0.3393536521159426,0.066615886467272,-0.7886182931194428
isospectral_broken_8partition,1888,0.2559223258435764,0.04419797071954226,-0.8110362088671725
isospectral_broken_8partition,1889,0.2711954717976318,0.04202253906676798,-0.8132116405199468
isospectral_broken_8partition,1890,0.3055141018917791,0.06644888625458484,-0.78878529333213
isospectral_broken_8partition,1891,0.301392242068944,0.060583308494823414,-0.7946508710918914
isospectral_broken_8partition,1892,0.2550225734104388,0.03932745991650674,-0.815906719670208
isospectral_broken_8partition,1893,0.3049372210182747,0.05001763342615048,-0.8052165461605643
isospectral_broken_8partition,1894,0.27651254118554436,0.04542162897575242,-0.8098125506109624
isospectral_broken_8partition,1895,0.2685353588385566,0.05662339331786349,-0.7986107862688513
isospectral_broken_8partition,1896,0.25286997928175076,0.03879051395267218,-0.8164436656340426
isospectral_broken_8partition,1897,0.2678317398791845,0.04142490169404267,-0.8138092778926721
isospectral_broken_8partition,1898,0.26810207679397213,0.03336983733150347,-0.8218643422552113
isospectral_broken_8partition,1899,0.2827935849697654,0.065730385042307,-0.7895037945444078
isospectral_broken_8partition,1900,0.32985909475457265,0.07398746532340983,-0.7812467142633049
isospectral_broken_8partition,1901,0.29443776388142917,0.056089126022023136,-0.7991450535646917
isospectral_broken_8partition,1902,0.2948687563228516,0.06958976328685541,-0.7856444162998594
isospectral_broken_8partition,1903,0.2703388778693434,0.04425086317482659,-0.8109833164118881
isospectral_broken_8partition,1904,0.3275582617888272,0.05596335905123481,-0.7992708205354799
isospectral_broken_8partition,1905,0.35052762816738714,0.06826920329995902,-0.7869649762867558
isospectral_broken_8partition,1906,0.26860802342642215,0.04603001235036415,-0.8092041672363506
isospectral_broken_8partition,1907,0.33856853187982966,0.06710284034538938,-0.7881313392413254
isospectral_broken_8partition,1908,0.230454617135315,0.033857501725202195,-0.8213766778615126
isospectral_broken_8partition,1909,0.29444994202667063,0.05768329551965354,-0.7975508840670612
isospectral_broken_8partition,1910,0.2548807055542162,0.040612520372755825,-0.8146216592139589
isospectral_broken_8partition,1911,0.2753311463229601,0.035091020385064606,-0.8201431592016502
isospectral_broken_8partition,1912,0.3067184766883046,0.07309362048027282,-0.782140559106442
isospectral_broken_8partition,1913,0.2759249323289372,0.06389917031067381,-0.791335009276041
isospectral_broken_8partition,1914,0.2762394762343424,0.026688278911202585,-0.8285459006755121
isospectral_broken_8partition,1915,0.2641752978663041,0.039247491676880866,-0.8159866879098339
isospectral_broken_8partition,1916,0.32612509875583695,0.12735003499265588,-0.7278841445940589
isospectral_broken_8partition,1917,0.26652003588028095,0.039637394946705304,-0.8155967846400095
isospectral_broken_8partition,1918,0.30748850669252714,0.05997107366697535,-0.7952631059197395
isospectral_broken_8partition,1919,0.21177126500997873,0.02636207482027584,-0.8288721047664389
isospectral_broken_8partition,1920,0.2639499639798676,0.0503326143013876,-0.8049015652853272
isospectral_broken_8partition,1921,0.2455649394663952,0.0330287511419686,-0.8222054284447462
isospectral_broken_8partition,1922,0.2776631046769459,0.04691855031979729,-0.8083156292669175
isospectral_broken_8partition,1923,0.25866396532874686,0.04208716867526005,-0.8131470109114547
isospectral_broken_8partition,1924,0.23351151148614968,0.0337974153068033,-0.8214367642799114
isospectral_broken_8partition,1925,0.25585998994160125,0.054763241281930344,-0.8004709383047844
isospectral_broken_8partition,1926,0.2551145114092394,0.04024059821322909,-0.8149935813734857
isospectral_broken_8partition,1927,0.3244112174083408,0.05781983549066433,-0.7974143440960504
isospectral_broken_8partition,1928,0.3412194964280926,0.05303777675794184,-0.8021964028287729
isospectral_broken_8partition,1929,0.27452722737479207,0.05739399196430316,-0.7978401876224116
isospectral_broken_8partition,1930,0.2498765335183169,0.03147355861566783,-0.823760620971047
isospectral_broken_8partition,1931,0.2904074222661789,0.04965375968952324,-0.8055804198971915
isospectral_broken_8partition,1932,0.26344272938201674,0.043954449546329113,-0.8112797300403857
isospectral_broken_8partition,1933,0.2538457435073933,0.037945381004289236,-0.8172887985824255
isospectral_broken_8partition,1934,0.34354723296242284,0.08346804423464182,-0.771766135352073
isospectral_broken_8partition,1935,0.24549321176948125,0.031183984167413494,-0.8240501954193012
isospectral_broken_8partition,1936,0.283364699445573,0.06743065647619187,-0.7878035231105229
isospectral_broken_8partition,1937,0.25240218120124003,0.03154676547967653,-0.8236874141070383
isospectral_broken_8partition,1938,0.2607902916081496,0.03636769079656468,-0.8188664887901501
isospectral_broken_8partition,1939,0.2282953412365658,0.035729466485107095,-0.8195047131016077
isospectral_broken_8partition,1940,0.29415911378136095,0.051348861506998626,-0.8038853180797162
isospectral_broken_8partition,1941,0.271803183213084,0.04996731478018735,-0.8052668648065274
isospectral_broken_8partition,1942,0.23298898047409133,0.03503710754417571,-0.8201970720425391
isospectral_broken_8partition,1943,0.29635190608911016,0.034099761122459674,-0.8211344184642551
isospectral_broken_8partition,1944,0.2722990387817316,0.03577834130711349,-0.8194558382796013
isospectral_broken_8partition,1945,0.32881602761468676,0.05971140462238642,-0.7955227749643283
isospectral_broken_8partition,1946,0.2179041341224043,0.01606302930906079,-0.839171150277654
isospectral_broken_8partition,1947,0.27624161928125324,0.05422417184564923,-0.8010100077410656
isospectral_broken_8partition,1948,0.23025321409102184,0.02328297568028188,-0.8319512039064328
isospectral_broken_8partition,1949,0.3270273093427979,0.08034924474702732,-0.7748849348396875
isospectral_broken_8partition,1950,0.20120020768901561,0.022930969560072883,-0.8323032100266419
isospectral_broken_8partition,1951,0.29352160613344613,0.061147447977417724,-0.794086731609297
isospectral_broken_8partition,1952,0.30054182062733314,0.0378882150034409,-0.8173459645832739
isospectral_broken_8partition,1953,0.34138557754236964,0.0619846027312364,-0.7932495768554784
isospectral_broken_8partition,1954,0.3009311574303647,0.08535695199318596,-0.7698772275935288
isospectral_broken_8partition,1955,0.2990129295799434,0.056098142997631086,-0.7991360365890837
isospectral_broken_8partition,1956,0.26373655400137364,0.04921138899464794,-0.8060227905920668
isospectral_broken_8partition,1957,0.22040313549488152,0.0230129676881917,-0.832221211898523
isospectral_broken_8partition,1958,0.28723821567086333,0.05921380345519556,-0.7960203761315192
isospectral_broken_8partition,1959,0.2093559973473816,0.027142733144689166,-0.8280914464420256
isospectral_broken_8partition,1960,0.24637502541154213,0.028911645962157256,-0.8263225336245575
isospectral_broken_8partition,1961,0.27560392142065737,0.03903665757439148,-0.8161975220123233
isospectral_broken_8partition,1962,0.30539389814195544,0.040496801775124436,-0.8147373778115903
isospectral_broken_8partition,1963,0.3407854863904597,0.0685254904480101,-0.7867086891387047
isospectral_broken_8partition,1964,0.30116587538492734,0.05281947944193763,-0.8024147001447771
isospectral_broken_8partition,1965,0.36196515262340545,0.06343795078060938,-0.7917962288061053
isospectral_broken_8partition,1966,0.3273328637439967,0.07652552664837127,-0.7787086529383435
isospectral_broken_8partition,1967,0.2687710163295978,0.03924948734664377,-0.815984692240071
isospectral_broken_8partition,1968,0.35549933837503156,0.07453303965987707,-0.7807011399268378
isospectral_broken_8partition,1969,0.2939235842886899,0.07228926269624508,-0.7829449168904696
isospectral_broken_8partition,1970,0.3157633720097337,0.07125314955533316,-0.7839810300313816
isospectral_broken_8partition,1971,0.24626427860214967,0.03818626862940849,-0.8170479109573063
isospectral_broken_8partition,1972,0.2306034276119222,0.04191626986108138,-0.8133179097256333
isospectral_broken_8partition,1973,0.2640470361646692,0.04809799368165696,-0.8071361859050579
isospectral_broken_8partition,1974,0.3160320935463684,0.05263205323421132,-0.8026021263525035
isospectral_broken_8partition,1975,0.28259101536972364,0.04775579519426704,-0.8074783843924478
isospectral_broken_8partition,1976,0.33473226965812786,0.05911464800892456,-0.7961195315777903
isospectral_broken_8partition,1977,0.2658417422322853,0.05834050620772689,-0.7968936733789879
isospectral_broken_8partition,1978,0.31732676203261667,0.06900953477679563,-0.7862246448099192
isospectral_broken_8partition,1979,0.2584632686227187,0.04095784170455028,-0.8142763378821645
isospectral_broken_8partition,1980,0.24224582608342246,0.05555611328156519,-0.7996780663051496
isospectral_broken_8partition,1981,0.2766665137220053,0.06566102975407563,-0.7895731498326392
isospectral_broken_8partition,1982,0.25267696132355655,0.0513742330713807,-0.8038599465153341
isospectral_broken_8partition,1983,0.2811422784508406,0.05035594310403535,-0.8048782364826794
isospectral_broken_8partition,1984,0.2901782623276203,0.05388643114390178,-0.801347748442813
isospectral_broken_8partition,1985,0.29766285493272127,0.05410026340091904,-0.8011339161857958
isospectral_broken_8partition,1986,0.2570568074180338,0.04572869558722052,-0.8095054839994943
isospectral_broken_8partition,1987,0.32412267606204653,0.05993122972063224,-0.7953029498660825
isospectral_broken_8partition,1988,0.26192346894941604,0.0306956271011296,-0.8245385524855852
isospectral_broken_8partition,1989,0.3462360811873999,0.06347176148894879,-0.791762418097766
isospectral_broken_8partition,1990,0.2611462704951931,0.035945408293787784,-0.819288771292927
isospectral_broken_8partition,1991,0.27008863749231926,0.04838920820885176,-0.806844971377863
isospectral_broken_8partition,1992,0.26721956664266466,0.05597995844527953,-0.7992542211414353
isospectral_broken_8partition,1993,0.2704351253914729,0.05423871638829535,-0.8009954631984194
isospectral_broken_8partition,1994,0.24514059699526222,0.03318169185737824,-0.8220524877293365
isospectral_broken_8partition,1995,0.31326796152981584,0.10301653855944902,-0.7522176410272657
isospectral_broken_8partition,1996,0.26559965552439646,0.04678352651631102,-0.8084506530704038
isospectral_broken_8partition,1997,0.3435104275904035,0.07904558153221397,-0.7761885980545008
isospectral_broken_8partition,1998,0.24878418242314387,0.02681872423650169,-0.8284154553502131
isospectral_broken_8partition,1999,0.26583023567723796,0.027223842043361653,-0.8280103375433531
