method,selected_k,population_closure_max_row_tv,population_exact_at_1e_minus_10,heldout_closure_mean_row_tv,ari_family8,ari_t2,max_ari_cube_coordinate2,tau,samples_per_state,repeat
blind_raw_eigengap,4,0.037102676760587025,False,0.060567110371602895,,,,0.1,100,0
oracle_k2,2,0.14291407500108555,False,0.06487201513258363,,0.15564613526570048,0.23369565217391305,0.1,100,0
oracle_k8,8,0.1560364329601332,False,0.10857612183329629,-0.06900539707016191,,,0.1,100,0
blind_raw_eigengap,8,0.20619704618362017,False,0.10358209819617566,-0.09680207433016422,,,0.1,100,1
oracle_k2,2,0.1885142979034552,False,0.03767864529264859,,-0.014490566037735849,0.8368301886792453,0.1,100,1
oracle_k8,8,0.16822562143219144,False,0.10684123420548204,-0.06217221321636312,,,0.1,100,1
blind_raw_eigengap,4,0.03710267676058707,False,0.06625242651136992,,,,0.1,100,2
oracle_k2,2,0.12385859142914885,False,0.04918033262082574,,-0.0027091093802912294,0.37927531324077207,0.1,100,2
oracle_k8,8,0.13795511266486934,False,0.1015279575567632,-0.10698960617907886,,,0.1,100,2
blind_raw_eigengap,4,0.0371026767605871,False,0.063715335551858,,,,0.1,100,3
oracle_k2,2,0.10121966886898426,False,0.059858392336526456,,0.23369565217391305,0.23369565217391305,0.1,100,3
oracle_k8,8,0.19144866591384418,False,0.133001710028424,-0.03019970774476376,,,0.1,100,3
blind_raw_eigengap,8,0.2051238652991228,False,0.1112228964957242,-0.07737692233291421,,,0.1,100,4
oracle_k2,2,0.10121966886898423,False,0.05280846522282381,,0.23369565217391305,0.23369565217391305,0.1,100,4
oracle_k8,8,0.16704986049357223,False,0.1214479680022018,-0.06143540669856459,,,0.1,100,4
blind_raw_eigengap,4,0.03710267676058707,False,0.06490501941209095,,,,0.1,100,5
oracle_k2,2,0.07151512381109915,False,0.04049291931994043,,0.04341926729986431,0.55359565807327,0.1,100,5
oracle_k8,8,0.20512386529912288,False,0.10887132631010281,-0.07737692233291421,,,0.1,100,5
blind_raw_eigengap,4,0.03710267676058703,False,0.0666063505268996,,,,0.1,100,6
oracle_k2,2,0.1258361689254072,False,0.04634355699396523,,0.00724200362100181,0.687990343995172,0.1,100,6
oracle_k8,8,0.20512386529912285,False,0.11521870276644035,-0.08906264899399256,,,0.1,100,6
blind_raw_eigengap,8,0.18137983634298668,False,0.10395526177757065,-0.10756366400608133,,,0.1,100,7
oracle_k2,2,1.2004286453759505e-15,True,0.026450350548382615,,-0.021739130434782608,1.0,0.1,100,7
oracle_k8,8,0.16716642208634552,False,0.11600975347988418,-0.02933124755572937,,,0.1,100,7
blind_raw_eigengap,4,0.0371026767605871,False,0.0700682889628397,,,,0.1,100,8
oracle_k2,2,1.1796119636642288e-15,True,0.02800560530334582,,-0.021739130434782608,1.0,0.1,100,8
oracle_k8,8,0.19389492699817423,False,0.10138678188097994,-0.09741626794258373,,,0.1,100,8
blind_raw_eigengap,4,0.0371026767605871,False,0.064158693843594,,,,0.1,100,9
oracle_k2,2,8.465450562766819e-16,True,0.021394557823129257,,-0.021739130434782608,1.0,0.1,100,9
oracle_k8,8,0.18304210373331037,False,0.12971514059087338,-0.002727715538236727,,,0.1,100,9
blind_raw_eigengap,4,0.0371026767605871,False,0.06556503050471436,,,,0.1,100,10
oracle_k2,2,8.465450562766819e-16,True,0.02005674718867139,,-0.021739130434782608,1.0,0.1,100,10
oracle_k8,8,0.17941041868361834,False,0.12817014302406046,0.07635166901739539,,,0.1,100,10
blind_raw_eigengap,4,0.037102676760587025,False,0.06344391292290626,,,,0.1,100,11
oracle_k2,2,0.10121966886898405,False,0.05175916284881298,,0.23369565217391305,0.23369565217391305,0.1,100,11
oracle_k8,8,0.20881218162704757,False,0.14416022425154254,0.01766264350897851,,,0.1,100,11
blind_raw_eigengap,4,0.03710267676058694,False,0.06262825845812535,,,,0.1,100,12
oracle_k2,2,8.465450562766819e-16,True,0.01923183048729695,,-0.021739130434782608,1.0,0.1,100,12
oracle_k8,8,0.17378317352981232,False,0.10370480827459094,-0.023708558211256746,,,0.1,100,12
blind_raw_eigengap,4,0.037102676760587025,False,0.06055567110371601,,,,0.1,100,13
oracle_k2,2,0.22122626886795752,False,0.04418535041437576,,-0.005736498471525078,0.7605389289353511,0.1,100,13
oracle_k8,8,0.09151035802401797,False,0.09196410172733689,-0.12743628185907047,,,0.1,100,13
blind_raw_eigengap,8,0.19516850928587545,False,0.09049704471824226,-0.1170343717450999,,,0.1,100,14
oracle_k2,2,1.2004286453759505e-15,True,0.024326929751492424,,-0.021739130434782608,1.0,0.1,100,14
oracle_k8,8,0.2210746320182707,False,0.10364463437366418,-0.0909605585959615,,,0.1,100,14
blind_raw_eigengap,4,0.037102676760587025,False,0.06929527176927341,,,,0.1,100,15
oracle_k2,2,0.17158386445473867,False,0.04935096647654491,,-0.015328549423300898,0.2813239658864635,0.1,100,15
oracle_k8,8,0.2061387350056142,False,0.12466775912138343,-0.08646871070703163,,,0.1,100,15
blind_raw_eigengap,4,0.0371026767605871,False,0.0619904326123128,,,,0.1,100,16
oracle_k2,2,0.232941402021233,False,0.04429747594428755,,-0.014490566037735849,0.8368301886792453,0.1,100,16
oracle_k8,8,0.206138735005614,False,0.111911143989238,-0.09618350038550501,,,0.1,100,16
blind_raw_eigengap,4,0.03710267676058687,False,0.0635146283971159,,,,0.1,100,17
oracle_k2,2,1.2004286453759505e-15,True,0.0223737505206164,,-0.021739130434782608,1.0,0.1,100,17
oracle_k8,8,0.2051238652991225,False,0.11880858522844388,-0.06972054163065398,,,0.1,100,17
blind_raw_eigengap,8,0.16822562143219114,False,0.1053970087991765,-0.05088666152659985,,,0.1,100,18
oracle_k2,2,1.2004286453759505e-15,True,0.02381516382063027,,-0.021739130434782608,1.0,0.1,100,18
oracle_k8,8,0.19645626637615246,False,0.11138000886559203,-0.05994602929838088,,,0.1,100,18
blind_raw_eigengap,4,0.037102676760586775,False,0.06532619245701608,,,,0.1,100,19
oracle_k2,2,0.15182265002317724,False,0.056905060525470404,,-0.019618939822674968,0.4910771552537257,0.1,100,19
oracle_k8,8,0.1964370964189897,False,0.10344189375131589,-0.09802612758653571,,,0.1,100,19
blind_raw_eigengap,4,0.03710267676058687,False,0.06773710482529118,,,,0.1,100,20
oracle_k2,2,0.1408284027339504,False,0.0557626693282578,,0.06549707602339182,0.4910771552537257,0.1,100,20
oracle_k8,8,0.19818275534198088,False,0.09539498552456079,-0.10641148325358851,,,0.1,100,20
blind_raw_eigengap,4,0.03710267676058687,False,0.0644623544093178,,,,0.1,100,21
oracle_k2,2,0.152244453328022,False,0.056160498425575446,,0.19292750122655394,0.27806921538287355,0.1,100,21
oracle_k8,8,0.21542983506158017,False,0.13734859826501702,-0.004642615339974852,,,0.1,100,21
blind_raw_eigengap,8,0.2051238652991224,False,0.10890909297481839,-0.10698960617907886,,,0.1,100,22
oracle_k2,2,1.2004286453759505e-15,True,0.02353750173538803,,-0.021739130434782608,1.0,0.1,100,22
oracle_k8,8,0.18113233640968976,False,0.11014009096363893,-0.0787477191971574,,,0.1,100,22
blind_raw_eigengap,4,0.03710267676058707,False,0.06385433998890738,,,,0.1,100,23
oracle_k2,2,1.2004286453759505e-15,True,0.02569901429959739,,-0.021739130434782608,1.0,0.1,100,23
oracle_k8,8,0.17952952748180323,False,0.10819129648251231,-0.09741626794258373,,,0.1,100,23
blind_raw_eigengap,8,0.19643709641898915,False,0.11365050784339208,-0.07113569180890626,,,0.1,100,24
oracle_k2,2,8.465450562766819e-16,True,0.01953491600721921,,-0.021739130434782608,1.0,0.1,100,24
oracle_k8,8,0.19082246367246813,False,0.1019051051835647,-0.09680207433016422,,,0.1,100,24
blind_raw_eigengap,4,0.037102676760587025,False,0.07535149750415973,,,,0.1,100,25
oracle_k2,2,0.13954287277777622,False,0.06486501031920999,,0.06521492999207458,0.49092350077367247,0.1,100,25
oracle_k8,8,0.20003998578027482,False,0.11664173506846842,-0.02104237700925475,,,0.1,100,25
blind_raw_eigengap,4,0.03710267676058694,False,0.06506620909595119,,,,0.1,100,26
oracle_k2,2,0.23219457732318938,False,0.04116227613494377,,-0.021739130434782608,0.8368055555555556,0.1,100,26
oracle_k8,8,0.19530922480664878,False,0.11521046246526563,-0.0787477191971574,,,0.1,100,26
blind_raw_eigengap,8,0.18771935715229887,False,0.09208436280670916,-0.09802612758653571,,,0.1,100,27
oracle_k2,2,0.18851429790345525,False,0.03957561075776549,,-0.014490566037735849,0.8368301886792453,0.1,100,27
oracle_k8,8,0.15478137095604277,False,0.10580658629650763,-0.0787477191971574,,,0.1,100,27
blind_raw_eigengap,4,1.1666015375944028e-15,True,0.037503119800332774,,,,0.1,100,28
oracle_k2,2,1.1796119636642288e-15,True,0.020577190059697346,,-0.021739130434782608,1.0,0.1,100,28
oracle_k8,8,0.19735589395727016,False,0.14226865678979853,-0.0128130460104834,,,0.1,100,28
blind_raw_eigengap,8,0.20512386529912285,False,0.11694785623461669,-0.07737692233291421,,,0.1,100,29
oracle_k2,2,8.465450562766819e-16,True,0.023353637373316676,,-0.021739130434782608,1.0,0.1,100,29
oracle_k8,8,0.20512386529912305,False,0.10958203970582454,-0.10698960617907886,,,0.1,100,29
blind_raw_eigengap,4,1.1596626436904955e-15,True,0.04082778702163061,,,,0.1,100,30
oracle_k2,2,0.15224445332802183,False,0.05647608666224948,,0.19292750122655394,0.27806921538287355,0.1,100,30
oracle_k8,8,0.21805342593267127,False,0.11859007048564583,-0.09033235489063536,,,0.1,100,30
blind_raw_eigengap,8,0.20512386529912274,False,0.11838203427803055,-0.07737692233291421,,,0.1,100,31
oracle_k2,2,0.19563284961685984,False,0.045639639920823975,,0.06606085743373176,0.4913841861166623,0.1,100,31
oracle_k8,8,0.14497715644101805,False,0.10855148272467617,-0.08842105263157894,,,0.1,100,31
blind_raw_eigengap,4,0.03710267676058707,False,0.06323661952301718,,,,0.1,100,32
oracle_k2,2,0.1522444533280214,False,0.05775795403988194,,0.19292750122655394,0.27806921538287355,0.1,100,32
oracle_k8,8,0.18013509661120514,False,0.10941047717722531,-0.06972054163065398,,,0.1,100,32
blind_raw_eigengap,4,0.03710267676058694,False,0.06243656405990016,,,,0.1,100,33
oracle_k2,2,0.07151512381109915,False,0.037889035677107566,,0.04341926729986431,0.55359565807327,0.1,100,33
oracle_k8,8,0.1379551126648701,False,0.1079958397282726,-0.10698960617907886,,,0.1,100,33
blind_raw_eigengap,4,0.03710267676058687,False,0.06348169717138102,,,,0.1,100,34
oracle_k2,2,0.17639709172104484,False,0.05396141666455434,,0.007990351273933364,0.55359565807327,0.1,100,34
oracle_k8,8,0.1914752367895099,False,0.1238231805950305,-0.07183580387685291,,,0.1,100,34
blind_raw_eigengap,4,0.03710267676058694,False,0.06218039378813089,,,,0.1,100,35
oracle_k2,2,0.10121966886898423,False,0.054917569068443695,,0.23369565217391305,0.23369565217391305,0.1,100,35
oracle_k8,8,0.1225652622181124,False,0.09632633287483634,-0.10756366400608133,,,0.1,100,35
blind_raw_eigengap,8,0.21155616720969864,False,0.1322855593247303,0.0993351583887368,,,0.1,100,36
oracle_k2,2,0.24671614427240635,False,0.03325245676754649,,-0.01992678416424501,0.9166320715552704,0.1,100,36
oracle_k8,8,0.1894266916438905,False,0.13035826753603955,0.04419241298396558,,,0.1,100,36
blind_raw_eigengap,4,0.03710267676058687,False,0.06525339711591792,,,,0.1,100,37
oracle_k2,2,8.465450562766819e-16,True,0.02293783840066638,,-0.021739130434782608,1.0,0.1,100,37
oracle_k8,8,0.061566964826794246,False,0.09621031086317587,-0.12743628185907047,,,0.1,100,37
blind_raw_eigengap,4,1.1596626436904955e-15,True,0.039753535773710484,,,,0.1,100,38
oracle_k2,2,0.14291407500108538,False,0.0554601381368874,,0.15564613526570048,0.23369565217391305,0.1,100,38
oracle_k8,8,0.168225621432191,False,0.09972556244277868,-0.06900539707016191,,,0.1,100,38
blind_raw_eigengap,4,0.03710267676058707,False,0.06730449251247919,,,,0.1,100,39
oracle_k2,2,1.2004286453759505e-15,True,0.025524521032902953,,-0.021739130434782608,1.0,0.1,100,39
oracle_k8,8,0.20069071648393796,False,0.130841357014844,-0.002727715538236727,,,0.1,100,39
blind_raw_eigengap,4,0.03710267676058707,False,0.062222337770382684,,,,0.1,100,40
oracle_k2,2,0.18851429790345492,False,0.036865688322615935,,-0.014490566037735849,0.8368301886792453,0.1,100,40
oracle_k8,8,0.16887653869096092,False,0.11834861369514528,-0.05010155721056195,,,0.1,100,40
blind_raw_eigengap,8,0.16742111757334538,False,0.11997061345495323,-0.042639008931143765,,,0.1,100,41
oracle_k2,2,0.1791879242231844,False,0.03954270408189938,,-0.005432937181663837,0.7606112054329371,0.1,100,41
oracle_k8,8,0.19991320320446504,False,0.13986920845856066,-0.028456481208909822,,,0.1,100,41
blind_raw_eigengap,4,0.03710267676058707,False,0.05842796727676095,,,,0.1,100,42
oracle_k2,2,0.2100531162470361,False,0.05525319930334697,,0.006792452830188679,0.6878490566037736,0.1,100,42
oracle_k8,8,0.18771935715229887,False,0.10268574332917901,-0.1004231311706629,,,0.1,100,42
blind_raw_eigengap,4,0.037102676760586775,False,0.06333437326677759,,,,0.1,100,43
oracle_k2,2,1.2004286453759505e-15,True,0.01994169096209912,,-0.021739130434782608,1.0,0.1,100,43
oracle_k8,8,0.20504427071489595,False,0.12364327726452991,-0.013734403714092272,,,0.1,100,43
blind_raw_eigengap,8,0.20512386529912277,False,0.1048985414072013,-0.10813369946027838,,,0.1,100,44
oracle_k2,2,0.10121966886898426,False,0.05172115785089545,,0.23369565217391305,0.23369565217391305,0.1,100,44
oracle_k8,8,0.2051238652991234,False,0.09342679817577527,-0.1170343717450999,,,0.1,100,44
blind_raw_eigengap,4,0.03710267676058707,False,0.06901726289517472,,,,0.1,100,45
oracle_k2,2,0.10121966886898405,False,0.06386453561016243,,0.23369565217391305,0.23369565217391305,0.1,100,45
oracle_k8,8,0.20013741615963088,False,0.12226442449457549,-0.06217221321636312,,,0.1,100,45
blind_raw_eigengap,4,0.03710267676058687,False,0.060737312811980027,,,,0.1,100,46
oracle_k2,2,0.15224445332802133,False,0.060100005955896645,,0.19292750122655394,0.27806921538287355,0.1,100,46
oracle_k8,8,0.20595510416468576,False,0.11187231483318623,-0.04771216269065311,,,0.1,100,46
blind_raw_eigengap,8,0.1811323364096901,False,0.10167020047838993,-0.09802612758653571,,,0.1,100,47
oracle_k2,2,0.24671614427240607,False,0.03126179721505574,,-0.01992678416424501,0.9166320715552704,0.1,100,47
oracle_k8,8,0.20512386529912308,False,0.09243877588412937,-0.1170343717450999,,,0.1,100,47
blind_raw_eigengap,4,0.03710267676058687,False,0.06551615363283415,,,,0.1,100,48
oracle_k2,2,1.1796119636642288e-15,True,0.02323511037067888,,-0.021739130434782608,1.0,0.1,100,48
oracle_k8,8,0.20775583788037677,False,0.11352659185738116,-0.07183580387685291,,,0.1,100,48
blind_raw_eigengap,4,0.0371026767605871,False,0.0685687049362174,,,,0.1,100,49
oracle_k2,2,0.18248614412368108,False,0.04315925567618569,,0.02441137690713882,0.4918440384253155,0.1,100,49
oracle_k8,8,0.18013509661120553,False,0.11069346520550245,-0.07668413900213551,,,0.1,100,49
blind_raw_eigengap,4,1.2828280104848488e-15,True,0.04013276483638381,,,,0.1,100,50
oracle_k2,2,0.1522444533280217,False,0.05976917349096866,,0.19292750122655394,0.27806921538287355,0.1,100,50
oracle_k8,8,0.13970606532062485,False,0.11167890394683787,-0.0675596971461852,,,0.1,100,50
blind_raw_eigengap,8,0.19093679540135627,False,0.10915392081354604,-0.06828513395879679,,,0.1,100,51
oracle_k2,2,1.2004286453759505e-15,True,0.022996060669165624,,-0.021739130434782608,1.0,0.1,100,51
oracle_k8,8,0.16935282856137387,False,0.10787926112020983,-0.02282619208820969,,,0.1,100,51
blind_raw_eigengap,5,0.14307432911189374,False,0.09694262850143591,,,,0.1,100,52
oracle_k2,2,0.17052772009150519,False,0.04364653133982812,,0.00724200362100181,0.687990343995172,0.1,100,52
oracle_k8,8,0.17745232924069598,False,0.12696330846947604,0.003469545104086353,,,0.1,100,52
blind_raw_eigengap,8,0.09151035802401813,False,0.09169150123967618,-0.12743628185907047,,,0.1,100,53
oracle_k2,2,1.2004286453759505e-15,True,0.022042291406358463,,-0.021739130434782608,1.0,0.1,100,53
oracle_k8,8,0.19982528206118538,False,0.11100559539660153,-0.0877748967636608,,,0.1,100,53
blind_raw_eigengap,4,0.037102676760586775,False,0.06817353022739876,,,,0.1,100,54
oracle_k2,2,0.14215251458718012,False,0.06439487019297514,,0.15564613526570048,0.3259359903381642,0.1,100,54
oracle_k8,8,0.13400463103736163,False,0.09609638549559248,-0.1170343717450999,,,0.1,100,54
blind_raw_eigengap,4,0.037102676760587025,False,0.06806295063782584,,,,0.1,100,55
oracle_k2,2,8.465450562766819e-16,True,0.023540625433846992,,-0.021739130434782608,1.0,0.1,100,55
oracle_k8,8,0.16917834090584868,False,0.09659823343065066,-0.07806476484194294,,,0.1,100,55
blind_raw_eigengap,4,0.037102676760587025,False,0.06562118691070438,,,,0.1,100,56
oracle_k2,2,0.14575567389269156,False,0.06101797862001943,,0.042119565217391304,0.5529891304347826,0.1,100,56
oracle_k8,8,0.19532436646826914,False,0.13165264805654409,0.2994641987335606,,,0.1,100,56
blind_raw_eigengap,4,0.03710267676058694,False,0.06534179145867998,,,,0.1,100,57
oracle_k2,2,1.1796119636642288e-15,True,0.025000000000000005,,-0.021739130434782608,1.0,0.1,100,57
oracle_k8,8,0.2048774220107532,False,0.1007986505898391,-0.10641148325358851,,,0.1,100,57
blind_raw_eigengap,4,0.03710267676058694,False,0.06708471991125901,,,,0.1,100,58
oracle_k2,2,0.049470235680781745,False,0.03344952451762135,,-0.016216216216216217,0.23783783783783785,0.1,100,58
oracle_k8,8,0.20240332072382994,False,0.10638517563774978,-0.09802612758653571,,,0.1,100,58
blind_raw_eigengap,4,0.03710267676058694,False,0.06325880476982805,,,,0.1,100,59
oracle_k2,2,0.24671614427240646,False,0.032575930369558685,,-0.01992678416424501,0.9166320715552704,0.1,100,59
oracle_k8,8,0.17621253257135566,False,0.11495804857187665,-0.010950332420805632,,,0.1,100,59
blind_raw_eigengap,4,0.03710267676058687,False,0.06092311425402106,,,,0.1,100,60
oracle_k2,2,8.465450562766819e-16,True,0.022283423573511037,,-0.021739130434782608,1.0,0.1,100,60
oracle_k8,8,0.1762978417189521,False,0.12056029430412578,-0.0401863715783343,,,0.1,100,60
blind_raw_eigengap,4,0.037102676760587025,False,0.06627807820299499,,,,0.1,100,61
oracle_k2,2,1.2004286453759505e-15,True,0.02276299805636539,,-0.021739130434782608,1.0,0.1,100,61
oracle_k8,8,0.18019412672217117,False,0.10950632591496819,-0.09802612758653571,,,0.1,100,61
blind_raw_eigengap,8,0.18013509661120491,False,0.10907530315294421,-0.06828513395879679,,,0.1,100,62
oracle_k2,2,1.1796119636642288e-15,True,0.020228724142718306,,-0.021739130434782608,1.0,0.1,100,62
oracle_k8,8,0.20671070193641758,False,0.1082705640147459,-0.10641148325358851,,,0.1,100,62
blind_raw_eigengap,4,0.0371026767605871,False,0.062020937326677746,,,,0.1,100,63
oracle_k2,2,8.465450562766819e-16,True,0.024139507843953894,,-0.021739130434782608,1.0,0.1,100,63
oracle_k8,8,0.21280438092154494,False,0.11552220916708893,-0.06506817113305124,,,0.1,100,63
blind_raw_eigengap,4,0.03710267676058707,False,0.061004922351636154,,,,0.1,100,64
oracle_k2,2,8.465450562766819e-16,True,0.0248521449396085,,-0.021739130434782608,1.0,0.1,100,64
oracle_k8,8,0.181203236335491,False,0.12390628513626623,-0.03935703848027277,,,0.1,100,64
blind_raw_eigengap,4,0.037102676760587025,False,0.06678313921242374,,,,0.1,100,65
oracle_k2,2,0.22122626886795801,False,0.043316532035599487,,-0.005736498471525078,0.7605389289353511,0.1,100,65
oracle_k8,8,0.21126635078984723,False,0.11523735809576226,-0.05994602929838088,,,0.1,100,65
blind_raw_eigengap,3,0.037102676760586706,False,0.04434451031697573,,,,0.1,100,66
oracle_k2,2,0.10121966886898423,False,0.057890549076773566,,0.23369565217391305,0.23369565217391305,0.1,100,66
oracle_k8,8,0.19223085355392983,False,0.11524247058061947,-0.06972054163065398,,,0.1,100,66
blind_raw_eigengap,4,1.1596626436904955e-15,True,0.03964884914032168,,,,0.1,100,67
oracle_k2,2,0.15224445332802156,False,0.06028620074496638,,0.19292750122655394,0.27806921538287355,0.1,100,67
oracle_k8,8,0.17937860047507617,False,0.11193293771799277,-0.07668413900213551,,,0.1,100,67
blind_raw_eigengap,4,0.03710267676058694,False,0.061630962285080436,,,,0.1,100,68
oracle_k2,2,0.15700780254727187,False,0.06466925319642632,,0.022939068100358423,0.4910771552537257,0.1,100,68
oracle_k8,8,0.15926856581041324,False,0.12090531410056538,-0.0493108134342846,,,0.1,100,68
blind_raw_eigengap,4,0.03710267676058694,False,0.06766916250693289,,,,0.1,100,69
oracle_k2,2,0.10121966886898426,False,0.06007089060113841,,0.23369565217391305,0.23369565217391305,0.1,100,69
oracle_k8,8,0.18252491266238166,False,0.1320253705009186,-0.05166618649764717,,,0.1,100,69
blind_raw_eigengap,8,0.20155759596842052,False,0.10018071426116244,-0.09802612758653571,,,0.1,100,70
oracle_k2,2,0.18936916204670157,False,0.05539893721913084,,-0.004826364013423325,0.4913841861166623,0.1,100,70
oracle_k8,8,0.2051238652991232,False,0.09288251599541393,-0.1170343717450999,,,0.1,100,70
blind_raw_eigengap,4,0.03710267676058707,False,0.06921866333887965,,,,0.1,100,71
oracle_k2,2,0.19089885532353235,False,0.05744787768409023,,0.00724200362100181,0.5532589016294508,0.1,100,71
oracle_k8,8,0.2153451413724159,False,0.1370537637077607,-0.041009768836444534,,,0.1,100,71
blind_raw_eigengap,4,0.037102676760587025,False,0.06905816694398224,,,,0.1,100,72
oracle_k2,2,0.18851429790345525,False,0.03799387775662419,,-0.014490566037735849,0.8368301886792453,0.1,100,72
oracle_k8,8,0.20512386529912283,False,0.1059421068252267,-0.10869975467069258,,,0.1,100,72
blind_raw_eigengap,4,0.03710267676058707,False,0.061433721575152506,,,,0.1,100,73
oracle_k2,2,0.1472167585886198,False,0.062236158259766,,0.0919245283018868,0.3260377358490566,0.1,100,73
oracle_k8,8,0.19643709641898988,False,0.10071702922177761,-0.11915211504342142,,,0.1,100,73
blind_raw_eigengap,4,0.03710267676058707,False,0.06826781752634498,,,,0.1,100,74
oracle_k2,2,1.1796119636642288e-15,True,0.02330591420241565,,-0.021739130434782608,1.0,0.1,100,74
oracle_k8,8,0.2051238652991232,False,0.09850257881390978,-0.09802612758653571,,,0.1,100,74
blind_raw_eigengap,4,0.037102676760587025,False,0.06430463117027176,,,,0.1,100,75
oracle_k2,2,0.10121966886898426,False,0.05961326877689851,,0.23369565217391305,0.23369565217391305,0.1,100,75
oracle_k8,8,0.1682256214321911,False,0.11754432794852575,-0.031061929722384002,,,0.1,100,75
blind_raw_eigengap,4,0.03710267676058694,False,0.0689735856905158,,,,0.1,100,76
oracle_k2,2,0.23216923419350782,False,0.042696879772317085,,-0.014643719806763286,0.8368055555555556,0.1,100,76
oracle_k8,8,0.19499331088039787,False,0.14168220387244526,0.02158828064764842,,,0.1,100,76
blind_raw_eigengap,4,0.03710267676058687,False,0.06852502773155851,,,,0.1,100,77
oracle_k2,2,0.11983677852020319,False,0.04684828343129279,,-0.018082501412695424,0.4918440384253155,0.1,100,77
oracle_k8,8,0.18352096621582714,False,0.13240273184388676,-0.0401863715783343,,,0.1,100,77
blind_raw_eigengap,4,0.03710267676058687,False,0.07084927897947864,,,,0.1,100,78
oracle_k2,2,0.18276839512723175,False,0.06360684241212727,,0.09233554616777308,0.43270971635485816,0.1,100,78
oracle_k8,8,0.19678416012923983,False,0.10185996965318751,-0.08969973394146712,,,0.1,100,78
blind_raw_eigengap,4,0.037102676760587025,False,0.061706184137548546,,,,0.1,100,79
oracle_k2,2,0.14671148880040225,False,0.05654804092753616,,0.04226415094339623,0.5530566037735849,0.1,100,79
oracle_k8,8,0.17937484763248518,False,0.11488874170868028,0.08893956670467502,,,0.1,100,79
blind_raw_eigengap,4,0.03710267676058707,False,0.06619938990571268,,,,0.1,100,80
oracle_k2,2,0.24671614427240557,False,0.031190333985194853,,-0.01992678416424501,0.9166320715552704,0.1,100,80
oracle_k8,8,0.1483804053487779,False,0.10117563757501273,-0.08646871070703163,,,0.1,100,80
blind_raw_eigengap,4,0.03710267676058694,False,0.06804977814753188,,,,0.1,100,81
oracle_k2,2,1.1796119636642288e-15,True,0.02572209496043316,,-0.021739130434782608,1.0,0.1,100,81
oracle_k8,8,0.2051238652991224,False,0.09966577992615137,-0.09923302717545687,,,0.1,100,81
blind_raw_eigengap,4,0.037102676760586775,False,0.0689229755962285,,,,0.1,100,82
oracle_k2,2,0.13945196861239867,False,0.055798854856755835,,0.09233554616777308,0.43270971635485816,0.1,100,82
oracle_k8,8,0.2025629366475195,False,0.10915681861434269,-0.09618350038550501,,,0.1,100,82
blind_raw_eigengap,8,0.20830886638472357,False,0.12088840070405014,-0.07806476484194294,,,0.1,100,83
oracle_k2,2,0.1781962698539295,False,0.04860572020187129,,-0.004826364013423325,0.6189811847215414,0.1,100,83
oracle_k8,8,0.1827243713600226,False,0.10543891923806921,-0.06217221321636312,,,0.1,100,83
blind_raw_eigengap,4,0.03710267676058687,False,0.06239115363283416,,,,0.1,100,84
oracle_k2,2,0.13614306894910205,False,0.07140620283829102,,0.1219760727629543,0.37740121523191306,0.1,100,84
oracle_k8,8,0.19949706081119656,False,0.12403993145219185,-0.05088666152659985,,,0.1,100,84
blind_raw_eigengap,4,0.037102676760586775,False,0.0652322518025513,,,,0.1,100,85
oracle_k2,2,0.2329414020212332,False,0.043131153452612016,,-0.014490566037735849,0.8368301886792453,0.1,100,85
oracle_k8,8,0.20018274184150658,False,0.10711616698380504,-0.08969973394146712,,,0.1,100,85
blind_raw_eigengap,4,0.03710267676058687,False,0.06436425402107598,,,,0.1,100,86
oracle_k2,2,0.24671614427240635,False,0.036888286840848175,,-0.01992678416424501,0.9166320715552704,0.1,100,86
oracle_k8,8,0.20512386529912258,False,0.09057083846988555,-0.1170343717450999,,,0.1,100,86
blind_raw_eigengap,4,0.037102676760587025,False,0.06365675263449805,,,,0.1,100,87
oracle_k2,2,0.18169132351798623,False,0.04902865121676079,,0.04341926729986431,0.4331373435851048,0.1,100,87
oracle_k8,8,0.14714223857151726,False,0.10427718816225301,-0.08712413261372398,,,0.1,100,87
blind_raw_eigengap,4,0.03710267676058687,False,0.05870874930671103,,,,0.1,100,88
oracle_k2,2,0.1715838644547385,False,0.040234028427732986,,-0.015328549423300898,0.2813239658864635,0.1,100,88
oracle_k8,8,0.20478913554781958,False,0.09754142817083546,-0.10641148325358851,,,0.1,100,88
blind_raw_eigengap,4,0.03710267676058694,False,0.06445195507487521,,,,0.1,100,89
oracle_k2,2,0.15224445332802128,False,0.06364404013854402,,0.19292750122655394,0.27806921538287355,0.1,100,89
oracle_k8,8,0.22797508417960033,False,0.1443845853883046,0.19206760779794488,,,0.1,100,89
blind_raw_eigengap,4,0.037102676760587025,False,0.06481662506932888,,,,0.1,100,90
oracle_k2,2,0.1791879242231842,False,0.04212146848115613,,-0.005432937181663837,0.7606112054329371,0.1,100,90
oracle_k8,8,0.21160163181100772,False,0.1173628669615732,-0.05166618649764717,,,0.1,100,90
blind_raw_eigengap,4,0.03710267676058694,False,0.0646211175818081,,,,0.1,100,91
oracle_k2,2,1.1796119636642288e-15,True,0.02526846452866861,,-0.021739130434782608,1.0,0.1,100,91
oracle_k8,8,0.20253146099632946,False,0.11133906573139903,-0.07668413900213551,,,0.1,100,91
blind_raw_eigengap,4,0.0371026767605871,False,0.06332674708818635,,,,0.1,100,92
oracle_k2,2,0.13347542536631368,False,0.06447586875363295,,0.0919245283018868,0.43245283018867925,0.1,100,92
oracle_k8,8,0.15213767460813343,False,0.12835066348302496,-0.03191798046232711,,,0.1,100,92
blind_raw_eigengap,4,0.03710267676058703,False,0.06504645036051027,,,,0.1,100,93
oracle_k2,2,0.19069466744233227,False,0.04783127265208287,,-0.02112251056125528,0.5532589016294508,0.1,100,93
oracle_k8,8,0.19795684683964568,False,0.12951180846850885,-0.07113569180890626,,,0.1,100,93
blind_raw_eigengap,8,0.17295778341500806,False,0.14464870767604884,0.025811497849041846,,,0.1,100,94
oracle_k2,2,0.14082840273394984,False,0.06172071478071801,,0.06549707602339182,0.4910771552537257,0.1,100,94
oracle_k8,8,0.1737831735298121,False,0.14367072756350555,0.028516746411483253,,,0.1,100,94
blind_raw_eigengap,4,0.0371026767605871,False,0.06816417082640043,,,,0.1,100,95
oracle_k2,2,0.24671614427240549,False,0.03396757818674644,,-0.01992678416424501,0.9166320715552704,0.1,100,95
oracle_k8,8,0.1905948734040819,False,0.14160944083762386,0.12124132613723979,,,0.1,100,95
blind_raw_eigengap,4,0.037102676760587025,False,0.06004298391569605,,,,0.1,100,96
oracle_k2,2,0.12385859142914915,False,0.045546300783152895,,-0.0027091093802912294,0.37927531324077207,0.1,100,96
oracle_k8,8,0.20975519224443145,False,0.12059381345246316,-0.05994602929838088,,,0.1,100,96
blind_raw_eigengap,8,0.1373481959158679,False,0.10118791584419388,-0.07183580387685291,,,0.1,100,97
oracle_k2,2,0.12583616892540772,False,0.04163989051529217,,0.00724200362100181,0.687990343995172,0.1,100,97
oracle_k8,8,0.19643709641898965,False,0.09958826314317866,-0.1170343717450999,,,0.1,100,97
blind_raw_eigengap,8,0.1877193571522988,False,0.09343559701961164,-0.09802612758653571,,,0.1,100,98
oracle_k2,2,0.1116613533910695,False,0.059589260540817646,,0.15577358490566037,0.3260377358490566,0.1,100,98
oracle_k8,8,0.20613873500561425,False,0.0906990944213691,-0.1170343717450999,,,0.1,100,98
blind_raw_eigengap,4,0.03710267676058707,False,0.0660194814198558,,,,0.1,100,99
oracle_k2,2,0.14082352462963937,False,0.0615883608370878,,0.06549707602339182,0.4910771552537257,0.1,100,99
oracle_k8,8,0.19093679540135616,False,0.11000019860681004,-0.06828513395879679,,,0.1,100,99
blind_raw_eigengap,4,0.03710267676058687,False,0.04991372320337664,,,,0.1,500,0
oracle_k2,2,0.10121966886898426,False,0.0492877433824959,,0.23369565217391305,0.23369565217391305,0.1,500,0
oracle_k8,8,0.0915103580240181,False,0.05577733734994214,-0.12743628185907047,,,0.1,500,0
blind_raw_eigengap,4,0.03710267676058687,False,0.05200152726868821,,,,0.1,500,1
oracle_k2,2,0.10121966886898423,False,0.048171857206343906,,0.23369565217391305,0.23369565217391305,0.1,500,1
oracle_k8,8,0.06156696482679419,False,0.06130439125910681,-0.12743628185907047,,,0.1,500,1
blind_raw_eigengap,4,0.03710267676058687,False,0.04783126457847383,,,,0.1,500,2
oracle_k2,2,0.07151512381109931,False,0.03360839453985912,,0.04341926729986431,0.55359565807327,0.1,500,2
oracle_k8,8,0.035366682227559176,False,0.05819533365004922,-0.12743628185907047,,,0.1,500,2
blind_raw_eigengap,8,0.061566964826794635,False,0.05773689774962229,-0.12743628185907047,,,0.1,500,3
oracle_k2,2,8.465450562766819e-16,True,0.009869285198455672,,-0.021739130434782608,1.0,0.1,500,3
oracle_k8,8,0.035366682227559315,False,0.050267618193516383,-0.12743628185907047,,,0.1,500,3
blind_raw_eigengap,4,0.037102676760586775,False,0.04782754359657892,,,,0.1,500,4
oracle_k2,2,0.24671614427240562,False,0.02023872454461825,,-0.01992678416424501,0.9166320715552704,0.1,500,4
oracle_k8,8,0.035366682227559135,False,0.04984915886674868,-0.12743628185907047,,,0.1,500,4
blind_raw_eigengap,4,0.037102676760587025,False,0.05008915083860934,,,,0.1,500,5
oracle_k2,2,0.24671614427240557,False,0.023115303910197227,,-0.01992678416424501,0.9166320715552704,0.1,500,5
oracle_k8,8,0.0915103580240187,False,0.055951242536571875,-0.12743628185907047,,,0.1,500,5
blind_raw_eigengap,4,0.03710267676058707,False,0.04625888592691326,,,,0.1,500,6
oracle_k2,2,0.2467161442724062,False,0.020248714620988165,,-0.01992678416424501,0.9166320715552704,0.1,500,6
oracle_k8,8,0.06156696482679449,False,0.0571662447250022,-0.12743628185907047,,,0.1,500,6
blind_raw_eigengap,4,0.03710267676058707,False,0.04736172664667334,,,,0.1,500,7
oracle_k2,2,1.1796119636642288e-15,True,0.010781570285809507,,-0.021739130434782608,1.0,0.1,500,7
oracle_k8,8,0.06156696482679449,False,0.055259650819905304,-0.12743628185907047,,,0.1,500,7
blind_raw_eigengap,4,0.03710267676058687,False,0.05109771742752415,,,,0.1,500,8
oracle_k2,2,1.1796119636642288e-15,True,0.010815751465155676,,-0.021739130434782608,1.0,0.1,500,8
oracle_k8,8,0.061566964826794454,False,0.058501778494293444,-0.12743628185907047,,,0.1,500,8
blind_raw_eigengap,8,0.061566964826794274,False,0.05772008231289666,-0.12743628185907047,,,0.1,500,9
oracle_k2,2,0.24671614427240668,False,0.02453533482675124,,-0.01992678416424501,0.9166320715552704,0.1,500,9
oracle_k8,8,0.061566964826794565,False,0.059301216207279066,-0.12743628185907047,,,0.1,500,9
blind_raw_eigengap,4,0.03710267676058694,False,0.051497000999666774,,,,0.1,500,10
oracle_k2,2,1.1796119636642288e-15,True,0.01093032525067353,,-0.021739130434782608,1.0,0.1,500,10
oracle_k8,8,0.06156696482679423,False,0.057301669014618105,-0.12743628185907047,,,0.1,500,10
blind_raw_eigengap,4,0.03710267676058707,False,0.048399033655448176,,,,0.1,500,11
oracle_k2,2,0.07151512381109915,False,0.03252820765793581,,0.04341926729986431,0.55359565807327,0.1,500,11
oracle_k8,8,0.035366682227559086,False,0.04689581559491738,-0.12743628185907047,,,0.1,500,11
blind_raw_eigengap,4,0.037102676760587025,False,0.05080432911251803,,,,0.1,500,12
oracle_k2,2,0.18851429790345475,False,0.02870522615291682,,-0.014490566037735849,0.8368301886792453,0.1,500,12
oracle_k8,8,0.061566964826794635,False,0.06012150611364681,-0.12743628185907047,,,0.1,500,12
blind_raw_eigengap,4,0.0371026767605871,False,0.0475476091302899,,,,0.1,500,13
oracle_k2,2,8.465450562766819e-16,True,0.011239577257450737,,-0.021739130434782608,1.0,0.1,500,13
oracle_k8,8,0.06156696482679444,False,0.05750259458605265,-0.12743628185907047,,,0.1,500,13
blind_raw_eigengap,4,0.03710267676058694,False,0.04779258302787959,,,,0.1,500,14
oracle_k2,2,8.465450562766819e-16,True,0.012101432519512253,,-0.021739130434782608,1.0,0.1,500,14
oracle_k8,8,0.06156696482679422,False,0.057785839534716776,-0.12743628185907047,,,0.1,500,14
blind_raw_eigengap,4,0.037102676760586775,False,0.04774290514273019,,,,0.1,500,15
oracle_k2,2,1.2004286453759505e-15,True,0.009322518262367017,,-0.021739130434782608,1.0,0.1,500,15
oracle_k8,8,0.035366682227559045,False,0.05026320602218806,-0.12743628185907047,,,0.1,500,15
blind_raw_eigengap,4,0.037102676760586775,False,0.05089438242807951,,,,0.1,500,16
oracle_k2,2,8.465450562766819e-16,True,0.011566591672916139,,-0.021739130434782608,1.0,0.1,500,16
oracle_k8,8,0.035366682227559176,False,0.046471552399696116,-0.12743628185907047,,,0.1,500,16
blind_raw_eigengap,4,0.03710267676058694,False,0.04713512162612462,,,,0.1,500,17
oracle_k2,2,0.12583616892540697,False,0.04127923898292978,,0.00724200362100181,0.687990343995172,0.1,500,17
oracle_k8,8,0.07841021672440093,False,0.06258911227661228,-0.12743628185907047,,,0.1,500,17
blind_raw_eigengap,8,0.061566964826794246,False,0.054821858613774775,-0.12743628185907047,,,0.1,500,18
oracle_k2,2,0.10121966886898423,False,0.04873910507457713,,0.23369565217391305,0.23369565217391305,0.1,500,18
oracle_k8,8,0.035366682227559204,False,0.05559190688719131,-0.12743628185907047,,,0.1,500,18
blind_raw_eigengap,8,0.06156696482679466,False,0.055758000690261156,-0.12743628185907047,,,0.1,500,19
oracle_k2,2,0.15224445332802186,False,0.0528254532837964,,0.19292750122655394,0.27806921538287355,0.1,500,19
oracle_k8,8,0.061566964826794635,False,0.057039826939527534,-0.12743628185907047,,,0.1,500,19
blind_raw_eigengap,4,0.03710267676058687,False,0.04837143174497388,,,,0.1,500,20
oracle_k2,2,0.07151512381109909,False,0.03556867790335783,,0.04341926729986431,0.55359565807327,0.1,500,20
oracle_k8,8,0.03536668222755909,False,0.05685731953508899,-0.12743628185907047,,,0.1,500,20
blind_raw_eigengap,4,0.037102676760587025,False,0.0490000555370432,,,,0.1,500,21
oracle_k2,2,1.1796119636642288e-15,True,0.009898675110407458,,-0.021739130434782608,1.0,0.1,500,21
oracle_k8,8,0.06156696482679437,False,0.05659172368715781,-0.12743628185907047,,,0.1,500,21
blind_raw_eigengap,4,0.03710267676058694,False,0.048953820948572695,,,,0.1,500,22
oracle_k2,2,0.07151512381109942,False,0.03266008384748822,,0.04341926729986431,0.55359565807327,0.1,500,22
oracle_k8,8,0.0615669648267942,False,0.05699261388146117,-0.12743628185907047,,,0.1,500,22
blind_raw_eigengap,4,0.03710267676058687,False,0.049082805731422846,,,,0.1,500,23
oracle_k2,2,8.465450562766819e-16,True,0.01277609851956779,,-0.021739130434782608,1.0,0.1,500,23
oracle_k8,8,0.06156696482679448,False,0.05749990802610563,-0.12743628185907047,,,0.1,500,23
blind_raw_eigengap,4,0.03710267676058687,False,0.049225674775074967,,,,0.1,500,24
oracle_k2,2,0.11166135339106953,False,0.05445188862450667,,0.15577358490566037,0.3260377358490566,0.1,500,24
oracle_k8,8,0.035366682227559204,False,0.05583233719872941,-0.12743628185907047,,,0.1,500,24
blind_raw_eigengap,4,0.03710267676058687,False,0.04981288181717205,,,,0.1,500,25
oracle_k2,2,8.465450562766819e-16,True,0.010475467322167578,,-0.021739130434782608,1.0,0.1,500,25
oracle_k8,8,0.06156696482679447,False,0.05756434284278594,-0.12743628185907047,,,0.1,500,25
blind_raw_eigengap,4,0.03710267676058694,False,0.04705768910363212,,,,0.1,500,26
oracle_k2,2,0.049470235680781606,False,0.02989076583854113,,-0.016216216216216217,0.23783783783783785,0.1,500,26
oracle_k8,8,0.06156696482679437,False,0.053313063475114365,-0.12743628185907047,,,0.1,500,26
blind_raw_eigengap,4,0.03710267676058694,False,0.046458833166722203,,,,0.1,500,27
oracle_k2,2,0.15224445332802164,False,0.04992358578244152,,0.19292750122655394,0.27806921538287355,0.1,500,27
oracle_k8,8,0.035366682227559,False,0.05031942275954251,-0.12743628185907047,,,0.1,500,27
blind_raw_eigengap,4,0.0371026767605871,False,0.05143017605242695,,,,0.1,500,28
oracle_k2,2,1.2004286453759505e-15,True,0.011225557592422839,,-0.021739130434782608,1.0,0.1,500,28
oracle_k8,8,0.09151035802401825,False,0.057312647806285526,-0.12743628185907047,,,0.1,500,28
blind_raw_eigengap,4,0.03710267676058687,False,0.04783419415750304,,,,0.1,500,29
oracle_k2,2,1.2004286453759505e-15,True,0.010338652334527673,,-0.021739130434782608,1.0,0.1,500,29
oracle_k8,8,0.06156696482679433,False,0.05831625526835107,-0.12743628185907047,,,0.1,500,29
blind_raw_eigengap,4,0.037102676760587025,False,0.04788819004776184,,,,0.1,500,30
oracle_k2,2,1.2004286453759505e-15,True,0.01139605380107212,,-0.021739130434782608,1.0,0.1,500,30
oracle_k8,8,0.06156696482679426,False,0.055748152919934346,-0.12743628185907047,,,0.1,500,30
blind_raw_eigengap,4,0.03710267676058694,False,0.04939851993779851,,,,0.1,500,31
oracle_k2,2,1.2004286453759505e-15,True,0.01048957031358499,,-0.021739130434782608,1.0,0.1,500,31
oracle_k8,8,0.03536668222755896,False,0.0470515683169126,-0.12743628185907047,,,0.1,500,31
blind_raw_eigengap,4,0.03710267676058707,False,0.049581278462734635,,,,0.1,500,32
oracle_k2,2,0.136143068949102,False,0.058534662268609094,,0.1219760727629543,0.37740121523191306,0.1,500,32
oracle_k8,8,0.03536668222755923,False,0.05186697413531244,-0.12743628185907047,,,0.1,500,32
blind_raw_eigengap,4,0.03710267676058707,False,0.04860740864156391,,,,0.1,500,33
oracle_k2,2,8.465450562766819e-16,True,0.011034306168930355,,-0.021739130434782608,1.0,0.1,500,33
oracle_k8,8,0.06156696482679447,False,0.05652287761307221,-0.12743628185907047,,,0.1,500,33
blind_raw_eigengap,4,0.03710267676058687,False,0.048614559035876935,,,,0.1,500,34
oracle_k2,2,0.15224445332802156,False,0.05287425774132138,,0.19292750122655394,0.27806921538287355,0.1,500,34
oracle_k8,8,0.061566964826794565,False,0.05767464691828462,-0.12743628185907047,,,0.1,500,34
blind_raw_eigengap,4,0.037102676760586775,False,0.048826169054759526,,,,0.1,500,35
oracle_k2,2,0.10121966886898405,False,0.05197865802849761,,0.23369565217391305,0.23369565217391305,0.1,500,35
oracle_k8,8,0.06156696482679419,False,0.05885507971735515,-0.12743628185907047,,,0.1,500,35
blind_raw_eigengap,4,0.03710267676058694,False,0.04967362268132843,,,,0.1,500,36
oracle_k2,2,0.04947023568078196,False,0.028663778461294587,,-0.016216216216216217,0.23783783783783785,0.1,500,36
oracle_k8,8,0.06156696482679436,False,0.05619008752391985,-0.12743628185907047,,,0.1,500,36
blind_raw_eigengap,8,0.03536668222755922,False,0.04806920408267712,-0.12743628185907047,,,0.1,500,37
oracle_k2,2,1.1796119636642288e-15,True,0.010229151042968643,,-0.021739130434782608,1.0,0.1,500,37
oracle_k8,8,0.03536668222755946,False,0.05818711735702752,-0.12743628185907047,,,0.1,500,37
blind_raw_eigengap,4,0.03710267676058694,False,0.04837325058313896,,,,0.1,500,38
oracle_k2,2,1.1796119636642288e-15,True,0.01085947351609587,,-0.021739130434782608,1.0,0.1,500,38
oracle_k8,8,0.061566964826794225,False,0.05421628616725921,-0.12743628185907047,,,0.1,500,38
blind_raw_eigengap,4,0.0371026767605871,False,0.05019818393868709,,,,0.1,500,39
oracle_k2,2,0.10121966886898429,False,0.050838537760742174,,0.23369565217391305,0.23369565217391305,0.1,500,39
oracle_k8,8,0.035366682227559176,False,0.058099698829115,-0.12743628185907047,,,0.1,500,39
blind_raw_eigengap,8,0.07840716643232039,False,0.0578777660334693,-0.1279297786908208,,,0.1,500,40
oracle_k2,2,0.10121966886898405,False,0.0537552183151404,,0.23369565217391305,0.23369565217391305,0.1,500,40
oracle_k8,8,0.06156696482679442,False,0.05645483653904313,-0.12743628185907047,,,0.1,500,40
blind_raw_eigengap,8,0.061566964826794364,False,0.057839702297037617,-0.12743628185907047,,,0.1,500,41
oracle_k2,2,0.10121966886898423,False,0.054838579423936884,,0.23369565217391305,0.23369565217391305,0.1,500,41
oracle_k8,8,0.06156696482679436,False,0.057839702297037617,-0.12743628185907047,,,0.1,500,41
blind_raw_eigengap,4,0.037102676760587025,False,0.04777079862268132,,,,0.1,500,42
oracle_k2,2,0.13216726166031192,False,0.05614786687217307,,0.12224108658743633,0.37758913412563666,0.1,500,42
oracle_k8,8,0.0915103580240185,False,0.057205922861237234,-0.12743628185907047,,,0.1,500,42
blind_raw_eigengap,4,0.0371026767605871,False,0.051263078973675436,,,,0.1,500,43
oracle_k2,2,1.1796119636642288e-15,True,0.010658042385356767,,-0.021739130434782608,1.0,0.1,500,43
oracle_k8,8,0.06156696482679437,False,0.05702053705609093,-0.12743628185907047,,,0.1,500,43
blind_raw_eigengap,4,0.037102676760587025,False,0.048886398978118396,,,,0.1,500,44
oracle_k2,2,0.15224445332802145,False,0.05331356478700206,,0.19292750122655394,0.27806921538287355,0.1,500,44
oracle_k8,8,0.03536668222755907,False,0.04549483658390844,-0.12743628185907047,,,0.1,500,44
blind_raw_eigengap,4,0.03710267676058687,False,0.04573117294235255,,,,0.1,500,45
oracle_k2,2,0.07151512381109945,False,0.03274287261251427,,0.04341926729986431,0.55359565807327,0.1,500,45
oracle_k8,8,0.03536668222755898,False,0.057952105529201325,-0.12743628185907047,,,0.1,500,45
blind_raw_eigengap,4,0.037102676760587025,False,0.048383372209263566,,,,0.1,500,46
oracle_k2,2,0.10121966886898423,False,0.052213489153681604,,0.23369565217391305,0.23369565217391305,0.1,500,46
oracle_k8,8,0.03536668222755899,False,0.05592426847104989,-0.12743628185907047,,,0.1,500,46
blind_raw_eigengap,4,0.037102676760587025,False,0.049572003776518915,,,,0.1,500,47
oracle_k2,2,1.2004286453759505e-15,True,0.011113952309529747,,-0.021739130434782608,1.0,0.1,500,47
oracle_k8,8,0.03536668222755903,False,0.05667245358600148,-0.12743628185907047,,,0.1,500,47
blind_raw_eigengap,4,0.037102676760586775,False,0.05005841108519382,,,,0.1,500,48
oracle_k2,2,0.04947023568078182,False,0.0270076392486919,,-0.016216216216216217,0.23783783783783785,0.1,500,48
oracle_k8,8,0.06156696482679443,False,0.059838533306347697,-0.12743628185907047,,,0.1,500,48
blind_raw_eigengap,4,0.0371026767605871,False,0.0496613212262579,,,,0.1,500,49
oracle_k2,2,0.07151512381109917,False,0.03412574276547816,,0.04341926729986431,0.55359565807327,0.1,500,49
oracle_k8,8,0.0915103580240185,False,0.059458875082003815,-0.12743628185907047,,,0.1,500,49
blind_raw_eigengap,4,0.0371026767605871,False,0.051720093302232574,,,,0.1,500,50
oracle_k2,2,1.2004286453759505e-15,True,0.01138934255478708,,-0.021739130434782608,1.0,0.1,500,50
oracle_k8,8,0.03536668222755891,False,0.058284996648394836,-0.12743628185907047,,,0.1,500,50
blind_raw_eigengap,4,0.037102676760586775,False,0.0498863712095968,,,,0.1,500,51
oracle_k2,2,1.2004286453759505e-15,True,0.008930484959586692,,-0.021739130434782608,1.0,0.1,500,51
oracle_k8,8,0.09151035802401825,False,0.057091369625052256,-0.12743628185907047,,,0.1,500,51
blind_raw_eigengap,4,0.03710267676058687,False,0.04884660668665999,,,,0.1,500,52
oracle_k2,2,1.2004286453759505e-15,True,0.0107130030830764,,-0.021739130434782608,1.0,0.1,500,52
oracle_k8,8,0.035366682227559176,False,0.04787332698073715,-0.12743628185907047,,,0.1,500,52
blind_raw_eigengap,4,0.037102676760587025,False,0.046789958902588004,,,,0.1,500,53
oracle_k2,2,8.465450562766819e-16,True,0.009825323584145756,,-0.021739130434782608,1.0,0.1,500,53
oracle_k8,8,0.03536668222755946,False,0.05558907679978039,-0.12743628185907047,,,0.1,500,53
blind_raw_eigengap,4,0.0371026767605871,False,0.04854533211151838,,,,0.1,500,54
oracle_k2,2,1.1796119636642288e-15,True,0.010880693969946934,,-0.021739130434782608,1.0,0.1,500,54
oracle_k8,8,0.03536668222755911,False,0.057702849836457605,-0.12743628185907047,,,0.1,500,54
blind_raw_eigengap,4,0.037102676760587025,False,0.04865697545262689,,,,0.1,500,55
oracle_k2,2,0.07151512381109931,False,0.03579031111846551,,0.04341926729986431,0.55359565807327,0.1,500,55
oracle_k8,8,0.03536668222755909,False,0.056730050430274966,-0.12743628185907047,,,0.1,500,55
blind_raw_eigengap,4,0.03710267676058703,False,0.051166097411973775,,,,0.1,500,56
oracle_k2,2,8.465450562766819e-16,True,0.010599908340971567,,-0.021739130434782608,1.0,0.1,500,56
oracle_k8,8,0.03536668222755893,False,0.05727732858458906,-0.12743628185907047,,,0.1,500,56
blind_raw_eigengap,4,0.0371026767605871,False,0.04835267410863045,,,,0.1,500,57
oracle_k2,2,0.18248614412368075,False,0.03685529591778122,,0.02441137690713882,0.4918440384253155,0.1,500,57
oracle_k8,8,0.03536668222755903,False,0.05900926717992585,-0.12743628185907047,,,0.1,500,57
blind_raw_eigengap,4,0.037102676760586775,False,0.0500717955126069,,,,0.1,500,58
oracle_k2,2,0.10121966886898429,False,0.05817168360969916,,0.23369565217391305,0.23369565217391305,0.1,500,58
oracle_k8,8,0.09151035802401832,False,0.059505737609031016,-0.12743628185907047,,,0.1,500,58
blind_raw_eigengap,4,0.03710267676058687,False,0.048891716650005544,,,,0.1,500,59
oracle_k2,2,1.1796119636642288e-15,True,0.01008045857289668,,-0.021739130434782608,1.0,0.1,500,59
oracle_k8,8,0.03536668222755896,False,0.055707428881830064,-0.12743628185907047,,,0.1,500,59
blind_raw_eigengap,8,0.03536668222755907,False,0.04613653100891124,-0.12743628185907047,,,0.1,500,60
oracle_k2,2,0.10121966886898426,False,0.05229696830819652,,0.23369565217391305,0.23369565217391305,0.1,500,60
oracle_k8,8,0.06798579650634291,False,0.05354738582093823,-0.12939001848428835,,,0.1,500,60
blind_raw_eigengap,4,0.03710267676058694,False,0.04823600466511161,,,,0.1,500,61
oracle_k2,2,1.1796119636642288e-15,True,0.011258992306196694,,-0.021739130434782608,1.0,0.1,500,61
oracle_k8,8,0.06156696482679447,False,0.05853049935759517,-0.12743628185907047,,,0.1,500,61
blind_raw_eigengap,4,0.03710267676058687,False,0.05048058980339885,,,,0.1,500,62
oracle_k2,2,0.10121966886898423,False,0.05429677040802155,,0.23369565217391305,0.23369565217391305,0.1,500,62
oracle_k8,8,0.06156696482679433,False,0.0578874297691663,-0.12743628185907047,,,0.1,500,62
blind_raw_eigengap,4,0.037102676760587025,False,0.05122573031211817,,,,0.1,500,63
oracle_k2,2,1.2004286453759505e-15,True,0.01182600755492596,,-0.021739130434782608,1.0,0.1,500,63
oracle_k8,8,0.06156696482679446,False,0.055319622160939524,-0.12743628185907047,,,0.1,500,63
blind_raw_eigengap,4,0.03710267676058707,False,0.05132743252249248,,,,0.1,500,64
oracle_k2,2,0.10121966886898429,False,0.05329698566786101,,0.23369565217391305,0.23369565217391305,0.1,500,64
oracle_k8,8,0.06156696482679419,False,0.059726587783474,-0.12743628185907047,,,0.1,500,64
blind_raw_eigengap,4,0.0371026767605871,False,0.04913551038542707,,,,0.1,500,65
oracle_k2,2,0.10121966886898426,False,0.050984331166847204,,0.23369565217391305,0.23369565217391305,0.1,500,65
oracle_k8,8,0.06156696482679426,False,0.05660389032956398,-0.12743628185907047,,,0.1,500,65
blind_raw_eigengap,4,0.037102676760586775,False,0.05091826335665887,,,,0.1,500,66
oracle_k2,2,8.465450562766819e-16,True,0.011413604421853707,,-0.021739130434782608,1.0,0.1,500,66
oracle_k8,8,0.061566964826794364,False,0.05716954049775907,-0.12743628185907047,,,0.1,500,66
blind_raw_eigengap,8,0.061566964826794524,False,0.05709724747973249,-0.12743628185907047,,,0.1,500,67
oracle_k2,2,0.1522444533280218,False,0.05254001303754493,,0.19292750122655394,0.27806921538287355,0.1,500,67
oracle_k8,8,0.03536668222755904,False,0.05588761055976623,-0.12743628185907047,,,0.1,500,67
blind_raw_eigengap,4,0.037102676760586775,False,0.04922321726091302,,,,0.1,500,68
oracle_k2,2,8.465450562766819e-16,True,0.00974098686220592,,-0.021739130434782608,1.0,0.1,500,68
oracle_k8,8,0.06156696482679426,False,0.05638259827331684,-0.12743628185907047,,,0.1,500,68
blind_raw_eigengap,4,0.03710267676058687,False,0.052321351216261226,,,,0.1,500,69
oracle_k2,2,8.465450562766819e-16,True,0.011552401883176388,,-0.021739130434782608,1.0,0.1,500,69
oracle_k8,8,0.06156696482679433,False,0.06047883071685465,-0.12743628185907047,,,0.1,500,69
blind_raw_eigengap,4,0.03710267676058687,False,0.04784712040430968,,,,0.1,500,70
oracle_k2,2,0.18851429790345467,False,0.03079946972414092,,-0.014490566037735849,0.8368301886792453,0.1,500,70
oracle_k8,8,0.06156696482679416,False,0.05924667651875735,-0.12743628185907047,,,0.1,500,70
blind_raw_eigengap,4,0.03710267676058703,False,0.04996094357436409,,,,0.1,500,71
oracle_k2,2,1.2004286453759505e-15,True,0.01085949087576033,,-0.021739130434782608,1.0,0.1,500,71
oracle_k8,8,0.06156696482679436,False,0.05614202119404216,-0.12743628185907047,,,0.1,500,71
blind_raw_eigengap,8,0.03536668222755912,False,0.0586985154316741,-0.12743628185907047,,,0.1,500,72
oracle_k2,2,1.1796119636642288e-15,True,0.01167850595783683,,-0.021739130434782608,1.0,0.1,500,72
oracle_k8,8,0.06156696482679453,False,0.05931000374376121,-0.12743628185907047,,,0.1,500,72
blind_raw_eigengap,4,0.03710267676058687,False,0.05125916361212928,,,,0.1,500,73
oracle_k2,2,1.1796119636642288e-15,True,0.009632339666138934,,-0.021739130434782608,1.0,0.1,500,73
oracle_k8,8,0.035366682227559176,False,0.05619857924012115,-0.12743628185907047,,,0.1,500,73
blind_raw_eigengap,4,0.03710267676058703,False,0.05135111907142064,,,,0.1,500,74
oracle_k2,2,1.1796119636642288e-15,True,0.010569230341915934,,-0.021739130434782608,1.0,0.1,500,74
oracle_k8,8,0.061566964826794565,False,0.05634002815215389,-0.12743628185907047,,,0.1,500,74
blind_raw_eigengap,4,0.03710267676058707,False,0.048903282239253575,,,,0.1,500,75
oracle_k2,2,8.465450562766819e-16,True,0.011065182068160978,,-0.021739130434782608,1.0,0.1,500,75
oracle_k8,8,0.06156696482679442,False,0.05709961042782897,-0.12743628185907047,,,0.1,500,75
blind_raw_eigengap,4,0.03710267676058694,False,0.04896349827835165,,,,0.1,500,76
oracle_k2,2,1.2004286453759505e-15,True,0.008774477126906103,,-0.021739130434782608,1.0,0.1,500,76
oracle_k8,8,0.03536668222755896,False,0.05787912042215934,-0.12743628185907047,,,0.1,500,76
blind_raw_eigengap,4,0.03710267676058694,False,0.04805703654337443,,,,0.1,500,77
oracle_k2,2,1.2004286453759505e-15,True,0.009634794322695326,,-0.021739130434782608,1.0,0.1,500,77
oracle_k8,8,0.09151035802401848,False,0.055342729667205715,-0.12743628185907047,,,0.1,500,77
blind_raw_eigengap,4,0.03710267676058694,False,0.05011398978118403,,,,0.1,500,78
oracle_k2,2,1.2004286453759505e-15,True,0.01227900452740048,,-0.021739130434782608,1.0,0.1,500,78
oracle_k8,8,0.06156696482679432,False,0.059026657183468535,-0.12743628185907047,,,0.1,500,78
blind_raw_eigengap,4,0.037102676760586775,False,0.048785807508608225,,,,0.1,500,79
oracle_k2,2,1.1796119636642288e-15,True,0.00971528761492098,,-0.021739130434782608,1.0,0.1,500,79
oracle_k8,8,0.03536668222755893,False,0.05580191178581897,-0.12743628185907047,,,0.1,500,79
blind_raw_eigengap,8,0.03536668222755894,False,0.055960284932964566,-0.12743628185907047,,,0.1,500,80
oracle_k2,2,8.465450562766819e-16,True,0.009704253812182324,,-0.021739130434782608,1.0,0.1,500,80
oracle_k8,8,0.20512386529912327,False,0.06891314656523827,-0.1170343717450999,,,0.1,500,80
blind_raw_eigengap,4,0.037102676760586775,False,0.04933584638453845,,,,0.1,500,81
oracle_k2,2,1.2004286453759505e-15,True,0.009748402910868521,,-0.021739130434782608,1.0,0.1,500,81
oracle_k8,8,0.06156696482679432,False,0.05481331854273471,-0.12743628185907047,,,0.1,500,81
blind_raw_eigengap,4,0.037102676760586775,False,0.04714207764078641,,,,0.1,500,82
oracle_k2,2,0.13954287277777552,False,0.05914937824682457,,0.06521492999207458,0.49092350077367247,0.1,500,82
oracle_k8,8,0.09151035802401808,False,0.055641822249606676,-0.12743628185907047,,,0.1,500,82
blind_raw_eigengap,4,0.037102676760586775,False,0.048936812729090305,,,,0.1,500,83
oracle_k2,2,1.2004286453759505e-15,True,0.010541666666666664,,-0.021739130434782608,1.0,0.1,500,83
oracle_k8,8,0.03536668222755923,False,0.052205905205905186,-0.12743628185907047,,,0.1,500,83
blind_raw_eigengap,4,0.037102676760587025,False,0.04907866822170387,,,,0.1,500,84
oracle_k2,2,1.1796119636642288e-15,True,0.010990198733438872,,-0.021739130434782608,1.0,0.1,500,84
oracle_k8,8,0.06156696482679433,False,0.059304351171117625,-0.12743628185907047,,,0.1,500,84
blind_raw_eigengap,4,0.03710267676058694,False,0.05034395479284682,,,,0.1,500,85
oracle_k2,2,1.1796119636642288e-15,True,0.011539972363414149,,-0.021739130434782608,1.0,0.1,500,85
oracle_k8,8,0.09151035802401883,False,0.061070219409665505,-0.12743628185907047,,,0.1,500,85
blind_raw_eigengap,4,0.03710267676058694,False,0.05001269021437297,,,,0.1,500,86
oracle_k2,2,0.07151512381109887,False,0.03462120109020469,,0.04341926729986431,0.55359565807327,0.1,500,86
oracle_k8,8,0.06156696482679436,False,0.05874182919542201,-0.12743628185907047,,,0.1,500,86
blind_raw_eigengap,4,0.03710267676058694,False,0.04659791180717538,,,,0.1,500,87
oracle_k2,2,0.07151512381109909,False,0.03196032923281296,,0.04341926729986431,0.55359565807327,0.1,500,87
oracle_k8,8,0.06156696482679447,False,0.060698801988098385,-0.12743628185907047,,,0.1,500,87
blind_raw_eigengap,4,0.03710267676058707,False,0.04754819226924358,,,,0.1,500,88
oracle_k2,2,0.2467161442724059,False,0.019625864615350975,,-0.01992678416424501,0.9166320715552704,0.1,500,88
oracle_k8,8,0.06156696482679423,False,0.05459266706347544,-0.12743628185907047,,,0.1,500,88
blind_raw_eigengap,4,0.03710267676058707,False,0.048746140175497034,,,,0.1,500,89
oracle_k2,2,8.465450562766819e-16,True,0.01024140349415324,,-0.021739130434782608,1.0,0.1,500,89
oracle_k8,8,0.03536668222755909,False,0.05626660581600701,-0.12743628185907047,,,0.1,500,89
blind_raw_eigengap,4,0.03710267676058703,False,0.046972592469176934,,,,0.1,500,90
oracle_k2,2,1.2004286453759505e-15,True,0.009976824847929335,,-0.021739130434782608,1.0,0.1,500,90
oracle_k8,8,0.03536668222755907,False,0.05574919657853789,-0.12743628185907047,,,0.1,500,90
blind_raw_eigengap,4,0.037102676760586775,False,0.04798401921581694,,,,0.1,500,91
oracle_k2,2,0.12894365216209352,False,0.03997067631189717,,0.009036144578313253,0.43373493975903615,0.1,500,91
oracle_k8,8,0.06156696482679443,False,0.057500359628727876,-0.12743628185907047,,,0.1,500,91
blind_raw_eigengap,4,0.03710267676058687,False,0.04918346662223703,,,,0.1,500,92
oracle_k2,2,8.465450562766819e-16,True,0.010866417381884833,,-0.021739130434782608,1.0,0.1,500,92
oracle_k8,8,0.035366682227559114,False,0.05772092399450183,-0.12743628185907047,,,0.1,500,92
blind_raw_eigengap,4,0.03710267676058687,False,0.04929068088414971,,,,0.1,500,93
oracle_k2,2,0.04947023568078178,False,0.028516938621893233,,-0.016216216216216217,0.23783783783783785,0.1,500,93
oracle_k8,8,0.09151035802401844,False,0.058185741861265815,-0.12743628185907047,,,0.1,500,93
blind_raw_eigengap,4,0.03710267676058694,False,0.05043448017327557,,,,0.1,500,94
oracle_k2,2,0.10121966886898405,False,0.04895924645168457,,0.23369565217391305,0.23369565217391305,0.1,500,94
oracle_k8,8,0.03536668222755905,False,0.049644257356083694,-0.12743628185907047,,,0.1,500,94
blind_raw_eigengap,4,0.03710267676058707,False,0.049348855936909915,,,,0.1,500,95
oracle_k2,2,1.2004286453759505e-15,True,0.011026952615059841,,-0.021739130434782608,1.0,0.1,500,95
oracle_k8,8,0.035366682227559135,False,0.049417883804485606,-0.12743628185907047,,,0.1,500,95
blind_raw_eigengap,4,0.037102676760586775,False,0.05017120681994889,,,,0.1,500,96
oracle_k2,2,0.17918792422318425,False,0.037071563182801075,,-0.005432937181663837,0.7606112054329371,0.1,500,96
oracle_k8,8,0.03536668222755905,False,0.04830001365068728,-0.12743628185907047,,,0.1,500,96
blind_raw_eigengap,4,0.03710267676058694,False,0.050127068754859484,,,,0.1,500,97
oracle_k2,2,0.049470235680781606,False,0.0283038684284307,,-0.016216216216216217,0.23783783783783785,0.1,500,97
oracle_k8,8,0.07840716643232098,False,0.05958525725589469,-0.1279297786908208,,,0.1,500,97
blind_raw_eigengap,4,0.03710267676058694,False,0.04794306064645117,,,,0.1,500,98
oracle_k2,2,0.04947023568078196,False,0.029359451751992283,,-0.016216216216216217,0.23783783783783785,0.1,500,98
oracle_k8,8,0.03536668222755899,False,0.057727159525437964,-0.12743628185907047,,,0.1,500,98
blind_raw_eigengap,4,0.037102676760586775,False,0.04843400810840829,,,,0.1,500,99
oracle_k2,2,0.1421525145871801,False,0.057225845762853084,,0.15564613526570048,0.3259359903381642,0.1,500,99
oracle_k8,8,0.061566964826794315,False,0.058366045963351355,-0.12743628185907047,,,0.1,500,99
blind_raw_eigengap,4,0.0371026767605871,False,0.040423369498794486,,,,0.1,5000,0
oracle_k2,2,1.1796119636642288e-15,True,0.003232557853684552,,-0.021739130434782608,1.0,0.1,5000,0
oracle_k8,8,0.06156696482679436,False,0.04067586196697601,-0.12743628185907047,,,0.1,5000,0
blind_raw_eigengap,4,0.03710267676058687,False,0.041002438390942524,,,,0.1,5000,1
oracle_k2,2,0.10121966886898429,False,0.05069218058599512,,0.23369565217391305,0.23369565217391305,0.1,5000,1
oracle_k8,8,0.061566964826794364,False,0.04044236044276996,-0.12743628185907047,,,0.1,5000,1
blind_raw_eigengap,4,0.0371026767605871,False,0.04064667705520927,,,,0.1,5000,2
oracle_k2,2,0.07151512381109917,False,0.030654913268836893,,0.04341926729986431,0.55359565807327,0.1,5000,2
oracle_k8,8,0.03536668222755896,False,0.03167564993009131,-0.12743628185907047,,,0.1,5000,2
blind_raw_eigengap,4,0.037102676760587025,False,0.040742134567736635,,,,0.1,5000,3
oracle_k2,2,8.465450562766819e-16,True,0.0033875164581961812,,-0.021739130434782608,1.0,0.1,5000,3
oracle_k8,8,0.035366682227558906,False,0.04112930425522068,-0.12743628185907047,,,0.1,5000,3
blind_raw_eigengap,4,0.03710267676058694,False,0.0413579912614024,,,,0.1,5000,4
oracle_k2,2,0.10121966886898429,False,0.05107343206167725,,0.23369565217391305,0.23369565217391305,0.1,5000,4
oracle_k8,8,0.06156696482679436,False,0.04217943815379843,-0.12743628185907047,,,0.1,5000,4
blind_raw_eigengap,4,0.037102676760586775,False,0.040666658889148125,,,,0.1,5000,5
oracle_k2,2,0.10121966886898405,False,0.04909635194012272,,0.23369565217391305,0.23369565217391305,0.1,5000,5
oracle_k8,8,0.03536668222755906,False,0.04184977597529521,-0.12743628185907047,,,0.1,5000,5
blind_raw_eigengap,4,0.03710267676058707,False,0.04128176574669733,,,,0.1,5000,6
oracle_k2,2,0.10121966886898423,False,0.051117183051252346,,0.23369565217391305,0.23369565217391305,0.1,5000,6
oracle_k8,8,0.035366682227559454,False,0.04206413037135598,-0.12743628185907047,,,0.1,5000,6
blind_raw_eigengap,4,0.03710267676058694,False,0.04097764852282702,,,,0.1,5000,7
oracle_k2,2,1.2004286453759505e-15,True,0.00366374617017081,,-0.021739130434782608,1.0,0.1,5000,7
oracle_k8,8,0.03536668222755906,False,0.0407761596912361,-0.12743628185907047,,,0.1,5000,7
blind_raw_eigengap,4,0.03710267676058687,False,0.040851413425108056,,,,0.1,5000,8
oracle_k2,2,1.1796119636642288e-15,True,0.003405475336316627,,-0.021739130434782608,1.0,0.1,5000,8
oracle_k8,8,0.03536668222755917,False,0.04119952733655848,-0.12743628185907047,,,0.1,5000,8
blind_raw_eigengap,4,0.03710267676058687,False,0.04070242019710454,,,,0.1,5000,9
oracle_k2,2,1.2004286453759505e-15,True,0.002999145458510072,,-0.021739130434782608,1.0,0.1,5000,9
oracle_k8,8,0.03536668222755885,False,0.04100192752986915,-0.12743628185907047,,,0.1,5000,9
blind_raw_eigengap,4,0.037102676760587025,False,0.040292818156061457,,,,0.1,5000,10
oracle_k2,2,8.465450562766819e-16,True,0.0033021458154515273,,-0.021739130434782608,1.0,0.1,5000,10
oracle_k8,8,0.035366682227559114,False,0.03061011573915928,-0.12743628185907047,,,0.1,5000,10
blind_raw_eigengap,4,0.03710267676058687,False,0.04072927930180106,,,,0.1,5000,11
oracle_k2,2,0.07151512381109926,False,0.030178554068022792,,0.04341926729986431,0.55359565807327,0.1,5000,11
oracle_k8,8,0.03536668222755909,False,0.032238224692577734,-0.12743628185907047,,,0.1,5000,11
blind_raw_eigengap,4,0.0371026767605871,False,0.04066745386264903,,,,0.1,5000,12
oracle_k2,2,1.1796119636642288e-15,True,0.0034842326661166634,,-0.021739130434782608,1.0,0.1,5000,12
oracle_k8,8,0.061566964826794315,False,0.04059759999646573,-0.12743628185907047,,,0.1,5000,12
blind_raw_eigengap,4,0.03710267676058694,False,0.04121213473439774,,,,0.1,5000,13
oracle_k2,2,0.10121966886898429,False,0.0506463485373733,,0.23369565217391305,0.23369565217391305,0.1,5000,13
oracle_k8,8,0.03536668222755904,False,0.04098439546525585,-0.12743628185907047,,,0.1,5000,13
blind_raw_eigengap,4,0.037102676760587025,False,0.04111660236325456,,,,0.1,5000,14
oracle_k2,2,0.10121966886898405,False,0.05179426605472732,,0.23369565217391305,0.23369565217391305,0.1,5000,14
oracle_k8,8,0.061566964826794635,False,0.04255657271063868,-0.12743628185907047,,,0.1,5000,14
blind_raw_eigengap,4,0.037102676760586775,False,0.041104044726286905,,,,0.1,5000,15
oracle_k2,2,0.04947023568078203,False,0.025847079208527895,,-0.016216216216216217,0.23783783783783785,0.1,5000,15
oracle_k8,8,0.03536668222755911,False,0.04180254011383172,-0.12743628185907047,,,0.1,5000,15
blind_raw_eigengap,4,0.037102676760586775,False,0.040647243841871954,,,,0.1,5000,16
oracle_k2,2,1.1796119636642288e-15,True,0.0036972054746765948,,-0.021739130434782608,1.0,0.1,5000,16
oracle_k8,8,0.03536668222755896,False,0.04172782598931336,-0.12743628185907047,,,0.1,5000,16
blind_raw_eigengap,4,0.03710267676058687,False,0.04072875515260603,,,,0.1,5000,17
oracle_k2,2,1.1796119636642288e-15,True,0.0031566392502284635,,-0.021739130434782608,1.0,0.1,5000,17
oracle_k8,8,0.035366682227558933,False,0.03977785122849109,-0.12743628185907047,,,0.1,5000,17
blind_raw_eigengap,4,0.03710267676058707,False,0.041108461106851985,,,,0.1,5000,18
oracle_k2,2,0.10121966886898423,False,0.05034843522137317,,0.23369565217391305,0.23369565217391305,0.1,5000,18
oracle_k8,8,0.061566964826794565,False,0.040782211287719465,-0.12743628185907047,,,0.1,5000,18
blind_raw_eigengap,4,0.0371026767605871,False,0.040722629384576055,,,,0.1,5000,19
oracle_k2,2,1.2004286453759505e-15,True,0.0033643786301780815,,-0.021739130434782608,1.0,0.1,5000,19
oracle_k8,8,0.061566964826794225,False,0.04023917730952359,-0.12743628185907047,,,0.1,5000,19
blind_raw_eigengap,4,0.03710267676058694,False,0.041858482633912196,,,,0.1,5000,20
oracle_k2,2,0.10121966886898405,False,0.05019009917972905,,0.23369565217391305,0.23369565217391305,0.1,5000,20
oracle_k8,8,0.06156696482679419,False,0.04122964285005212,-0.12743628185907047,,,0.1,5000,20
blind_raw_eigengap,4,0.0371026767605871,False,0.04082822669799895,,,,0.1,5000,21
oracle_k2,2,0.10121966886898423,False,0.050642181974872434,,0.23369565217391305,0.23369565217391305,0.1,5000,21
oracle_k8,8,0.03536668222755922,False,0.0320437099135684,-0.12743628185907047,,,0.1,5000,21
blind_raw_eigengap,4,0.037102676760587025,False,0.04115131051187182,,,,0.1,5000,22
oracle_k2,2,1.2004286453759505e-15,True,0.0031226946025449723,,-0.021739130434782608,1.0,0.1,5000,22
oracle_k8,8,0.035366682227559135,False,0.030677493918108017,-0.12743628185907047,,,0.1,5000,22
blind_raw_eigengap,4,0.037102676760586775,False,0.04105233867204427,,,,0.1,5000,23
oracle_k2,2,1.2004286453759505e-15,True,0.003899348373485776,,-0.021739130434782608,1.0,0.1,5000,23
oracle_k8,8,0.06156696482679423,False,0.039155981798174255,-0.12743628185907047,,,0.1,5000,23
blind_raw_eigengap,4,0.037102676760587025,False,0.04117622815350599,,,,0.1,5000,24
oracle_k2,2,8.465450562766819e-16,True,0.003376593528387264,,-0.021739130434782608,1.0,0.1,5000,24
oracle_k8,8,0.03536668222755911,False,0.04080849673339337,-0.12743628185907047,,,0.1,5000,24
blind_raw_eigengap,4,0.0371026767605871,False,0.04181435202159927,,,,0.1,5000,25
oracle_k2,2,8.465450562766819e-16,True,0.0036788004544406594,,-0.021739130434782608,1.0,0.1,5000,25
oracle_k8,8,0.03536668222755899,False,0.041253557070890914,-0.12743628185907047,,,0.1,5000,25
blind_raw_eigengap,4,0.03710267676058694,False,0.04084707231981156,,,,0.1,5000,26
oracle_k2,2,1.2004286453759505e-15,True,0.0036538628497540288,,-0.021739130434782608,1.0,0.1,5000,26
oracle_k8,8,0.03536668222755897,False,0.040901333438775035,-0.12743628185907047,,,0.1,5000,26
blind_raw_eigengap,4,0.03710267676058707,False,0.040584603568769924,,,,0.1,5000,27
oracle_k2,2,1.2004286453759505e-15,True,0.00376979115451816,,-0.021739130434782608,1.0,0.1,5000,27
oracle_k8,8,0.06156696482679419,False,0.04056138312500149,-0.12743628185907047,,,0.1,5000,27
blind_raw_eigengap,4,0.03710267676058694,False,0.03987656411452952,,,,0.1,5000,28
oracle_k2,2,1.2004286453759505e-15,True,0.0026895650869576105,,-0.021739130434782608,1.0,0.1,5000,28
oracle_k8,8,0.03536668222755946,False,0.04120932789127939,-0.12743628185907047,,,0.1,5000,28
blind_raw_eigengap,4,0.03710267676058687,False,0.04083158047509528,,,,0.1,5000,29
oracle_k2,2,0.07151512381109962,False,0.03044688631001243,,0.04341926729986431,0.55359565807327,0.1,5000,29
oracle_k8,8,0.06156696482679433,False,0.041072575367438274,-0.12743628185907047,,,0.1,5000,29
blind_raw_eigengap,4,0.037102676760586775,False,0.04053581741719719,,,,0.1,5000,30
oracle_k2,2,8.465450562766819e-16,True,0.0034145203651080682,,-0.021739130434782608,1.0,0.1,5000,30
oracle_k8,8,0.0353666822275589,False,0.041379588569920585,-0.12743628185907047,,,0.1,5000,30
blind_raw_eigengap,4,0.0371026767605871,False,0.041673794206859766,,,,0.1,5000,31
oracle_k2,2,0.10121966886898429,False,0.05052968482207093,,0.23369565217391305,0.23369565217391305,0.1,5000,31
oracle_k8,8,0.061566964826794635,False,0.041204808160622323,-0.12743628185907047,,,0.1,5000,31
blind_raw_eigengap,4,0.0371026767605871,False,0.0407503962367921,,,,0.1,5000,32
oracle_k2,2,1.1796119636642288e-15,True,0.003107717782907368,,-0.021739130434782608,1.0,0.1,5000,32
oracle_k8,8,0.06156696482679447,False,0.04054654808722621,-0.12743628185907047,,,0.1,5000,32
blind_raw_eigengap,4,0.037102676760586775,False,0.04088198129506795,,,,0.1,5000,33
oracle_k2,2,1.2004286453759505e-15,True,0.0033713672177731776,,-0.021739130434782608,1.0,0.1,5000,33
oracle_k8,8,0.035366682227558954,False,0.031756668816971534,-0.12743628185907047,,,0.1,5000,33
blind_raw_eigengap,4,0.03710267676058687,False,0.04094030754530403,,,,0.1,5000,34
oracle_k2,2,1.1796119636642288e-15,True,0.003217013469332198,,-0.021739130434782608,1.0,0.1,5000,34
oracle_k8,8,0.06156696482679442,False,0.040720957223663756,-0.12743628185907047,,,0.1,5000,34
blind_raw_eigengap,4,0.03710267676058707,False,0.041360995466817777,,,,0.1,5000,35
oracle_k2,2,1.2004286453759505e-15,True,0.003868098911675734,,-0.021739130434782608,1.0,0.1,5000,35
oracle_k8,8,0.06156696482679429,False,0.0404443924429626,-0.12743628185907047,,,0.1,5000,35
blind_raw_eigengap,4,0.03710267676058687,False,0.040850571508727486,,,,0.1,5000,36
oracle_k2,2,1.2004286453759505e-15,True,0.0032877843031863543,,-0.021739130434782608,1.0,0.1,5000,36
oracle_k8,8,0.0615669648267942,False,0.039865674816324935,-0.12743628185907047,,,0.1,5000,36
blind_raw_eigengap,4,0.037102676760587025,False,0.04100838235947691,,,,0.1,5000,37
oracle_k2,2,0.0715151238110994,False,0.030323277069247295,,0.04341926729986431,0.55359565807327,0.1,5000,37
oracle_k8,8,0.035366682227558954,False,0.03185516086680342,-0.12743628185907047,,,0.1,5000,37
blind_raw_eigengap,4,0.0371026767605871,False,0.04186215640034221,,,,0.1,5000,38
oracle_k2,2,1.2004286453759505e-15,True,0.0036874821529265015,,-0.021739130434782608,1.0,0.1,5000,38
oracle_k8,8,0.03536668222755897,False,0.030557626611613986,-0.12743628185907047,,,0.1,5000,38
blind_raw_eigengap,4,0.037102676760587025,False,0.04050970703754319,,,,0.1,5000,39
oracle_k2,2,1.1796119636642288e-15,True,0.003803594588100664,,-0.021739130434782608,1.0,0.1,5000,39
oracle_k8,8,0.06156696482679447,False,0.041557486787730614,-0.12743628185907047,,,0.1,5000,39
blind_raw_eigengap,4,0.037102676760587025,False,0.04042362601802162,,,,0.1,5000,40
oracle_k2,2,8.465450562766819e-16,True,0.0026559652975114167,,-0.021739130434782608,1.0,0.1,5000,40
oracle_k8,8,0.03536668222755911,False,0.04070945455044577,-0.12743628185907047,,,0.1,5000,40
blind_raw_eigengap,4,0.037102676760586775,False,0.040421844966278896,,,,0.1,5000,41
oracle_k2,2,0.10121966886898423,False,0.05121718204431628,,0.23369565217391305,0.23369565217391305,0.1,5000,41
oracle_k8,8,0.035366682227559204,False,0.04023364024800279,-0.12743628185907047,,,0.1,5000,41
blind_raw_eigengap,4,0.0371026767605871,False,0.04063004816506116,,,,0.1,5000,42
oracle_k2,2,0.07151512381109931,False,0.03072195520152195,,0.04341926729986431,0.55359565807327,0.1,5000,42
oracle_k8,8,0.03536668222755908,False,0.04149419233958094,-0.12743628185907047,,,0.1,5000,42
blind_raw_eigengap,4,0.03710267676058694,False,0.041608263891203624,,,,0.1,5000,43
oracle_k2,2,1.1796119636642288e-15,True,0.003315258657566727,,-0.021739130434782608,1.0,0.1,5000,43
oracle_k8,8,0.03536668222755908,False,0.0412444980093739,-0.12743628185907047,,,0.1,5000,43
blind_raw_eigengap,4,0.037102676760586775,False,0.04135104315967245,,,,0.1,5000,44
oracle_k2,2,1.2004286453759505e-15,True,0.0029622323980633435,,-0.021739130434782608,1.0,0.1,5000,44
oracle_k8,8,0.0353666822275592,False,0.0318686973272612,-0.12743628185907047,,,0.1,5000,44
blind_raw_eigengap,4,0.0371026767605871,False,0.04074439407575303,,,,0.1,5000,45
oracle_k2,2,0.10121966886898405,False,0.05137968697483073,,0.23369565217391305,0.23369565217391305,0.1,5000,45
oracle_k8,8,0.035366682227558906,False,0.04172911402212775,-0.12743628185907047,,,0.1,5000,45
blind_raw_eigengap,4,0.0371026767605871,False,0.04006944337966512,,,,0.1,5000,46
oracle_k2,2,0.10121966886898423,False,0.0500692696310864,,0.23369565217391305,0.23369565217391305,0.1,5000,46
oracle_k8,8,0.06156696482679436,False,0.0399214359673644,-0.12743628185907047,,,0.1,5000,46
blind_raw_eigengap,4,0.0371026767605871,False,0.04130194549070587,,,,0.1,5000,47
oracle_k2,2,0.07151512381109891,False,0.02992690704505115,,0.04341926729986431,0.55359565807327,0.1,5000,47
oracle_k8,8,0.03536668222755903,False,0.04131079464514056,-0.12743628185907047,,,0.1,5000,47
blind_raw_eigengap,4,0.03710267676058694,False,0.04089184291079186,,,,0.1,5000,48
oracle_k2,2,0.10121966886898405,False,0.049385936610250473,,0.23369565217391305,0.23369565217391305,0.1,5000,48
oracle_k8,8,0.03536668222755946,False,0.04196598887934974,-0.12743628185907047,,,0.1,5000,48
blind_raw_eigengap,4,0.0371026767605871,False,0.03990458734708843,,,,0.1,5000,49
oracle_k2,2,1.2004286453759505e-15,True,0.00293950362913642,,-0.021739130434782608,1.0,0.1,5000,49
oracle_k8,8,0.03536668222755927,False,0.040671192232573046,-0.12743628185907047,,,0.1,5000,49
blind_raw_eigengap,4,0.03710267676058687,False,0.04049403228225726,,,,0.1,5000,50
oracle_k2,2,0.049470235680781606,False,0.025104942403097755,,-0.016216216216216217,0.23783783783783785,0.1,5000,50
oracle_k8,8,0.06156696482679437,False,0.040051425857047705,-0.12743628185907047,,,0.1,5000,50
blind_raw_eigengap,4,0.0371026767605871,False,0.04059850754974834,,,,0.1,5000,51
oracle_k2,2,0.10121966886898429,False,0.05175676504779128,,0.23369565217391305,0.23369565217391305,0.1,5000,51
oracle_k8,8,0.061566964826794565,False,0.04110320589658357,-0.12743628185907047,,,0.1,5000,51
blind_raw_eigengap,4,0.03710267676058687,False,0.04169334674955278,,,,0.1,5000,52
oracle_k2,2,0.10121966886898405,False,0.05058385155818148,,0.23369565217391305,0.23369565217391305,0.1,5000,52
oracle_k8,8,0.06156696482679436,False,0.04133151305861881,-0.12743628185907047,,,0.1,5000,52
blind_raw_eigengap,4,0.03710267676058694,False,0.03946325497483418,,,,0.1,5000,53
oracle_k2,2,8.465450562766819e-16,True,0.002394837716630124,,-0.021739130434782608,1.0,0.1,5000,53
oracle_k8,8,0.03536668222755913,False,0.04169136295237036,-0.12743628185907047,,,0.1,5000,53
blind_raw_eigengap,4,0.037102676760587025,False,0.04131331927824629,,,,0.1,5000,54
oracle_k2,2,1.1796119636642288e-15,True,0.0032399741807707205,,-0.021739130434782608,1.0,0.1,5000,54
oracle_k8,8,0.09151035802401877,False,0.04267355913437184,-0.12743628185907047,,,0.1,5000,54
blind_raw_eigengap,4,0.03710267676058707,False,0.04116261138517605,,,,0.1,5000,55
oracle_k2,2,1.1796119636642288e-15,True,0.0034454054202325926,,-0.021739130434782608,1.0,0.1,5000,55
oracle_k8,8,0.035366682227559176,False,0.04131527324638728,-0.12743628185907047,,,0.1,5000,55
blind_raw_eigengap,4,0.03710267676058707,False,0.042151532171149836,,,,0.1,5000,56
oracle_k2,2,0.10121966886898429,False,0.052456761679763785,,0.23369565217391305,0.23369565217391305,0.1,5000,56
oracle_k8,8,0.035366682227559315,False,0.04109405581279171,-0.12743628185907047,,,0.1,5000,56
blind_raw_eigengap,4,0.037102676760587025,False,0.04140079761230181,,,,0.1,5000,57
oracle_k2,2,1.2004286453759505e-15,True,0.0035484660197276034,,-0.021739130434782608,1.0,0.1,5000,57
oracle_k8,8,0.06156696482679422,False,0.03911996258407552,-0.12743628185907047,,,0.1,5000,57
blind_raw_eigengap,4,0.03710267676058694,False,0.04097742422474805,,,,0.1,5000,58
oracle_k2,2,1.1796119636642288e-15,True,0.0033492258397846684,,-0.021739130434782608,1.0,0.1,5000,58
oracle_k8,8,0.035366682227559065,False,0.04039288599476052,-0.12743628185907047,,,0.1,5000,58
blind_raw_eigengap,4,0.03710267676058703,False,0.04165205034832173,,,,0.1,5000,59
oracle_k2,2,1.1796119636642288e-15,True,0.0033594366227503608,,-0.021739130434782608,1.0,0.1,5000,59
oracle_k8,8,0.03536668222755907,False,0.04108793291553336,-0.12743628185907047,,,0.1,5000,59
blind_raw_eigengap,4,0.03710267676058694,False,0.04093051453840427,,,,0.1,5000,60
oracle_k2,2,1.2004286453759505e-15,True,0.003117645721007882,,-0.021739130434782608,1.0,0.1,5000,60
oracle_k8,8,0.06156696482679447,False,0.04038952120901353,-0.12743628185907047,,,0.1,5000,60
blind_raw_eigengap,4,0.037102676760587025,False,0.04108417566636668,,,,0.1,5000,61
oracle_k2,2,8.465450562766819e-16,True,0.003081925879784328,,-0.021739130434782608,1.0,0.1,5000,61
oracle_k8,8,0.035366682227558933,False,0.0414676975141418,-0.12743628185907047,,,0.1,5000,61
blind_raw_eigengap,4,0.037102676760587025,False,0.04113524924169196,,,,0.1,5000,62
oracle_k2,2,0.10121966886898423,False,0.05211301388460652,,0.23369565217391305,0.23369565217391305,0.1,5000,62
oracle_k8,8,0.035366682227559114,False,0.0318003654175341,-0.12743628185907047,,,0.1,5000,62
blind_raw_eigengap,4,0.03710267676058687,False,0.0417914229247914,,,,0.1,5000,63
oracle_k2,2,0.07151512381109926,False,0.03107466361865761,,0.04341926729986431,0.55359565807327,0.1,5000,63
oracle_k8,8,0.03536668222755917,False,0.04145680506309497,-0.12743628185907047,,,0.1,5000,63
blind_raw_eigengap,4,0.037102676760586775,False,0.041263894953501544,,,,0.1,5000,64
oracle_k2,2,0.10121966886898405,False,0.051640096818637606,,0.23369565217391305,0.23369565217391305,0.1,5000,64
oracle_k8,8,0.035366682227558906,False,0.04065912823434713,-0.12743628185907047,,,0.1,5000,64
blind_raw_eigengap,4,0.0371026767605871,False,0.042259043031898924,,,,0.1,5000,65
oracle_k2,2,0.07151512381109887,False,0.030656493252135836,,0.04341926729986431,0.55359565807327,0.1,5000,65
oracle_k8,8,0.06156696482679447,False,0.04129112971642914,-0.12743628185907047,,,0.1,5000,65
blind_raw_eigengap,4,0.03710267676058707,False,0.04089815242269703,,,,0.1,5000,66
oracle_k2,2,0.10121966886898405,False,0.05033384905820229,,0.23369565217391305,0.23369565217391305,0.1,5000,66
oracle_k8,8,0.06156696482679436,False,0.041768960857446885,-0.12743628185907047,,,0.1,5000,66
blind_raw_eigengap,4,0.03710267676058694,False,0.04090718837149873,,,,0.1,5000,67
oracle_k2,2,0.07151512381109926,False,0.02955843930088434,,0.04341926729986431,0.55359565807327,0.1,5000,67
oracle_k8,8,0.07841021672440038,False,0.045046149960172276,-0.12743628185907047,,,0.1,5000,67
blind_raw_eigengap,4,0.03710267676058694,False,0.041007062820128205,,,,0.1,5000,68
oracle_k2,2,1.1796119636642288e-15,True,0.003239138146071003,,-0.021739130434782608,1.0,0.1,5000,68
oracle_k8,8,0.03536668222755907,False,0.04099326090694603,-0.12743628185907047,,,0.1,5000,68
blind_raw_eigengap,4,0.0371026767605871,False,0.041063086647111745,,,,0.1,5000,69
oracle_k2,2,8.465450562766819e-16,True,0.0032577628519762252,,-0.021739130434782608,1.0,0.1,5000,69
oracle_k8,8,0.061566964826794565,False,0.04129667499256873,-0.12743628185907047,,,0.1,5000,69
blind_raw_eigengap,4,0.037102676760587025,False,0.041060281185071615,,,,0.1,5000,70
oracle_k2,2,1.1796119636642288e-15,True,0.003349634273881045,,-0.021739130434782608,1.0,0.1,5000,70
oracle_k8,8,0.061566964826794524,False,0.0415648368640607,-0.12743628185907047,,,0.1,5000,70
blind_raw_eigengap,4,0.03710267676058687,False,0.04069022713131785,,,,0.1,5000,71
oracle_k2,2,0.10121966886898405,False,0.05185676452696227,,0.23369565217391305,0.23369565217391305,0.1,5000,71
oracle_k8,8,0.06156696482679435,False,0.04220863017927362,-0.12743628185907047,,,0.1,5000,71
blind_raw_eigengap,4,0.03710267676058707,False,0.04082610218548271,,,,0.1,5000,72
oracle_k2,2,0.10121966886898405,False,0.04994843515192929,,0.23369565217391305,0.23369565217391305,0.1,5000,72
oracle_k8,8,0.07841021672440046,False,0.04549565029599819,-0.12743628185907047,,,0.1,5000,72
blind_raw_eigengap,4,0.03710267676058694,False,0.0406207813906203,,,,0.1,5000,73
oracle_k2,2,0.10121966886898429,False,0.05139634944014354,,0.23369565217391305,0.23369565217391305,0.1,5000,73
oracle_k8,8,0.06156696482679436,False,0.04173782716476069,-0.12743628185907047,,,0.1,5000,73
blind_raw_eigengap,4,0.037102676760586775,False,0.0409290077830739,,,,0.1,5000,74
oracle_k2,2,1.1796119636642288e-15,True,0.0032668553456499058,,-0.021739130434782608,1.0,0.1,5000,74
oracle_k8,8,0.06156696482679426,False,0.04050939390114178,-0.12743628185907047,,,0.1,5000,74
blind_raw_eigengap,4,0.037102676760587025,False,0.04003441732497806,,,,0.1,5000,75
oracle_k2,2,8.465450562766819e-16,True,0.003189473976605748,,-0.021739130434782608,1.0,0.1,5000,75
oracle_k8,8,0.06156696482679449,False,0.040696922713580795,-0.12743628185907047,,,0.1,5000,75
blind_raw_eigengap,4,0.03710267676058707,False,0.04185887859293579,,,,0.1,5000,76
oracle_k2,2,0.10121966886898405,False,0.05028593518665123,,0.23369565217391305,0.23369565217391305,0.1,5000,76
oracle_k8,8,0.03536668222755905,False,0.041417537434169004,-0.12743628185907047,,,0.1,5000,76
blind_raw_eigengap,4,0.03710267676058687,False,0.040890622673688655,,,,0.1,5000,77
oracle_k2,2,0.10121966886898426,False,0.051348431506126335,,0.23369565217391305,0.23369565217391305,0.1,5000,77
oracle_k8,8,0.06156696482679436,False,0.040950941245857415,-0.12743628185907047,,,0.1,5000,77
blind_raw_eigengap,4,0.03710267676058694,False,0.04158998047287312,,,,0.1,5000,78
oracle_k2,2,8.465450562766819e-16,True,0.0024555381135712728,,-0.021739130434782608,1.0,0.1,5000,78
oracle_k8,8,0.03536668222755923,False,0.03267226955277212,-0.12743628185907047,,,0.1,5000,78
blind_raw_eigengap,4,0.037102676760586775,False,0.041262964706732,,,,0.1,5000,79
oracle_k2,2,0.10121966886898405,False,0.05044635259983946,,0.23369565217391305,0.23369565217391305,0.1,5000,79
oracle_k8,8,0.06156696482679436,False,0.04097533479838713,-0.12743628185907047,,,0.1,5000,79
blind_raw_eigengap,4,0.03710267676058707,False,0.0409446723998089,,,,0.1,5000,80
oracle_k2,2,1.1796119636642288e-15,True,0.002684437421354824,,-0.021739130434782608,1.0,0.1,5000,80
oracle_k8,8,0.03536668222755919,False,0.031059866665886237,-0.12743628185907047,,,0.1,5000,80
blind_raw_eigengap,4,0.0371026767605871,False,0.04087223523104787,,,,0.1,5000,81
oracle_k2,2,0.10121966886898429,False,0.05024843362416426,,0.23369565217391305,0.23369565217391305,0.1,5000,81
oracle_k8,8,0.06156696482679436,False,0.04122379066449152,-0.12743628185907047,,,0.1,5000,81
blind_raw_eigengap,4,0.03710267676058687,False,0.041441936102129935,,,,0.1,5000,82
oracle_k2,2,0.10121966886898423,False,0.050406772200509424,,0.23369565217391305,0.23369565217391305,0.1,5000,82
oracle_k8,8,0.03536668222755904,False,0.041925891114231256,-0.12743628185907047,,,0.1,5000,82
blind_raw_eigengap,4,0.0371026767605871,False,0.041443693682432815,,,,0.1,5000,83
oracle_k2,2,0.07151512381109959,False,0.029872348927285935,,0.04341926729986431,0.55359565807327,0.1,5000,83
oracle_k8,8,0.03536668222755897,False,0.04244421263649147,-0.12743628185907047,,,0.1,5000,83
blind_raw_eigengap,4,0.03710267676058687,False,0.04078174685843805,,,,0.1,5000,84
oracle_k2,2,0.10121966886898429,False,0.049596351349849875,,0.23369565217391305,0.23369565217391305,0.1,5000,84
oracle_k8,8,0.03536668222755904,False,0.0422348211391285,-0.12743628185907047,,,0.1,5000,84
blind_raw_eigengap,4,0.03710267676058694,False,0.04129137584302745,,,,0.1,5000,85
oracle_k2,2,0.10121966886898426,False,0.0511859348394319,,0.23369565217391305,0.23369565217391305,0.1,5000,85
oracle_k8,8,0.06156696482679443,False,0.04093174150266437,-0.12743628185907047,,,0.1,5000,85
blind_raw_eigengap,4,0.03710267676058694,False,0.04039740578091842,,,,0.1,5000,86
oracle_k2,2,1.2004286453759505e-15,True,0.0031905295233650845,,-0.021739130434782608,1.0,0.1,5000,86
oracle_k8,8,0.06156696482679461,False,0.04038746023043167,-0.12743628185907047,,,0.1,5000,86
blind_raw_eigengap,4,0.03710267676058703,False,0.04029241289179251,,,,0.1,5000,87
oracle_k2,2,1.2004286453759505e-15,True,0.0029012444340741714,,-0.021739130434782608,1.0,0.1,5000,87
oracle_k8,8,0.06156696482679439,False,0.040472509559681895,-0.12743628185907047,,,0.1,5000,87
blind_raw_eigengap,4,0.03710267676058687,False,0.04090398556159239,,,,0.1,5000,88
oracle_k2,2,1.1796119636642288e-15,True,0.003603517088746476,,-0.021739130434782608,1.0,0.1,5000,88
oracle_k8,8,0.03536668222755917,False,0.031624437083636166,-0.12743628185907047,,,0.1,5000,88
blind_raw_eigengap,4,0.03710267676058687,False,0.04091468923258113,,,,0.1,5000,89
oracle_k2,2,1.2004286453759505e-15,True,0.0040113128918370005,,-0.021739130434782608,1.0,0.1,5000,89
oracle_k8,8,0.06156696482679426,False,0.04052416499260226,-0.12743628185907047,,,0.1,5000,89
blind_raw_eigengap,4,0.037102676760587025,False,0.04097070180993967,,,,0.1,5000,90
oracle_k2,2,0.07151512381109947,False,0.029892722871703192,,0.04341926729986431,0.55359565807327,0.1,5000,90
oracle_k8,8,0.06156696482679447,False,0.04048774744084612,-0.12743628185907047,,,0.1,5000,90
blind_raw_eigengap,4,0.03710267676058707,False,0.04150110287990401,,,,0.1,5000,91
oracle_k2,2,0.04947023568078188,False,0.025820684980208026,,-0.016216216216216217,0.23783783783783785,0.1,5000,91
oracle_k8,8,0.035366682227558933,False,0.04108516797707019,-0.12743628185907047,,,0.1,5000,91
blind_raw_eigengap,4,0.03710267676058687,False,0.04068420733197782,,,,0.1,5000,92
oracle_k2,2,0.10121966886898429,False,0.05055052138454402,,0.23369565217391305,0.23369565217391305,0.1,5000,92
oracle_k8,8,0.03536668222755903,False,0.040646875228077396,-0.12743628185907047,,,0.1,5000,92
blind_raw_eigengap,4,0.0371026767605871,False,0.04043972992566914,,,,0.1,5000,93
oracle_k2,2,1.1796119636642288e-15,True,0.0037490022652588925,,-0.021739130434782608,1.0,0.1,5000,93
oracle_k8,8,0.035366682227558954,False,0.040049002905481634,-0.12743628185907047,,,0.1,5000,93
blind_raw_eigengap,4,0.037102676760586775,False,0.04150678227392421,,,,0.1,5000,94
oracle_k2,2,8.465450562766819e-16,True,0.00321601715819035,,-0.021739130434782608,1.0,0.1,5000,94
oracle_k8,8,0.06156696482679419,False,0.04130608945029311,-0.12743628185907047,,,0.1,5000,94
blind_raw_eigengap,4,0.0371026767605871,False,0.04054141361954602,,,,0.1,5000,95
oracle_k2,2,1.1796119636642288e-15,True,0.0030176910678522116,,-0.021739130434782608,1.0,0.1,5000,95
oracle_k8,8,0.06156696482679436,False,0.040712348821023384,-0.12743628185907047,,,0.1,5000,95
blind_raw_eigengap,4,0.037102676760586775,False,0.04174735050498316,,,,0.1,5000,96
oracle_k2,2,0.10121966886898423,False,0.05172343275611593,,0.23369565217391305,0.23369565217391305,0.1,5000,96
oracle_k8,8,0.03536668222755927,False,0.04098865858331851,-0.12743628185907047,,,0.1,5000,96
blind_raw_eigengap,4,0.03710267676058687,False,0.041975010555203716,,,,0.1,5000,97
oracle_k2,2,0.10121966886898429,False,0.05023593914495158,,0.23369565217391305,0.23369565217391305,0.1,5000,97
oracle_k8,8,0.061566964826794364,False,0.040585197206467444,-0.12743628185907047,,,0.1,5000,97
blind_raw_eigengap,4,0.037102676760587025,False,0.04089745508483051,,,,0.1,5000,98
oracle_k2,2,0.07151512381109947,False,0.030692718976685393,,0.04341926729986431,0.55359565807327,0.1,5000,98
oracle_k8,8,0.03536668222755896,False,0.0415065567756695,-0.12743628185907047,,,0.1,5000,98
blind_raw_eigengap,4,0.037102676760586775,False,0.04139089488683711,,,,0.1,5000,99
oracle_k2,2,0.07151512381109909,False,0.030374732695352086,,0.04341926729986431,0.55359565807327,0.1,5000,99
oracle_k8,8,0.03536668222755893,False,0.04105000959403826,-0.12743628185907047,,,0.1,5000,99
blind_raw_eigengap,4,0.06185811153064266,False,0.10448557958957294,,,,0.4,100,0
oracle_k2,2,0.1344791290604291,False,0.06638588088296542,,0.23369565217391305,0.23369565217391305,0.4,100,0
oracle_k8,8,0.1585713183948741,False,0.13296050890881625,-0.07113569180890626,,,0.4,100,0
blind_raw_eigengap,4,0.06185811153064265,False,0.1022538824181919,,,,0.4,100,1
oracle_k2,2,0.18569965839819683,False,0.07122017450554124,,0.06606085743373176,0.37796463180121415,0.4,100,1
oracle_k8,8,0.15965837258637589,False,0.15111364034718813,-0.06143540669856459,,,0.4,100,1
blind_raw_eigengap,4,0.06185811153064265,False,0.09235232945091514,,,,0.4,100,2
oracle_k2,2,6.38378239159465e-16,True,0.03561597598222962,,-0.021739130434782608,1.0,0.4,100,2
oracle_k8,8,0.2036423692948987,False,0.13376870153027912,-0.0858085808580858,,,0.4,100,2
blind_raw_eigengap,4,0.06185811153064265,False,0.10378258458125349,,,,0.4,100,3
oracle_k2,2,9.159339953157541e-16,True,0.04351624323198669,,-0.021739130434782608,1.0,0.4,100,3
oracle_k8,8,0.14641038977473264,False,0.12356470813513559,-0.10698960617907886,,,0.4,100,3
blind_raw_eigengap,4,0.06185811153064265,False,0.09987104825291182,,,,0.4,100,4
oracle_k2,2,7.771561172376096e-16,True,0.03791380327641261,,-0.021739130434782608,1.0,0.4,100,4
oracle_k8,8,0.21009003095808695,False,0.14036720696593666,-0.10698960617907886,,,0.4,100,4
blind_raw_eigengap,4,0.06185811153064266,False,0.09746013588463671,,,,0.4,100,5
oracle_k2,2,0.16178866400390166,False,0.08169495349160072,,0.15564613526570048,0.3259359903381642,0.4,100,5
oracle_k8,8,0.19670620451552723,False,0.1302840398285189,-0.10698960617907886,,,0.4,100,5
blind_raw_eigengap,4,0.061858111530642496,False,0.10261231281198004,,,,0.4,100,6
oracle_k2,2,0.1649134801218313,False,0.07160373009035599,,0.15577358490566037,0.23381132075471697,0.4,100,6
oracle_k8,8,0.06809446002314323,False,0.13129210588969345,-0.12743628185907047,,,0.4,100,6
blind_raw_eigengap,4,0.06185811153064233,False,0.10729547975596232,,,,0.4,100,7
oracle_k2,2,0.2122506034746251,False,0.07440022507158464,,0.06606085743373176,0.4913841861166623,0.4,100,7
oracle_k8,8,0.1902209902298622,False,0.17494653977266597,0.009535615523982074,,,0.4,100,7
blind_raw_eigengap,4,0.06185811153064281,False,0.09700395174708819,,,,0.4,100,8
oracle_k2,2,0.14838129665880936,False,0.0832217773086494,,0.0919245283018868,0.43245283018867925,0.4,100,8
oracle_k8,8,0.20453003928315877,False,0.15314279128488914,-0.07806476484194294,,,0.4,100,8
blind_raw_eigengap,4,0.06185811153064233,False,0.10617512479201331,,,,0.4,100,9
oracle_k2,2,0.1539618566748816,False,0.057171147849819665,,0.02352852456543871,0.6189811847215414,0.4,100,9
oracle_k8,8,0.19716211100436754,False,0.15765628238388998,-0.00558982266769468,,,0.4,100,9
blind_raw_eigengap,4,0.06185811153064266,False,0.10038373544093178,,,,0.4,100,10
oracle_k2,2,0.11009083491955113,False,0.06236604517600802,,0.04341926729986431,0.55359565807327,0.4,100,10
oracle_k8,8,0.1770103388273625,False,0.13220662239505707,-0.0877748967636608,,,0.4,100,10
blind_raw_eigengap,4,9.575673587391975e-16,True,0.07186044093178036,,,,0.4,100,11
oracle_k2,2,0.1756715072258005,False,0.06505233927922699,,-0.010828696044517973,0.23657692886148293,0.4,100,11
oracle_k8,8,0.12894167043544982,False,0.1268678496791065,-0.10756366400608133,,,0.4,100,11
blind_raw_eigengap,4,0.06185811153064266,False,0.10218143372157516,,,,0.4,100,12
oracle_k2,2,0.2483178396608121,False,0.0572695665898838,,-0.014490566037735849,0.8368301886792453,0.4,100,12
oracle_k8,8,0.23379320167554196,False,0.18239145264073575,0.23719202190066485,,,0.4,100,12
blind_raw_eigengap,4,0.061858111530642496,False,0.09293919855795896,,,,0.4,100,13
oracle_k2,2,0.281325667613172,False,0.05722199083715118,,-0.014643719806763286,0.8368055555555556,0.4,100,13
oracle_k8,8,0.21632796382692612,False,0.14176860877357947,-0.07043062200956937,,,0.4,100,13
blind_raw_eigengap,4,0.06185811153064265,False,0.10577579034941764,,,,0.4,100,14
oracle_k2,2,7.771561172376096e-16,True,0.04086517770373455,,-0.021739130434782608,1.0,0.4,100,14
oracle_k8,8,0.2036423692948987,False,0.1444037998380153,-0.0877748967636608,,,0.4,100,14
blind_raw_eigengap,4,8.396061623727746e-16,True,0.07025409040488075,,,,0.4,100,15
oracle_k2,2,7.771561172376096e-16,True,0.0329046924892406,,-0.021739130434782608,1.0,0.4,100,15
oracle_k8,8,0.20773887260317614,False,0.17681428320737191,-0.02282619208820969,,,0.4,100,15
blind_raw_eigengap,4,0.061858111530642385,False,0.10057231003882418,,,,0.4,100,16
oracle_k2,2,0.192560210863536,False,0.07223511026561416,,0.022644072913914782,0.6186360720081518,0.4,100,16
oracle_k8,8,0.1867907640034917,False,0.13896469135747602,-0.11037445139602203,,,0.4,100,16
blind_raw_eigengap,4,0.061858111530642385,False,0.09756828896283971,,,,0.4,100,17
oracle_k2,2,0.16245719782047077,False,0.06311882222342358,,0.09233554616777308,0.43270971635485816,0.4,100,17
oracle_k8,8,0.1961770652601142,False,0.16078947749728528,-0.058435255290234904,,,0.4,100,17
blind_raw_eigengap,4,0.06185811153064281,False,0.09891396283971159,,,,0.4,100,18
oracle_k2,2,0.24979436981476746,False,0.07013962719693954,,0.006792452830188679,0.6878490566037736,0.4,100,18
oracle_k8,8,0.20740916470089465,False,0.13625111316823835,-0.08009917040144941,,,0.4,100,18
blind_raw_eigengap,4,0.06185811153064265,False,0.10265391014975044,,,,0.4,100,19
oracle_k2,2,0.13447912906042916,False,0.06940415451895043,,0.23369565217391305,0.23369565217391305,0.4,100,19
oracle_k8,8,0.16969068930935638,False,0.14623506001891798,-0.03935703848027277,,,0.4,100,19
blind_raw_eigengap,4,0.06185811153064233,False,0.09940827787021629,,,,0.4,100,20
oracle_k2,2,0.2616026011736724,False,0.060811810000033016,,-0.005736498471525078,0.7605389289353511,0.4,100,20
oracle_k8,8,0.1641658678674364,False,0.14256043503644214,-0.011885046273745738,,,0.4,100,20
blind_raw_eigengap,4,0.06185811153064233,False,0.10068600942872989,,,,0.4,100,21
oracle_k2,2,0.302601395943295,False,0.04897654562686008,,-0.01992678416424501,0.9166320715552704,0.4,100,21
oracle_k8,8,0.21751542296511542,False,0.12505612285815818,-0.1004231311706629,,,0.4,100,21
blind_raw_eigengap,4,0.061858111530642385,False,0.09829589572934,,,,0.4,100,22
oracle_k2,2,0.1499551307837182,False,0.0849991776069523,,0.1219760727629543,0.37740121523191306,0.4,100,22
oracle_k8,8,0.20279868871853196,False,0.15861610900673404,-0.0017598748533437622,,,0.4,100,22
blind_raw_eigengap,4,0.06185811153064233,False,0.10144238768718804,,,,0.4,100,23
oracle_k2,2,0.1624571978204711,False,0.07269227697230761,,0.09233554616777308,0.43270971635485816,0.4,100,23
oracle_k8,8,0.17692575986011466,False,0.1596363740499385,-0.031061929722384002,,,0.4,100,23
blind_raw_eigengap,4,0.061858111530642496,False,0.10197102052135332,,,,0.4,100,24
oracle_k2,2,7.771561172376096e-16,True,0.035283041788143836,,-0.021739130434782608,1.0,0.4,100,24
oracle_k8,8,0.20008738386918828,False,0.1564083765258227,-0.04609021075438251,,,0.4,100,24
blind_raw_eigengap,4,0.061858111530642496,False,0.10489496672212979,,,,0.4,100,25
oracle_k2,2,0.17708754215356123,False,0.06447451795755695,,0.19292750122655394,0.27806921538287355,0.4,100,25
oracle_k8,8,0.21751542296511545,False,0.14207642533026577,-0.1004231311706629,,,0.4,100,25
blind_raw_eigengap,4,0.061858111530642385,False,0.10035184414864114,,,,0.4,100,26
oracle_k2,2,0.17708754215356118,False,0.07814390638790115,,0.19292750122655394,0.27806921538287355,0.4,100,26
oracle_k8,8,0.18500966153015697,False,0.15057599558184329,-0.06972054163065398,,,0.4,100,26
blind_raw_eigengap,4,0.061858111530642385,False,0.09150478369384361,,,,0.4,100,27
oracle_k2,2,9.159339953157541e-16,True,0.03328474246841594,,-0.021739130434782608,1.0,0.4,100,27
oracle_k8,8,0.1930666702335631,False,0.14715236628276115,-0.045828993466527794,,,0.4,100,27
blind_raw_eigengap,4,0.06185811153064281,False,0.09569120909595119,,,,0.4,100,28
oracle_k2,2,0.17708754215356126,False,0.06700153167039717,,0.19292750122655394,0.27806921538287355,0.4,100,28
oracle_k8,8,0.18066989779450265,False,0.1541150759518636,-0.002727715538236727,,,0.4,100,28
blind_raw_eigengap,4,0.2957211969862946,False,0.10724368043378774,,,,0.4,100,29
oracle_k2,2,0.17982367894938348,False,0.06771833560968611,,0.04226415094339623,0.5530566037735849,0.4,100,29
oracle_k8,8,0.19234417549353747,False,0.17335171099372906,0.07968826108134437,,,0.4,100,29
blind_raw_eigengap,4,0.06185811153064281,False,0.10106142540210761,,,,0.4,100,30
oracle_k2,2,6.38378239159465e-16,True,0.03973561363320839,,-0.021739130434782608,1.0,0.4,100,30
oracle_k8,8,0.18849638098649563,False,0.15887374157087578,0.009535615523982074,,,0.4,100,30
blind_raw_eigengap,4,0.061858111530642385,False,0.09677481974486968,,,,0.4,100,31
oracle_k2,2,9.159339953157541e-16,True,0.042395963487435795,,-0.021739130434782608,1.0,0.4,100,31
oracle_k8,8,0.2064063849622129,False,0.15001640137479336,-0.019232656265332156,,,0.4,100,31
blind_raw_eigengap,4,0.06185811153064233,False,0.10204693566278426,,,,0.4,100,32
oracle_k2,2,0.15364466486336958,False,0.08446301501732541,,0.022939068100358423,0.27828711563855874,0.4,100,32
oracle_k8,8,0.20529064795340546,False,0.13584668546617676,-0.08842105263157894,,,0.4,100,32
blind_raw_eigengap,4,0.06185811153064233,False,0.10275027731558516,,,,0.4,100,33
oracle_k2,2,6.38378239159465e-16,True,0.03726190476190477,,-0.021739130434782608,1.0,0.4,100,33
oracle_k8,8,0.17909646298863344,False,0.14657452241067787,-0.057671699951290796,,,0.4,100,33
blind_raw_eigengap,4,0.06185811153064281,False,0.10558998890737659,,,,0.4,100,34
oracle_k2,2,0.1893072119318909,False,0.07405563640885733,,0.04269764634882318,0.43270971635485816,0.4,100,34
oracle_k8,8,0.1859103251780143,False,0.14333281753356666,-0.05690262025811498,,,0.4,100,34
blind_raw_eigengap,4,0.06185811153064233,False,0.09803348585690515,,,,0.4,100,35
oracle_k2,2,9.159339953157541e-16,True,0.035171282798833824,,-0.021739130434782608,1.0,0.4,100,35
oracle_k8,8,0.17372367675742745,False,0.15597953447226523,0.10339033310269843,,,0.4,100,35
blind_raw_eigengap,4,0.06185811153064265,False,0.10395313366611203,,,,0.4,100,36
oracle_k2,2,7.771561172376096e-16,True,0.037930202693322236,,-0.021739130434782608,1.0,0.4,100,36
oracle_k8,8,0.19001016881949595,False,0.16479757034914408,0.025811497849041846,,,0.4,100,36
blind_raw_eigengap,4,0.06185811153064265,False,0.10260641985579588,,,,0.4,100,37
oracle_k2,2,7.771561172376096e-16,True,0.04352084201027349,,-0.021739130434782608,1.0,0.4,100,37
oracle_k8,8,0.1692834602030598,False,0.1643022851404786,-0.03276792598303778,,,0.4,100,37
blind_raw_eigengap,4,0.29572119698629445,False,0.11003290807686743,,,,0.4,100,38
oracle_k2,2,0.24831783966081164,False,0.04821223927696352,,-0.014490566037735849,0.8368301886792453,0.4,100,38
oracle_k8,8,0.1532806562102525,False,0.14389276167291074,-0.05088666152659985,,,0.4,100,38
blind_raw_eigengap,4,0.061858111530642496,False,0.10484504991680534,,,,0.4,100,39
oracle_k2,2,9.159339953157541e-16,True,0.0392816361238373,,-0.021739130434782608,1.0,0.4,100,39
oracle_k8,8,0.20558013543155496,False,0.1423992872161169,-0.07806476484194294,,,0.4,100,39
blind_raw_eigengap,4,0.06185811153064265,False,0.09976670826400443,,,,0.4,100,40
oracle_k2,2,0.1643847469303591,False,0.07270849811048165,,0.02441137690713882,0.27937464682614427,0.4,100,40
oracle_k8,8,0.1627522231401501,False,0.13570368250223197,-0.0909605585959615,,,0.4,100,40
blind_raw_eigengap,4,0.06185811153064266,False,0.09841410149750418,,,,0.4,100,41
oracle_k2,2,0.30260139594329455,False,0.040562357050516015,,-0.01992678416424501,0.9166320715552704,0.4,100,41
oracle_k8,8,0.14641038977473295,False,0.12273370092366791,-0.10698960617907886,,,0.4,100,41
blind_raw_eigengap,4,0.06185811153064265,False,0.09600180255130338,,,,0.4,100,42
oracle_k2,2,0.1647987545691319,False,0.0841828870994817,,0.04226415094339623,0.23381132075471697,0.4,100,42
oracle_k8,8,0.1962411322800785,False,0.14201388008077553,-0.05690262025811498,,,0.4,100,42
blind_raw_eigengap,4,0.061858111530642385,False,0.10272462562396008,,,,0.4,100,43
oracle_k2,2,0.16178866400390163,False,0.08541215465778147,,0.15564613526570048,0.3259359903381642,0.4,100,43
oracle_k8,8,0.22667330020259985,False,0.18483110897690014,0.14528744622604614,,,0.4,100,43
blind_raw_eigengap,4,0.06185811153064281,False,0.10915800055463117,,,,0.4,100,44
oracle_k2,2,0.13447912906042922,False,0.07323511037067888,,0.23369565217391305,0.23369565217391305,0.4,100,44
oracle_k8,8,0.2087712538152172,False,0.1471260201351261,0.11268162498764456,,,0.4,100,44
blind_raw_eigengap,4,0.06185811153064281,False,0.10567179700499167,,,,0.4,100,45
oracle_k2,2,9.159339953157541e-16,True,0.03490177703734556,,-0.021739130434782608,1.0,0.4,100,45
oracle_k8,8,0.20892509419850325,False,0.17192988783871785,0.16366836136096988,,,0.4,100,45
blind_raw_eigengap,4,8.396061623727746e-16,True,0.0585489462007765,,,,0.4,100,46
oracle_k2,2,0.2333449194030939,False,0.06621041887636235,,-0.019618939822674968,0.7606112054329371,0.4,100,46
oracle_k8,8,0.20529064795340496,False,0.12701472840847516,-0.1170343717450999,,,0.4,100,46
blind_raw_eigengap,4,0.06185811153064233,False,0.09289552135330008,,,,0.4,100,47
oracle_k2,2,0.13447912906042947,False,0.07692966472303207,,0.23369565217391305,0.23369565217391305,0.4,100,47
oracle_k8,8,0.19780502442228165,False,0.14458640432731915,-0.07806476484194294,,,0.4,100,47
blind_raw_eigengap,4,0.061858111530642385,False,0.10313470604547975,,,,0.4,100,48
oracle_k2,2,0.1990594611061734,False,0.05832268282882239,,0.00724200362100181,0.687990343995172,0.4,100,48
oracle_k8,8,0.20529064795340496,False,0.14320454691870638,-0.08009917040144941,,,0.4,100,48
blind_raw_eigengap,4,0.061858111530642385,False,0.09933097615085969,,,,0.4,100,49
oracle_k2,2,0.08247748204085606,False,0.051877122111129124,,-0.016216216216216217,0.23783783783783785,0.4,100,49
oracle_k8,8,0.18097910517795016,False,0.1536920713297978,-0.05088666152659985,,,0.4,100,49
blind_raw_eigengap,4,0.06185811153064265,False,0.10095327232390461,,,,0.4,100,50
oracle_k2,2,0.2227764581880362,False,0.05768747746249897,,-0.005432937181663837,0.7606112054329371,0.4,100,50
oracle_k8,8,0.20029738798739022,False,0.15855591854210158,-0.03935703848027277,,,0.4,100,50
blind_raw_eigengap,4,9.853229343548264e-16,True,0.06805948419301167,,,,0.4,100,51
oracle_k2,2,7.771561172376096e-16,True,0.03675395668471471,,-0.021739130434782608,1.0,0.4,100,51
oracle_k8,8,0.17373214469339648,False,0.14252475714097024,-0.025454545454545455,,,0.4,100,51
blind_raw_eigengap,4,0.06185811153064233,False,0.10291112035496397,,,,0.4,100,52
oracle_k2,2,6.38378239159465e-16,True,0.04086769401638205,,-0.021739130434782608,1.0,0.4,100,52
oracle_k8,8,0.21009003095808726,False,0.13496889133732998,-0.11810061118946874,,,0.4,100,52
blind_raw_eigengap,4,0.06185811153064266,False,0.09951088463671659,,,,0.4,100,53
oracle_k2,2,0.18314374615909834,False,0.0719605874728222,,0.04226415094339623,0.5530566037735849,0.4,100,53
oracle_k8,8,0.22182952361815583,False,0.13067138855641766,-0.09923302717545687,,,0.4,100,53
blind_raw_eigengap,4,0.061858111530642496,False,0.09838117027176928,,,,0.4,100,54
oracle_k2,2,0.24831783966081136,False,0.05007163065580795,,-0.014490566037735849,0.8368301886792453,0.4,100,54
oracle_k8,8,0.1649387092495967,False,0.15157845554927962,-0.01645933014354067,,,0.4,100,54
blind_raw_eigengap,4,0.06185811153064233,False,0.10547455629506379,,,,0.4,100,55
oracle_k2,2,9.159339953157541e-16,True,0.04103281618769957,,-0.021739130434782608,1.0,0.4,100,55
oracle_k8,8,0.16865459572621072,False,0.16679950389742115,-0.03935703848027277,,,0.4,100,55
blind_raw_eigengap,4,0.06185811153064265,False,0.10009706045479756,,,,0.4,100,56
oracle_k2,2,0.16178866400390166,False,0.08061259197556574,,0.15564613526570048,0.3259359903381642,0.4,100,56
oracle_k8,8,0.17772239724706865,False,0.15253527384435409,-0.04771216269065311,,,0.4,100,56
blind_raw_eigengap,4,0.06185811153064281,False,0.0993365224625624,,,,0.4,100,57
oracle_k2,2,7.771561172376096e-16,True,0.04971904067749549,,-0.021739130434782608,1.0,0.4,100,57
oracle_k8,8,0.1980067944188296,False,0.1666318941353189,-0.03935703848027277,,,0.4,100,57
blind_raw_eigengap,4,0.061858111530642385,False,0.10412021630615641,,,,0.4,100,58
oracle_k2,2,0.2799832735741041,False,0.05012572886297376,,-0.014643719806763286,0.8368055555555556,0.4,100,58
oracle_k8,8,0.17212639497887966,False,0.15097155777645802,-0.02933124755572937,,,0.4,100,58
blind_raw_eigengap,4,0.06185811153064265,False,0.10670306433721577,,,,0.4,100,59
oracle_k2,2,6.38378239159465e-16,True,0.03374713660974594,,-0.021739130434782608,1.0,0.4,100,59
oracle_k8,8,0.15993951805201767,False,0.14492627164502164,-0.010950332420805632,,,0.4,100,59
blind_raw_eigengap,4,0.06185811153064266,False,0.09644793399889078,,,,0.4,100,60
oracle_k2,2,7.771561172376096e-16,True,0.04473335762876579,,-0.021739130434782608,1.0,0.4,100,60
oracle_k8,8,0.17932453133618514,False,0.1632820965921933,0.016621040281579978,,,0.4,100,60
blind_raw_eigengap,4,0.06185811153064281,False,0.0943084442595674,,,,0.4,100,61
oracle_k2,2,0.30260139594329527,False,0.042833191328712626,,-0.01992678416424501,0.9166320715552704,0.4,100,61
oracle_k8,8,0.209084788307843,False,0.15598575609241272,-0.07253101032099234,,,0.4,100,61
blind_raw_eigengap,4,0.061858111530642385,False,0.10004749029395453,,,,0.4,100,62
oracle_k2,2,0.1756715072258006,False,0.06523700272757106,,-0.010828696044517973,0.23657692886148293,0.4,100,62
oracle_k8,8,0.2184988732251964,False,0.14117366395683442,-0.07737692233291421,,,0.4,100,62
blind_raw_eigengap,4,0.06185811153064281,False,0.09567976982806432,,,,0.4,100,63
oracle_k2,2,0.1649134801218312,False,0.08236952133794694,,0.15577358490566037,0.23381132075471697,0.4,100,63
oracle_k8,8,0.20373460518351644,False,0.16489487668550445,0.06930693069306931,,,0.4,100,63
blind_raw_eigengap,4,0.06185811153064233,False,0.10158832501386576,,,,0.4,100,64
oracle_k2,2,6.38378239159465e-16,True,0.037275440788560314,,-0.021739130434782608,1.0,0.4,100,64
oracle_k8,8,0.20134611555343493,False,0.1507827885133874,0.0054358377014172,,,0.4,100,64
blind_raw_eigengap,4,0.06185811153064266,False,0.0976993205768164,,,,0.4,100,65
oracle_k2,2,0.2483178396608118,False,0.05064463230541405,,-0.014490566037735849,0.8368301886792453,0.4,100,65
oracle_k8,8,0.19116255727640585,False,0.15454367931554594,-0.02104237700925475,,,0.4,100,65
blind_raw_eigengap,4,8.396061623727746e-16,True,0.06408451192457017,,,,0.4,100,66
oracle_k2,2,6.38378239159465e-16,True,0.039210745522698875,,-0.021739130434782608,1.0,0.4,100,66
oracle_k8,8,0.12793459768396204,False,0.12099624210407105,-0.10756366400608133,,,0.4,100,66
blind_raw_eigengap,4,0.06185811153064233,False,0.10470777870216308,,,,0.4,100,67
oracle_k2,2,0.22134051719324987,False,0.06966956111948962,,0.022644072913914782,0.6186360720081518,0.4,100,67
oracle_k8,8,0.19775822410922583,False,0.15817622450400912,-0.02282619208820969,,,0.4,100,67
blind_raw_eigengap,4,0.06185811153064233,False,0.10850492235163615,,,,0.4,100,68
oracle_k2,2,0.14432997722881047,False,0.08359321092558503,,0.15577358490566037,0.3260377358490566,0.4,100,68
oracle_k8,8,0.20884829653742787,False,0.14343680387594518,-0.04182729375481881,,,0.4,100,68
blind_raw_eigengap,4,0.061858111530642385,False,0.09980899889073767,,,,0.4,100,69
oracle_k2,2,0.30260139594329494,False,0.047680927520343454,,-0.01992678416424501,0.9166320715552704,0.4,100,69
oracle_k8,8,0.16268123965985162,False,0.13796660536668073,-0.03768030615248749,,,0.4,100,69
blind_raw_eigengap,4,0.061858111530642385,False,0.09165765391014975,,,,0.4,100,70
oracle_k2,2,9.159339953157541e-16,True,0.03175924961821463,,-0.021739130434782608,1.0,0.4,100,70
oracle_k8,8,0.17703537832638688,False,0.13190021982556274,-0.11810061118946874,,,0.4,100,70
blind_raw_eigengap,4,0.06185811153064281,False,0.10776483638380478,,,,0.4,100,71
oracle_k2,2,9.159339953157541e-16,True,0.048112678744967385,,-0.021739130434782608,1.0,0.4,100,71
oracle_k8,8,0.21260883902594568,False,0.1534154897372176,-0.0629038388445458,,,0.4,100,71
blind_raw_eigengap,4,0.06185811153064233,False,0.10155990016638934,,,,0.4,100,72
oracle_k2,2,0.30260139594329477,False,0.04922071049169787,,-0.01992678416424501,0.9166320715552704,0.4,100,72
oracle_k8,8,0.20883428032801013,False,0.14215364523249177,-0.05690262025811498,,,0.4,100,72
blind_raw_eigengap,4,0.06185811153064265,False,0.0934550055463117,,,,0.4,100,73
oracle_k2,2,0.2339807791521953,False,0.07430237531236962,,-0.01992678416424501,0.6186360720081518,0.4,100,73
oracle_k8,8,0.1913776315272196,False,0.16467362420540674,0.029578411600883512,,,0.4,100,73
blind_raw_eigengap,4,0.06185811153064281,False,0.09743448419301165,,,,0.4,100,74
oracle_k2,2,9.159339953157541e-16,True,0.04145989518256282,,-0.021739130434782608,1.0,0.4,100,74
oracle_k8,8,0.20197495878700814,False,0.14432462726170314,-0.0787477191971574,,,0.4,100,74
blind_raw_eigengap,4,0.06185811153064281,False,0.0955847892401553,,,,0.4,100,75
oracle_k2,2,0.14156213658794153,False,0.07258866944556,,0.12224108658743633,0.37758913412563666,0.4,100,75
oracle_k8,8,0.19469492184327314,False,0.14082635431363236,-0.08906264899399256,,,0.4,100,75
blind_raw_eigengap,4,0.06185811153064233,False,0.1021457293399889,,,,0.4,100,76
oracle_k2,2,0.13447912906042916,False,0.07696957864778564,,0.23369565217391305,0.23369565217391305,0.4,100,76
oracle_k8,8,0.1765367384231285,False,0.13011664836294748,-0.10275433552814615,,,0.4,100,76
blind_raw_eigengap,4,0.06185811153064265,False,0.10007140876317248,,,,0.4,100,77
oracle_k2,2,0.14432997722881064,False,0.07045162021061228,,0.15577358490566037,0.3260377358490566,0.4,100,77
oracle_k8,8,0.2109303979196667,False,0.16406905865031177,0.08095424325381306,,,0.4,100,77
blind_raw_eigengap,4,0.061858111530642496,False,0.09258978092068774,,,,0.4,100,78
oracle_k2,2,0.17708754215356165,False,0.07483315159377361,,0.19292750122655394,0.27806921538287355,0.4,100,78
oracle_k8,8,0.21190320639237598,False,0.14612671982767725,-0.0401863715783343,,,0.4,100,78
blind_raw_eigengap,4,0.06185811153064233,False,0.10496082917359957,,,,0.4,100,79
oracle_k2,2,0.16491348012183113,False,0.07344516156544131,,0.15577358490566037,0.23381132075471697,0.4,100,79
oracle_k8,8,0.20529064795340493,False,0.14472567084518123,-0.09802612758653571,,,0.4,100,79
blind_raw_eigengap,4,0.06185811153064266,False,0.09688401275651692,,,,0.4,100,80
oracle_k2,2,0.16967623017235828,False,0.07725895460224906,,0.15564613526570048,0.23369565217391305,0.4,100,80
oracle_k8,8,0.2070257644458152,False,0.16920438400661683,-0.002727715538236727,,,0.4,100,80
blind_raw_eigengap,4,0.061858111530642496,False,0.10324216583471992,,,,0.4,100,81
oracle_k2,2,0.20404119139594784,False,0.0704698642369427,,-0.019618939822674968,0.4910771552537257,0.4,100,81
oracle_k8,8,0.17070519978876814,False,0.1398037905612158,-0.07668413900213551,,,0.4,100,81
blind_raw_eigengap,4,0.06185811153064266,False,0.09951955074875211,,,,0.4,100,82
oracle_k2,2,0.30260139594329444,False,0.040858176394804956,,-0.01992678416424501,0.9166320715552704,0.4,100,82
oracle_k8,8,0.2019749587870081,False,0.1520971254075586,-0.06069336406415058,,,0.4,100,82
blind_raw_eigengap,4,0.06185811153064265,False,0.09413026899611758,,,,0.4,100,83
oracle_k2,2,9.159339953157541e-16,True,0.04659056990142996,,-0.021739130434782608,1.0,0.4,100,83
oracle_k8,8,0.06847297193793836,False,0.11424529066712641,-0.12743628185907047,,,0.4,100,83
blind_raw_eigengap,4,0.06185811153064265,False,0.10544439822518026,,,,0.4,100,84
oracle_k2,2,0.24831783966081156,False,0.056918581427546557,,-0.014490566037735849,0.8368301886792453,0.4,100,84
oracle_k8,8,0.1947047036613663,False,0.15946573447828707,-0.03019970774476376,,,0.4,100,84
blind_raw_eigengap,4,0.06185811153064233,False,0.10588047698280645,,,,0.4,100,85
oracle_k2,2,6.38378239159465e-16,True,0.04155291198111898,,-0.021739130434782608,1.0,0.4,100,85
oracle_k8,8,0.1934024378159455,False,0.15521916845693814,-0.023708558211256746,,,0.4,100,85
blind_raw_eigengap,4,0.061858111530642385,False,0.10196027454242929,,,,0.4,100,86
oracle_k2,2,7.771561172376096e-16,True,0.034339771622934896,,-0.021739130434782608,1.0,0.4,100,86
oracle_k8,8,0.1771082378341498,False,0.1505452156927949,-0.058435255290234904,,,0.4,100,86
blind_raw_eigengap,4,0.061858111530642496,False,0.09594009983361064,,,,0.4,100,87
oracle_k2,2,9.159339953157541e-16,True,0.03913820630292935,,-0.021739130434782608,1.0,0.4,100,87
oracle_k8,8,0.17252400193631948,False,0.14325887760878744,-0.07043062200956937,,,0.4,100,87
blind_raw_eigengap,4,0.06185811153064233,False,0.1016361619523017,,,,0.4,100,88
oracle_k2,2,0.1344791290604291,False,0.08121529223934472,,0.23369565217391305,0.23369565217391305,0.4,100,88
oracle_k8,8,0.16322966849694517,False,0.15055899618702098,-0.004642615339974852,,,0.4,100,88
blind_raw_eigengap,4,0.061858111530642496,False,0.10101982806433722,,,,0.4,100,89
oracle_k2,2,0.3026013959432951,False,0.04126906668883946,,-0.01992678416424501,0.9166320715552704,0.4,100,89
oracle_k8,8,0.19154355493251862,False,0.15772281453880074,0.026886468452556177,,,0.4,100,89
blind_raw_eigengap,4,0.06185811153064281,False,0.1009498058790904,,,,0.4,100,90
oracle_k2,2,9.159339953157541e-16,True,0.03977240385950299,,-0.021739130434782608,1.0,0.4,100,90
oracle_k8,8,0.17913965185553088,False,0.14223124799768214,-0.07806476484194294,,,0.4,100,90
blind_raw_eigengap,4,0.06185811153064266,False,0.09806676372712148,,,,0.4,100,91
oracle_k2,2,0.13447912906042916,False,0.07953621754824379,,0.23369565217391305,0.23369565217391305,0.4,100,91
oracle_k8,8,0.19751070458747577,False,0.1599622848509604,-0.03852170512319124,,,0.4,100,91
blind_raw_eigengap,4,0.06185811153064265,False,0.09267817526344983,,,,0.4,100,92
oracle_k2,2,9.159339953157541e-16,True,0.033007861307788426,,-0.021739130434782608,1.0,0.4,100,92
oracle_k8,8,0.1786044432593151,False,0.15094862478177692,-0.03276792598303778,,,0.4,100,92
blind_raw_eigengap,4,0.06185811153064265,False,0.09276275651691625,,,,0.4,100,93
oracle_k2,2,7.771561172376096e-16,True,0.03583333333333334,,-0.021739130434782608,1.0,0.4,100,93
oracle_k8,8,0.22016866036286487,False,0.1810962862044246,0.16210423770092547,,,0.4,100,93
blind_raw_eigengap,4,0.06185811153064281,False,0.10500311980033279,,,,0.4,100,94
oracle_k2,2,7.771561172376096e-16,True,0.03416545189504373,,-0.021739130434782608,1.0,0.4,100,94
oracle_k8,8,0.1895649165242048,False,0.16014188986880276,-0.05088666152659985,,,0.4,100,94
blind_raw_eigengap,4,0.06185811153064265,False,0.09159248474764281,,,,0.4,100,95
oracle_k2,2,0.3026013959432951,False,0.04576969512788829,,-0.01992678416424501,0.9166320715552704,0.4,100,95
oracle_k8,8,0.174673238407352,False,0.1492774973694221,0.0054358377014172,,,0.4,100,95
blind_raw_eigengap,4,0.061858111530642385,False,0.10453410981697171,,,,0.4,100,96
oracle_k2,2,0.17544948181495648,False,0.07328430862140775,,0.042119565217391304,0.5529891304347826,0.4,100,96
oracle_k8,8,0.20647575101995952,False,0.1415074073651009,-0.04690413109606516,,,0.4,100,96
blind_raw_eigengap,4,0.06185811153064266,False,0.10091340820854133,,,,0.4,100,97
oracle_k2,2,0.08247748204085636,False,0.053855508081951824,,-0.016216216216216217,0.23783783783783785,0.4,100,97
oracle_k8,8,0.1423511574581978,False,0.12587413612532614,-0.0493108134342846,,,0.4,100,97
blind_raw_eigengap,4,0.06185811153064233,False,0.10304457848031061,,,,0.4,100,98
oracle_k2,2,0.1624571978204706,False,0.07747032733633183,,0.09233554616777308,0.43270971635485816,0.4,100,98
oracle_k8,8,0.21080863331330288,False,0.1807226636195196,0.19206760779794488,,,0.4,100,98
blind_raw_eigengap,4,0.06185811153064281,False,0.10501837215751525,,,,0.4,100,99
oracle_k2,2,0.17799995696959192,False,0.07839420076930767,,0.04226415094339623,0.5530566037735849,0.4,100,99
oracle_k8,8,0.17886396406572946,False,0.13605042398634046,-0.08906264899399256,,,0.4,100,99
blind_raw_eigengap,4,0.061858111530642496,False,0.07921932966788849,,,,0.4,500,0
oracle_k2,2,6.38378239159465e-16,True,0.013776994278254587,,-0.021739130434782608,1.0,0.4,500,0
oracle_k8,8,0.06809446002314314,False,0.08189512205193343,-0.12743628185907047,,,0.4,500,0
blind_raw_eigengap,4,0.06185811153064265,False,0.08016023825391537,,,,0.4,500,1
oracle_k2,2,9.159339953157541e-16,True,0.01618273824403522,,-0.021739130434782608,1.0,0.4,500,1
oracle_k8,8,0.06809446002314319,False,0.07850986330701899,-0.12743628185907047,,,0.4,500,1
blind_raw_eigengap,4,0.06185811153064265,False,0.08158722092635788,,,,0.4,500,2
oracle_k2,2,0.11009083491955152,False,0.048949980956225214,,0.04341926729986431,0.55359565807327,0.4,500,2
oracle_k8,8,0.05233228014676906,False,0.08218046258465421,-0.12743628185907047,,,0.4,500,2
blind_raw_eigengap,4,0.06185811153064266,False,0.07734259413528823,,,,0.4,500,3
oracle_k2,2,0.11009083491955197,False,0.05111593924944747,,0.04341926729986431,0.55359565807327,0.4,500,3
oracle_k8,8,0.08168106643557924,False,0.07424320215712431,-0.12743628185907047,,,0.4,500,3
blind_raw_eigengap,4,0.06185811153064233,False,0.07844549039209152,,,,0.4,500,4
oracle_k2,2,0.14432997722881052,False,0.06854666083806452,,0.15577358490566037,0.3260377358490566,0.4,500,4
oracle_k8,8,0.06847297193793801,False,0.07216213024334281,-0.12743628185907047,,,0.4,500,4
blind_raw_eigengap,4,0.06185811153064266,False,0.07652703265578141,,,,0.4,500,5
oracle_k2,2,0.15572473008269133,False,0.0676116299721611,,0.15577358490566037,0.3260377358490566,0.4,500,5
oracle_k8,8,0.06809446002314329,False,0.07711218501225986,-0.12743628185907047,,,0.4,500,5
blind_raw_eigengap,4,0.06185811153064281,False,0.0768977285349328,,,,0.4,500,6
oracle_k2,2,0.13447912906042947,False,0.07342978015720912,,0.23369565217391305,0.23369565217391305,0.4,500,6
oracle_k8,8,0.05233228014676896,False,0.07337772112285586,-0.12743628185907047,,,0.4,500,6
blind_raw_eigengap,4,0.061858111530642496,False,0.08218087026546707,,,,0.4,500,7
oracle_k2,2,0.13447912906042947,False,0.06801323153626086,,0.23369565217391305,0.23369565217391305,0.4,500,7
oracle_k8,8,0.06809446002314334,False,0.07422653091253391,-0.12743628185907047,,,0.4,500,7
blind_raw_eigengap,4,0.061858111530642496,False,0.07480296845495947,,,,0.4,500,8
oracle_k2,2,0.17426765854942228,False,0.04908090857580908,,0.00724200362100181,0.687990343995172,0.4,500,8
oracle_k8,8,0.05233228014676901,False,0.07566241169010629,-0.12743628185907047,,,0.4,500,8
blind_raw_eigengap,4,0.06185811153064281,False,0.07810692269243585,,,,0.4,500,9
oracle_k2,2,0.30260139594329477,False,0.026965116389796148,,-0.01992678416424501,0.9166320715552704,0.4,500,9
oracle_k8,8,0.0680944600231432,False,0.0814719487515146,-0.12743628185907047,,,0.4,500,9
blind_raw_eigengap,4,0.061858111530642385,False,0.07917807952904587,,,,0.4,500,10
oracle_k2,2,6.38378239159465e-16,True,0.01526231147404383,,-0.021739130434782608,1.0,0.4,500,10
oracle_k8,8,0.06935660720738682,False,0.0768616065681035,-0.1279297786908208,,,0.4,500,10
blind_raw_eigengap,4,0.061858111530642496,False,0.07537616627790737,,,,0.4,500,11
oracle_k2,2,7.771561172376096e-16,True,0.016185922006499463,,-0.021739130434782608,1.0,0.4,500,11
oracle_k8,8,0.05233228014676887,False,0.07653911545041785,-0.12743628185907047,,,0.4,500,11
blind_raw_eigengap,4,0.06185811153064265,False,0.07958649894479619,,,,0.4,500,12
oracle_k2,2,9.159339953157541e-16,True,0.01716344124100769,,-0.021739130434782608,1.0,0.4,500,12
oracle_k8,8,0.06809446002314323,False,0.07901903606207498,-0.12743628185907047,,,0.4,500,12
blind_raw_eigengap,4,0.061858111530642496,False,0.07758093135621459,,,,0.4,500,13
oracle_k2,2,7.771561172376096e-16,True,0.016247809210343588,,-0.021739130434782608,1.0,0.4,500,13
oracle_k8,8,0.05233228014676891,False,0.07372846722472472,-0.12743628185907047,,,0.4,500,13
blind_raw_eigengap,4,0.061858111530642385,False,0.07831531156281239,,,,0.4,500,14
oracle_k2,2,0.17708754215356146,False,0.07276536561798123,,0.19292750122655394,0.27806921538287355,0.4,500,14
oracle_k8,8,0.05233228014676891,False,0.07986643060033778,-0.12743628185907047,,,0.4,500,14
blind_raw_eigengap,4,0.06185811153064265,False,0.0795191602799067,,,,0.4,500,15
oracle_k2,2,0.1344791290604291,False,0.0683678304585729,,0.23369565217391305,0.23369565217391305,0.4,500,15
oracle_k8,8,0.05233228014676879,False,0.07813453504246919,-0.12743628185907047,,,0.4,500,15
blind_raw_eigengap,4,0.061858111530642385,False,0.07928594635121626,,,,0.4,500,16
oracle_k2,2,0.22277645818803615,False,0.04584218347886648,,-0.005432937181663837,0.7606112054329371,0.4,500,16
oracle_k8,8,0.08168106643557926,False,0.07741232848156501,-0.12743628185907047,,,0.4,500,16
blind_raw_eigengap,4,0.06185811153064266,False,0.07918807619682328,,,,0.4,500,17
oracle_k2,2,6.38378239159465e-16,True,0.015055085687303836,,-0.021739130434782608,1.0,0.4,500,17
oracle_k8,8,0.08168106643557896,False,0.07349133243669172,-0.12743628185907047,,,0.4,500,17
blind_raw_eigengap,4,0.061858111530642496,False,0.07879590136621127,,,,0.4,500,18
oracle_k2,2,0.11009083491955135,False,0.05251230881753879,,0.04341926729986431,0.55359565807327,0.4,500,18
oracle_k8,8,0.06809446002314314,False,0.07739999259722315,-0.12743628185907047,,,0.4,500,18
blind_raw_eigengap,4,0.061858111530642496,False,0.07820634788403864,,,,0.4,500,19
oracle_k2,2,0.11009083491955148,False,0.051470623634410996,,0.04341926729986431,0.55359565807327,0.4,500,19
oracle_k8,8,0.06809446002314334,False,0.07748717317280192,-0.12743628185907047,,,0.4,500,19
blind_raw_eigengap,4,0.06185811153064233,False,0.07796820504276354,,,,0.4,500,20
oracle_k2,2,7.771561172376096e-16,True,0.013755319001194347,,-0.021739130434782608,1.0,0.4,500,20
oracle_k8,8,0.0680944600231434,False,0.07057217109238068,-0.12743628185907047,,,0.4,500,20
blind_raw_eigengap,4,0.06185811153064265,False,0.07726027435299344,,,,0.4,500,21
oracle_k2,2,6.38378239159465e-16,True,0.013612233702747,,-0.021739130434782608,1.0,0.4,500,21
oracle_k8,8,0.0680944600231434,False,0.08017445329121978,-0.12743628185907047,,,0.4,500,21
blind_raw_eigengap,4,0.061858111530642496,False,0.07871495612573587,,,,0.4,500,22
oracle_k2,2,9.159339953157541e-16,True,0.015740625781184913,,-0.021739130434782608,1.0,0.4,500,22
oracle_k8,8,0.06809446002314326,False,0.07823463155274533,-0.12743628185907047,,,0.4,500,22
blind_raw_eigengap,4,0.061858111530642496,False,0.0799240253248917,,,,0.4,500,23
oracle_k2,2,7.771561172376096e-16,True,0.016133485403994115,,-0.021739130434782608,1.0,0.4,500,23
oracle_k8,8,0.05233228014676898,False,0.07858190237905806,-0.12743628185907047,,,0.4,500,23
blind_raw_eigengap,4,0.06185811153064233,False,0.07811857158724869,,,,0.4,500,24
oracle_k2,2,0.08247748204085606,False,0.04854305324587079,,-0.016216216216216217,0.23783783783783785,0.4,500,24
oracle_k8,8,0.08168106643557894,False,0.07877874811482595,-0.12743628185907047,,,0.4,500,24
blind_raw_eigengap,4,0.06185811153064266,False,0.07799237754081974,,,,0.4,500,25
oracle_k2,2,9.159339953157541e-16,True,0.014836426825542329,,-0.021739130434782608,1.0,0.4,500,25
oracle_k8,8,0.05233228014676912,False,0.0709901251027748,-0.12743628185907047,,,0.4,500,25
blind_raw_eigengap,4,0.06185811153064281,False,0.07905055259357992,,,,0.4,500,26
oracle_k2,2,6.38378239159465e-16,True,0.01428819473377218,,-0.021739130434782608,1.0,0.4,500,26
oracle_k8,8,0.05233228014676889,False,0.07613288852697535,-0.12743628185907047,,,0.4,500,26
blind_raw_eigengap,4,0.06185811153064266,False,0.07711460068865934,,,,0.4,500,27
oracle_k2,2,0.16245719782047047,False,0.06531067510079934,,0.09233554616777308,0.43270971635485816,0.4,500,27
oracle_k8,8,0.06809446002314315,False,0.08212690303708269,-0.12743628185907047,,,0.4,500,27
blind_raw_eigengap,4,0.06185811153064233,False,0.08020055814728426,,,,0.4,500,28
oracle_k2,2,7.771561172376096e-16,True,0.01529530178040719,,-0.021739130434782608,1.0,0.4,500,28
oracle_k8,8,0.06809446002314314,False,0.07990595212339224,-0.12743628185907047,,,0.4,500,28
blind_raw_eigengap,4,0.06185811153064233,False,0.07858729034766189,,,,0.4,500,29
oracle_k2,2,0.14432997722881052,False,0.07225313170398116,,0.15577358490566037,0.3260377358490566,0.4,500,29
oracle_k8,8,0.06809446002314333,False,0.07528286978324403,-0.12743628185907047,,,0.4,500,29
blind_raw_eigengap,4,0.06185811153064265,False,0.07671844107519715,,,,0.4,500,30
oracle_k2,2,7.771561172376096e-16,True,0.013599269505319015,,-0.021739130434782608,1.0,0.4,500,30
oracle_k8,8,0.08168106643557903,False,0.07559931705852364,-0.12743628185907047,,,0.4,500,30
blind_raw_eigengap,4,0.061858111530642385,False,0.0761341913806509,,,,0.4,500,31
oracle_k2,2,0.13447912906042922,False,0.06959727314390467,,0.23369565217391305,0.23369565217391305,0.4,500,31
oracle_k8,8,0.05233228014676889,False,0.0780985069072644,-0.12743628185907047,,,0.4,500,31
blind_raw_eigengap,4,0.061858111530642385,False,0.08052272853493281,,,,0.4,500,32
oracle_k2,2,7.771561172376096e-16,True,0.017984317279115633,,-0.021739130434782608,1.0,0.4,500,32
oracle_k8,8,0.0680944600231434,False,0.07869654135784375,-0.12743628185907047,,,0.4,500,32
blind_raw_eigengap,4,0.06185811153064233,False,0.08027382539153616,,,,0.4,500,33
oracle_k2,2,0.1770875421535617,False,0.06600416207812844,,0.19292750122655394,0.27806921538287355,0.4,500,33
oracle_k8,8,0.05233228014676891,False,0.07632167678462588,-0.12743628185907047,,,0.4,500,33
blind_raw_eigengap,4,0.06185811153064265,False,0.07987963734310786,,,,0.4,500,34
oracle_k2,2,0.22277645818803635,False,0.047033270826926855,,-0.005432937181663837,0.7606112054329371,0.4,500,34
oracle_k8,8,0.0680944600231434,False,0.0798400117430806,-0.12743628185907047,,,0.4,500,34
blind_raw_eigengap,4,0.06185811153064266,False,0.07709539875597023,,,,0.4,500,35
oracle_k2,2,7.771561172376096e-16,True,0.01767277379662807,,-0.021739130434782608,1.0,0.4,500,35
oracle_k8,8,0.052332280146768786,False,0.07748530017055466,-0.12743628185907047,,,0.4,500,35
blind_raw_eigengap,4,0.06185811153064233,False,0.07839532655781407,,,,0.4,500,36
oracle_k2,2,0.1539618566748816,False,0.04962205108368015,,0.02352852456543871,0.6189811847215414,0.4,500,36
oracle_k8,8,0.05233228014676901,False,0.07671441594832314,-0.12743628185907047,,,0.4,500,36
blind_raw_eigengap,4,0.06185811153064265,False,0.08036625291569477,,,,0.4,500,37
oracle_k2,2,0.3026013959432951,False,0.027373841750197,,-0.01992678416424501,0.9166320715552704,0.4,500,37
oracle_k8,8,0.06809446002314323,False,0.076960859167446,-0.12743628185907047,,,0.4,500,37
blind_raw_eigengap,4,0.06185811153064281,False,0.07798193657669665,,,,0.4,500,38
oracle_k2,2,9.159339953157541e-16,True,0.017702733105574544,,-0.021739130434782608,1.0,0.4,500,38
oracle_k8,8,0.06809446002314332,False,0.07577053094942317,-0.12743628185907047,,,0.4,500,38
blind_raw_eigengap,4,0.061858111530642496,False,0.07811972398089527,,,,0.4,500,39
oracle_k2,2,0.1344791290604291,False,0.06872911979557259,,0.23369565217391305,0.23369565217391305,0.4,500,39
oracle_k8,8,0.08168106643557899,False,0.0765546066126156,-0.12743628185907047,,,0.4,500,39
blind_raw_eigengap,4,0.06185811153064266,False,0.07948525491502834,,,,0.4,500,40
oracle_k2,2,7.771561172376096e-16,True,0.014668857456323093,,-0.021739130434782608,1.0,0.4,500,40
oracle_k8,8,0.052332280146768814,False,0.07924153163037893,-0.12743628185907047,,,0.4,500,40
blind_raw_eigengap,4,0.06185811153064265,False,0.07957074030878596,,,,0.4,500,41
oracle_k2,2,0.15572473008269125,False,0.0695118589149127,,0.15577358490566037,0.3260377358490566,0.4,500,41
oracle_k8,8,0.06809446002314326,False,0.07616028993461628,-0.12743628185907047,,,0.4,500,41
blind_raw_eigengap,4,0.06185811153064281,False,0.08133998389425746,,,,0.4,500,42
oracle_k2,2,7.771561172376096e-16,True,0.015105244701830405,,-0.021739130434782608,1.0,0.4,500,42
oracle_k8,8,0.05233228014676912,False,0.07295169609166616,-0.12743628185907047,,,0.4,500,42
blind_raw_eigengap,4,0.06185811153064233,False,0.07743168943685437,,,,0.4,500,43
oracle_k2,2,7.771561172376096e-16,True,0.011725404827375505,,-0.021739130434782608,1.0,0.4,500,43
oracle_k8,8,0.06809446002314332,False,0.07645232046729053,-0.12743628185907047,,,0.4,500,43
blind_raw_eigengap,4,0.06185811153064265,False,0.07789030045540375,,,,0.4,500,44
oracle_k2,2,0.15028412866443214,False,0.06681182539513071,,0.0919245283018868,0.43245283018867925,0.4,500,44
oracle_k8,8,0.08168106643557915,False,0.07537023754688425,-0.12743628185907047,,,0.4,500,44
blind_raw_eigengap,4,0.06185811153064233,False,0.07748914250805287,,,,0.4,500,45
oracle_k2,2,7.771561172376096e-16,True,0.017163941199344498,,-0.021739130434782608,1.0,0.4,500,45
oracle_k8,8,0.052332280146768814,False,0.07306130824431722,-0.12743628185907047,,,0.4,500,45
blind_raw_eigengap,4,0.06185811153064281,False,0.08108952571365101,,,,0.4,500,46
oracle_k2,2,0.1344791290604291,False,0.06679581215454268,,0.23369565217391305,0.23369565217391305,0.4,500,46
oracle_k8,8,0.05233228014676892,False,0.07180850736090257,-0.12743628185907047,,,0.4,500,46
blind_raw_eigengap,4,0.06185811153064265,False,0.07784021992669111,,,,0.4,500,47
oracle_k2,2,6.38378239159465e-16,True,0.014678988556509195,,-0.021739130434782608,1.0,0.4,500,47
oracle_k8,8,0.05233228014676898,False,0.08056926901275703,-0.12743628185907047,,,0.4,500,47
blind_raw_eigengap,4,0.06185811153064233,False,0.0764666222370321,,,,0.4,500,48
oracle_k2,2,0.08247748204085636,False,0.04249479895560431,,-0.016216216216216217,0.23783783783783785,0.4,500,48
oracle_k8,8,0.06809446002314314,False,0.08078384892718725,-0.12743628185907047,,,0.4,500,48
blind_raw_eigengap,4,0.06185811153064266,False,0.07884496834388538,,,,0.4,500,49
oracle_k2,2,7.771561172376096e-16,True,0.016706493208899262,,-0.021739130434782608,1.0,0.4,500,49
oracle_k8,8,0.05233228014676879,False,0.07750627802835887,-0.12743628185907047,,,0.4,500,49
blind_raw_eigengap,4,0.06185811153064265,False,0.07733874819504609,,,,0.4,500,50
oracle_k2,2,0.11009083491955138,False,0.048571381114433626,,0.04341926729986431,0.55359565807327,0.4,500,50
oracle_k8,8,0.052332280146768884,False,0.07298470441733916,-0.12743628185907047,,,0.4,500,50
blind_raw_eigengap,4,0.06185811153064266,False,0.08007348939242476,,,,0.4,500,51
oracle_k2,2,0.21225060347462493,False,0.06256909604658768,,0.06606085743373176,0.4913841861166623,0.4,500,51
oracle_k8,8,0.0523322801467688,False,0.07678941114607284,-0.12743628185907047,,,0.4,500,51
blind_raw_eigengap,4,0.061858111530642385,False,0.07852640786404531,,,,0.4,500,52
oracle_k2,2,9.159339953157541e-16,True,0.015579118406799437,,-0.021739130434782608,1.0,0.4,500,52
oracle_k8,8,0.05233228014676872,False,0.0735854115113097,-0.12743628185907047,,,0.4,500,52
blind_raw_eigengap,4,0.06185811153064281,False,0.07769421304009774,,,,0.4,500,53
oracle_k2,2,7.771561172376096e-16,True,0.02078279935005416,,-0.021739130434782608,1.0,0.4,500,53
oracle_k8,8,0.05233228014676896,False,0.0780324779594989,-0.12743628185907047,,,0.4,500,53
blind_raw_eigengap,4,0.06185811153064233,False,0.07890914139731202,,,,0.4,500,54
oracle_k2,2,7.771561172376096e-16,True,0.014875000000000005,,-0.021739130434782608,1.0,0.4,500,54
oracle_k8,8,0.06809446002314329,False,0.07772270336117641,-0.12743628185907047,,,0.4,500,54
blind_raw_eigengap,4,0.061858111530642496,False,0.07979871987115407,,,,0.4,500,55
oracle_k2,2,6.38378239159465e-16,True,0.01629031261283782,,-0.021739130434782608,1.0,0.4,500,55
oracle_k8,8,0.05233228014676889,False,0.07936542121384936,-0.12743628185907047,,,0.4,500,55
blind_raw_eigengap,4,0.06185811153064265,False,0.07999726480062203,,,,0.4,500,56
oracle_k2,2,7.771561172376096e-16,True,0.018615611893453326,,-0.021739130434782608,1.0,0.4,500,56
oracle_k8,8,0.06809446002314329,False,0.07845861104132063,-0.12743628185907047,,,0.4,500,56
blind_raw_eigengap,4,0.06185811153064265,False,0.0840539681217372,,,,0.4,500,57
oracle_k2,2,6.38378239159465e-16,True,0.017586461544871253,,-0.021739130434782608,1.0,0.4,500,57
oracle_k8,8,0.0680944600231434,False,0.0761582445747865,-0.12743628185907047,,,0.4,500,57
blind_raw_eigengap,4,0.06185811153064265,False,0.08154056981006332,,,,0.4,500,58
oracle_k2,2,0.08247748204085606,False,0.04654441808183596,,-0.016216216216216217,0.23783783783783785,0.4,500,58
oracle_k8,8,0.06809446002314323,False,0.07611822380048429,-0.12743628185907047,,,0.4,500,58
blind_raw_eigengap,4,0.06185811153064233,False,0.08200884427413085,,,,0.4,500,59
oracle_k2,2,9.159339953157541e-16,True,0.018017918645668426,,-0.021739130434782608,1.0,0.4,500,59
oracle_k8,8,0.0680944600231434,False,0.07159474690313013,-0.12743628185907047,,,0.4,500,59
blind_raw_eigengap,4,0.06185811153064266,False,0.07704899755637011,,,,0.4,500,60
oracle_k2,2,7.771561172376096e-16,True,0.015860081104352414,,-0.021739130434782608,1.0,0.4,500,60
oracle_k8,8,0.05233228014676891,False,0.06677422988687959,-0.12743628185907047,,,0.4,500,60
blind_raw_eigengap,4,0.06185811153064265,False,0.07495962456958792,,,,0.4,500,61
oracle_k2,2,6.38378239159465e-16,True,0.0163413465544538,,-0.021739130434782608,1.0,0.4,500,61
oracle_k8,8,0.0680944600231434,False,0.08077195376147471,-0.12743628185907047,,,0.4,500,61
blind_raw_eigengap,4,0.06185811153064281,False,0.0774878235032767,,,,0.4,500,62
oracle_k2,2,0.08247748204085593,False,0.0458972511642729,,-0.016216216216216217,0.23783783783783785,0.4,500,62
oracle_k8,8,0.0523322801467689,False,0.07213256304573669,-0.12743628185907047,,,0.4,500,62
blind_raw_eigengap,4,0.06185811153064265,False,0.07828489114739533,,,,0.4,500,63
oracle_k2,2,0.15444868282815954,False,0.07455028747604366,,0.09178743961352658,0.4323671497584541,0.4,500,63
oracle_k8,8,0.06809446002314345,False,0.07795514324331691,-0.12743628185907047,,,0.4,500,63
blind_raw_eigengap,4,0.06185811153064281,False,0.078575294346329,,,,0.4,500,64
oracle_k2,2,0.1815216064681864,False,0.05784090119916763,,-0.015328549423300898,0.2813239658864635,0.4,500,64
oracle_k8,8,0.05233228014676893,False,0.07241759346774317,-0.12743628185907047,,,0.4,500,64
blind_raw_eigengap,4,0.06185811153064265,False,0.07487380595357104,,,,0.4,500,65
oracle_k2,2,6.38378239159465e-16,True,0.019353376801933178,,-0.021739130434782608,1.0,0.4,500,65
oracle_k8,8,0.06809446002314319,False,0.08088685162974085,-0.12743628185907047,,,0.4,500,65
blind_raw_eigengap,4,0.061858111530642496,False,0.07596783016772186,,,,0.4,500,66
oracle_k2,2,0.08247748204085606,False,0.04479991862564566,,-0.016216216216216217,0.23783783783783785,0.4,500,66
oracle_k8,8,0.0680944600231434,False,0.08002053871776926,-0.12743628185907047,,,0.4,500,66
blind_raw_eigengap,4,0.061858111530642385,False,0.0745887065422637,,,,0.4,500,67
oracle_k2,2,0.30260139594329494,False,0.02937092384694551,,-0.01992678416424501,0.9166320715552704,0.4,500,67
oracle_k8,8,0.06847297193793822,False,0.07432807183667962,-0.12743628185907047,,,0.4,500,67
blind_raw_eigengap,4,0.06185811153064265,False,0.08221115183827614,,,,0.4,500,68
oracle_k2,2,0.22277645818803612,False,0.04834502031246899,,-0.005432937181663837,0.7606112054329371,0.4,500,68
oracle_k8,8,0.06809446002314333,False,0.0803735626067213,-0.12743628185907047,,,0.4,500,68
blind_raw_eigengap,4,0.06185811153064233,False,0.07865493446628902,,,,0.4,500,69
oracle_k2,2,9.159339953157541e-16,True,0.01692440213315558,,-0.021739130434782608,1.0,0.4,500,69
oracle_k8,8,0.0680944600231432,False,0.08087348205686529,-0.12743628185907047,,,0.4,500,69
blind_raw_eigengap,4,0.061858111530642496,False,0.0799218177274242,,,,0.4,500,70
oracle_k2,2,0.30260139594329494,False,0.02671085349690588,,-0.01992678416424501,0.9166320715552704,0.4,500,70
oracle_k8,8,0.05233228014676878,False,0.06941510041023514,-0.12743628185907047,,,0.4,500,70
blind_raw_eigengap,4,0.06185811153064281,False,0.08381440908586028,,,,0.4,500,71
oracle_k2,2,0.17426765854942278,False,0.05123282445878689,,0.00724200362100181,0.687990343995172,0.4,500,71
oracle_k8,8,0.06809446002314332,False,0.08003424989016307,-0.12743628185907047,,,0.4,500,71
blind_raw_eigengap,4,0.06185811153064281,False,0.07769568477174275,,,,0.4,500,72
oracle_k2,2,0.30260139594329494,False,0.02798484318106999,,-0.01992678416424501,0.9166320715552704,0.4,500,72
oracle_k8,8,0.05233228014676881,False,0.07568821140602579,-0.12743628185907047,,,0.4,500,72
blind_raw_eigengap,4,0.061858111530642496,False,0.08172747972897924,,,,0.4,500,73
oracle_k2,2,0.21225060347462504,False,0.05598658875777296,,0.06606085743373176,0.4913841861166623,0.4,500,73
oracle_k8,8,0.05233228014676916,False,0.08026288511056474,-0.12743628185907047,,,0.4,500,73
blind_raw_eigengap,4,0.061858111530642496,False,0.07935704765078308,,,,0.4,500,74
oracle_k2,2,6.38378239159465e-16,True,0.01749844110213039,,-0.021739130434782608,1.0,0.4,500,74
oracle_k8,8,0.0523322801467689,False,0.06787600514920875,-0.12743628185907047,,,0.4,500,74
blind_raw_eigengap,4,0.06185811153064233,False,0.08037917916250138,,,,0.4,500,75
oracle_k2,2,6.38378239159465e-16,True,0.01653528178207372,,-0.021739130434782608,1.0,0.4,500,75
oracle_k8,8,0.0684729719379383,False,0.07713926264188241,-0.12743628185907047,,,0.4,500,75
blind_raw_eigengap,4,0.06185811153064233,False,0.07539532655781407,,,,0.4,500,76
oracle_k2,2,0.13447912906042922,False,0.06667976626947754,,0.23369565217391305,0.23369565217391305,0.4,500,76
oracle_k8,8,0.052332280146768856,False,0.07577947867169423,-0.12743628185907047,,,0.4,500,76
blind_raw_eigengap,4,0.061858111530642496,False,0.07976954903920917,,,,0.4,500,77
oracle_k2,2,0.08247748204085595,False,0.04280018941539051,,-0.016216216216216217,0.23783783783783785,0.4,500,77
oracle_k8,8,0.06847297193793822,False,0.07268357212481463,-0.12743628185907047,,,0.4,500,77
blind_raw_eigengap,4,0.061858111530642385,False,0.07972596634455181,,,,0.4,500,78
oracle_k2,2,0.21225060347462493,False,0.05536486249106124,,0.06606085743373176,0.4913841861166623,0.4,500,78
oracle_k8,8,0.05233228014676888,False,0.07773644182663643,-0.12743628185907047,,,0.4,500,78
blind_raw_eigengap,4,0.061858111530642496,False,0.07847763245584806,,,,0.4,500,79
oracle_k2,2,6.38378239159465e-16,True,0.015641026442240923,,-0.021739130434782608,1.0,0.4,500,79
oracle_k8,8,0.0680944600231434,False,0.07530428366543636,-0.12743628185907047,,,0.4,500,79
blind_raw_eigengap,4,0.06185811153064265,False,0.07622631345107188,,,,0.4,500,80
oracle_k2,2,0.13447912906042922,False,0.06338848498736216,,0.23369565217391305,0.23369565217391305,0.4,500,80
oracle_k8,8,0.0680944600231432,False,0.07142431479033275,-0.12743628185907047,,,0.4,500,80
blind_raw_eigengap,4,0.06185811153064233,False,0.07861011607242031,,,,0.4,500,81
oracle_k2,2,0.11009083491955125,False,0.05165113135577529,,0.04341926729986431,0.55359565807327,0.4,500,81
oracle_k8,8,0.0680944600231434,False,0.07659647525628065,-0.12743628185907047,,,0.4,500,81
blind_raw_eigengap,4,0.06185811153064233,False,0.0771313589914473,,,,0.4,500,82
oracle_k2,2,0.1344791290604291,False,0.0675966204205205,,0.23369565217391305,0.23369565217391305,0.4,500,82
oracle_k8,8,0.06809446002314334,False,0.08020957198988636,-0.12743628185907047,,,0.4,500,82
blind_raw_eigengap,4,0.061858111530642385,False,0.07540751693879819,,,,0.4,500,83
oracle_k2,2,0.1837152782912656,False,0.06019639881222919,,0.04226415094339623,0.5530566037735849,0.4,500,83
oracle_k8,8,0.06809446002314341,False,0.07305720335885006,-0.12743628185907047,,,0.4,500,83
blind_raw_eigengap,4,0.06185811153064266,False,0.08047610518715985,,,,0.4,500,84
oracle_k2,2,0.08247748204085636,False,0.043652621241320244,,-0.016216216216216217,0.23783783783783785,0.4,500,84
oracle_k8,8,0.0680944600231434,False,0.07839331701232899,-0.12743628185907047,,,0.4,500,84
blind_raw_eigengap,4,0.06185811153064265,False,0.07624951405087195,,,,0.4,500,85
oracle_k2,2,9.159339953157541e-16,True,0.015378322639780022,,-0.021739130434782608,1.0,0.4,500,85
oracle_k8,8,0.06809446002314325,False,0.07747770198032174,-0.12743628185907047,,,0.4,500,85
blind_raw_eigengap,4,0.061858111530642385,False,0.0777982478062868,,,,0.4,500,86
oracle_k2,2,0.17708754215356176,False,0.06783893178903047,,0.19292750122655394,0.27806921538287355,0.4,500,86
oracle_k8,8,0.06847297193793837,False,0.07437574866916184,-0.12743628185907047,,,0.4,500,86
blind_raw_eigengap,4,0.06185811153064266,False,0.0766746778851494,,,,0.4,500,87
oracle_k2,2,9.159339953157541e-16,True,0.013049676415854241,,-0.021739130434782608,1.0,0.4,500,87
oracle_k8,8,0.06809446002314345,False,0.07506113231412632,-0.12743628185907047,,,0.4,500,87
blind_raw_eigengap,4,0.06185811153064281,False,0.07373839275796958,,,,0.4,500,88
oracle_k2,2,0.13447912906042916,False,0.06799239646696108,,0.23369565217391305,0.23369565217391305,0.4,500,88
oracle_k8,8,0.052332280146768884,False,0.07875361705825779,-0.12743628185907047,,,0.4,500,88
blind_raw_eigengap,4,0.06185811153064266,False,0.07702538042874597,,,,0.4,500,89
oracle_k2,2,7.771561172376096e-16,True,0.017896630141932626,,-0.021739130434782608,1.0,0.4,500,89
oracle_k8,8,0.06847297193793801,False,0.07492601115617582,-0.12743628185907047,,,0.4,500,89
blind_raw_eigengap,4,0.06185811153064265,False,0.07716869376874376,,,,0.4,500,90
oracle_k2,2,0.13447912906042922,False,0.07113835305391217,,0.23369565217391305,0.23369565217391305,0.4,500,90
oracle_k8,8,0.05233228014676887,False,0.07815194282596978,-0.12743628185907047,,,0.4,500,90
blind_raw_eigengap,4,0.061858111530642385,False,0.07974484893924248,,,,0.4,500,91
oracle_k2,2,0.1770875421535614,False,0.0700335158350941,,0.19292750122655394,0.27806921538287355,0.4,500,91
oracle_k8,8,0.0680944600231434,False,0.07542004394474454,-0.12743628185907047,,,0.4,500,91
blind_raw_eigengap,4,0.06185811153064265,False,0.07559292735754748,,,,0.4,500,92
oracle_k2,2,0.1443299772288107,False,0.06733233694753557,,0.15577358490566037,0.3260377358490566,0.4,500,92
oracle_k8,8,0.05233228014676897,False,0.07891842912576445,-0.12743628185907047,,,0.4,500,92
blind_raw_eigengap,4,0.06185811153064281,False,0.07516468121737199,,,,0.4,500,93
oracle_k2,2,0.1344791290604291,False,0.0677638425964503,,0.23369565217391305,0.23369565217391305,0.4,500,93
oracle_k8,8,0.06809446002314333,False,0.07731467343368541,-0.12743628185907047,,,0.4,500,93
blind_raw_eigengap,4,0.06185811153064233,False,0.07732643285571478,,,,0.4,500,94
oracle_k2,2,0.08247748204085606,False,0.04016157448426668,,-0.016216216216216217,0.23783783783783785,0.4,500,94
oracle_k8,8,0.05233228014676888,False,0.07644441652824886,-0.12743628185907047,,,0.4,500,94
blind_raw_eigengap,4,0.06185811153064265,False,0.07994503221148508,,,,0.4,500,95
oracle_k2,2,0.11009083491955132,False,0.04859210347320647,,0.04341926729986431,0.55359565807327,0.4,500,95
oracle_k8,8,0.052332280146769064,False,0.06697810381567866,-0.12743628185907047,,,0.4,500,95
blind_raw_eigengap,4,0.06185811153064265,False,0.07703716816616685,,,,0.4,500,96
oracle_k2,2,9.159339953157541e-16,True,0.015867917256895254,,-0.021739130434782608,1.0,0.4,500,96
oracle_k8,8,0.05233228014676879,False,0.08149442253521595,-0.12743628185907047,,,0.4,500,96
blind_raw_eigengap,4,0.06185811153064265,False,0.076765633677663,,,,0.4,500,97
oracle_k2,2,9.159339953157541e-16,True,0.016482154264922378,,-0.021739130434782608,1.0,0.4,500,97
oracle_k8,8,0.06809446002314334,False,0.07735774691874991,-0.12743628185907047,,,0.4,500,97
blind_raw_eigengap,4,0.06185811153064266,False,0.07696173497722981,,,,0.4,500,98
oracle_k2,2,0.13447912906042922,False,0.06715279976668612,,0.23369565217391305,0.23369565217391305,0.4,500,98
oracle_k8,8,0.0523322801467688,False,0.0779763990999021,-0.12743628185907047,,,0.4,500,98
blind_raw_eigengap,4,0.06185811153064281,False,0.07554799788959236,,,,0.4,500,99
oracle_k2,2,7.771561172376096e-16,True,0.013396380162764218,,-0.021739130434782608,1.0,0.4,500,99
oracle_k8,8,0.06809446002314314,False,0.07930381627687016,-0.12743628185907047,,,0.4,500,99
blind_raw_eigengap,4,0.06185811153064265,False,0.06666968823261447,,,,0.4,5000,0
oracle_k2,2,0.13447912906042947,False,0.06762633078752121,,0.23369565217391305,0.23369565217391305,0.4,5000,0
oracle_k8,8,0.06809446002314332,False,0.05632027687928068,-0.12743628185907047,,,0.4,5000,0
blind_raw_eigengap,4,0.061858111530642385,False,0.06659103168783263,,,,0.4,5000,1
oracle_k2,2,0.11009083491955132,False,0.045805623401464435,,0.04341926729986431,0.55359565807327,0.4,5000,1
oracle_k8,8,0.06809446002314332,False,0.05695443293827986,-0.12743628185907047,,,0.4,5000,1
blind_raw_eigengap,4,0.061858111530642496,False,0.06749420102663245,,,,0.4,5000,2
oracle_k2,2,7.771561172376096e-16,True,0.004814115090707582,,-0.021739130434782608,1.0,0.4,5000,2
oracle_k8,8,0.05233228014676906,False,0.05543898429918056,-0.12743628185907047,,,0.4,5000,2
blind_raw_eigengap,4,0.06185811153064233,False,0.06710106177016321,,,,0.4,5000,3
oracle_k2,2,7.771561172376096e-16,True,0.0050667776726860585,,-0.021739130434782608,1.0,0.4,5000,3
oracle_k8,8,0.052332280146768766,False,0.056682552531422854,-0.12743628185907047,,,0.4,5000,3
blind_raw_eigengap,4,0.06185811153064266,False,0.06608187254869283,,,,0.4,5000,4
oracle_k2,2,9.159339953157541e-16,True,0.005900772458840624,,-0.021739130434782608,1.0,0.4,5000,4
oracle_k8,8,0.05233228014676889,False,0.0563864329621327,-0.12743628185907047,,,0.4,5000,4
blind_raw_eigengap,4,0.06185811153064233,False,0.0673611705998689,,,,0.4,5000,5
oracle_k2,2,0.11009083491955157,False,0.04931249301616706,,0.04341926729986431,0.55359565807327,0.4,5000,5
oracle_k8,8,0.06809446002314323,False,0.05815126316644148,-0.12743628185907047,,,0.4,5000,5
blind_raw_eigengap,4,0.061858111530642496,False,0.0668748641711943,,,,0.4,5000,6
oracle_k2,2,9.159339953157541e-16,True,0.0058033018127626665,,-0.021739130434782608,1.0,0.4,5000,6
oracle_k8,8,0.05233228014676898,False,0.05582552412216954,-0.12743628185907047,,,0.4,5000,6
blind_raw_eigengap,4,0.061858111530642496,False,0.06620097871737608,,,,0.4,5000,7
oracle_k2,2,0.13447912906042947,False,0.06948882912086843,,0.23369565217391305,0.23369565217391305,0.4,5000,7
oracle_k8,8,0.06809446002314315,False,0.051039381496430114,-0.12743628185907047,,,0.4,5000,7
blind_raw_eigengap,4,0.061858111530642385,False,0.06737806809217471,,,,0.4,5000,8
oracle_k2,2,0.1344791290604291,False,0.06853258205487177,,0.23369565217391305,0.23369565217391305,0.4,5000,8
oracle_k8,8,0.06809446002314318,False,0.056968593709765196,-0.12743628185907047,,,0.4,5000,8
blind_raw_eigengap,4,0.06185811153064266,False,0.0675378408219726,,,,0.4,5000,9
oracle_k2,2,0.11009083491955128,False,0.04937423303358101,,0.04341926729986431,0.55359565807327,0.4,5000,9
oracle_k8,8,0.05233228014676883,False,0.05672849611551209,-0.12743628185907047,,,0.4,5000,9
blind_raw_eigengap,4,0.06185811153064265,False,0.06767018502161039,,,,0.4,5000,10
oracle_k2,2,0.13447912906042916,False,0.06759716332225009,,0.23369565217391305,0.23369565217391305,0.4,5000,10
oracle_k8,8,0.052332280146769,False,0.056563313093472366,-0.12743628185907047,,,0.4,5000,10
blind_raw_eigengap,4,0.06185811153064233,False,0.06661930088441496,,,,0.4,5000,11
oracle_k2,2,7.771561172376096e-16,True,0.004136568445262956,,-0.021739130434782608,1.0,0.4,5000,11
oracle_k8,8,0.06809446002314332,False,0.05580006881243823,-0.12743628185907047,,,0.4,5000,11
blind_raw_eigengap,4,0.06185811153064265,False,0.06567208731931158,,,,0.4,5000,12
oracle_k2,2,7.771561172376096e-16,True,0.004740008729093927,,-0.021739130434782608,1.0,0.4,5000,12
oracle_k8,8,0.05233228014676891,False,0.045683161138411914,-0.12743628185907047,,,0.4,5000,12
blind_raw_eigengap,4,0.06185811153064266,False,0.06740838416497229,,,,0.4,5000,13
oracle_k2,2,0.1344791290604291,False,0.06897008087432606,,0.23369565217391305,0.23369565217391305,0.4,5000,13
oracle_k8,8,0.05233228014676909,False,0.05714068861860066,-0.12743628185907047,,,0.4,5000,13
blind_raw_eigengap,4,0.06185811153064265,False,0.06695066622779242,,,,0.4,5000,14
oracle_k2,2,9.159339953157541e-16,True,0.004970977221023159,,-0.021739130434782608,1.0,0.4,5000,14
oracle_k8,8,0.08168106643557915,False,0.05388726876054314,-0.12743628185907047,,,0.4,5000,14
blind_raw_eigengap,4,0.06185811153064266,False,0.06771672583136118,,,,0.4,5000,15
oracle_k2,2,9.159339953157541e-16,True,0.005382020045666287,,-0.021739130434782608,1.0,0.4,5000,15
oracle_k8,8,0.052332280146768814,False,0.055023211113451743,-0.12743628185907047,,,0.4,5000,15
blind_raw_eigengap,4,0.06185811153064266,False,0.06572724964723399,,,,0.4,5000,16
oracle_k2,2,7.771561172376096e-16,True,0.004976690888687039,,-0.021739130434782608,1.0,0.4,5000,16
oracle_k8,8,0.06809446002314318,False,0.05706259865865043,-0.12743628185907047,,,0.4,5000,16
blind_raw_eigengap,4,0.061858111530642385,False,0.06683597505083162,,,,0.4,5000,17
oracle_k2,2,7.771561172376096e-16,True,0.004804782876809362,,-0.021739130434782608,1.0,0.4,5000,17
oracle_k8,8,0.06809446002314347,False,0.056746431979060964,-0.12743628185907047,,,0.4,5000,17
blind_raw_eigengap,4,0.06185811153064266,False,0.06728156797551192,,,,0.4,5000,18
oracle_k2,2,0.1344791290604291,False,0.06868466273197722,,0.23369565217391305,0.23369565217391305,0.4,5000,18
oracle_k8,8,0.052332280146768745,False,0.05661339510753317,-0.12743628185907047,,,0.4,5000,18
blind_raw_eigengap,4,0.06185811153064281,False,0.06790501205515372,,,,0.4,5000,19
oracle_k2,2,0.13447912906042922,False,0.065797170613856,,0.23369565217391305,0.23369565217391305,0.4,5000,19
oracle_k8,8,0.06809446002314343,False,0.055158903662056634,-0.12743628185907047,,,0.4,5000,19
blind_raw_eigengap,4,0.06185811153064266,False,0.0664337738742042,,,,0.4,5000,20
oracle_k2,2,0.0824774820408563,False,0.04362170886902428,,-0.016216216216216217,0.23783783783783785,0.4,5000,20
oracle_k8,8,0.05233228014676887,False,0.0545404443945394,-0.12743628185907047,,,0.4,5000,20
blind_raw_eigengap,4,0.061858111530642496,False,0.06669914780618424,,,,0.4,5000,21
oracle_k2,2,9.159339953157541e-16,True,0.00512345362399758,,-0.021739130434782608,1.0,0.4,5000,21
oracle_k8,8,0.05233228014676907,False,0.04621568129363161,-0.12743628185907047,,,0.4,5000,21
blind_raw_eigengap,4,0.061858111530642496,False,0.06695737947623968,,,,0.4,5000,22
oracle_k2,2,6.38378239159465e-16,True,0.004176276274086603,,-0.021739130434782608,1.0,0.4,5000,22
oracle_k8,8,0.05233228014676891,False,0.04681184610993009,-0.12743628185907047,,,0.4,5000,22
blind_raw_eigengap,4,0.06185811153064281,False,0.06650157578080731,,,,0.4,5000,23
oracle_k2,2,0.11009083491955197,False,0.048194785260774455,,0.04341926729986431,0.55359565807327,0.4,5000,23
oracle_k8,8,0.052332280146769064,False,0.05668750211369918,-0.12743628185907047,,,0.4,5000,23
blind_raw_eigengap,4,0.061858111530642496,False,0.06812010530204549,,,,0.4,5000,24
oracle_k2,2,0.11009083491955189,False,0.04847534501381917,,0.04341926729986431,0.55359565807327,0.4,5000,24
oracle_k8,8,0.06809446002314343,False,0.05620448326684694,-0.12743628185907047,,,0.4,5000,24
blind_raw_eigengap,4,0.06185811153064265,False,0.06643535132162261,,,,0.4,5000,25
oracle_k2,2,9.159339953157541e-16,True,0.0060285364288630945,,-0.021739130434782608,1.0,0.4,5000,25
oracle_k8,8,0.06809446002314326,False,0.05540408124362863,-0.12743628185907047,,,0.4,5000,25
blind_raw_eigengap,4,0.06185811153064265,False,0.06577444029643456,,,,0.4,5000,26
oracle_k2,2,9.159339953157541e-16,True,0.005500997075024375,,-0.021739130434782608,1.0,0.4,5000,26
oracle_k8,8,0.06809446002314314,False,0.0556904653315079,-0.12743628185907047,,,0.4,5000,26
blind_raw_eigengap,4,0.061858111530642385,False,0.06691829619568236,,,,0.4,5000,27
oracle_k2,2,7.771561172376096e-16,True,0.004342203502470814,,-0.021739130434782608,1.0,0.4,5000,27
oracle_k8,8,0.06809446002314325,False,0.05708412950696532,-0.12743628185907047,,,0.4,5000,27
blind_raw_eigengap,4,0.061858111530642385,False,0.06929738175394154,,,,0.4,5000,28
oracle_k2,2,6.38378239159465e-16,True,0.006214111826845886,,-0.021739130434782608,1.0,0.4,5000,28
oracle_k8,8,0.0680944600231434,False,0.0561610676983858,-0.12743628185907047,,,0.4,5000,28
blind_raw_eigengap,4,0.061858111530642496,False,0.06755461581836161,,,,0.4,5000,29
oracle_k2,2,9.159339953157541e-16,True,0.005577967544714911,,-0.021739130434782608,1.0,0.4,5000,29
oracle_k8,8,0.0523322801467689,False,0.05606528329328967,-0.12743628185907047,,,0.4,5000,29
blind_raw_eigengap,4,0.061858111530642496,False,0.06761643375776362,,,,0.4,5000,30
oracle_k2,2,0.1344791290604291,False,0.06644508229792528,,0.23369565217391305,0.23369565217391305,0.4,5000,30
oracle_k8,8,0.06809446002314329,False,0.05062381474126798,-0.12743628185907047,,,0.4,5000,30
blind_raw_eigengap,4,0.06185811153064233,False,0.06681179321800385,,,,0.4,5000,31
oracle_k2,2,7.771561172376096e-16,True,0.0051834866306669615,,-0.021739130434782608,1.0,0.4,5000,31
oracle_k8,8,0.05233228014676897,False,0.04521302779873315,-0.12743628185907047,,,0.4,5000,31
blind_raw_eigengap,4,0.06185811153064265,False,0.06741282637800962,,,,0.4,5000,32
oracle_k2,2,0.13447912906042916,False,0.0665138345722119,,0.23369565217391305,0.23369565217391305,0.4,5000,32
oracle_k8,8,0.052332280146768946,False,0.05778397027332192,-0.12743628185907047,,,0.4,5000,32
blind_raw_eigengap,4,0.061858111530642385,False,0.06654205845916246,,,,0.4,5000,33
oracle_k2,2,0.1344791290604291,False,0.06742633342638811,,0.23369565217391305,0.23369565217391305,0.4,5000,33
oracle_k8,8,0.052332280146768856,False,0.056341410491107795,-0.12743628185907047,,,0.4,5000,33
blind_raw_eigengap,4,0.06185811153064265,False,0.06779061017410531,,,,0.4,5000,34
oracle_k2,2,6.38378239159465e-16,True,0.005953691566459175,,-0.021739130434782608,1.0,0.4,5000,34
oracle_k8,8,0.06809446002314341,False,0.05594294938965746,-0.12743628185907047,,,0.4,5000,34
blind_raw_eigengap,4,0.061858111530642385,False,0.06692656716998323,,,,0.4,5000,35
oracle_k2,2,0.13447912906042947,False,0.06802841688124821,,0.23369565217391305,0.23369565217391305,0.4,5000,35
oracle_k8,8,0.0680944600231432,False,0.0580472266176535,-0.12743628185907047,,,0.4,5000,35
blind_raw_eigengap,4,0.061858111530642496,False,0.0677652597691188,,,,0.4,5000,36
oracle_k2,2,0.13447912906042922,False,0.0678742426799221,,0.23369565217391305,0.23369565217391305,0.4,5000,36
oracle_k8,8,0.05233228014676901,False,0.05688241996811117,-0.12743628185907047,,,0.4,5000,36
blind_raw_eigengap,4,0.06185811153064233,False,0.06730957843071897,,,,0.4,5000,37
oracle_k2,2,0.13447912906042916,False,0.06793466241947983,,0.23369565217391305,0.23369565217391305,0.4,5000,37
oracle_k8,8,0.05233228014676901,False,0.05637458673415468,-0.12743628185907047,,,0.4,5000,37
blind_raw_eigengap,4,0.06185811153064233,False,0.06677697771185405,,,,0.4,5000,38
oracle_k2,2,9.159339953157541e-16,True,0.006084406484112628,,-0.021739130434782608,1.0,0.4,5000,38
oracle_k8,8,0.06809446002314345,False,0.05748581397175886,-0.12743628185907047,,,0.4,5000,38
blind_raw_eigengap,4,0.06185811153064233,False,0.06685857582525027,,,,0.4,5000,39
oracle_k2,2,0.11009083491955125,False,0.04705145302187395,,0.04341926729986431,0.55359565807327,0.4,5000,39
oracle_k8,8,0.05233228014676912,False,0.0444269961077944,-0.12743628185907047,,,0.4,5000,39
blind_raw_eigengap,4,0.06185811153064266,False,0.06673263280112886,,,,0.4,5000,40
oracle_k2,2,7.771561172376096e-16,True,0.004874528927536723,,-0.021739130434782608,1.0,0.4,5000,40
oracle_k8,8,0.05233228014676883,False,0.0571996910589385,-0.12743628185907047,,,0.4,5000,40
blind_raw_eigengap,4,0.06185811153064233,False,0.06724150611646279,,,,0.4,5000,41
oracle_k2,2,0.13447912906042922,False,0.06757632939864391,,0.23369565217391305,0.23369565217391305,0.4,5000,41
oracle_k8,8,0.052332280146768786,False,0.05708642300295399,-0.12743628185907047,,,0.4,5000,41
blind_raw_eigengap,4,0.061858111530642496,False,0.06721092033043342,,,,0.4,5000,42
oracle_k2,2,0.1344791290604291,False,0.06853049346116559,,0.23369565217391305,0.23369565217391305,0.4,5000,42
oracle_k8,8,0.052332280146768814,False,0.04523320242010994,-0.12743628185907047,,,0.4,5000,42
blind_raw_eigengap,4,0.06185811153064266,False,0.06687864237858739,,,,0.4,5000,43
oracle_k2,2,7.771561172376096e-16,True,0.005570060388385655,,-0.021739130434782608,1.0,0.4,5000,43
oracle_k8,8,0.05233228014676869,False,0.0560814348705768,-0.12743628185907047,,,0.4,5000,43
blind_raw_eigengap,4,0.06185811153064233,False,0.0671729550681644,,,,0.4,5000,44
oracle_k2,2,0.13447912906042947,False,0.06748466346113784,,0.23369565217391305,0.23369565217391305,0.4,5000,44
oracle_k8,8,0.06809446002314326,False,0.05230964867820357,-0.12743628185907047,,,0.4,5000,44
blind_raw_eigengap,4,0.061858111530642496,False,0.06710338933146674,,,,0.4,5000,45
oracle_k2,2,6.38378239159465e-16,True,0.005269557406466059,,-0.021739130434782608,1.0,0.4,5000,45
oracle_k8,8,0.05233228014676887,False,0.054587338069249126,-0.12743628185907047,,,0.4,5000,45
blind_raw_eigengap,4,0.06185811153064233,False,0.0688793787429308,,,,0.4,5000,46
oracle_k2,2,6.38378239159465e-16,True,0.005188237702185802,,-0.021739130434782608,1.0,0.4,5000,46
oracle_k8,8,0.06809446002314326,False,0.05643034239284197,-0.12743628185907047,,,0.4,5000,46
blind_raw_eigengap,4,0.06185811153064281,False,0.06762415072275368,,,,0.4,5000,47
oracle_k2,2,0.1344791290604291,False,0.06760340827020887,,0.23369565217391305,0.23369565217391305,0.4,5000,47
oracle_k8,8,0.06847297193793825,False,0.05299539299810938,-0.12743628185907047,,,0.4,5000,47
blind_raw_eigengap,4,0.061858111530642496,False,0.06706490311434064,,,,0.4,5000,48
oracle_k2,2,7.771561172376096e-16,True,0.005118211688513715,,-0.021739130434782608,1.0,0.4,5000,48
oracle_k8,8,0.052332280146768745,False,0.05598245963437715,-0.12743628185907047,,,0.4,5000,48
blind_raw_eigengap,4,0.06185811153064266,False,0.06633067897736743,,,,0.4,5000,49
oracle_k2,2,9.159339953157541e-16,True,0.005345206359391443,,-0.021739130434782608,1.0,0.4,5000,49
oracle_k8,8,0.06809446002314341,False,0.057001818102366264,-0.12743628185907047,,,0.4,5000,49
blind_raw_eigengap,4,0.06185811153064265,False,0.06729793104118752,,,,0.4,5000,50
oracle_k2,2,0.13447912906042916,False,0.06750341684652629,,0.23369565217391305,0.23369565217391305,0.4,5000,50
oracle_k8,8,0.06847297193793828,False,0.05375078991517631,-0.12743628185907047,,,0.4,5000,50
blind_raw_eigengap,4,0.06185811153064233,False,0.06740291865271159,,,,0.4,5000,51
oracle_k2,2,0.11009083491955131,False,0.0479061778267891,,0.04341926729986431,0.55359565807327,0.4,5000,51
oracle_k8,8,0.052332280146768786,False,0.05648782270751462,-0.12743628185907047,,,0.4,5000,51
blind_raw_eigengap,4,0.061858111530642385,False,0.06702114026754664,,,,0.4,5000,52
oracle_k2,2,9.159339953157541e-16,True,0.006316242121593436,,-0.021739130434782608,1.0,0.4,5000,52
oracle_k8,8,0.05233228014676883,False,0.056683304571795705,-0.12743628185907047,,,0.4,5000,52
blind_raw_eigengap,4,0.061858111530642385,False,0.06651627751297179,,,,0.4,5000,53
oracle_k2,2,6.38378239159465e-16,True,0.005864843834634711,,-0.021739130434782608,1.0,0.4,5000,53
oracle_k8,8,0.06809446002314339,False,0.0573005875334782,-0.12743628185907047,,,0.4,5000,53
blind_raw_eigengap,4,0.061858111530642496,False,0.06669593694099084,,,,0.4,5000,54
oracle_k2,2,9.159339953157541e-16,True,0.004487500000000007,,-0.021739130434782608,1.0,0.4,5000,54
oracle_k8,8,0.0523322801467689,False,0.055393832734219745,-0.12743628185907047,,,0.4,5000,54
blind_raw_eigengap,4,0.061858111530642385,False,0.0678128045731809,,,,0.4,5000,55
oracle_k2,2,9.159339953157541e-16,True,0.005900466801665547,,-0.021739130434782608,1.0,0.4,5000,55
oracle_k8,8,0.05233228014676884,False,0.04562138931094561,-0.12743628185907047,,,0.4,5000,55
blind_raw_eigengap,4,0.06185811153064265,False,0.06612860724086975,,,,0.4,5000,56
oracle_k2,2,0.11009083491955189,False,0.047474512973060136,,0.04341926729986431,0.55359565807327,0.4,5000,56
oracle_k8,8,0.05233228014676916,False,0.05598109262808972,-0.12743628185907047,,,0.4,5000,56
blind_raw_eigengap,4,0.06185811153064281,False,0.06720441415841695,,,,0.4,5000,57
oracle_k2,2,7.771561172376096e-16,True,0.005364000543051038,,-0.021739130434782608,1.0,0.4,5000,57
oracle_k8,8,0.05233228014676877,False,0.04673974922843649,-0.12743628185907047,,,0.4,5000,57
blind_raw_eigengap,4,0.06185811153064281,False,0.06656446604557625,,,,0.4,5000,58
oracle_k2,2,0.13447912906042947,False,0.06599716787082331,,0.23369565217391305,0.23369565217391305,0.4,5000,58
oracle_k8,8,0.05233228014676872,False,0.05587798097314844,-0.12743628185907047,,,0.4,5000,58
blind_raw_eigengap,4,0.06185811153064233,False,0.06758139034254415,,,,0.4,5000,59
oracle_k2,2,7.771561172376096e-16,True,0.005439109257422858,,-0.021739130434782608,1.0,0.4,5000,59
oracle_k8,8,0.05233228014676879,False,0.05618132278903682,-0.12743628185907047,,,0.4,5000,59
blind_raw_eigengap,4,0.06185811153064281,False,0.0676470212104041,,,,0.4,5000,60
oracle_k2,2,0.11009083491955132,False,0.04736756703172307,,0.04341926729986431,0.55359565807327,0.4,5000,60
oracle_k8,8,0.05233228014676894,False,0.056032835292505544,-0.12743628185907047,,,0.4,5000,60
blind_raw_eigengap,4,0.06185811153064266,False,0.06703519229914558,,,,0.4,5000,61
oracle_k2,2,0.13447912906042922,False,0.06705133474582158,,0.23369565217391305,0.23369565217391305,0.4,5000,61
oracle_k8,8,0.052332280146768925,False,0.05761742417439921,-0.12743628185907047,,,0.4,5000,61
blind_raw_eigengap,4,0.06185811153064266,False,0.06704999847227315,,,,0.4,5000,62
oracle_k2,2,7.771561172376096e-16,True,0.005308871280239338,,-0.021739130434782608,1.0,0.4,5000,62
oracle_k8,8,0.0680944600231432,False,0.0569429766399818,-0.12743628185907047,,,0.4,5000,62
blind_raw_eigengap,4,0.06185811153064266,False,0.067084704259858,,,,0.4,5000,63
oracle_k2,2,9.159339953157541e-16,True,0.005863876794082272,,-0.021739130434782608,1.0,0.4,5000,63
oracle_k8,8,0.06809446002314334,False,0.0562300433811348,-0.12743628185907047,,,0.4,5000,63
blind_raw_eigengap,4,0.06185811153064265,False,0.06643198782262813,,,,0.4,5000,64
oracle_k2,2,0.11009083491955154,False,0.04705915579152043,,0.04341926729986431,0.55359565807327,0.4,5000,64
oracle_k8,8,0.06809446002314333,False,0.05205977181092795,-0.12743628185907047,,,0.4,5000,64
blind_raw_eigengap,4,0.06185811153064281,False,0.06759675233047788,,,,0.4,5000,65
oracle_k2,2,7.771561172376096e-16,True,0.005360415052096786,,-0.021739130434782608,1.0,0.4,5000,65
oracle_k8,8,0.05233228014676881,False,0.05572280142803223,-0.12743628185907047,,,0.4,5000,65
blind_raw_eigengap,4,0.061858111530642496,False,0.06711569003255448,,,,0.4,5000,66
oracle_k2,2,9.159339953157541e-16,True,0.00492075329927806,,-0.021739130434782608,1.0,0.4,5000,66
oracle_k8,8,0.05233228014676879,False,0.05704715607848334,-0.12743628185907047,,,0.4,5000,66
blind_raw_eigengap,4,0.061858111530642496,False,0.06899532432252257,,,,0.4,5000,67
oracle_k2,2,0.0824774820408563,False,0.04357994909432831,,-0.016216216216216217,0.23783783783783785,0.4,5000,67
oracle_k8,8,0.0523322801467691,False,0.04637967591538186,-0.12743628185907047,,,0.4,5000,67
blind_raw_eigengap,4,0.06185811153064266,False,0.06738233739430909,,,,0.4,5000,68
oracle_k2,2,6.38378239159465e-16,True,0.004550624230909193,,-0.021739130434782608,1.0,0.4,5000,68
oracle_k8,8,0.0523322801467688,False,0.04566362561887516,-0.12743628185907047,,,0.4,5000,68
blind_raw_eigengap,4,0.06185811153064265,False,0.067382188510383,,,,0.4,5000,69
oracle_k2,2,0.11009083491955145,False,0.0471135319259021,,0.04341926729986431,0.55359565807327,0.4,5000,69
oracle_k8,8,0.06809446002314325,False,0.050706406233835065,-0.12743628185907047,,,0.4,5000,69
blind_raw_eigengap,4,0.061858111530642496,False,0.068365026443563,,,,0.4,5000,70
oracle_k2,2,0.11009083491955125,False,0.047791178269375255,,0.04341926729986431,0.55359565807327,0.4,5000,70
oracle_k8,8,0.06809446002314347,False,0.05686024106647523,-0.12743628185907047,,,0.4,5000,70
blind_raw_eigengap,4,0.06185811153064265,False,0.06686678027399086,,,,0.4,5000,71
oracle_k2,2,6.38378239159465e-16,True,0.005091354724821743,,-0.021739130434782608,1.0,0.4,5000,71
oracle_k8,8,0.05233228014676881,False,0.05770084128992953,-0.12743628185907047,,,0.4,5000,71
blind_raw_eigengap,4,0.06185811153064265,False,0.0660798533104452,,,,0.4,5000,72
oracle_k2,2,7.771561172376096e-16,True,0.004630477107135222,,-0.021739130434782608,1.0,0.4,5000,72
oracle_k8,8,0.06809446002314343,False,0.05571010555738067,-0.12743628185907047,,,0.4,5000,72
blind_raw_eigengap,4,0.061858111530642385,False,0.06677609357465863,,,,0.4,5000,73
oracle_k2,2,0.13447912906042947,False,0.06683258313125169,,0.23369565217391305,0.23369565217391305,0.4,5000,73
oracle_k8,8,0.05233228014676872,False,0.055732638275781156,-0.12743628185907047,,,0.4,5000,73
blind_raw_eigengap,4,0.061858111530642496,False,0.06691510130217881,,,,0.4,5000,74
oracle_k2,2,9.159339953157541e-16,True,0.004474191742846596,,-0.021739130434782608,1.0,0.4,5000,74
oracle_k8,8,0.052332280146769,False,0.056319501775660606,-0.12743628185907047,,,0.4,5000,74
blind_raw_eigengap,4,0.06185811153064233,False,0.06683583769429907,,,,0.4,5000,75
oracle_k2,2,6.38378239159465e-16,True,0.006707324487573702,,-0.021739130434782608,1.0,0.4,5000,75
oracle_k8,8,0.052332280146768786,False,0.05680862412592307,-0.12743628185907047,,,0.4,5000,75
blind_raw_eigengap,4,0.06185811153064265,False,0.06712639439796451,,,,0.4,5000,76
oracle_k2,2,9.159339953157541e-16,True,0.005768548213487113,,-0.021739130434782608,1.0,0.4,5000,76
oracle_k8,8,0.05233228014676888,False,0.05534616852152017,-0.12743628185907047,,,0.4,5000,76
blind_raw_eigengap,4,0.061858111530642385,False,0.06689381437285424,,,,0.4,5000,77
oracle_k2,2,0.1344791290604291,False,0.06854507906878554,,0.23369565217391305,0.23369565217391305,0.4,5000,77
oracle_k8,8,0.06809446002314326,False,0.055723534030653464,-0.12743628185907047,,,0.4,5000,77
blind_raw_eigengap,4,0.061858111530642385,False,0.0669055832861127,,,,0.4,5000,78
oracle_k2,2,7.771561172376096e-16,True,0.005688228223098134,,-0.021739130434782608,1.0,0.4,5000,78
oracle_k8,8,0.05233228014676886,False,0.05631517421534857,-0.12743628185907047,,,0.4,5000,78
blind_raw_eigengap,4,0.06185811153064265,False,0.06680357279757342,,,,0.4,5000,79
oracle_k2,2,9.159339953157541e-16,True,0.00481207406604945,,-0.021739130434782608,1.0,0.4,5000,79
oracle_k8,8,0.08168106643557918,False,0.053884662286204234,-0.12743628185907047,,,0.4,5000,79
blind_raw_eigengap,4,0.06185811153064265,False,0.06588740139217582,,,,0.4,5000,80
oracle_k2,2,6.38378239159465e-16,True,0.004779230555023157,,-0.021739130434782608,1.0,0.4,5000,80
oracle_k8,8,0.06809446002314334,False,0.055284539605844125,-0.12743628185907047,,,0.4,5000,80
blind_raw_eigengap,4,0.06185811153064266,False,0.06609462337366533,,,,0.4,5000,81
oracle_k2,2,7.771561172376096e-16,True,0.0051905467454437864,,-0.021739130434782608,1.0,0.4,5000,81
oracle_k8,8,0.052332280146768946,False,0.05581303190433474,-0.12743628185907047,,,0.4,5000,81
blind_raw_eigengap,4,0.061858111530642385,False,0.06645011930157885,,,,0.4,5000,82
oracle_k2,2,9.159339953157541e-16,True,0.005437454965653059,,-0.021739130434782608,1.0,0.4,5000,82
oracle_k8,8,0.06809446002314319,False,0.05586018311277918,-0.12743628185907047,,,0.4,5000,82
blind_raw_eigengap,4,0.06185811153064265,False,0.06748258238614269,,,,0.4,5000,83
oracle_k2,2,0.13447912906042947,False,0.06821383151668181,,0.23369565217391305,0.23369565217391305,0.4,5000,83
oracle_k8,8,0.05233228014676877,False,0.04610649506310117,-0.12743628185907047,,,0.4,5000,83
blind_raw_eigengap,4,0.06185811153064265,False,0.06717495166827772,,,,0.4,5000,84
oracle_k2,2,7.771561172376096e-16,True,0.00503814732099455,,-0.021739130434782608,1.0,0.4,5000,84
oracle_k8,8,0.06809446002314329,False,0.05595630608713107,-0.12743628185907047,,,0.4,5000,84
blind_raw_eigengap,4,0.06185811153064233,False,0.06747977553525994,,,,0.4,5000,85
oracle_k2,2,0.13447912906042947,False,0.06861799436393586,,0.23369565217391305,0.23369565217391305,0.4,5000,85
oracle_k8,8,0.052332280146768856,False,0.05587423798453655,-0.12743628185907047,,,0.4,5000,85
blind_raw_eigengap,4,0.06185811153064266,False,0.06640079414019533,,,,0.4,5000,86
oracle_k2,2,7.771561172376096e-16,True,0.004602508242986865,,-0.021739130434782608,1.0,0.4,5000,86
oracle_k8,8,0.06809446002314334,False,0.056611092358903804,-0.12743628185907047,,,0.4,5000,86
blind_raw_eigengap,4,0.061858111530642385,False,0.06744851727164651,,,,0.4,5000,87
oracle_k2,2,6.38378239159465e-16,True,0.004719441643541857,,-0.021739130434782608,1.0,0.4,5000,87
oracle_k8,8,0.052332280146768856,False,0.055214396644718645,-0.12743628185907047,,,0.4,5000,87
blind_raw_eigengap,4,0.061858111530642496,False,0.06617893139673124,,,,0.4,5000,88
oracle_k2,2,7.771561172376096e-16,True,0.004536422995086148,,-0.021739130434782608,1.0,0.4,5000,88
oracle_k8,8,0.052332280146768835,False,0.0561840985626659,-0.12743628185907047,,,0.4,5000,88
blind_raw_eigengap,4,0.06185811153064281,False,0.06511510935746585,,,,0.4,5000,89
oracle_k2,2,7.771561172376096e-16,True,0.005229436074143827,,-0.021739130434782608,1.0,0.4,5000,89
oracle_k8,8,0.0680944600231434,False,0.05646053380373154,-0.12743628185907047,,,0.4,5000,89
blind_raw_eigengap,4,0.061858111530642385,False,0.06702140234214415,,,,0.4,5000,90
oracle_k2,2,6.38378239159465e-16,True,0.005431630500301381,,-0.021739130434782608,1.0,0.4,5000,90
oracle_k8,8,0.06809446002314312,False,0.05517695654208157,-0.12743628185907047,,,0.4,5000,90
blind_raw_eigengap,4,0.061858111530642496,False,0.06629129445685145,,,,0.4,5000,91
oracle_k2,2,9.159339953157541e-16,True,0.004622365994172276,,-0.021739130434782608,1.0,0.4,5000,91
oracle_k8,8,0.06809446002314345,False,0.05574325244181907,-0.12743628185907047,,,0.4,5000,91
blind_raw_eigengap,4,0.06185811153064266,False,0.06604309648011734,,,,0.4,5000,92
oracle_k2,2,0.11009083491955132,False,0.0471161810934198,,0.04341926729986431,0.55359565807327,0.4,5000,92
oracle_k8,8,0.06809446002314332,False,0.052774844124599075,-0.12743628185907047,,,0.4,5000,92
blind_raw_eigengap,4,0.061858111530642385,False,0.06840427638523161,,,,0.4,5000,93
oracle_k2,2,0.11009083491955148,False,0.047585904168724456,,0.04341926729986431,0.55359565807327,0.4,5000,93
oracle_k8,8,0.06809446002314344,False,0.05121489492647415,-0.12743628185907047,,,0.4,5000,93
blind_raw_eigengap,4,0.06185811153064233,False,0.06705040929191249,,,,0.4,5000,94
oracle_k2,2,0.08247748204085636,False,0.04184391204834973,,-0.016216216216216217,0.23783783783783785,0.4,5000,94
oracle_k8,8,0.05233228014676892,False,0.05495117971331242,-0.12743628185907047,,,0.4,5000,94
blind_raw_eigengap,4,0.06185811153064266,False,0.06717309700787752,,,,0.4,5000,95
oracle_k2,2,0.11009083491955148,False,0.04884617771753038,,0.04341926729986431,0.55359565807327,0.4,5000,95
oracle_k8,8,0.05233228014676872,False,0.05550330058375886,-0.12743628185907047,,,0.4,5000,95
blind_raw_eigengap,4,0.061858111530642385,False,0.06696103241003078,,,,0.4,5000,96
oracle_k2,2,0.13447912906042916,False,0.06737216571806345,,0.23369565217391305,0.23369565217391305,0.4,5000,96
oracle_k8,8,0.05233228014676912,False,0.04568588171793366,-0.12743628185907047,,,0.4,5000,96
blind_raw_eigengap,4,0.06185811153064233,False,0.067570625423597,,,,0.4,5000,97
oracle_k2,2,9.159339953157541e-16,True,0.004859943840745771,,-0.021739130434782608,1.0,0.4,5000,97
oracle_k8,8,0.0523322801467689,False,0.055959232880617826,-0.12743628185907047,,,0.4,5000,97
blind_raw_eigengap,4,0.061858111530642385,False,0.06769820617090543,,,,0.4,5000,98
oracle_k2,2,6.38378239159465e-16,True,0.005578551081518766,,-0.021739130434782608,1.0,0.4,5000,98
oracle_k8,8,0.052332280146768856,False,0.055955321340241504,-0.12743628185907047,,,0.4,5000,98
blind_raw_eigengap,4,0.06185811153064281,False,0.06802723867537748,,,,0.4,5000,99
oracle_k2,2,7.771561172376096e-16,True,0.005352001788873985,,-0.021739130434782608,1.0,0.4,5000,99
oracle_k8,8,0.0680944600231434,False,0.050671503454783495,-0.12743628185907047,,,0.4,5000,99
blind_raw_eigengap,4,0.10451145417076439,False,0.08985832746507472,,,,1.0,100,0
oracle_k2,2,0.10028648871086296,False,0.05613949473852863,,0.04269764634882318,0.32634278817139406,1.0,100,0
oracle_k8,8,0.07394638731200731,False,0.12681273305000026,0.2027756360832691,,,1.0,100,0
blind_raw_eigengap,4,0.08036446531592709,False,0.08265626106062414,,,,1.0,100,1
oracle_k2,2,0.0706304724655073,False,0.04801974012993502,,0.00724200362100181,0.687990343995172,1.0,100,1
oracle_k8,8,0.10158763029864061,False,0.1334221722893329,0.3744916820702403,,,1.0,100,1
blind_raw_eigengap,3,0.07899539662273702,False,0.06627898843092037,,,,1.0,100,2
oracle_k2,2,0.0785505108795832,False,0.04798373941413301,,-0.021739130434782608,0.5529891304347826,1.0,100,2
oracle_k8,8,0.08911997293124596,False,0.11369733660838872,0.37933014354066985,,,1.0,100,2
blind_raw_eigengap,4,0.09937261341498244,False,0.07939712495334704,,,,1.0,100,3
oracle_k2,2,0.09132385518777558,False,0.04936735909721291,,-0.005736498471525078,0.6186360720081518,1.0,100,3
oracle_k8,8,0.07555392714393286,False,0.12471459972424703,0.10312259059367772,,,1.0,100,3
blind_raw_eigengap,4,0.09201607726971664,False,0.0927355391221192,,,,1.0,100,4
oracle_k2,2,0.054869762678892736,False,0.0507672902318513,,-0.005432937181663837,0.27828711563855874,1.0,100,4
oracle_k8,8,0.08835882136236156,False,0.1293420054545963,0.3770382378182512,,,1.0,100,4
blind_raw_eigengap,4,0.08764037606765876,False,0.08891266650141162,,,,1.0,100,5
oracle_k2,2,0.07626604982738583,False,0.04622051069847679,,0.00724200362100181,0.5532589016294508,1.0,100,5
oracle_k8,8,0.08426624953638659,False,0.1274896599016718,0.19873356064296152,,,1.0,100,5
blind_raw_eigengap,2,0.07428969398115853,False,0.046435683677131,,-0.005432937181663837,0.27828711563855874,1.0,100,6
oracle_k2,2,0.07428969398115853,False,0.046435683677131,,-0.005432937181663837,0.27828711563855874,1.0,100,6
oracle_k8,8,0.09578736693612608,False,0.13293563541136397,0.21704822211397953,,,1.0,100,6
blind_raw_eigengap,2,0.0818818715941789,False,0.04892812822719674,,-0.01992678416424501,0.6186360720081518,1.0,100,7
oracle_k2,2,0.0818818715941789,False,0.04892812822719674,,-0.01992678416424501,0.6186360720081518,1.0,100,7
oracle_k8,8,0.07717175678227928,False,0.12825466275366113,0.1514633219308248,,,1.0,100,7
blind_raw_eigengap,2,0.0614050621679878,False,0.05363638105790344,,-0.014490566037735849,0.43245283018867925,1.0,100,8
oracle_k2,2,0.0614050621679878,False,0.05363638105790344,,-0.014490566037735849,0.43245283018867925,1.0,100,8
oracle_k8,8,0.08830884868069777,False,0.1302416093310599,0.22465910174501763,,,1.0,100,8
blind_raw_eigengap,3,0.07305255311439512,False,0.07537900666042253,,,,1.0,100,9
oracle_k2,2,0.07514095746982657,False,0.05375605128531771,,-0.02112251056125528,0.43270971635485816,1.0,100,9
oracle_k8,8,0.0849241477510034,False,0.131776296552605,0.15747879722436392,,,1.0,100,9
blind_raw_eigengap,2,0.05760518845798582,False,0.05117414268538565,,-0.01992678416424501,0.37740121523191306,1.0,100,10
oracle_k2,2,0.05760518845798582,False,0.05117414268538565,,-0.01992678416424501,0.37740121523191306,1.0,100,10
oracle_k8,8,0.07990301889068108,False,0.13050150493560045,0.12938410907381287,,,1.0,100,10
blind_raw_eigengap,4,0.08350615539376487,False,0.08717159994240964,,,,1.0,100,11
oracle_k2,2,0.08449176399008362,False,0.05511973421684968,,0.00724200362100181,0.43270971635485816,1.0,100,11
oracle_k8,8,0.07353055109638154,False,0.13065159692016295,0.2571318427139553,,,1.0,100,11
blind_raw_eigengap,2,0.08752837555304704,False,0.05909622236941802,,-0.014490566037735849,0.5530566037735849,1.0,100,12
oracle_k2,2,0.08752837555304704,False,0.05909622236941802,,-0.014490566037735849,0.5530566037735849,1.0,100,12
oracle_k8,8,0.08077330742744854,False,0.1323410569572481,0.22442244224422442,,,1.0,100,12
blind_raw_eigengap,3,0.09323805442452356,False,0.07324825217464727,,,,1.0,100,13
oracle_k2,2,0.05696586443433957,False,0.04565880802005776,,0.009036144578313253,0.15768072289156626,1.0,100,13
oracle_k8,8,0.09221919892514978,False,0.1312184277716162,0.22465910174501763,,,1.0,100,13
blind_raw_eigengap,3,0.08754411338261886,False,0.07238455982562562,,,,1.0,100,14
oracle_k2,2,0.06408233487434578,False,0.05113262099411064,,0.12224108658743633,0.19317109979249197,1.0,100,14
oracle_k8,8,0.09177147204795175,False,0.12561592056449533,0.18628494051649094,,,1.0,100,14
blind_raw_eigengap,4,0.08575911537538196,False,0.08576408232687144,,,,1.0,100,15
oracle_k2,2,0.10001542515033837,False,0.051731766622628066,,-0.01992678416424501,0.7605389289353511,1.0,100,15
oracle_k8,8,0.08727883613976728,False,0.12928141540572816,0.23174388238707805,,,1.0,100,15
blind_raw_eigengap,4,0.07355853037054509,False,0.08601265094516967,,,,1.0,100,16
oracle_k2,2,0.11204518898485227,False,0.043579669356362906,,-0.01992678416424501,0.9166320715552704,1.0,100,16
oracle_k8,8,0.09221219809228731,False,0.11679077532083072,0.2628348757915246,,,1.0,100,16
blind_raw_eigengap,5,0.09306186211318612,False,0.09273795808119685,,,,1.0,100,17
oracle_k2,2,0.053509731514185255,False,0.04850806548840508,,0.12224108658743633,0.37758913412563666,1.0,100,17
oracle_k8,8,0.08309965335897926,False,0.12348162028767772,0.20446851726472579,,,1.0,100,17
blind_raw_eigengap,2,0.06524748008288384,False,0.045575900040371466,,-0.019618939822674968,0.4910771552537257,1.0,100,18
oracle_k2,2,0.06524748008288384,False,0.045575900040371466,,-0.019618939822674968,0.4910771552537257,1.0,100,18
oracle_k8,8,0.0731325777828169,False,0.1284578053204055,0.0993351583887368,,,1.0,100,18
blind_raw_eigengap,5,0.10035337777979574,False,0.0884421332286101,,,,1.0,100,19
oracle_k2,2,0.07158663530399587,False,0.04616191904791023,,0.022939068100358423,0.4910771552537257,1.0,100,19
oracle_k8,8,0.07806387839573302,False,0.12223203975042805,0.32266176612825226,,,1.0,100,19
blind_raw_eigengap,4,0.07253501782303234,False,0.0841249669552453,,,,1.0,100,20
oracle_k2,2,0.05056093940863807,False,0.060369677660702385,,0.0919245283018868,0.43245283018867925,1.0,100,20
oracle_k8,8,0.08803949384692816,False,0.13452179206176,0.19460311207405948,,,1.0,100,20
blind_raw_eigengap,3,0.06546752389100616,False,0.07280960388766476,,,,1.0,100,21
oracle_k2,2,0.06151056743265518,False,0.05722236453019821,,-0.005432937181663837,0.37758913412563666,1.0,100,21
oracle_k8,8,0.08654528263474448,False,0.13195264990293432,0.35666797027766917,,,1.0,100,21
blind_raw_eigengap,5,0.08995001559729783,False,0.09909590763066312,,,,1.0,100,22
oracle_k2,2,0.0603350975633167,False,0.045229853243748785,,-0.0203527815468114,0.32685059550731194,1.0,100,22
oracle_k8,8,0.07404471390645725,False,0.12421626499607076,0.24807247494217424,,,1.0,100,22
blind_raw_eigengap,4,0.08291037398615235,False,0.08893544609437697,,,,1.0,100,23
oracle_k2,2,0.06129605035194571,False,0.053350789944488906,,0.006792452830188679,0.15577358490566037,1.0,100,23
oracle_k8,8,0.09107020424941986,False,0.1215866254557932,0.3523444976076555,,,1.0,100,23
blind_raw_eigengap,3,0.09689791291103514,False,0.06343218203502592,,,,1.0,100,24
oracle_k2,2,0.0971644929218761,False,0.05164047936805773,,-0.019618939822674968,0.7606112054329371,1.0,100,24
oracle_k8,8,0.08487926678693895,False,0.12608892229924293,0.18719118206005322,,,1.0,100,24
blind_raw_eigengap,4,0.10100153186474195,False,0.08089347472842366,,,,1.0,100,25
oracle_k2,2,0.06237214066870214,False,0.054153254641822524,,-0.012198795180722892,0.2355421686746988,1.0,100,25
oracle_k8,8,0.08788540169573184,False,0.1267289252532512,0.29233476730543606,,,1.0,100,25
blind_raw_eigengap,7,0.0734259049611957,False,0.12149839371784277,,,,1.0,100,26
oracle_k2,2,0.06727991778679901,False,0.05738553814313766,,0.06521492999207458,0.37740121523191306,1.0,100,26
oracle_k8,8,0.09161712184959533,False,0.12497305655727926,0.19206760779794488,,,1.0,100,26
blind_raw_eigengap,2,0.07890623768094202,False,0.05503855054418061,,-0.005432937181663837,0.37758913412563666,1.0,100,27
oracle_k2,2,0.07890623768094202,False,0.05503855054418061,,-0.005432937181663837,0.37758913412563666,1.0,100,27
oracle_k8,8,0.0804843056138097,False,0.13466257628367004,0.11771607352366054,,,1.0,100,27
blind_raw_eigengap,2,0.043752060991751024,False,0.06107277326647206,,-0.01992678416424501,0.27806921538287355,1.0,100,28
oracle_k2,2,0.043752060991751024,False,0.06107277326647206,,-0.01992678416424501,0.27806921538287355,1.0,100,28
oracle_k8,8,0.07936468338492753,False,0.12954491235686408,0.20962064919827925,,,1.0,100,28
blind_raw_eigengap,2,0.08456735968206719,False,0.05708333333333335,,0.006642512077294686,0.6878019323671497,1.0,100,29
oracle_k2,2,0.08456735968206719,False,0.05708333333333335,,0.006642512077294686,0.6878019323671497,1.0,100,29
oracle_k8,8,0.08891167304639905,False,0.12016843835593288,0.2538366554947963,,,1.0,100,29
blind_raw_eigengap,2,0.07896251346508731,False,0.0442877102833508,,-0.019003808302854343,0.278722521775197,1.0,100,30
oracle_k2,2,0.07896251346508731,False,0.0442877102833508,,-0.019003808302854343,0.278722521775197,1.0,100,30
oracle_k8,8,0.08344483204889888,False,0.1252993106433599,0.25525785076346874,,,1.0,100,30
blind_raw_eigengap,5,0.08669587521537594,False,0.08352163355912919,,,,1.0,100,31
oracle_k2,2,0.09758045593030878,False,0.04268457519309404,,-0.02158490566037736,0.5530566037735849,1.0,100,31
oracle_k8,8,0.08131633365835123,False,0.11467280663642465,0.2444019138755981,,,1.0,100,31
blind_raw_eigengap,4,0.10059723362887703,False,0.07925535057128082,,,,1.0,100,32
oracle_k2,2,0.08021351381235389,False,0.05062397654707098,,-0.02112251056125528,0.43270971635485816,1.0,100,32
oracle_k8,8,0.08052728351736843,False,0.1289863439961743,0.25940516052787077,,,1.0,100,32
blind_raw_eigengap,4,0.08355989159871001,False,0.09368208189643557,,,,1.0,100,33
oracle_k2,2,0.08224729613059659,False,0.0696097738713657,,-0.019618939822674968,0.27828711563855874,1.0,100,33
oracle_k8,8,0.08821243204541984,False,0.13305366806168753,0.22058679226768718,,,1.0,100,33
blind_raw_eigengap,4,0.08114374747794076,False,0.08066138994140738,,,,1.0,100,34
oracle_k2,2,0.10334558288823831,False,0.048194421770430984,,-0.014031382015691008,0.43270971635485816,1.0,100,34
oracle_k8,8,0.08280355760497081,False,0.12037894146359478,0.2390131071703932,,,1.0,100,34
blind_raw_eigengap,6,0.0787803677699222,False,0.11348177670787896,,,,1.0,100,35
oracle_k2,2,0.051636552996077806,False,0.05998247289524,,-0.005736498471525078,0.27806921538287355,1.0,100,35
oracle_k8,8,0.09570698959390407,False,0.1294964389238555,0.19371626831148805,,,1.0,100,35
blind_raw_eigengap,2,0.08243274403063561,False,0.04169800839623588,,-0.005736498471525078,0.6186360720081518,1.0,100,36
oracle_k2,2,0.08243274403063561,False,0.04169800839623588,,-0.005736498471525078,0.6186360720081518,1.0,100,36
oracle_k8,8,0.08488433695468167,False,0.12400371501216796,0.24789319193258214,,,1.0,100,36
blind_raw_eigengap,4,0.08814333333734327,False,0.08326872354280529,,,,1.0,100,37
oracle_k2,2,0.062348522014265995,False,0.05067973310746698,,-0.003917875306084008,0.3785270295724242,1.0,100,37
oracle_k8,8,0.08976086143291556,False,0.11410825386644723,0.29233476730543606,,,1.0,100,37
blind_raw_eigengap,4,0.09305894661069858,False,0.08837814607430701,,,,1.0,100,38
oracle_k2,2,0.06979653286385426,False,0.059852435721240875,,-0.005432937181663837,0.27828711563855874,1.0,100,38
oracle_k8,8,0.07736736524948161,False,0.12005756665708651,0.154477903793508,,,1.0,100,38
blind_raw_eigengap,4,0.09459140138223295,False,0.08350311233392703,,,,1.0,100,39
oracle_k2,2,0.11204518898485225,False,0.040829711574735604,,-0.01992678416424501,0.9166320715552704,1.0,100,39
oracle_k8,8,0.08944715526181056,False,0.1254356068230226,0.20109478536444828,,,1.0,100,39
blind_raw_eigengap,3,0.08057259543493187,False,0.07201025795544819,,,,1.0,100,40
oracle_k2,2,0.08649834719972738,False,0.061667395468932205,,-0.014031382015691008,0.23415811707905854,1.0,100,40
oracle_k8,8,0.08074092730718534,False,0.1387297915342721,0.27592974192915315,,,1.0,100,40
blind_raw_eigengap,4,0.08938748904246385,False,0.08517297593829398,,,,1.0,100,41
oracle_k2,2,0.08036528877152871,False,0.04701738357966969,,0.022644072913914782,0.37740121523191306,1.0,100,41
oracle_k8,8,0.07621849678034347,False,0.12622887683826264,0.19123973406335548,,,1.0,100,41
blind_raw_eigengap,4,0.0775004211810428,False,0.08522210709290716,,,,1.0,100,42
oracle_k2,2,0.08303347056645799,False,0.07119452371159314,,0.022644072913914782,0.27806921538287355,1.0,100,42
oracle_k8,8,0.08197174596961487,False,0.12550716319054334,0.1928665785997358,,,1.0,100,42
blind_raw_eigengap,3,0.09714032732223218,False,0.06611982196926997,,,,1.0,100,43
oracle_k2,2,0.061195034109907176,False,0.04925721345533929,,-0.005736498471525078,0.37740121523191306,1.0,100,43
oracle_k8,8,0.1060441310547376,False,0.12291287415087393,0.22981061721126483,,,1.0,100,43
blind_raw_eigengap,4,0.09719502200527287,False,0.0897123068287336,,,,1.0,100,44
oracle_k2,2,0.0658549424188663,False,0.046848034516981295,,0.06549707602339182,0.27828711563855874,1.0,100,44
oracle_k8,8,0.08953323004732339,False,0.12301907571689326,0.19537672889060836,,,1.0,100,44
blind_raw_eigengap,3,0.09404634926239679,False,0.0815667260524783,,,,1.0,100,45
oracle_k2,2,0.11204518898485258,False,0.05318033006991322,,-0.01992678416424501,0.9166320715552704,1.0,100,45
oracle_k8,8,0.0724017158773318,False,0.1325723630144523,0.17126156843643447,,,1.0,100,45
blind_raw_eigengap,3,0.0893690901538374,False,0.07014378638754158,,,,1.0,100,46
oracle_k2,2,0.1003581260069685,False,0.04900544823357054,,-0.01992678416424501,0.7605389289353511,1.0,100,46
oracle_k8,8,0.07683659491576192,False,0.12979635273320644,0.13317802368472142,,,1.0,100,46
blind_raw_eigengap,2,0.10363303296667428,False,0.04896465363586566,,-0.01992678416424501,0.7605389289353511,1.0,100,47
oracle_k2,2,0.10363303296667428,False,0.04896465363586566,,-0.01992678416424501,0.7605389289353511,1.0,100,47
oracle_k8,8,0.0794485472083182,False,0.12816471322087022,0.2974179770918268,,,1.0,100,47
blind_raw_eigengap,5,0.09441047708485678,False,0.09032650076457815,,,,1.0,100,48
oracle_k2,2,0.07916455593118663,False,0.04536884960811841,,-0.005432937181663837,0.4910771552537257,1.0,100,48
oracle_k8,8,0.09002684145874815,False,0.129841609926816,0.32747527129549603,,,1.0,100,48
blind_raw_eigengap,4,0.09334293783215467,False,0.082599408993414,,,,1.0,100,49
oracle_k2,2,0.06818079401202987,False,0.05052590867897372,,-0.01992678416424501,0.27806921538287355,1.0,100,49
oracle_k8,8,0.07569316924332094,False,0.1364858678152791,0.1605513492525723,,,1.0,100,49
blind_raw_eigengap,4,0.08590876537114248,False,0.09321921300154641,,,,1.0,100,50
oracle_k2,2,0.05633279007986103,False,0.0463558749672019,,0.02352852456543871,0.278722521775197,1.0,100,50
oracle_k8,8,0.08689023509342618,False,0.1423453333571292,0.1798417087823019,,,1.0,100,50
blind_raw_eigengap,4,0.0843125210903561,False,0.09168328095637009,,,,1.0,100,51
oracle_k2,2,0.06575899929214205,False,0.04915982632732798,,0.06521492999207458,0.27806921538287355,1.0,100,51
oracle_k8,8,0.08384863252233805,False,0.12295161542388518,0.2555729370355886,,,1.0,100,51
blind_raw_eigengap,3,0.0853368280515033,False,0.08249457896323233,,,,1.0,100,52
oracle_k2,2,0.0951364657597153,False,0.049490230200835796,,-0.01992678416424501,0.7605389289353511,1.0,100,52
oracle_k8,8,0.10304770528299376,False,0.1342246995895092,0.2811495372625426,,,1.0,100,52
blind_raw_eigengap,4,0.08554098084153519,False,0.0908391071854326,,,,1.0,100,53
oracle_k2,2,0.08459202236083116,False,0.05316569272649385,,-0.005432937181663837,0.6187511790228258,1.0,100,53
oracle_k8,8,0.08888448703093091,False,0.1288767215186681,0.22817631806395852,,,1.0,100,53
blind_raw_eigengap,8,0.07984085042367481,False,0.133398669643265,0.1184688995215311,,,1.0,100,54
oracle_k2,2,0.11204518898485227,False,0.046375140295902506,,-0.01992678416424501,0.9166320715552704,1.0,100,54
oracle_k8,8,0.0802557212551141,False,0.1336461628996172,0.2135603056388432,,,1.0,100,54
blind_raw_eigengap,4,0.09397484950838178,False,0.07730067486569593,,,,1.0,100,55
oracle_k2,2,0.09585938931779717,False,0.04721113326264657,,-0.005432937181663837,0.6187511790228258,1.0,100,55
oracle_k8,8,0.09316138192433038,False,0.12173087127490471,0.25864690231851006,,,1.0,100,55
blind_raw_eigengap,3,0.0741218145695727,False,0.060863410654697886,,,,1.0,100,56
oracle_k2,2,0.09895355949082729,False,0.03610828382942918,,-0.014490566037735849,0.8368301886792453,1.0,100,56
oracle_k8,8,0.0890430402865428,False,0.12629360593993033,0.13173421027178644,,,1.0,100,56
blind_raw_eigengap,12,0.07864350553221755,False,0.15915454228235829,,,,1.0,100,57
oracle_k2,2,0.09689872040144884,False,0.05735379355823963,,0.006642512077294686,0.3259359903381642,1.0,100,57
oracle_k8,8,0.09168676464709377,False,0.11909542979363964,0.1560200176626435,,,1.0,100,57
blind_raw_eigengap,3,0.09607183354268188,False,0.07356862266917787,,,,1.0,100,58
oracle_k2,2,0.06132607995312428,False,0.057026180292767716,,0.022644072913914782,0.37740121523191306,1.0,100,58
oracle_k8,8,0.09819817960684682,False,0.12546731483171347,0.3368999147807973,,,1.0,100,58
blind_raw_eigengap,3,0.10052114477859209,False,0.06900226095291416,,,,1.0,100,59
oracle_k2,2,0.08593765305652004,False,0.05680079765498972,,-0.005432937181663837,0.6187511790228258,1.0,100,59
oracle_k8,8,0.07889275204370008,False,0.13431429032987727,0.20673214455993133,,,1.0,100,59
blind_raw_eigengap,3,0.08624896037941646,False,0.07799524786828033,,,,1.0,100,60
oracle_k2,2,0.06224912118938958,False,0.056355975138555336,,0.022644072913914782,0.19292750122655394,1.0,100,60
oracle_k8,8,0.07815267220349448,False,0.13014483295785034,0.2038605475674611,,,1.0,100,60
blind_raw_eigengap,5,0.08827533777376192,False,0.09160625993524583,,,,1.0,100,61
oracle_k2,2,0.1120451889848521,False,0.03812183318762891,,-0.01992678416424501,0.9166320715552704,1.0,100,61
oracle_k8,8,0.07922771359277483,False,0.12265062043039589,0.12834854283191052,,,1.0,100,61
blind_raw_eigengap,6,0.08840910142668024,False,0.11356030517113612,,,,1.0,100,62
oracle_k2,2,0.095319498960524,False,0.041957918013440725,,-0.01992678416424501,0.6186360720081518,1.0,100,62
oracle_k8,8,0.0824414027028969,False,0.12901045526816604,0.2191491404974551,,,1.0,100,62
blind_raw_eigengap,3,0.09566465839521557,False,0.07545761194718235,,,,1.0,100,63
oracle_k2,2,0.10317562922550585,False,0.05475097716237276,,-0.01992678416424501,0.7605389289353511,1.0,100,63
oracle_k8,8,0.08173204162797493,False,0.13302728884697643,0.32909659757528353,,,1.0,100,63
blind_raw_eigengap,4,0.08461511903356059,False,0.07829316079125023,,,,1.0,100,64
oracle_k2,2,3.608224830031759e-16,True,0.040752898098014724,,-0.021739130434782608,1.0,1.0,100,64
oracle_k8,8,0.0731777460368339,False,0.12343338596742233,0.17357780912082746,,,1.0,100,64
blind_raw_eigengap,4,0.0784975204014722,False,0.08513928008607285,,,,1.0,100,65
oracle_k2,2,0.060446446694290584,False,0.05693844561685952,,-0.019618939822674968,0.37758913412563666,1.0,100,65
oracle_k8,8,0.08602530273305188,False,0.12253996748647034,0.21811460258780038,,,1.0,100,65
blind_raw_eigengap,3,0.0940512517220608,False,0.07723243480865201,,,,1.0,100,66
oracle_k2,2,0.07746322200282282,False,0.05179648489819414,,0.006792452830188679,0.43245283018867925,1.0,100,66
oracle_k8,8,0.09240884989248194,False,0.12121454680908901,0.16967579110852263,,,1.0,100,66
blind_raw_eigengap,4,0.0935921325037693,False,0.0832687229701558,,,,1.0,100,67
oracle_k2,2,0.08424069109830826,False,0.04762967716107284,,-0.005432937181663837,0.37758913412563666,1.0,100,67
oracle_k8,8,0.08017598990964742,False,0.12661784527895054,0.2118350038550501,,,1.0,100,67
blind_raw_eigengap,2,0.10511121228718781,False,0.04155395321393864,,-0.021739130434782608,0.8368055555555556,1.0,100,68
oracle_k2,2,0.10511121228718781,False,0.04155395321393864,,-0.021739130434782608,0.8368055555555556,1.0,100,68
oracle_k8,8,0.09080394399949644,False,0.13408358193514636,0.29233476730543606,,,1.0,100,68
blind_raw_eigengap,4,0.09588742482519587,False,0.08782924506726336,,,,1.0,100,69
oracle_k2,2,0.1120451889848523,False,0.045133476958340246,,-0.01992678416424501,0.9166320715552704,1.0,100,69
oracle_k8,8,0.08349289784989516,False,0.12552888891951983,0.2661912104857363,,,1.0,100,69
blind_raw_eigengap,4,0.08417375410424346,False,0.0895685107651536,,,,1.0,100,70
oracle_k2,2,0.057488724872794356,False,0.050389303064809134,,0.022644072913914782,0.27806921538287355,1.0,100,70
oracle_k8,8,0.0931052210451403,False,0.12791464588142493,0.24623067319696534,,,1.0,100,70
blind_raw_eigengap,4,0.09664092312465138,False,0.08643019100562577,,,,1.0,100,71
oracle_k2,2,0.07981324489445357,False,0.05295029626002157,,-0.005432937181663837,0.6187511790228258,1.0,100,71
oracle_k8,8,0.07806413432394373,False,0.13212638433481277,0.14378957622990746,,,1.0,100,71
blind_raw_eigengap,4,0.09679666750763165,False,0.08828331638182645,,,,1.0,100,72
oracle_k2,2,0.0488139006394126,False,0.04964111524204403,,-0.019618939822674968,0.27828711563855874,1.0,100,72
oracle_k8,8,0.088908773807416,False,0.13009356298626845,0.2517957678120753,,,1.0,100,72
blind_raw_eigengap,3,0.0873860105040371,False,0.07053399151708357,,,,1.0,100,73
oracle_k2,2,0.07599920707066418,False,0.05124542775886202,,-0.019003808302854343,0.4913841861166623,1.0,100,73
oracle_k8,8,0.0774850704185773,False,0.13386837007329175,0.23540669856459331,,,1.0,100,73
blind_raw_eigengap,3,0.0824736816820558,False,0.07037483325043542,,,,1.0,100,74
oracle_k2,2,4.163336342344337e-16,True,0.04618717895321393,,-0.021739130434782608,1.0,1.0,100,74
oracle_k8,8,0.09838927782725983,False,0.13051274768607812,0.31429388767044913,,,1.0,100,74
blind_raw_eigengap,3,0.09314159085455416,False,0.07320598427691663,,,,1.0,100,75
oracle_k2,2,0.05858522008036374,False,0.062187027695078716,,0.022644072913914782,0.27806921538287355,1.0,100,75
oracle_k8,8,0.08961268525692778,False,0.12727155239601398,0.3135699777541348,,,1.0,100,75
blind_raw_eigengap,4,0.08555587189138027,False,0.08803927104440361,,,,1.0,100,76
oracle_k2,2,0.0493985799936523,False,0.048703298999642465,,0.009036144578313253,0.2355421686746988,1.0,100,76
oracle_k8,8,0.08117872646564313,False,0.12445536159891814,0.23899251964776064,,,1.0,100,76
blind_raw_eigengap,4,0.09651092887821872,False,0.08745817389105183,,,,1.0,100,77
oracle_k2,2,0.07851677336064916,False,0.047896122747674845,,-0.019003808302854343,0.6189811847215414,1.0,100,77
oracle_k8,8,0.08728137741924867,False,0.12832325188155722,0.3156668608037274,,,1.0,100,77
blind_raw_eigengap,5,0.07858654084077217,False,0.09545520319303476,,,,1.0,100,78
oracle_k2,2,0.05724799967533911,False,0.05012867902262944,,0.006642512077294686,0.15564613526570048,1.0,100,78
oracle_k8,8,0.08917804268069125,False,0.1327466997958764,0.22800156433320298,,,1.0,100,78
blind_raw_eigengap,3,0.09464706213892185,False,0.06309822036992889,,,,1.0,100,79
oracle_k2,2,0.06996264198258129,False,0.04792171245241356,,0.00724200362100181,0.23415811707905854,1.0,100,79
oracle_k8,8,0.07176495065222935,False,0.1235909507013367,0.1605513492525723,,,1.0,100,79
blind_raw_eigengap,3,0.08376575967736075,False,0.06449514613281923,,,,1.0,100,80
oracle_k2,2,0.0833351123533104,False,0.05112140774677218,,-0.014643719806763286,0.4323671497584541,1.0,100,80
oracle_k8,8,0.08685945798327638,False,0.12357559285841586,0.17126156843643447,,,1.0,100,80
blind_raw_eigengap,3,0.09362372698738917,False,0.07251836937550989,,,,1.0,100,81
oracle_k2,2,0.06955520878928706,False,0.06151386575038178,,0.006642512077294686,0.23369565217391305,1.0,100,81
oracle_k8,8,0.07696073873744623,False,0.12266178437063587,0.12190979430081147,,,1.0,100,81
blind_raw_eigengap,3,0.07911636606880032,False,0.06921636258597647,,,,1.0,100,82
oracle_k2,2,0.04778958745655157,False,0.05704779136636118,,-0.004826364013423325,0.278722521775197,1.0,100,82
oracle_k8,8,0.07742141656591078,False,0.1323115330387521,0.18084707646176912,,,1.0,100,82
blind_raw_eigengap,2,0.058680685746647476,False,0.04039167544524175,,-0.005432937181663837,0.37758913412563666,1.0,100,83
oracle_k2,2,0.058680685746647476,False,0.04039167544524175,,-0.005432937181663837,0.37758913412563666,1.0,100,83
oracle_k8,8,0.09262677429954655,False,0.12561779193360964,0.24078297225389586,,,1.0,100,83
blind_raw_eigengap,2,0.07688857603154187,False,0.061053239793464054,,0.022644072913914782,0.49092350077367247,1.0,100,84
oracle_k2,2,0.07688857603154187,False,0.061053239793464054,,0.022644072913914782,0.49092350077367247,1.0,100,84
oracle_k8,8,0.09452042887941592,False,0.11991077293583585,0.24638247946812672,,,1.0,100,84
blind_raw_eigengap,4,0.08081075419855775,False,0.09208741935009435,,,,1.0,100,85
oracle_k2,2,0.11204518898485219,False,0.040731960475262306,,-0.01992678416424501,0.9166320715552704,1.0,100,85
oracle_k8,8,0.07880273070053669,False,0.13609883781723023,0.2033898305084746,,,1.0,100,85
blind_raw_eigengap,5,0.09004716338980168,False,0.0942794924616932,,,,1.0,100,86
oracle_k2,2,0.08344479220299339,False,0.05355641652434731,,0.006792452830188679,0.43245283018867925,1.0,100,86
oracle_k8,8,0.07470936197910327,False,0.11855018345562383,0.154477903793508,,,1.0,100,86
blind_raw_eigengap,2,0.06915041490694349,False,0.05844953666656195,,0.009036144578313253,0.2355421686746988,1.0,100,87
oracle_k2,2,0.06915041490694349,False,0.05844953666656195,,0.009036144578313253,0.2355421686746988,1.0,100,87
oracle_k8,8,0.07985492771426136,False,0.13534809464686706,0.2027756360832691,,,1.0,100,87
blind_raw_eigengap,3,0.0918293661176133,False,0.0647777090201432,,,,1.0,100,88
oracle_k2,2,0.06142548888596763,False,0.05435288160324917,,0.022939068100358423,0.27828711563855874,1.0,100,88
oracle_k8,8,0.08022767974937114,False,0.11934197354997805,0.23540669856459331,,,1.0,100,88
blind_raw_eigengap,3,0.08125268548855066,False,0.07907856024595163,,,,1.0,100,89
oracle_k2,2,0.057159945927286016,False,0.07103429126752743,,0.006642512077294686,0.3259359903381642,1.0,100,89
oracle_k8,8,0.09719347173206536,False,0.12968373577003842,0.29233476730543606,,,1.0,100,89
blind_raw_eigengap,3,0.08825205330062129,False,0.0750114852320559,,,,1.0,100,90
oracle_k2,2,0.08150942205949427,False,0.05023159891642231,,0.006792452830188679,0.5530566037735849,1.0,100,90
oracle_k8,8,0.08758513310279586,False,0.13314787533246633,0.2765108323831243,,,1.0,100,90
blind_raw_eigengap,4,0.08770769045946107,False,0.08655804198726204,,,,1.0,100,91
oracle_k2,2,0.1027899321202769,False,0.0434141156462585,,-0.014643719806763286,0.8368055555555556,1.0,100,91
oracle_k8,8,0.08182674322913691,False,0.13646813333889773,0.27138755980861246,,,1.0,100,91
blind_raw_eigengap,3,0.07389666998569687,False,0.06723383616299923,,,,1.0,100,92
oracle_k2,2,0.07656744571666194,False,0.04878705814741089,,0.00724200362100181,0.43270971635485816,1.0,100,92
oracle_k8,8,0.09125421194131375,False,0.13358742714641478,0.1485185884129081,,,1.0,100,92
blind_raw_eigengap,4,0.09447176072195489,False,0.08419308973113455,,,,1.0,100,93
oracle_k2,2,0.11204518898485233,False,0.0471917618219987,,-0.01992678416424501,0.9166320715552704,1.0,100,93
oracle_k8,8,0.08202632003145252,False,0.12453455281495411,0.21398707715697454,,,1.0,100,93
blind_raw_eigengap,2,0.09268062260892926,False,0.047358016680526194,,-0.019618939822674968,0.6187511790228258,1.0,100,94
oracle_k2,2,0.09268062260892926,False,0.047358016680526194,,-0.019618939822674968,0.6187511790228258,1.0,100,94
oracle_k8,8,0.08037818726052853,False,0.12723044325408772,0.12980106362024818,,,1.0,100,94
blind_raw_eigengap,4,0.08188999222425551,False,0.08722920713865419,,,,1.0,100,95
oracle_k2,2,0.056576244438076184,False,0.055152172942209476,,0.06521492999207458,0.27806921538287355,1.0,100,95
oracle_k8,8,0.09007265521658528,False,0.12412806132519216,0.21569562315247448,,,1.0,100,95
blind_raw_eigengap,2,0.07079434297998924,False,0.052087507656382454,,0.00724200362100181,0.43270971635485816,1.0,100,96
oracle_k2,2,0.07079434297998924,False,0.052087507656382454,,0.00724200362100181,0.43270971635485816,1.0,100,96
oracle_k8,8,0.08811952975988631,False,0.12490487382643219,0.18792467482042322,,,1.0,100,96
blind_raw_eigengap,2,0.0635613545940136,False,0.046204789125925766,,-0.005736498471525078,0.19292750122655394,1.0,100,97
oracle_k2,2,0.0635613545940136,False,0.046204789125925766,,-0.005736498471525078,0.19292750122655394,1.0,100,97
oracle_k8,8,0.0818398076182911,False,0.1305143598866031,0.154477903793508,,,1.0,100,97
blind_raw_eigengap,2,0.07560361602153298,False,0.05707393580871486,,0.006792452830188679,0.23381132075471697,1.0,100,98
oracle_k2,2,0.07560361602153298,False,0.05707393580871486,,0.006792452830188679,0.23381132075471697,1.0,100,98
oracle_k8,8,0.0818989987825372,False,0.1262777534060565,0.13463224549439845,,,1.0,100,98
blind_raw_eigengap,4,0.06648345269450406,False,0.08463162087698144,,,,1.0,100,99
oracle_k2,2,0.10298357585571635,False,0.04381151294603952,,-0.02158490566037736,0.8368301886792453,1.0,100,99
oracle_k8,8,0.07777932806747818,False,0.12636748286193544,0.12547491475888942,,,1.0,100,99
blind_raw_eigengap,4,0.029254911086970162,False,0.04512411140730868,,,,1.0,500,0
oracle_k2,2,0.04982119914748026,False,0.0316134211037969,,0.23369565217391305,0.23369565217391305,1.0,500,0
oracle_k8,8,0.10210858135682316,False,0.06344510641899027,0.30696466660484095,,,1.0,500,0
blind_raw_eigengap,4,0.029254911086970092,False,0.04641316783294458,,,,1.0,500,1
oracle_k2,2,0.10278993212027676,False,0.024299068827597702,,-0.014643719806763286,0.8368055555555556,1.0,500,1
oracle_k8,8,0.07590973340540214,False,0.07300716266099895,0.19873356064296152,,,1.0,500,1
blind_raw_eigengap,4,0.02925491108697008,False,0.04589400755303788,,,,1.0,500,2
oracle_k2,2,0.04982119914748029,False,0.032061046996083656,,0.23369565217391305,0.23369565217391305,1.0,500,2
oracle_k8,8,0.08750065517095312,False,0.06714623287242254,0.2390344421548425,,,1.0,500,2
blind_raw_eigengap,4,0.02925491108697008,False,0.048244196378984784,,,,1.0,500,3
oracle_k2,2,4.163336342344337e-16,True,0.018206184206871638,,-0.021739130434782608,1.0,1.0,500,3
oracle_k8,8,0.08139503461769529,False,0.0668838347845311,0.12887736483242102,,,1.0,500,3
blind_raw_eigengap,4,0.029254911086970148,False,0.04817473342219261,,,,1.0,500,4
oracle_k2,2,0.11204518898485252,False,0.022257546528700965,,-0.01992678416424501,0.9166320715552704,1.0,500,4
oracle_k8,8,0.09357270006708007,False,0.06744686053492538,0.17126156843643447,,,1.0,500,4
blind_raw_eigengap,4,0.029254911086970148,False,0.048764883927579696,,,,1.0,500,5
oracle_k2,2,3.608224830031759e-16,True,0.016533615254284355,,-0.021739130434782608,1.0,1.0,500,5
oracle_k8,8,0.08076620018331739,False,0.06763829022861317,0.2571318427139553,,,1.0,500,5
blind_raw_eigengap,4,0.029254911086970092,False,0.04409108075086082,,,,1.0,500,6
oracle_k2,2,2.220446049250313e-16,True,0.017021574591006314,,-0.021739130434782608,1.0,1.0,500,6
oracle_k8,8,0.10197532951314017,False,0.06555277543354221,0.43176322661766126,,,1.0,500,6
blind_raw_eigengap,4,0.029254911086970148,False,0.04527317283127846,,,,1.0,500,7
oracle_k2,2,0.09293601728229983,False,0.02281895659592763,,-0.019618939822674968,0.7606112054329371,1.0,500,7
oracle_k8,8,0.07666282863337151,False,0.07124968080659094,0.1652438426062212,,,1.0,500,7
blind_raw_eigengap,4,0.029254911086970092,False,0.048219163056758864,,,,1.0,500,8
oracle_k2,2,3.608224830031759e-16,True,0.02045596894703218,,-0.021739130434782608,1.0,1.0,500,8
oracle_k8,8,0.10074907870727427,False,0.06463029105924799,0.44857254595228785,,,1.0,500,8
blind_raw_eigengap,4,0.02925491108697008,False,0.04691802732422525,,,,1.0,500,9
oracle_k2,2,0.062048948942266424,False,0.029983443322334425,,0.00724200362100181,0.43270971635485816,1.0,500,9
oracle_k8,8,0.08488641048438944,False,0.07336032569449819,0.4063157894736842,,,1.0,500,9
blind_raw_eigengap,4,0.029254911086969995,False,0.0490035960235477,,,,1.0,500,10
oracle_k2,2,0.07071372469983328,False,0.029860734891896983,,0.022644072913914782,0.6186360720081518,1.0,500,10
oracle_k8,8,0.07467219682901696,False,0.07288953403552935,0.07514992503748126,,,1.0,500,10
blind_raw_eigengap,4,0.02925491108697008,False,0.04949265522603577,,,,1.0,500,11
oracle_k2,2,3.608224830031759e-16,True,0.018658104880148876,,-0.021739130434782608,1.0,1.0,500,11
oracle_k8,8,0.10056149589747727,False,0.06485183783963833,0.44508995502248877,,,1.0,500,11
blind_raw_eigengap,4,0.029254911086970162,False,0.04531989336887704,,,,1.0,500,12
oracle_k2,2,0.0655454031138708,False,0.03254278160891782,,0.19292750122655394,0.27806921538287355,1.0,500,12
oracle_k8,8,0.09044109740285933,False,0.06882607679461525,0.36584425597532766,,,1.0,500,12
blind_raw_eigengap,4,0.029254911086970148,False,0.04539149450183272,,,,1.0,500,13
oracle_k2,2,3.608224830031759e-16,True,0.017937501735966453,,-0.021739130434782608,1.0,1.0,500,13
oracle_k8,8,0.08652447810285338,False,0.07066230508567545,0.20617355853232383,,,1.0,500,13
blind_raw_eigengap,4,3.608224830031759e-16,True,0.029811826613351106,,,,1.0,500,14
oracle_k2,2,0.05601734229268712,False,0.030861484506866793,,-0.0203527815468114,0.32685059550731194,1.0,500,14
oracle_k8,8,0.09272742780423587,False,0.06530721445446913,0.20616853313750688,,,1.0,500,14
blind_raw_eigengap,4,0.029254911086970092,False,0.048230811951571695,,,,1.0,500,15
oracle_k2,2,2.220446049250313e-16,True,0.020738254451017967,,-0.021739130434782608,1.0,1.0,500,15
oracle_k8,8,0.09159339059181343,False,0.06325333730714981,0.5186133543431161,,,1.0,500,15
blind_raw_eigengap,4,0.029254911086969995,False,0.048012606908808174,,,,1.0,500,16
oracle_k2,2,0.10278993212027687,False,0.0235551030469683,,-0.014643719806763286,0.8368055555555556,1.0,500,16
oracle_k8,8,0.0811374980009183,False,0.06368926028186907,0.2933693138010794,,,1.0,500,16
blind_raw_eigengap,4,0.029254911086970162,False,0.048791833277796286,,,,1.0,500,17
oracle_k2,2,0.05207668692896697,False,0.0381695482568507,,0.1219760727629543,0.37740121523191306,1.0,500,17
oracle_k8,8,0.08086763348092225,False,0.0711313270132294,0.31909857021115423,,,1.0,500,17
blind_raw_eigengap,4,0.029254911086970148,False,0.04549104465178274,,,,1.0,500,18
oracle_k2,2,0.1000154251503381,False,0.027745025433179676,,-0.01992678416424501,0.7605389289353511,1.0,500,18
oracle_k8,8,0.08929589522397877,False,0.07485981212626724,0.398266692928895,,,1.0,500,18
blind_raw_eigengap,4,0.029254911086970162,False,0.04748417194268578,,,,1.0,500,19
oracle_k2,2,0.07323676095688833,False,0.03206506954590722,,0.022644072913914782,0.6186360720081518,1.0,500,19
oracle_k8,8,0.09436861222975772,False,0.06943761010055084,0.28829353523587653,,,1.0,500,19
blind_raw_eigengap,4,0.10998613641520202,False,0.051971421171299874,,,,1.0,500,20
oracle_k2,2,3.608224830031759e-16,True,0.021484622809210336,,-0.021739130434782608,1.0,1.0,500,20
oracle_k8,8,0.08584418456104619,False,0.06911062899427346,0.4185094982951778,,,1.0,500,20
blind_raw_eigengap,4,0.029254911086970148,False,0.04480857769632344,,,,1.0,500,21
oracle_k2,2,0.06464691041859524,False,0.029173116797368847,,0.15577358490566037,0.23381132075471697,1.0,500,21
oracle_k8,8,0.06449757306594656,False,0.06676032289838957,0.1198501872659176,,,1.0,500,21
blind_raw_eigengap,4,0.02925491108697008,False,0.045539264689547936,,,,1.0,500,22
oracle_k2,2,3.608224830031759e-16,True,0.017381690414687654,,-0.021739130434782608,1.0,1.0,500,22
oracle_k8,8,0.08316484484868855,False,0.07099971198687116,0.2719922065270336,,,1.0,500,22
blind_raw_eigengap,4,0.029254911086970148,False,0.04809071976007997,,,,1.0,500,23
oracle_k2,2,0.07816723256859945,False,0.02881923185395996,,0.006792452830188679,0.5530566037735849,1.0,500,23
oracle_k8,8,0.07378611274225286,False,0.07491623997157233,0.22442244224422442,,,1.0,500,23
blind_raw_eigengap,4,0.029254911086970148,False,0.04721556703321115,,,,1.0,500,24
oracle_k2,2,0.09629077175991,False,0.023274096771760244,,-0.014490566037735849,0.8368301886792453,1.0,500,24
oracle_k8,8,0.09959995133769513,False,0.06623800878574854,0.4526086544834769,,,1.0,500,24
blind_raw_eigengap,4,0.029254911086970162,False,0.048376471731645,,,,1.0,500,25
oracle_k2,2,0.07252098059507828,False,0.032653970382519854,,0.04341926729986431,0.4331373435851048,1.0,500,25
oracle_k8,8,0.0716560767218817,False,0.06762591553328398,0.16967579110852263,,,1.0,500,25
blind_raw_eigengap,4,0.02925491108697008,False,0.043268993668777074,,,,1.0,500,26
oracle_k2,2,0.06619139562536264,False,0.033937205589186385,,0.15577358490566037,0.23381132075471697,1.0,500,26
oracle_k8,8,0.09301213787010272,False,0.06320094030664919,0.27525057825751736,,,1.0,500,26
blind_raw_eigengap,4,2.914335439641036e-16,True,0.03458508275019438,,,,1.0,500,27
oracle_k2,2,0.09629077175990994,False,0.02108458001045573,,-0.014490566037735849,0.8368301886792453,1.0,500,27
oracle_k8,8,0.0710723866066872,False,0.07008536174065509,0.25940516052787077,,,1.0,500,27
blind_raw_eigengap,4,0.029254911086970162,False,0.05067938464956126,,,,1.0,500,28
oracle_k2,2,0.06131516687067309,False,0.03344638591375302,,0.15577358490566037,0.23381132075471697,1.0,500,28
oracle_k8,8,0.07993241453177055,False,0.06446872731888827,0.1041705982260804,,,1.0,500,28
blind_raw_eigengap,4,0.029254911086969995,False,0.042484588470509836,,,,1.0,500,29
oracle_k2,2,0.1120451889848523,False,0.022989855250324442,,-0.01992678416424501,0.9166320715552704,1.0,500,29
oracle_k8,8,0.08185653007813884,False,0.06318804920030778,0.24452021432050658,,,1.0,500,29
blind_raw_eigengap,4,0.029254911086970092,False,0.048961846051316225,,,,1.0,500,30
oracle_k2,2,0.1027899321202769,False,0.0242001742910313,,-0.014643719806763286,0.8368055555555556,1.0,500,30
oracle_k8,8,0.08896639777623139,False,0.06624752752528786,0.3107156824403598,,,1.0,500,30
blind_raw_eigengap,4,0.029254911086969995,False,0.04875533155614795,,,,1.0,500,31
oracle_k2,2,0.09304273303581365,False,0.024437238842009646,,-0.005736498471525078,0.7605389289353511,1.0,500,31
oracle_k8,8,0.07432950476561614,False,0.06747275097017874,0.1379045423989244,,,1.0,500,31
blind_raw_eigengap,4,0.029254911086970092,False,0.0425184521826058,,,,1.0,500,32
oracle_k2,2,0.08862236802021894,False,0.028613482107687178,,0.006792452830188679,0.6878490566037736,1.0,500,32
oracle_k8,8,0.08645856351248346,False,0.06993313890687908,0.29233476730543606,,,1.0,500,32
blind_raw_eigengap,4,0.029254911086970148,False,0.04846251249583472,,,,1.0,500,33
oracle_k2,2,0.11204518898485238,False,0.018457682061492234,,-0.01992678416424501,0.9166320715552704,1.0,500,33
oracle_k8,8,0.08554182071762927,False,0.06743661326248185,0.4243062200956938,,,1.0,500,33
blind_raw_eigengap,4,0.029254911086969995,False,0.04644951682772409,,,,1.0,500,34
oracle_k2,2,0.06291856790140979,False,0.0321015801876578,,-0.018082501412695424,0.4918440384253155,1.0,500,34
oracle_k8,8,0.08435203112965561,False,0.06871211311330841,0.22237541855426432,,,1.0,500,34
blind_raw_eigengap,4,0.029254911086970162,False,0.04667899589025881,,,,1.0,500,35
oracle_k2,2,0.09895355949082735,False,0.021170567007666074,,-0.014490566037735849,0.8368301886792453,1.0,500,35
oracle_k8,8,0.07034114518739272,False,0.06612261160651245,0.13502431581958615,,,1.0,500,35
blind_raw_eigengap,4,0.029254911086969995,False,0.048146312340331,,,,1.0,500,36
oracle_k2,2,0.06915221767440138,False,0.028420009917039368,,0.04341926729986431,0.4331373435851048,1.0,500,36
oracle_k8,8,0.09192367597257278,False,0.06955277981834705,0.2300918473629391,,,1.0,500,36
blind_raw_eigengap,4,0.029254911086970148,False,0.04620366822170388,,,,1.0,500,37
oracle_k2,2,0.07022166537033106,False,0.03323993821869866,,0.04269764634882318,0.43270971635485816,1.0,500,37
oracle_k8,8,0.0785274664833702,False,0.07338499266467556,0.2027756360832691,,,1.0,500,37
blind_raw_eigengap,4,0.029254911086970092,False,0.04847811840497612,,,,1.0,500,38
oracle_k2,2,0.09629077175990994,False,0.022769620659099498,,-0.014490566037735849,0.8368301886792453,1.0,500,38
oracle_k8,8,0.06849060082061051,False,0.06954140578218497,0.09014470082127493,,,1.0,500,38
blind_raw_eigengap,4,0.029254911086969995,False,0.04710099411307342,,,,1.0,500,39
oracle_k2,2,0.04982119914748029,False,0.030609536010887978,,0.23369565217391305,0.23369565217391305,1.0,500,39
oracle_k8,8,0.08236762022007087,False,0.07217587456827937,0.2943773918163085,,,1.0,500,39
blind_raw_eigengap,4,0.029254911086970092,False,0.046227215928024,,,,1.0,500,40
oracle_k2,2,0.08437435461505025,False,0.026218770100873433,,-0.005432937181663837,0.7606112054329371,1.0,500,40
oracle_k8,8,0.07759302378861412,False,0.06721813901283569,0.19206760779794488,,,1.0,500,40
blind_raw_eigengap,4,0.029254911086970092,False,0.04356145173830944,,,,1.0,500,41
oracle_k2,2,0.09860887901505982,False,0.01994288019270976,,-0.02158490566037736,0.8368301886792453,1.0,500,41
oracle_k8,8,0.07341230992221609,False,0.07164926386488206,0.16366836136096988,,,1.0,500,41
blind_raw_eigengap,4,0.029254911086969995,False,0.04581265966899922,,,,1.0,500,42
oracle_k2,2,0.07663319330480486,False,0.028885552353319115,,0.006792452830188679,0.5530566037735849,1.0,500,42
oracle_k8,8,0.09811565556414867,False,0.06791231919824423,0.22620555284948857,,,1.0,500,42
blind_raw_eigengap,4,0.10998613641520187,False,0.04490639829168864,,,,1.0,500,43
oracle_k2,2,0.04469532687308808,False,0.02963758050606673,,-0.010828696044517973,0.32847044668371184,1.0,500,43
oracle_k8,8,0.06984893704488374,False,0.06893867853980055,0.1485185884129081,,,1.0,500,43
blind_raw_eigengap,4,0.029254911086970092,False,0.04770202987892924,,,,1.0,500,44
oracle_k2,2,0.05597706979310385,False,0.026525633089276694,,-0.015328549423300898,0.2813239658864635,1.0,500,44
oracle_k8,8,0.09781919017521329,False,0.06639630019508762,0.3033067274800456,,,1.0,500,44
blind_raw_eigengap,4,0.029254911086970092,False,0.049545221037431975,,,,1.0,500,45
oracle_k2,2,0.05350973151418509,False,0.03039554103788042,,0.12224108658743633,0.37758913412563666,1.0,500,45
oracle_k8,8,0.08376108420751299,False,0.0681045985635885,0.24452021432050658,,,1.0,500,45
blind_raw_eigengap,4,0.029254911086969995,False,0.0466547400866378,,,,1.0,500,46
oracle_k2,2,0.07691010189562156,False,0.025793465472128945,,0.022644072913914782,0.6186360720081518,1.0,500,46
oracle_k8,8,0.07823185810337793,False,0.0678803756292497,0.14545454545454545,,,1.0,500,46
blind_raw_eigengap,4,0.029254911086970148,False,0.048707972342552475,,,,1.0,500,47
oracle_k2,2,2.220446049250313e-16,True,0.021145567730466896,,-0.021739130434782608,1.0,1.0,500,47
oracle_k8,8,0.07173240955131704,False,0.07093497196873934,0.1499857967995455,,,1.0,500,47
blind_raw_eigengap,4,0.029254911086969995,False,0.04552789347995113,,,,1.0,500,48
oracle_k2,2,0.049821199147480344,False,0.031186859428380963,,0.23369565217391305,0.23369565217391305,1.0,500,48
oracle_k8,8,0.09210113554071697,False,0.06962485951136432,0.3360935216755967,,,1.0,500,48
blind_raw_eigengap,4,0.02925491108697008,False,0.04384531545040543,,,,1.0,500,49
oracle_k2,2,0.11204518898485236,False,0.019652258523314887,,-0.01992678416424501,0.9166320715552704,1.0,500,49
oracle_k8,8,0.10098077313934015,False,0.06471357664283105,0.2862946126317826,,,1.0,500,49
blind_raw_eigengap,4,0.029254911086970092,False,0.04522248139509053,,,,1.0,500,50
oracle_k2,2,0.07071372469983331,False,0.03122029495501995,,0.022644072913914782,0.6186360720081518,1.0,500,50
oracle_k8,8,0.08739845021612203,False,0.06701585516578464,0.1782592170277461,,,1.0,500,50
blind_raw_eigengap,4,0.029254911086969995,False,0.0480000833055648,,,,1.0,500,51
oracle_k2,2,2.220446049250313e-16,True,0.01961271630141932,,-0.021739130434782608,1.0,1.0,500,51
oracle_k8,8,0.08979186158216963,False,0.07275792601493473,0.2719922065270336,,,1.0,500,51
blind_raw_eigengap,4,0.02925491108697008,False,0.04611653060091081,,,,1.0,500,52
oracle_k2,2,3.608224830031759e-16,True,0.01708326042274254,,-0.021739130434782608,1.0,1.0,500,52
oracle_k8,8,0.08651289186109137,False,0.06885763285438239,0.1961231470923603,,,1.0,500,52
blind_raw_eigengap,4,0.02925491108697008,False,0.04341537543041208,,,,1.0,500,53
oracle_k2,2,0.1120451889848523,False,0.0212264284367496,,-0.01992678416424501,0.9166320715552704,1.0,500,53
oracle_k8,8,0.0896448556676934,False,0.06618473463392303,0.3135699777541348,,,1.0,500,53
blind_raw_eigengap,4,0.029254911086969995,False,0.04881793568810397,,,,1.0,500,54
oracle_k2,2,0.08459202236083116,False,0.02536932854699972,,-0.005432937181663837,0.6187511790228258,1.0,500,54
oracle_k8,8,0.09400932552528643,False,0.06889837080570524,0.23899251964776064,,,1.0,500,54
blind_raw_eigengap,4,0.02925491108697008,False,0.04774959735643675,,,,1.0,500,55
oracle_k2,2,0.08380648036935306,False,0.02947444713201201,,0.006792452830188679,0.6878490566037736,1.0,500,55
oracle_k8,8,0.07971089002378798,False,0.06675611032556435,0.0980029225523624,,,1.0,500,55
blind_raw_eigengap,4,0.10998613641520193,False,0.045612487953617546,,,,1.0,500,56
oracle_k2,2,0.047047769310593124,False,0.029744195029563065,,-0.01685668058847876,0.37927531324077207,1.0,500,56
oracle_k8,8,0.09114741873652571,False,0.07126578565101709,0.24789319193258214,,,1.0,500,56
blind_raw_eigengap,4,0.02925491108697008,False,0.05181503387759636,,,,1.0,500,57
oracle_k2,2,0.08456735968206683,False,0.027578795517040244,,0.006642512077294686,0.6878019323671497,1.0,500,57
oracle_k8,8,0.08141091622863947,False,0.06920112506815933,0.22817631806395852,,,1.0,500,57
blind_raw_eigengap,4,0.029254911086970092,False,0.0463394979451294,,,,1.0,500,58
oracle_k2,2,3.608224830031759e-16,True,0.018179311446268363,,-0.021739130434782608,1.0,1.0,500,58
oracle_k8,8,0.08719625408329199,False,0.06779193562438517,0.026886468452556177,,,1.0,500,58
blind_raw_eigengap,4,0.029254911086970148,False,0.04581149339109186,,,,1.0,500,59
oracle_k2,2,0.059123339693499616,False,0.03316423822683581,,0.009036144578313253,0.43373493975903615,1.0,500,59
oracle_k8,8,0.08056845244493786,False,0.07069881430423958,0.1269065310911224,,,1.0,500,59
blind_raw_eigengap,4,0.09980687916416092,False,0.049990379342187564,,,,1.0,500,60
oracle_k2,2,0.06554540311387094,False,0.031200142835919733,,0.19292750122655394,0.27806921538287355,1.0,500,60
oracle_k8,8,0.07229928267787618,False,0.07608087864439783,0.151426907396622,,,1.0,500,60
blind_raw_eigengap,4,0.10998613641520188,False,0.04606364274905574,,,,1.0,500,61
oracle_k2,2,3.608224830031759e-16,True,0.018794899036191425,,-0.021739130434782608,1.0,1.0,500,61
oracle_k8,8,0.08315126033074235,False,0.0710122306470518,0.1977686659673882,,,1.0,500,61
blind_raw_eigengap,4,0.029254911086970148,False,0.04965685049427968,,,,1.0,500,62
oracle_k2,2,0.09629077175990988,False,0.021093912172300364,,-0.014490566037735849,0.8368301886792453,1.0,500,62
oracle_k8,8,0.08327516757607843,False,0.0626338829971534,0.3122386925123527,,,1.0,500,62
blind_raw_eigengap,4,0.029254911086969995,False,0.04542546928801511,,,,1.0,500,63
oracle_k2,2,0.04559338452017456,False,0.024927832042883527,,-0.017897428184689427,0.32847044668371184,1.0,500,63
oracle_k8,8,0.08440431154397582,False,0.06657896923782207,0.32054741711642254,,,1.0,500,63
blind_raw_eigengap,4,0.029254911086970148,False,0.04625519271353993,,,,1.0,500,64
oracle_k2,2,0.07879418911989974,False,0.03199218431658473,,0.022939068100358423,0.6187511790228258,1.0,500,64
oracle_k8,8,0.09347832282699851,False,0.07278350810920471,0.23719202190066485,,,1.0,500,64
blind_raw_eigengap,4,0.02925491108697008,False,0.05041942963456625,,,,1.0,500,65
oracle_k2,2,0.06606939445064539,False,0.03691511791932274,,0.04226415094339623,0.5530566037735849,1.0,500,65
oracle_k8,8,0.0868106281314696,False,0.0686047114465803,0.3589441664213522,,,1.0,500,65
blind_raw_eigengap,4,0.029254911086970092,False,0.046693907586360106,,,,1.0,500,66
oracle_k2,2,0.1120451889848525,False,0.01956979894003923,,-0.01992678416424501,0.9166320715552704,1.0,500,66
oracle_k8,8,0.09152631690408997,False,0.07028233746137026,0.3866156412520852,,,1.0,500,66
blind_raw_eigengap,4,0.029254911086970148,False,0.04717689936687771,,,,1.0,500,67
oracle_k2,2,0.0655454031138708,False,0.03162949802029923,,0.19292750122655394,0.27806921538287355,1.0,500,67
oracle_k8,8,0.08297187123190458,False,0.06867104646458834,0.17401325266493806,,,1.0,500,67
blind_raw_eigengap,4,0.029254911086970162,False,0.04367987059868933,,,,1.0,500,68
oracle_k2,2,0.06631033635301506,False,0.03389931643449445,,0.12224108658743633,0.27828711563855874,1.0,500,68
oracle_k8,8,0.09241222505251487,False,0.06689517412526332,0.3094209161624892,,,1.0,500,68
blind_raw_eigengap,4,0.02925491108697008,False,0.045402699100299905,,,,1.0,500,69
oracle_k2,2,0.06631033635301492,False,0.02824393393362723,,0.12224108658743633,0.27828711563855874,1.0,500,69
oracle_k8,8,0.08731406753100736,False,0.07067520630629491,0.35666797027766917,,,1.0,500,69
blind_raw_eigengap,4,0.029254911086970162,False,0.04982691880484283,,,,1.0,500,70
oracle_k2,2,0.05757853176618963,False,0.0339012712739905,,0.022939068100358423,0.27828711563855874,1.0,500,70
oracle_k8,8,0.08354794812031006,False,0.06800305553517288,0.17285881892843175,,,1.0,500,70
blind_raw_eigengap,4,0.029254911086970092,False,0.0461206264578474,,,,1.0,500,71
oracle_k2,2,0.1120451889848523,False,0.022563239616945768,,-0.01992678416424501,0.9166320715552704,1.0,500,71
oracle_k8,8,0.08282986827323563,False,0.06854284185273392,0.16039528696313188,,,1.0,500,71
blind_raw_eigengap,4,0.029254911086969995,False,0.0481391897145396,,,,1.0,500,72
oracle_k2,2,0.08110005351780641,False,0.027958693347038054,,0.022939068100358423,0.6187511790228258,1.0,500,72
oracle_k8,8,0.07692386027616312,False,0.07038393559295858,0.2027756360832691,,,1.0,500,72
blind_raw_eigengap,4,0.029254911086970148,False,0.04316563923136733,,,,1.0,500,73
oracle_k2,2,2.220446049250313e-16,True,0.017165701469321996,,-0.021739130434782608,1.0,1.0,500,73
oracle_k8,8,0.08871271400646812,False,0.06103124677010476,0.2843099460292984,,,1.0,500,73
blind_raw_eigengap,4,0.029254911086969995,False,0.04488078973675441,,,,1.0,500,74
oracle_k2,2,3.608224830031759e-16,True,0.015409240202205373,,-0.021739130434782608,1.0,1.0,500,74
oracle_k8,8,0.07058263762572252,False,0.06923682658922724,0.06568712186689715,,,1.0,500,74
blind_raw_eigengap,4,0.02925491108697008,False,0.04825730312118184,,,,1.0,500,75
oracle_k2,2,0.06008059973887089,False,0.02858364747444066,,0.06549707602339182,0.4910771552537257,1.0,500,75
oracle_k8,8,0.08889488161476056,False,0.06822531017822898,0.27592974192915315,,,1.0,500,75
blind_raw_eigengap,4,0.029254911086969995,False,0.049133844274130846,,,,1.0,500,76
oracle_k2,2,0.0661805012986316,False,0.028791237505887787,,0.04226415094339623,0.5530566037735849,1.0,500,76
oracle_k8,8,0.08910835051442587,False,0.0679283989314928,0.1804188991719435,,,1.0,500,76
blind_raw_eigengap,4,0.029254911086969995,False,0.04878193379984449,,,,1.0,500,77
oracle_k2,2,0.07600426231874102,False,0.029683880620101365,,-0.005736498471525078,0.49092350077367247,1.0,500,77
oracle_k8,8,0.0725928877466851,False,0.0687431543176718,0.12405358182877112,,,1.0,500,77
blind_raw_eigengap,4,0.029254911086970162,False,0.04742909308008442,,,,1.0,500,78
oracle_k2,2,3.608224830031759e-16,True,0.01526241563203066,,-0.021739130434782608,1.0,1.0,500,78
oracle_k8,8,0.08380745528467803,False,0.0714217222344581,0.29538640100589997,,,1.0,500,78
blind_raw_eigengap,4,0.02925491108697008,False,0.04590014439631234,,,,1.0,500,79
oracle_k2,2,0.11204518898485225,False,0.019724194020829956,,-0.01992678416424501,0.9166320715552704,1.0,500,79
oracle_k8,8,0.09144182882016297,False,0.061668569104069815,0.3003937385959858,,,1.0,500,79
blind_raw_eigengap,4,0.10998613641520183,False,0.04721095516225987,,,,1.0,500,80
oracle_k2,2,0.07311277215551243,False,0.02750287120843914,,0.022644072913914782,0.6186360720081518,1.0,500,80
oracle_k8,8,0.07102361143646296,False,0.07274188094018025,0.16683080559385463,,,1.0,500,80
blind_raw_eigengap,4,0.02925491108697008,False,0.043120376541152944,,,,1.0,500,81
oracle_k2,2,0.0515966168214709,False,0.03145850692997806,,0.09178743961352658,0.4323671497584541,1.0,500,81
oracle_k8,8,0.08605279432554262,False,0.06844011641892989,0.18534567658065787,,,1.0,500,81
blind_raw_eigengap,4,0.029254911086970162,False,0.04894131122959013,,,,1.0,500,82
oracle_k2,2,0.11204518898485225,False,0.01733754216829277,,-0.01992678416424501,0.9166320715552704,1.0,500,82
oracle_k8,8,0.07730295525176434,False,0.06849761603676185,0.13317802368472142,,,1.0,500,82
blind_raw_eigengap,4,0.029254911086970092,False,0.04553920915250472,,,,1.0,500,83
oracle_k2,2,0.0664351383536361,False,0.03238585941745773,,0.04226415094339623,0.5530566037735849,1.0,500,83
oracle_k8,8,0.07209765917367073,False,0.06538159357475655,0.1814354066985646,,,1.0,500,83
blind_raw_eigengap,4,0.029254911086969995,False,0.042743085638120626,,,,1.0,500,84
oracle_k2,2,4.163336342344337e-16,True,0.015741611810126937,,-0.021739130434782608,1.0,1.0,500,84
oracle_k8,8,0.07356944416452402,False,0.06623673247612318,0.1814354066985646,,,1.0,500,84
blind_raw_eigengap,4,0.029254911086970092,False,0.049784460735310454,,,,1.0,500,85
oracle_k2,2,0.06915221767440147,False,0.027107428949181157,,0.04341926729986431,0.4331373435851048,1.0,500,85
oracle_k8,8,0.08619153170023763,False,0.06952570147223618,0.37041351193942923,,,1.0,500,85
blind_raw_eigengap,4,0.029254911086970092,False,0.04467134566255692,,,,1.0,500,86
oracle_k2,2,0.06940528828403983,False,0.029130460271781008,,0.0919245283018868,0.3260377358490566,1.0,500,86
oracle_k8,8,0.08311067624043046,False,0.06249176322525158,0.28515356687273086,,,1.0,500,86
blind_raw_eigengap,4,0.1099861364152019,False,0.048192974115894405,,,,1.0,500,87
oracle_k2,2,0.06227256459158009,False,0.03396170802654303,,0.0919245283018868,0.3260377358490566,1.0,500,87
oracle_k8,8,0.07380160974493363,False,0.06812108705875965,0.24623067319696534,,,1.0,500,87
blind_raw_eigengap,4,0.029254911086970092,False,0.049736629456847724,,,,1.0,500,88
oracle_k2,2,2.220446049250313e-16,True,0.01915716745826736,,-0.021739130434782608,1.0,1.0,500,88
oracle_k8,8,0.10073623858923186,False,0.06462378710202767,0.4926754047802621,,,1.0,500,88
blind_raw_eigengap,4,0.02925491108697008,False,0.04932919582361436,,,,1.0,500,89
oracle_k2,2,0.09629077175990994,False,0.023058057788846228,,-0.014490566037735849,0.8368301886792453,1.0,500,89
oracle_k8,8,0.08085502850734369,False,0.06609564898181872,0.28314430973797416,,,1.0,500,89
blind_raw_eigengap,4,0.029254911086969995,False,0.04560006386759969,,,,1.0,500,90
oracle_k2,2,3.608224830031759e-16,True,0.018474338943976886,,-0.021739130434782608,1.0,1.0,500,90
oracle_k8,8,0.08439171110487145,False,0.07219504419159885,0.1605513492525723,,,1.0,500,90
blind_raw_eigengap,4,0.029254911086969995,False,0.05010689492391426,,,,1.0,500,91
oracle_k2,2,3.608224830031759e-16,True,0.02149442060383856,,-0.021739130434782608,1.0,1.0,500,91
oracle_k8,8,0.08947529799620295,False,0.0671703528272284,0.40691127936323046,,,1.0,500,91
blind_raw_eigengap,4,0.029254911086970092,False,0.047774922248139506,,,,1.0,500,92
oracle_k2,2,0.06905758081590355,False,0.02998366792298029,,0.04226415094339623,0.5530566037735849,1.0,500,92
oracle_k8,8,0.068266643990397,False,0.06810810263194926,0.06137359961032635,,,1.0,500,92
blind_raw_eigengap,4,0.029254911086969995,False,0.04336336498944796,,,,1.0,500,93
oracle_k2,2,0.06554540311387089,False,0.03203078545589523,,0.19292750122655394,0.27806921538287355,1.0,500,93
oracle_k8,8,0.0878823002382858,False,0.06394619661187735,0.3015252248728979,,,1.0,500,93
blind_raw_eigengap,4,0.029254911086970148,False,0.04645125236032433,,,,1.0,500,94
oracle_k2,2,0.05648111249241142,False,0.027244051925574955,,0.06521492999207458,0.49092350077367247,1.0,500,94
oracle_k8,8,0.08826035006660085,False,0.07137440014927408,0.27792003151467404,,,1.0,500,94
blind_raw_eigengap,4,0.10998613641520193,False,0.049708419546237344,,,,1.0,500,95
oracle_k2,2,0.0736649123920474,False,0.03210424790854248,,0.04269764634882318,0.5532589016294508,1.0,500,95
oracle_k8,8,0.07802346517158658,False,0.0725891205542786,0.1499177870200213,,,1.0,500,95
blind_raw_eigengap,4,0.029254911086970148,False,0.04765665611462846,,,,1.0,500,96
oracle_k2,2,0.07004404775243936,False,0.023326733800443252,,0.04269764634882318,0.5532589016294508,1.0,500,96
oracle_k8,8,0.09880540027609866,False,0.06921768168655439,0.2994641987335606,,,1.0,500,96
blind_raw_eigengap,4,0.029254911086970162,False,0.04604844218593802,,,,1.0,500,97
oracle_k2,2,0.0515870096478252,False,0.03034101200771019,,-0.0027091093802912294,0.2802423147834594,1.0,500,97
oracle_k8,8,0.07802501430052076,False,0.06537602389860737,0.08884559181685339,,,1.0,500,97
blind_raw_eigengap,4,0.029254911086969995,False,0.04776968788181717,,,,1.0,500,98
oracle_k2,2,0.07063047246550738,False,0.02314931433165519,,0.00724200362100181,0.687990343995172,1.0,500,98
oracle_k8,8,0.09007892855563063,False,0.06919663629323537,0.37261115912801307,,,1.0,500,98
blind_raw_eigengap,4,0.02925491108697008,False,0.04759725924691769,,,,1.0,500,99
oracle_k2,2,0.07864782411027418,False,0.032669636875967585,,0.022644072913914782,0.49092350077367247,1.0,500,99
oracle_k8,8,0.09767236887530176,False,0.06274597764518047,0.2555729370355886,,,1.0,500,99
blind_raw_eigengap,4,0.029254911086970162,False,0.033436790856971425,,,,1.0,5000,0
oracle_k2,2,0.04839154641035867,False,0.019646564457713903,,0.04341926729986431,0.55359565807327,1.0,5000,0
oracle_k8,8,0.021432889372921468,False,0.028672270832221586,-0.12743628185907047,,,1.0,5000,0
blind_raw_eigengap,4,0.02925491108697008,False,0.034348338527604626,,,,1.0,5000,1
oracle_k2,2,4.163336342344337e-16,True,0.005508951140684935,,-0.021739130434782608,1.0,1.0,5000,1
oracle_k8,8,0.02143288937292158,False,0.028292999982228662,-0.12743628185907047,,,1.0,5000,1
blind_raw_eigengap,4,0.029254911086970162,False,0.03422754672066485,,,,1.0,5000,2
oracle_k2,2,0.03900654811595983,False,0.02085149856648541,,-0.016216216216216217,0.23783783783783785,1.0,5000,2
oracle_k8,8,0.021432889372921517,False,0.02823980798622464,-0.12743628185907047,,,1.0,5000,2
blind_raw_eigengap,4,0.029254911086969995,False,0.03235085261046854,,,,1.0,5000,3
oracle_k2,2,3.608224830031759e-16,True,0.004639904528573374,,-0.021739130434782608,1.0,1.0,5000,3
oracle_k8,8,0.026954856566438035,False,0.025786624425439875,-0.12743628185907047,,,1.0,5000,3
blind_raw_eigengap,4,0.029254911086970162,False,0.0360075443318556,,,,1.0,5000,4
oracle_k2,2,4.163336342344337e-16,True,0.006013323812579344,,-0.021739130434782608,1.0,1.0,5000,4
oracle_k8,8,0.026954856566438007,False,0.02647462962170423,-0.12743628185907047,,,1.0,5000,4
blind_raw_eigengap,4,0.02925491108697008,False,0.033655865776696325,,,,1.0,5000,5
oracle_k2,2,0.04982119914748029,False,0.025495619133729438,,0.23369565217391305,0.23369565217391305,1.0,5000,5
oracle_k8,8,0.022499970101452035,False,0.029517461411643946,-0.12743628185907047,,,1.0,5000,5
blind_raw_eigengap,4,0.02925491108697008,False,0.03546789593124673,,,,1.0,5000,6
oracle_k2,2,4.163336342344337e-16,True,0.006617191245628508,,-0.021739130434782608,1.0,1.0,5000,6
oracle_k8,8,0.022499970101451966,False,0.026798145838118976,-0.12743628185907047,,,1.0,5000,6
blind_raw_eigengap,4,0.029254911086970162,False,0.03502955832027821,,,,1.0,5000,7
oracle_k2,2,4.163336342344337e-16,True,0.00565832895836979,,-0.021739130434782608,1.0,1.0,5000,7
oracle_k8,8,0.026954856566438007,False,0.02550360350687587,-0.12743628185907047,,,1.0,5000,7
blind_raw_eigengap,4,0.029254911086969995,False,0.03513223017566081,,,,1.0,5000,8
oracle_k2,2,0.04982119914748029,False,0.024194244284075416,,0.23369565217391305,0.23369565217391305,1.0,5000,8
oracle_k8,8,0.021432889372921475,False,0.024714309730627947,-0.12743628185907047,,,1.0,5000,8
blind_raw_eigengap,4,0.02925491108697008,False,0.03391131865048943,,,,1.0,5000,9
oracle_k2,2,2.220446049250313e-16,True,0.0048464104118576745,,-0.021739130434782608,1.0,1.0,5000,9
oracle_k8,8,0.022499970101452015,False,0.025466251289454806,-0.12743628185907047,,,1.0,5000,9
blind_raw_eigengap,4,0.02925491108697008,False,0.035284471350954964,,,,1.0,5000,10
oracle_k2,2,0.04839154641035864,False,0.022056605542029387,,0.04341926729986431,0.55359565807327,1.0,5000,10
oracle_k8,8,0.021432889372921482,False,0.025826968832477547,-0.12743628185907047,,,1.0,5000,10
blind_raw_eigengap,4,0.02925491108697008,False,0.03507260757974734,,,,1.0,5000,11
oracle_k2,2,2.220446049250313e-16,True,0.005235368837204132,,-0.021739130434782608,1.0,1.0,5000,11
oracle_k8,8,0.022499970101452015,False,0.027811828568442887,-0.12743628185907047,,,1.0,5000,11
blind_raw_eigengap,4,0.029254911086970148,False,0.03330873151450507,,,,1.0,5000,12
oracle_k2,2,3.608224830031759e-16,True,0.005161012165176413,,-0.021739130434782608,1.0,1.0,5000,12
oracle_k8,8,0.021432889372921524,False,0.02586700401987062,-0.12743628185907047,,,1.0,5000,12
blind_raw_eigengap,4,0.029254911086970092,False,0.03319723411997378,,,,1.0,5000,13
oracle_k2,2,4.163336342344337e-16,True,0.00550990127165607,,-0.021739130434782608,1.0,1.0,5000,13
oracle_k8,8,0.02249997010145198,False,0.028899187769352103,-0.12743628185907047,,,1.0,5000,13
blind_raw_eigengap,4,0.029254911086970148,False,0.03521499436129907,,,,1.0,5000,14
oracle_k2,2,0.04839154641035845,False,0.02221049655620273,,0.04341926729986431,0.55359565807327,1.0,5000,14
oracle_k8,8,0.02249997010145198,False,0.02549067824313016,-0.12743628185907047,,,1.0,5000,14
blind_raw_eigengap,4,0.029254911086969995,False,0.033968906314233965,,,,1.0,5000,15
oracle_k2,2,0.04982119914748023,False,0.026614368178876302,,0.23369565217391305,0.23369565217391305,1.0,5000,15
oracle_k8,8,0.021432889372921496,False,0.028808288352661762,-0.12743628185907047,,,1.0,5000,15
blind_raw_eigengap,4,0.029254911086970162,False,0.03249797478972923,,,,1.0,5000,16
oracle_k2,2,4.163336342344337e-16,True,0.005352513104057463,,-0.021739130434782608,1.0,1.0,5000,16
oracle_k8,8,0.04201224243784127,False,0.027200055266662974,-0.1170343717450999,,,1.0,5000,16
blind_raw_eigengap,4,0.029254911086969995,False,0.03587877070764308,,,,1.0,5000,17
oracle_k2,2,2.220446049250313e-16,True,0.006225824993125058,,-0.021739130434782608,1.0,1.0,5000,17
oracle_k8,8,0.022499970101451994,False,0.027837457689777245,-0.12743628185907047,,,1.0,5000,17
blind_raw_eigengap,4,0.029254911086969995,False,0.035630697865626705,,,,1.0,5000,18
oracle_k2,2,4.163336342344337e-16,True,0.005242408778537958,,-0.021739130434782608,1.0,1.0,5000,18
oracle_k8,8,0.02249997010145205,False,0.027412366736398408,-0.12743628185907047,,,1.0,5000,18
blind_raw_eigengap,4,0.029254911086969995,False,0.03480900150550537,,,,1.0,5000,19
oracle_k2,2,4.163336342344337e-16,True,0.005173563136973849,,-0.021739130434782608,1.0,1.0,5000,19
oracle_k8,8,0.028021937294968415,False,0.02664607452272169,-0.12743628185907047,,,1.0,5000,19
blind_raw_eigengap,4,0.029254911086969995,False,0.033921571780940636,,,,1.0,5000,20
oracle_k2,2,0.11204518898485241,False,0.010028345414337772,,-0.01992678416424501,0.9166320715552704,1.0,5000,20
oracle_k8,8,0.022499970101451987,False,0.02964110691843566,-0.12743628185907047,,,1.0,5000,20
blind_raw_eigengap,4,0.029254911086969995,False,0.03587871529282357,,,,1.0,5000,21
oracle_k2,2,4.163336342344337e-16,True,0.006347243772968557,,-0.021739130434782608,1.0,1.0,5000,21
oracle_k8,8,0.02457450294799158,False,0.026555796863411942,-0.1279297786908208,,,1.0,5000,21
blind_raw_eigengap,4,0.029254911086969995,False,0.03440555953690432,,,,1.0,5000,22
oracle_k2,2,0.11204518898485252,False,0.008452917965708547,,-0.01992678416424501,0.9166320715552704,1.0,5000,22
oracle_k8,8,0.021432889372921524,False,0.02841100959681743,-0.12743628185907047,,,1.0,5000,22
blind_raw_eigengap,4,0.029254911086969995,False,0.034602355060386884,,,,1.0,5000,23
oracle_k2,2,2.220446049250313e-16,True,0.0049249256256197835,,-0.021739130434782608,1.0,1.0,5000,23
oracle_k8,8,0.028021937294968553,False,0.025977080809215625,-0.12743628185907047,,,1.0,5000,23
blind_raw_eigengap,4,0.029254911086969995,False,0.03450537704298745,,,,1.0,5000,24
oracle_k2,2,0.06554540311387111,False,0.02500992774116051,,0.19292750122655394,0.27806921538287355,1.0,5000,24
oracle_k8,8,0.022499970101451987,False,0.028784238692540796,-0.12743628185907047,,,1.0,5000,24
blind_raw_eigengap,4,0.029254911086970092,False,0.033633314167305535,,,,1.0,5000,25
oracle_k2,2,0.06706476795647115,False,0.022826029543481268,,0.06606085743373176,0.4913841861166623,1.0,5000,25
oracle_k8,8,0.021432889372921538,False,0.02788944394419453,-0.12743628185907047,,,1.0,5000,25
blind_raw_eigengap,4,0.02925491108697008,False,0.03504612776796329,,,,1.0,5000,26
oracle_k2,2,0.07063047246550747,False,0.019995140109627937,,0.00724200362100181,0.687990343995172,1.0,5000,26
oracle_k8,8,0.028021937294968484,False,0.026669055903847726,-0.12743628185907047,,,1.0,5000,26
blind_raw_eigengap,4,0.029254911086970162,False,0.03449003935979913,,,,1.0,5000,27
oracle_k2,2,4.163336342344337e-16,True,0.006012750345136018,,-0.021739130434782608,1.0,1.0,5000,27
oracle_k8,8,0.02143288937292153,False,0.027700533759278213,-0.12743628185907047,,,1.0,5000,27
blind_raw_eigengap,4,0.029254911086970162,False,0.034976490089219256,,,,1.0,5000,28
oracle_k2,2,0.04982119914748023,False,0.0242310390121749,,0.23369565217391305,0.23369565217391305,1.0,5000,28
oracle_k8,8,0.026954856566437972,False,0.025918497735726003,-0.12743628185907047,,,1.0,5000,28
blind_raw_eigengap,4,0.02925491108697008,False,0.0348455127884626,,,,1.0,5000,29
oracle_k2,2,4.163336342344337e-16,True,0.006405695612258792,,-0.021739130434782608,1.0,1.0,5000,29
oracle_k8,8,0.02249997010145202,False,0.02610817115032481,-0.12743628185907047,,,1.0,5000,29
blind_raw_eigengap,4,0.029254911086970092,False,0.03505915830583425,,,,1.0,5000,30
oracle_k2,2,4.163336342344337e-16,True,0.004712334168048587,,-0.021739130434782608,1.0,1.0,5000,30
oracle_k8,8,0.04201224243784138,False,0.026661627124595272,-0.1170343717450999,,,1.0,5000,30
blind_raw_eigengap,4,0.02925491108697008,False,0.03487979206248681,,,,1.0,5000,31
oracle_k2,2,3.608224830031759e-16,True,0.005180184574850771,,-0.021739130434782608,1.0,1.0,5000,31
oracle_k8,8,0.028021937294968435,False,0.026044646614872612,-0.12743628185907047,,,1.0,5000,31
blind_raw_eigengap,4,0.029254911086970148,False,0.03633482925569148,,,,1.0,5000,32
oracle_k2,2,0.06554540311387097,False,0.025264873326679652,,0.19292750122655394,0.27806921538287355,1.0,5000,32
oracle_k8,8,0.037138952858863344,False,0.02719686377262027,-0.11810061118946874,,,1.0,5000,32
blind_raw_eigengap,4,0.029254911086970092,False,0.033725837888737044,,,,1.0,5000,33
oracle_k2,2,0.04982119914748026,False,0.025544590322858423,,0.23369565217391305,0.23369565217391305,1.0,5000,33
oracle_k8,8,0.02249997010145202,False,0.028147603213833795,-0.12743628185907047,,,1.0,5000,33
blind_raw_eigengap,4,0.029254911086969995,False,0.03546815828361277,,,,1.0,5000,34
oracle_k2,2,2.220446049250313e-16,True,0.00647520413024336,,-0.021739130434782608,1.0,1.0,5000,34
oracle_k8,8,0.02249997010145205,False,0.026939651531580826,-0.12743628185907047,,,1.0,5000,34
blind_raw_eigengap,4,0.029254911086969995,False,0.035324913475106384,,,,1.0,5000,35
oracle_k2,2,0.049821199147480344,False,0.026426864394185606,,0.23369565217391305,0.23369565217391305,1.0,5000,35
oracle_k8,8,0.02598407857877799,False,0.025250416487846084,-0.1279297786908208,,,1.0,5000,35
blind_raw_eigengap,4,0.02925491108697008,False,0.03340521510394098,,,,1.0,5000,36
oracle_k2,2,0.049821199147480344,False,0.023573067620269835,,0.23369565217391305,0.23369565217391305,1.0,5000,36
oracle_k8,8,0.02249997010145196,False,0.028880398097296187,-0.12743628185907047,,,1.0,5000,36
blind_raw_eigengap,4,0.029254911086970148,False,0.03350884526071352,,,,1.0,5000,37
oracle_k2,2,4.163336342344337e-16,True,0.005861915872923273,,-0.021739130434782608,1.0,1.0,5000,37
oracle_k8,8,0.021432889372921544,False,0.028517340406531238,-0.12743628185907047,,,1.0,5000,37
blind_raw_eigengap,4,0.029254911086970162,False,0.03443552673244225,,,,1.0,5000,38
oracle_k2,2,4.163336342344337e-16,True,0.005513781794873942,,-0.021739130434782608,1.0,1.0,5000,38
oracle_k8,8,0.021432889372921572,False,0.028531390513967997,-0.12743628185907047,,,1.0,5000,38
blind_raw_eigengap,4,0.029254911086969995,False,0.033309416769441026,,,,1.0,5000,39
oracle_k2,2,3.608224830031759e-16,True,0.005747988454262882,,-0.021739130434782608,1.0,1.0,5000,39
oracle_k8,8,0.022499970101451994,False,0.028677385849197528,-0.12743628185907047,,,1.0,5000,39
blind_raw_eigengap,4,0.029254911086970148,False,0.03441900644978501,,,,1.0,5000,40
oracle_k2,2,2.220446049250313e-16,True,0.004735486926497843,,-0.021739130434782608,1.0,1.0,5000,40
oracle_k8,8,0.022499970101452,False,0.02916713236011598,-0.12743628185907047,,,1.0,5000,40
blind_raw_eigengap,4,0.02925491108697008,False,0.03310400861637945,,,,1.0,5000,41
oracle_k2,2,4.163336342344337e-16,True,0.005738001870817736,,-0.021739130434782608,1.0,1.0,5000,41
oracle_k8,8,0.028021937294968505,False,0.026584777190730564,-0.12743628185907047,,,1.0,5000,41
blind_raw_eigengap,4,0.029254911086970162,False,0.03469463962312367,,,,1.0,5000,42
oracle_k2,2,2.220446049250313e-16,True,0.0052898809176590185,,-0.021739130434782608,1.0,1.0,5000,42
oracle_k8,8,0.021432889372921524,False,0.026596316722890135,-0.12743628185907047,,,1.0,5000,42
blind_raw_eigengap,4,0.029254911086970162,False,0.034260854221525944,,,,1.0,5000,43
oracle_k2,2,0.048391546410358616,False,0.021021605154990405,,0.04341926729986431,0.55359565807327,1.0,5000,43
oracle_k8,8,0.022499970101452035,False,0.025574747366461783,-0.12743628185907047,,,1.0,5000,43
blind_raw_eigengap,4,0.029254911086969995,False,0.03401834938835372,,,,1.0,5000,44
oracle_k2,2,0.04982119914748023,False,0.025928946390724527,,0.23369565217391305,0.23369565217391305,1.0,5000,44
oracle_k8,8,0.028021937294968463,False,0.02675693984357479,-0.12743628185907047,,,1.0,5000,44
blind_raw_eigengap,4,0.02925491108697008,False,0.03451174960834638,,,,1.0,5000,45
oracle_k2,2,0.04982119914748026,False,0.025033113404610518,,0.23369565217391305,0.23369565217391305,1.0,5000,45
oracle_k8,8,0.028021937294968616,False,0.02639378585278511,-0.12743628185907047,,,1.0,5000,45
blind_raw_eigengap,4,0.029254911086970092,False,0.03279693468551048,,,,1.0,5000,46
oracle_k2,2,0.11204518898485233,False,0.009136380345166197,,-0.01992678416424501,0.9166320715552704,1.0,5000,46
oracle_k8,8,0.026954856566437972,False,0.0266829830902466,-0.12743628185907047,,,1.0,5000,46
blind_raw_eigengap,4,0.029254911086970092,False,0.0337071819828228,,,,1.0,5000,47
oracle_k2,2,0.04982119914748029,False,0.027264729182812374,,0.23369565217391305,0.23369565217391305,1.0,5000,47
oracle_k8,8,0.022499970101451987,False,0.02829367387679682,-0.12743628185907047,,,1.0,5000,47
blind_raw_eigengap,4,0.029254911086970162,False,0.033313598296723444,,,,1.0,5000,48
oracle_k2,2,3.608224830031759e-16,True,0.005435019951222628,,-0.021739130434782608,1.0,1.0,5000,48
oracle_k8,8,0.02695485656643798,False,0.02673936516041457,-0.12743628185907047,,,1.0,5000,48
blind_raw_eigengap,4,0.029254911086970148,False,0.03412663161227959,,,,1.0,5000,49
oracle_k2,2,0.03900654811595983,False,0.02015566048782505,,-0.016216216216216217,0.23783783783783785,1.0,5000,49
oracle_k8,8,0.026954856566437986,False,0.02545550719106587,-0.12743628185907047,,,1.0,5000,49
blind_raw_eigengap,4,0.029254911086969995,False,0.03275469039920891,,,,1.0,5000,50
oracle_k2,2,0.04982119914748026,False,0.0263331093768663,,0.23369565217391305,0.23369565217391305,1.0,5000,50
oracle_k8,8,0.02249997010145202,False,0.029069462373315424,-0.12743628185907047,,,1.0,5000,50
blind_raw_eigengap,4,0.02925491108697008,False,0.033686856826994654,,,,1.0,5000,51
oracle_k2,2,0.04982119914748023,False,0.02488936981080714,,0.23369565217391305,0.23369565217391305,1.0,5000,51
oracle_k8,8,0.02695485656643809,False,0.025867578498098998,-0.12743628185907047,,,1.0,5000,51
blind_raw_eigengap,4,0.029254911086969995,False,0.0337027649078364,,,,1.0,5000,52
oracle_k2,2,4.163336342344337e-16,True,0.00492603849829029,,-0.021739130434782608,1.0,1.0,5000,52
oracle_k8,8,0.026954856566437986,False,0.026025007544736422,-0.12743628185907047,,,1.0,5000,52
blind_raw_eigengap,4,0.029254911086970148,False,0.033502092291368066,,,,1.0,5000,53
oracle_k2,2,0.04982119914748029,False,0.026576859151173745,,0.23369565217391305,0.23369565217391305,1.0,5000,53
oracle_k8,8,0.021432889372921572,False,0.024911463630181676,-0.12743628185907047,,,1.0,5000,53
blind_raw_eigengap,4,0.029254911086970162,False,0.03383368596046798,,,,1.0,5000,54
oracle_k2,2,2.220446049250313e-16,True,0.006299052438451909,,-0.021739130434782608,1.0,1.0,5000,54
oracle_k8,8,0.02143288937292151,False,0.026370073171397123,-0.12743628185907047,,,1.0,5000,54
blind_raw_eigengap,4,0.029254911086970162,False,0.034367198454495956,,,,1.0,5000,55
oracle_k2,2,0.060520187054875746,False,0.0188525840892495,,0.02352852456543871,0.6189811847215414,1.0,5000,55
oracle_k8,8,0.04201224243784143,False,0.027986846524399835,-0.1170343717450999,,,1.0,5000,55
blind_raw_eigengap,4,0.029254911086970148,False,0.035282236008799706,,,,1.0,5000,56
oracle_k2,2,0.03900654811595983,False,0.020966407230022615,,-0.016216216216216217,0.23783783783783785,1.0,5000,56
oracle_k8,8,0.021432889372921524,False,0.028407213663756602,-0.12743628185907047,,,1.0,5000,56
blind_raw_eigengap,4,0.029254911086969995,False,0.033651883270557646,,,,1.0,5000,57
oracle_k2,2,0.04839154641035842,False,0.022088617654853954,,0.04341926729986431,0.55359565807327,1.0,5000,57
oracle_k8,8,0.02695485656643793,False,0.027145069216500336,-0.12743628185907047,,,1.0,5000,57
blind_raw_eigengap,4,0.02925491108697008,False,0.035058914980611755,,,,1.0,5000,58
oracle_k2,2,2.220446049250313e-16,True,0.006281708173265211,,-0.021739130434782608,1.0,1.0,5000,58
oracle_k8,8,0.0256415836765222,False,0.02532964312996486,-0.1279297786908208,,,1.0,5000,58
blind_raw_eigengap,4,0.029254911086970092,False,0.03395552828794596,,,,1.0,5000,59
oracle_k2,2,0.04839154641035867,False,0.021908415693529328,,0.04341926729986431,0.55359565807327,1.0,5000,59
oracle_k8,8,0.022499970101452035,False,0.02793906521956949,-0.12743628185907047,,,1.0,5000,59
blind_raw_eigengap,4,0.029254911086970092,False,0.03603570158772485,,,,1.0,5000,60
oracle_k2,2,0.053509731514185116,False,0.024942332406868384,,0.12224108658743633,0.37758913412563666,1.0,5000,60
oracle_k8,8,0.02249997010145205,False,0.029231570818206456,-0.12743628185907047,,,1.0,5000,60
blind_raw_eigengap,4,0.029254911086969995,False,0.03566110476872993,,,,1.0,5000,61
oracle_k2,2,2.220446049250313e-16,True,0.005561853755385382,,-0.021739130434782608,1.0,1.0,5000,61
oracle_k8,8,0.021432889372921544,False,0.027558832391272634,-0.12743628185907047,,,1.0,5000,61
blind_raw_eigengap,4,0.029254911086970162,False,0.03466000619423797,,,,1.0,5000,62
oracle_k2,2,0.11204518898485219,False,0.008388772411301969,,-0.01992678416424501,0.9166320715552704,1.0,5000,62
oracle_k8,8,0.02695485656643793,False,0.025704036247711625,-0.12743628185907047,,,1.0,5000,62
blind_raw_eigengap,4,0.029254911086970092,False,0.035869233664433404,,,,1.0,5000,63
oracle_k2,2,0.04839154641035856,False,0.022437162628435092,,0.04341926729986431,0.55359565807327,1.0,5000,63
oracle_k8,8,0.02249997010145202,False,0.027948120964498235,-0.12743628185907047,,,1.0,5000,63
blind_raw_eigengap,4,0.029254911086970148,False,0.03313689210359655,,,,1.0,5000,64
oracle_k2,2,4.163336342344337e-16,True,0.004044862473368273,,-0.021739130434782608,1.0,1.0,5000,64
oracle_k8,8,0.021432889372921503,False,0.027908885571817407,-0.12743628185907047,,,1.0,5000,64
blind_raw_eigengap,4,0.029254911086970092,False,0.03314041990266991,,,,1.0,5000,65
oracle_k2,2,0.04982119914748029,False,0.02596020147748769,,0.23369565217391305,0.23369565217391305,1.0,5000,65
oracle_k8,8,0.022499970101451987,False,0.030378611708998405,-0.12743628185907047,,,1.0,5000,65
blind_raw_eigengap,4,0.029254911086969995,False,0.0345807228647934,,,,1.0,5000,66
oracle_k2,2,0.04982119914748029,False,0.026247697137246073,,0.23369565217391305,0.23369565217391305,1.0,5000,66
oracle_k8,8,0.02695485656643798,False,0.02624490597031079,-0.12743628185907047,,,1.0,5000,66
blind_raw_eigengap,4,0.029254911086970092,False,0.032647726881326174,,,,1.0,5000,67
oracle_k2,2,3.608224830031759e-16,True,0.005729991833401393,,-0.021739130434782608,1.0,1.0,5000,67
oracle_k8,8,0.021432889372921503,False,0.028331705335598548,-0.12743628185907047,,,1.0,5000,67
blind_raw_eigengap,4,0.029254911086969995,False,0.03384422880348433,,,,1.0,5000,68
oracle_k2,2,4.163336342344337e-16,True,0.005681526508112434,,-0.021739130434782608,1.0,1.0,5000,68
oracle_k8,8,0.044704454986262264,False,0.029440995609899934,-0.1170343717450999,,,1.0,5000,68
blind_raw_eigengap,4,0.02925491108697008,False,0.03451243055787029,,,,1.0,5000,69
oracle_k2,2,0.07063047246550741,False,0.017452620659826,,0.00724200362100181,0.687990343995172,1.0,5000,69
oracle_k8,8,0.022499970101451994,False,0.02859760314435464,-0.12743628185907047,,,1.0,5000,69
blind_raw_eigengap,4,0.029254911086970148,False,0.03542087916513894,,,,1.0,5000,70
oracle_k2,2,4.163336342344337e-16,True,0.0057912242745199365,,-0.021739130434782608,1.0,1.0,5000,70
oracle_k8,8,0.04470445498626223,False,0.031221803124123867,-0.1170343717450999,,,1.0,5000,70
blind_raw_eigengap,4,0.029254911086969995,False,0.03518985006055353,,,,1.0,5000,71
oracle_k2,2,4.163336342344337e-16,True,0.006362724998125017,,-0.021739130434782608,1.0,1.0,5000,71
oracle_k8,8,0.022499970101451994,False,0.02771279593221442,-0.12743628185907047,,,1.0,5000,71
blind_raw_eigengap,4,0.029254911086970148,False,0.03474823894759064,,,,1.0,5000,72
oracle_k2,2,4.163336342344337e-16,True,0.004904861383099588,,-0.021739130434782608,1.0,1.0,5000,72
oracle_k8,8,0.04201224243784131,False,0.027836594017529526,-0.1170343717450999,,,1.0,5000,72
blind_raw_eigengap,4,0.02925491108697008,False,0.03539383312222926,,,,1.0,5000,73
oracle_k2,2,0.03900654811595976,False,0.021642675573098662,,-0.016216216216216217,0.23783783783783785,1.0,5000,73
oracle_k8,8,0.024574502947991614,False,0.027742853139746254,-0.1279297786908208,,,1.0,5000,73
blind_raw_eigengap,4,0.029254911086970092,False,0.03450693226892437,,,,1.0,5000,74
oracle_k2,2,3.608224830031759e-16,True,0.005579623468415544,,-0.021739130434782608,1.0,1.0,5000,74
oracle_k8,8,0.026954856566437965,False,0.025758100399551457,-0.12743628185907047,,,1.0,5000,74
blind_raw_eigengap,4,0.029254911086969995,False,0.0349728356277013,,,,1.0,5000,75
oracle_k2,2,0.049821199147480344,False,0.027345614793487825,,0.23369565217391305,0.23369565217391305,1.0,5000,75
oracle_k8,8,0.022499970101452035,False,0.025757295687481172,-0.12743628185907047,,,1.0,5000,75
blind_raw_eigengap,4,0.029254911086970092,False,0.03401426980211771,,,,1.0,5000,76
oracle_k2,2,0.04982119914748026,False,0.02465778653233446,,0.23369565217391305,0.23369565217391305,1.0,5000,76
oracle_k8,8,0.021432889372921572,False,0.02533013643746603,-0.12743628185907047,,,1.0,5000,76
blind_raw_eigengap,4,0.029254911086969995,False,0.0342156793384665,,,,1.0,5000,77
oracle_k2,2,0.04982119914748023,False,0.02612477802268315,,0.23369565217391305,0.23369565217391305,1.0,5000,77
oracle_k8,8,0.02249997010145205,False,0.028262476174148232,-0.12743628185907047,,,1.0,5000,77
blind_raw_eigengap,4,0.029254911086970162,False,0.03466112518471606,,,,1.0,5000,78
oracle_k2,2,4.163336342344337e-16,True,0.005128651150129312,,-0.021739130434782608,1.0,1.0,5000,78
oracle_k8,8,0.021432889372921524,False,0.02931543498586221,-0.12743628185907047,,,1.0,5000,78
blind_raw_eigengap,4,0.02925491108697008,False,0.03350239561459061,,,,1.0,5000,79
oracle_k2,2,0.049821199147480344,False,0.02343350340136054,,0.23369565217391305,0.23369565217391305,1.0,5000,79
oracle_k8,8,0.022499970101451987,False,0.030380982084505015,-0.12743628185907047,,,1.0,5000,79
blind_raw_eigengap,4,0.029254911086969995,False,0.03460481914491739,,,,1.0,5000,80
oracle_k2,2,0.04982119914748026,False,0.023413688878981567,,0.23369565217391305,0.23369565217391305,1.0,5000,80
oracle_k8,8,0.02249997010145198,False,0.02675877715801039,-0.12743628185907047,,,1.0,5000,80
blind_raw_eigengap,4,0.029254911086970162,False,0.033834812311811825,,,,1.0,5000,81
oracle_k2,2,0.11204518898485227,False,0.0075201880461233895,,-0.01992678416424501,0.9166320715552704,1.0,5000,81
oracle_k8,8,0.021432889372921524,False,0.02459894491038132,-0.12743628185907047,,,1.0,5000,81
blind_raw_eigengap,4,2.914335439641036e-16,True,0.009510422569247695,,,,1.0,5000,82
oracle_k2,2,2.220446049250313e-16,True,0.00541420915242373,,-0.021739130434782608,1.0,1.0,5000,82
oracle_k8,8,0.022499970101451945,False,0.027628987507334724,-0.12743628185907047,,,1.0,5000,82
blind_raw_eigengap,4,0.02925491108697008,False,0.033186595307934184,,,,1.0,5000,83
oracle_k2,2,3.608224830031759e-16,True,0.006957169905528575,,-0.021739130434782608,1.0,1.0,5000,83
oracle_k8,8,0.02249997010145203,False,0.02848103121018299,-0.12743628185907047,,,1.0,5000,83
blind_raw_eigengap,4,0.02925491108697008,False,0.034838158311389616,,,,1.0,5000,84
oracle_k2,2,2.220446049250313e-16,True,0.0065678568303597544,,-0.021739130434782608,1.0,1.0,5000,84
oracle_k8,8,0.022499970101451945,False,0.028061722517343683,-0.12743628185907047,,,1.0,5000,84
blind_raw_eigengap,4,0.02925491108697008,False,0.03390825305823139,,,,1.0,5000,85
oracle_k2,2,3.608224830031759e-16,True,0.004534232527228939,,-0.021739130434782608,1.0,1.0,5000,85
oracle_k8,8,0.021432889372921482,False,0.02591664564963886,-0.12743628185907047,,,1.0,5000,85
blind_raw_eigengap,4,0.02925491108697008,False,0.034372520915969464,,,,1.0,5000,86
oracle_k2,2,0.04982119914748023,False,0.023864369359422006,,0.23369565217391305,0.23369565217391305,1.0,5000,86
oracle_k8,8,0.021432889372921468,False,0.028209380766415798,-0.12743628185907047,,,1.0,5000,86
blind_raw_eigengap,4,0.029254911086969995,False,0.033780178438496504,,,,1.0,5000,87
oracle_k2,2,0.04839154641035856,False,0.021362394864535127,,0.04341926729986431,0.55359565807327,1.0,5000,87
oracle_k8,8,0.02249997010145205,False,0.026877774364968354,-0.12743628185907047,,,1.0,5000,87
blind_raw_eigengap,4,0.029254911086970162,False,0.034043727431307846,,,,1.0,5000,88
oracle_k2,2,4.163336342344337e-16,True,0.005389905952172632,,-0.021739130434782608,1.0,1.0,5000,88
oracle_k8,8,0.02695485656643804,False,0.02517474262696706,-0.12743628185907047,,,1.0,5000,88
blind_raw_eigengap,4,0.029254911086970162,False,0.033839166472228704,,,,1.0,5000,89
oracle_k2,2,0.04982119914748029,False,0.025862289376755204,,0.23369565217391305,0.23369565217391305,1.0,5000,89
oracle_k8,8,0.021432889372921544,False,0.029457671135589236,-0.12743628185907047,,,1.0,5000,89
blind_raw_eigengap,4,0.029254911086969995,False,0.03437637731520061,,,,1.0,5000,90
oracle_k2,2,0.07063047246550738,False,0.019222240561308713,,0.00724200362100181,0.687990343995172,1.0,5000,90
oracle_k8,8,0.02802193729496847,False,0.026134315253820886,-0.12743628185907047,,,1.0,5000,90
blind_raw_eigengap,4,0.029254911086970148,False,0.03491930296767886,,,,1.0,5000,91
oracle_k2,2,0.049821199147480344,False,0.02339459681585987,,0.23369565217391305,0.23369565217391305,1.0,5000,91
oracle_k8,8,0.02143288937292155,False,0.027992315467346818,-0.12743628185907047,,,1.0,5000,91
blind_raw_eigengap,4,0.029254911086969995,False,0.03622108860260214,,,,1.0,5000,92
oracle_k2,2,0.04839154641035853,False,0.02090472618327707,,0.04341926729986431,0.55359565807327,1.0,5000,92
oracle_k8,8,0.022499970101452015,False,0.029456965633503963,-0.12743628185907047,,,1.0,5000,92
blind_raw_eigengap,4,0.029254911086970148,False,0.034792188871482055,,,,1.0,5000,93
oracle_k2,2,0.03900654811595981,False,0.021566409699117443,,-0.016216216216216217,0.23783783783783785,1.0,5000,93
oracle_k8,8,0.028021937294968477,False,0.026729094315206887,-0.12743628185907047,,,1.0,5000,93
blind_raw_eigengap,4,0.02925491108697008,False,0.03339154805950912,,,,1.0,5000,94
oracle_k2,2,4.163336342344337e-16,True,0.0057454384407907705,,-0.021739130434782608,1.0,1.0,5000,94
oracle_k8,8,0.042012242437841275,False,0.028913358074719047,-0.11915211504342142,,,1.0,5000,94
blind_raw_eigengap,4,0.029254911086969995,False,0.03542731214515072,,,,1.0,5000,95
oracle_k2,2,0.03900654811595983,False,0.021162117409532905,,-0.016216216216216217,0.23783783783783785,1.0,5000,95
oracle_k8,8,0.021432889372921544,False,0.02779253301832718,-0.12743628185907047,,,1.0,5000,95
blind_raw_eigengap,4,0.029254911086970092,False,0.03518143811872937,,,,1.0,5000,96
oracle_k2,2,0.04982119914748026,False,0.02634354928986703,,0.23369565217391305,0.23369565217391305,1.0,5000,96
oracle_k8,8,0.02802193729496852,False,0.026160142487051036,-0.12743628185907047,,,1.0,5000,96
blind_raw_eigengap,4,0.02925491108697008,False,0.034183508883037235,,,,1.0,5000,97
oracle_k2,2,0.03900654811595984,False,0.02022625063077561,,-0.016216216216216217,0.23783783783783785,1.0,5000,97
oracle_k8,8,0.022499970101451966,False,0.026104007671451743,-0.12743628185907047,,,1.0,5000,97
blind_raw_eigengap,4,0.029254911086969995,False,0.03599337897070098,,,,1.0,5000,98
oracle_k2,2,0.04982119914748029,False,0.023964365887228712,,0.23369565217391305,0.23369565217391305,1.0,5000,98
oracle_k8,8,0.02143288937292155,False,0.02914237928186786,-0.12743628185907047,,,1.0,5000,98
blind_raw_eigengap,4,0.029254911086970092,False,0.03468604185416042,,,,1.0,5000,99
oracle_k2,2,0.09530174629797628,False,0.01693684197200886,,-0.005736498471525078,0.7605389289353511,1.0,5000,99
oracle_k8,8,0.028021937294968442,False,0.02657007947933794,-0.12743628185907047,,,1.0,5000,99
