model,samples_per_state,repeat,observed_micro_ei_bits,observed_macro_ei_bits,observed_delta_ei_bits,null_micro_ei_bits,null_macro_ei_bits,null_delta_ei_bits
eta_0,100,0,1.1842071341180922,0.8536855985880101,-0.3305215355300821,0.3757611214311218,0.006006161961958469,-0.3697549594691633
eta_0,100,1,1.1837286635767768,0.8702431125275518,-0.31348555104922493,0.38565346739026224,0.006418952075692292,-0.3792345153145699
eta_0,100,2,1.1967996744795815,0.8536463159038161,-0.34315335857576534,0.3757107641053836,0.00762593549220592,-0.3680848286131777
eta_0,100,3,1.2029240549370253,0.8737071544717431,-0.3292169004652822,0.3712727125928228,0.008303585537770622,-0.3629691270550522
eta_0,100,4,1.176872845251176,0.8578455163779254,-0.3190273288732507,0.3684110105823423,0.00706127471505299,-0.36134973586728936
eta_0,100,5,1.1923502486189694,0.8722521544935934,-0.32009809412537604,0.3696505255375014,0.005672970738702219,-0.3639775547987992
eta_0,100,6,1.1829247820367839,0.8423050446058371,-0.34061973743094676,0.36956064361689106,0.005372805124956225,-0.3641878384919348
eta_0,100,7,1.2100937720640403,0.8920433652526498,-0.3180504068113905,0.3741639897313042,0.007957475927639266,-0.3662065138036649
eta_0,100,8,1.195661764290006,0.8632863509934814,-0.33237541329652465,0.38451018008722365,0.007616291279354939,-0.3768938888078687
eta_0,100,9,1.1387913846296884,0.8270376606716447,-0.3117537239580437,0.3765786229149672,0.00826955873946386,-0.36830906417550335
eta_0,100,10,1.2078264790373419,0.8776319699738844,-0.3301945090634575,0.37045459947777243,0.008084000935596818,-0.3623705985421756
eta_0,100,11,1.1980708421150867,0.864356660692331,-0.3337141814227558,0.36353595864462024,0.006273721173115415,-0.3572622374715048
eta_0,100,12,1.2091951740656073,0.8723660219295037,-0.33682915213610354,0.3768918063632087,0.00640648650279938,-0.3704853198604093
eta_0,100,13,1.1937825275937752,0.860994551881948,-0.3327879757118273,0.39180672095425156,0.005030619811678865,-0.3867761011425727
eta_0,100,14,1.168003334581684,0.8390468911334336,-0.3289564434482505,0.3825141417721796,0.007442984822573323,-0.3750711569496063
eta_0,100,15,1.2016824302912765,0.8804499226143911,-0.3212325076768854,0.3712444178046061,0.005204722772687924,-0.3660396950319182
eta_0,100,16,1.2053671539828246,0.868081955870236,-0.3372851981125886,0.39879218071063277,0.007811737155653172,-0.3909804435549796
eta_0,100,17,1.2024406062023771,0.8792932492266219,-0.32314735697575525,0.37658834837039934,0.007899088850995925,-0.3686892595194034
eta_0,100,18,1.1693190180342783,0.8334363189888196,-0.33588269904545864,0.38625909946151227,0.006389634964545155,-0.3798694644969671
eta_0,100,19,1.1964446208035946,0.8645912866986301,-0.33185333410496454,0.3731322919811659,0.008756766158219732,-0.36437552582294613
eta_0,100,20,1.1932006237165946,0.8403810605484949,-0.3528195631680997,0.3751553131717795,0.005192588629631416,-0.3699627245421481
eta_0,100,21,1.1811256783682096,0.8532149112942032,-0.32791076707400635,0.38148518450423313,0.008213430823162147,-0.37327175368107096
eta_0,100,22,1.184453070782875,0.8635395066915311,-0.320913564091344,0.37902288022161373,0.006600081527400558,-0.3724227986942132
eta_0,100,23,1.1818591553557525,0.8586532585893709,-0.32320589676638156,0.3733802961488009,0.00888833833483238,-0.36449195781396854
eta_0,100,24,1.1715239979352534,0.8489433977627777,-0.3225806001724757,0.3944045310353643,0.007472585512354709,-0.38693194552300963
eta_0,100,25,1.1757538634804843,0.8574010968982205,-0.31835276658226375,0.3757601498302267,0.008941502908877057,-0.36681864692134963
eta_0,100,26,1.169512287174862,0.8396145023438135,-0.3298977848310485,0.3760019362339846,0.006593376224166233,-0.36940856000981837
eta_0,100,27,1.179535553605302,0.8562193666158889,-0.3233161869894131,0.3733997839824558,0.005075699243985616,-0.3683240847384702
eta_0,100,28,1.1573558755790823,0.8313644398052021,-0.3259914357738801,0.393148680103536,0.0063075487905304975,-0.3868411313130055
eta_0,100,29,1.178755602021249,0.8425496677166348,-0.3362059343046143,0.3809296284655428,0.0061780703170389115,-0.37475155814850386
eta_0,100,30,1.1987631278673423,0.871422717383229,-0.32734041048411333,0.36651791168668596,0.008710893332067399,-0.3578070183546186
eta_0,100,31,1.1968610092669385,0.8772590257689249,-0.3196019834980136,0.3627982874419207,0.005752667923706526,-0.3570456195182142
eta_0,100,32,1.1935142860253578,0.8798954286602322,-0.3136188573651256,0.37419765868161364,0.008729521397132118,-0.3654681372844815
eta_0,100,33,1.226347438652066,0.8991957556904093,-0.32715168296165675,0.3771416304002247,0.0085784901421222,-0.3685631402581025
eta_0,100,34,1.201304492777371,0.8862620673216145,-0.31504242545575656,0.3804824505141589,0.007154559454085156,-0.37332789106007375
eta_0,100,35,1.1788043176360279,0.840479310844908,-0.3383250067911199,0.38034688803842487,0.008700071449782713,-0.3716468165886422
eta_0,100,36,1.1556852405934859,0.8354956676290203,-0.3201895729644656,0.36631599843133494,0.0070675715586358935,-0.35924842687269903
eta_0,100,37,1.220821204807765,0.9036351757403609,-0.317186029067404,0.3888232344653695,0.008267507725988263,-0.3805557267393812
eta_0,100,38,1.1582931568743007,0.8308434720197555,-0.3274496848545452,0.3776522297789932,0.006714334668363723,-0.37093789511062947
eta_0,100,39,1.1834081436039066,0.8610392458454628,-0.3223688977584438,0.3845120794604573,0.006972099344968791,-0.3775399801154885
eta_0,100,40,1.1638364169539814,0.8343521029409258,-0.32948431401305567,0.37453830358829804,0.008865889545696403,-0.36567241404260165
eta_0,100,41,1.184977797154825,0.8768273992526454,-0.3081503979021796,0.3859619043174341,0.00905231346380787,-0.37690959085362624
eta_0,100,42,1.1956255795655957,0.8676637046496665,-0.3279618749159292,0.3812732834047135,0.0066444569804005715,-0.37462882642431294
eta_0,100,43,1.194873634532257,0.8656149480197273,-0.32925868651252976,0.3581473483426665,0.007318536998262614,-0.35082881134440386
eta_0,100,44,1.1663648518690148,0.8354284293648855,-0.33093642250412936,0.3912613246063413,0.012057576150157661,-0.3792037484561836
eta_0,100,45,1.1978159662717573,0.8632393935736355,-0.3345765726981218,0.36924863042917755,0.0066803569519890095,-0.36256827347718856
eta_0,100,46,1.1815197344117883,0.8636416202295656,-0.31787811418222267,0.40289370373404115,0.0074174354715150475,-0.39547626826252613
eta_0,100,47,1.1769688799039735,0.8378428629251142,-0.33912601697885925,0.38231911343376135,0.007670677895939308,-0.37464843553782207
eta_0,100,48,1.1603705574755079,0.8395655910053053,-0.3208049664702026,0.3728368694723305,0.006951225562458668,-0.3658856439098719
eta_0,100,49,1.203730106316667,0.8779696574268494,-0.3257604488898176,0.36718721196152865,0.00822224861410648,-0.3589649633474222
eta_0,100,50,1.1974528523670966,0.8819573472917481,-0.3154955050753485,0.3797726700712089,0.009616532207543957,-0.37015613786366497
eta_0,100,51,1.1364717692958604,0.8218746081628774,-0.31459716113298297,0.38039480448063373,0.007387672962965552,-0.3730071315176682
eta_0,100,52,1.2075327629740942,0.89477629038933,-0.31275647258476413,0.3883293635476613,0.009016886729918292,-0.379312476817743
eta_0,100,53,1.1729348831448683,0.8369142471165343,-0.336020636028334,0.3699477448235757,0.007232942647680905,-0.36271480217589475
eta_0,100,54,1.2284482902610085,0.890345397281098,-0.3381028929799106,0.3696502966864276,0.006241683318000708,-0.3634086133684269
eta_0,100,55,1.2321852824613908,0.9075534674692192,-0.32463181499217164,0.3803367408507918,0.008616515481406937,-0.3717202253693848
eta_0,100,56,1.1899179406778837,0.8584361557706333,-0.33148178490725044,0.36260025235855387,0.006686120663668879,-0.355914131694885
eta_0,100,57,1.1999380698229654,0.8697223946321742,-0.3302156751907912,0.37724283456194013,0.009491142650108406,-0.3677516919118317
eta_0,100,58,1.1741228815364442,0.8376147929646951,-0.3365080885717491,0.3840272896077059,0.007355152941060471,-0.3766721366666454
eta_0,100,59,1.1850543105034348,0.8552148540901582,-0.3298394564132766,0.37794688588790465,0.0112457886948945,-0.36670109719301014
eta_0,100,60,1.194193446353264,0.8672874211576855,-0.32690602519557843,0.38690605133498623,0.008589686954868045,-0.3783163643801182
eta_0,100,61,1.1539486461238253,0.8244569094543905,-0.32949173666943476,0.41238049264918736,0.007815689622698015,-0.40456480302648934
eta_0,100,62,1.1823165911350033,0.8682571962842461,-0.3140593948507572,0.36771762830822957,0.008060766911011335,-0.35965686139721825
eta_0,100,63,1.169972799177323,0.8592491960156978,-0.3107236031616252,0.3676488462832393,0.005838503343604708,-0.3618103429396346
eta_0,100,64,1.1860825280500171,0.8581251176563005,-0.3279574103937166,0.37276783248992124,0.00727831932361071,-0.3654895131663105
eta_0,100,65,1.1900329361269224,0.8618638010265078,-0.32816913510041457,0.3831625927733781,0.009160777557088662,-0.37400181521628945
eta_0,100,66,1.202067093493875,0.8799266155068832,-0.32214047798699186,0.3797662208931201,0.00606427479413525,-0.3737019460989849
eta_0,100,67,1.1902013737590675,0.844698035666618,-0.3455033380924495,0.39426176745064395,0.00791090002413777,-0.3863508674265062
eta_0,100,68,1.1533617783128538,0.8314322762119372,-0.32192950210091664,0.394765871796442,0.006718073599037382,-0.38804779819740465
eta_0,100,69,1.1723907211122937,0.8576992797745093,-0.31469144133778437,0.3853650257791821,0.006557592461621961,-0.3788074333175601
eta_0,100,70,1.181269630362843,0.8679033127282836,-0.31336631763455935,0.3728635260073019,0.006232567414269932,-0.36663095859303196
eta_0,100,71,1.1814091390560642,0.863406761754069,-0.3180023773019951,0.38353497513194085,0.008627620332289587,-0.37490735479965126
eta_0,100,72,1.1709489283254484,0.8287124549747825,-0.34223647335066587,0.3754222204589492,0.004683873213904718,-0.37073834724504445
eta_0,100,73,1.156818079489659,0.8201489134996459,-0.33666916599001306,0.37260438714719707,0.00797788765857933,-0.36462649948861775
eta_0,100,74,1.1826867474661384,0.876835230733483,-0.3058515167326554,0.39528441446303036,0.008315261923900578,-0.3869691525391298
eta_0,100,75,1.1987188865713925,0.8864043153552643,-0.31231457121612816,0.3722543878196835,0.00735575197766971,-0.3648986358420138
eta_0,100,76,1.167848217006478,0.8606398903881551,-0.30720832661832276,0.37057343542015886,0.006828633160817724,-0.36374480225934114
eta_0,100,77,1.2165505918145285,0.8840098487755774,-0.3325407430389511,0.37550105171696696,0.0067128894941338646,-0.3687881622228331
eta_0,100,78,1.132220607418174,0.8039613840632642,-0.32825922335490976,0.38384129461401817,0.00691577026205995,-0.3769255243519582
eta_0,100,79,1.1708625239005508,0.849228414063587,-0.32163410983696383,0.3820506352779491,0.006108675356771499,-0.37594195992117757
eta_0,100,80,1.1563956370900046,0.8333698890876098,-0.3230257480023948,0.3823851597184184,0.007744230309830657,-0.37464092940858773
eta_0,100,81,1.211256231705949,0.8876232981523056,-0.3236329335536434,0.39512195803588535,0.011008063002953903,-0.3841138950329314
eta_0,100,82,1.1671794798212236,0.8514927224034037,-0.31568675741781993,0.38377591471548794,0.005381666189798068,-0.37839424852568987
eta_0,100,83,1.1569569773171493,0.8476502024957878,-0.3093067748213615,0.3796496289177808,0.007200896945585889,-0.3724487319721949
eta_0,100,84,1.2056280198222633,0.8738424478977369,-0.3317855719245264,0.374719244843692,0.007723078695781028,-0.366996166147911
eta_0,100,85,1.2101013475881455,0.8711862465998047,-0.33891510098834077,0.37549656153777855,0.007847855793210482,-0.3676487057445681
eta_0,100,86,1.1685424421525288,0.8384770069824663,-0.3300654351700625,0.35361144281006585,0.006186110183753721,-0.34742533262631214
eta_0,100,87,1.1682652004671537,0.8424662758659367,-0.32579892460121695,0.3893009391553199,0.006864791045787275,-0.3824361481095326
eta_0,100,88,1.1892258286986774,0.8493346625347,-0.3398911661639774,0.38652583372634935,0.007476852029700016,-0.37904898169664936
eta_0,100,89,1.1901266213913642,0.8566200352511796,-0.3335065861401846,0.3712532510023503,0.006090204293418503,-0.3651630467089318
eta_0,100,90,1.1688367849822312,0.8514050404926727,-0.31743174448955847,0.3772601656310919,0.005186882084780511,-0.37207328354631136
eta_0,100,91,1.1843837472758623,0.8568279255489278,-0.3275558217269344,0.37320317645723494,0.00988338378443499,-0.36331979267279996
eta_0,100,92,1.2272945801842703,0.890164740661324,-0.3371298395229463,0.38693872707542837,0.007701644476417198,-0.3792370825990112
eta_0,100,93,1.150123138749324,0.8307340468386287,-0.3193890919106953,0.40031422702413827,0.006733406603272839,-0.39358082042086545
eta_0,100,94,1.199220965743294,0.8639844738282223,-0.33523649191507165,0.37124340487115814,0.00995295178095911,-0.361290453090199
eta_0,100,95,1.176119518578802,0.8474794308018254,-0.3286400877769766,0.3710264501915787,0.007698704520832316,-0.3633277456707464
eta_0,100,96,1.1749214365505567,0.8390127743207099,-0.33590866222984683,0.4034553943236356,0.007513403960470067,-0.3959419903631655
eta_0,100,97,1.205894766504322,0.8683368932063573,-0.3375578732979647,0.3621170374763749,0.005020761487890551,-0.35709627598848437
eta_0,100,98,1.1625341715672233,0.8542981794945056,-0.3082359920727177,0.36912839324971713,0.0071508331148522584,-0.3619775601348649
eta_0,100,99,1.2108609372072716,0.8892185931801441,-0.32164234402712755,0.3902284843282519,0.010041326907348432,-0.3801871574209035
eta_0,500,0,0.9314521184702963,0.8620043832041351,-0.06944773526616121,0.06877224301216418,0.0015453019803330793,-0.0672269410318311
eta_0,500,1,0.945439947896563,0.8780184632038321,-0.0674214846927309,0.06415850086010703,0.0016239983184546994,-0.06253450254165234
eta_0,500,2,0.9271294619207996,0.8564152566913595,-0.07071420522944005,0.06647433973398799,0.0012545066710578793,-0.06521983306293011
eta_0,500,3,0.9219721276326466,0.8555025519214207,-0.06646957571122591,0.066322102752804,0.001155479237120283,-0.06516662351568371
eta_0,500,4,0.9183614966387449,0.8516953870081786,-0.0666661096305663,0.06950786692976894,0.0020266119210429864,-0.06748125500872595
eta_0,500,5,0.9244860015977182,0.8543707528198006,-0.07011524877791764,0.06686294338788878,0.0014992171593902431,-0.06536372622849854
eta_0,500,6,0.9108949152645202,0.8449699645552604,-0.06592495070925974,0.06734621092043665,0.0016439912247096012,-0.06570221969572705
eta_0,500,7,0.925285541819053,0.8562694143616436,-0.06901612745740937,0.06999680778329055,0.0016030868130086416,-0.06839372097028192
eta_0,500,8,0.9381433049740123,0.8676432842321906,-0.07050002074182171,0.06901602714255813,0.0012976236282179357,-0.06771840351434019
eta_0,500,9,0.9320818844372827,0.863258126623859,-0.06882375781342365,0.06417315627797607,0.0010683170682082637,-0.06310483920976781
eta_0,500,10,0.9355112883388009,0.8686472181516786,-0.06686407018712237,0.06628218547287175,0.0017161216701218084,-0.06456606380274994
eta_0,500,11,0.9261216411729221,0.8574131113039241,-0.068708529868998,0.06609972449952338,0.001568009578444985,-0.0645317149210784
eta_0,500,12,0.91488330907642,0.8452977833933348,-0.06958552568308518,0.0649763927128329,0.0009420760568803837,-0.06403431665595251
eta_0,500,13,0.9333887617246429,0.8627607262746364,-0.07062803545000651,0.06699283604811405,0.0011691789464368428,-0.06582365710167722
eta_0,500,14,0.9234254282135107,0.853552785999941,-0.0698726422135697,0.06691724594955789,0.0017187493173431239,-0.06519849663221476
eta_0,500,15,0.903424696262797,0.8354086455691119,-0.0680160506936851,0.06799352916384603,0.0010806179485544386,-0.0669129112152916
eta_0,500,16,0.9164370043316926,0.8493292593402912,-0.06710774499140137,0.06761924393526829,0.00236678071502124,-0.06525246322024705
eta_0,500,17,0.9217764518141748,0.8493900155928975,-0.07238643622127727,0.07024610294156221,0.0011862773196823731,-0.06905982562187983
eta_0,500,18,0.9151620277033597,0.8472689070668069,-0.06789312063655284,0.06850438628914012,0.001580341595335682,-0.06692404469380443
eta_0,500,19,0.9185837158253426,0.8505812458296633,-0.06800246999567927,0.07168079848505238,0.0016294652989665352,-0.07005133318608585
eta_0,500,20,0.9246427369008643,0.8528327353586038,-0.07181000154226047,0.06687758487950209,0.0016235490285981674,-0.06525403585090392
eta_0,500,21,0.914901401620198,0.8461122655547552,-0.06878913606544279,0.06601814856621196,0.0018361092688731798,-0.06418203929733879
eta_0,500,22,0.9174450044635559,0.8491513683098799,-0.06829363615367601,0.06770038618823876,0.001174651781595408,-0.06652573440664335
eta_0,500,23,0.930219813082509,0.8596727728747975,-0.07054704020771152,0.06545497498515902,0.001061300009805572,-0.06439367497535345
eta_0,500,24,0.9187007895796975,0.8510090422687047,-0.06769174731099281,0.06829092924801801,0.0012237283521600482,-0.06706720089585796
eta_0,500,25,0.9105894058743624,0.8408747895397837,-0.06971461633457876,0.06830915985069563,0.0017452132143256855,-0.06656394663636994
eta_0,500,26,0.9223857781239708,0.8522051939132398,-0.07018058421073103,0.06613987701351108,0.0011651869131132342,-0.06497469010039784
eta_0,500,27,0.9290104969717928,0.8572039447054158,-0.071806552266377,0.06472582365872566,0.0019277259601222434,-0.06279809769860342
eta_0,500,28,0.9313958960209784,0.8620285851597174,-0.06936731086126102,0.06502757997328541,0.0013383025803741916,-0.06368927739291122
eta_0,500,29,0.9499569729179695,0.879246316853413,-0.07071065606455651,0.06380863334167382,0.00204829977213464,-0.06176033356953918
eta_0,500,30,0.9308621680990964,0.8602346554530232,-0.07062751264607314,0.06962724564348112,0.0016756888580623918,-0.06795155678541873
eta_0,500,31,0.9110312628104289,0.8404863796992388,-0.07054488311119012,0.06916671721767319,0.0024117629130546592,-0.06675495430461853
eta_0,500,32,0.923498961576206,0.8605929119617168,-0.0629060496144892,0.06740611389340279,0.0015898406011022057,-0.06581627329230058
eta_0,500,33,0.9361356981206227,0.8662213761791946,-0.0699143219414281,0.06987323418903678,0.0017842860079720247,-0.06808894818106476
eta_0,500,34,0.9171319776951501,0.8474011523064372,-0.06973082538871289,0.06757687955584606,0.001366785128138126,-0.06621009442770794
eta_0,500,35,0.9183686134672465,0.8534666342625883,-0.06490197920465823,0.06526877810399374,0.001600871260890121,-0.06366790684310362
eta_0,500,36,0.933913896141812,0.8642833747154879,-0.06963052142632409,0.06691647189248046,0.0013414408633374377,-0.06557503102914301
eta_0,500,37,0.9237142658660744,0.8528787736492237,-0.0708354922168507,0.07032579478253198,0.0019808879315737983,-0.06834490685095818
eta_0,500,38,0.920989465704511,0.8519349086026917,-0.06905455710181929,0.07058529989101253,0.0011618930907752113,-0.06942340680023731
eta_0,500,39,0.9323866695831092,0.8651057088254054,-0.06728096075770384,0.0691889384740726,0.0011153097276449114,-0.0680736287464277
eta_0,500,40,0.9202396013158062,0.851353203428368,-0.06888639788743822,0.06986059755577106,0.0013684054042385368,-0.06849219215153253
eta_0,500,41,0.9156568076315464,0.8486343662761824,-0.06702244135536406,0.0686437674155983,0.0016047465377867056,-0.06703902087781159
eta_0,500,42,0.9278885157549972,0.856597529865146,-0.07129098588985117,0.0707532785911622,0.0009869454793582197,-0.06976633311180398
eta_0,500,43,0.9328295304941893,0.8653630302130195,-0.06746650028116974,0.06608873985822285,0.0013288019012479728,-0.06475993795697488
eta_0,500,44,0.9481021626098017,0.8788175618398324,-0.06928460076996934,0.06738487731117715,0.0012073918082823923,-0.06617748550289476
eta_0,500,45,0.932186958891695,0.8620789560380321,-0.07010800285366292,0.0709224812396494,0.0015011398285402762,-0.06942134141110912
eta_0,500,46,0.9177411189881391,0.8491828051889471,-0.06855831379919208,0.06725956725836695,0.0012187112585716237,-0.06604085599979533
eta_0,500,47,0.9220803012682112,0.8520744899159503,-0.07000581135226092,0.06801808795414212,0.0011060836277094204,-0.0669120043264327
eta_0,500,48,0.9261050433137467,0.8579120011054302,-0.06819304220831646,0.0686739647450221,0.001133773838835058,-0.06754019090618704
eta_0,500,49,0.9179296674087074,0.8469151999482523,-0.07101446746045514,0.06602807295097594,0.0014500543425054386,-0.06457801860847051
eta_0,500,50,0.9256368253374045,0.8563823440030428,-0.06925448133436174,0.06753612721729679,0.0018245192359226086,-0.06571160798137418
eta_0,500,51,0.9237950372830728,0.8520040481766826,-0.07179098910639015,0.06700993656151462,0.0017029088527883837,-0.06530702770872623
eta_0,500,52,0.9174443777732525,0.8459315060559032,-0.07151287171734932,0.06717115454600134,0.0014028658154002756,-0.06576828873060106
eta_0,500,53,0.9292079129548494,0.8576947531714266,-0.07151315978342276,0.06740711387168404,0.0012522421926344925,-0.06615487167904954
eta_0,500,54,0.9351907115160237,0.8669487739580768,-0.06824193755794694,0.06600384679603606,0.0018739240873193066,-0.06412992270871676
eta_0,500,55,0.9286381624982608,0.8593123356606804,-0.06932582683758037,0.06942158215019749,0.0009778708680397291,-0.06844371128215776
eta_0,500,56,0.9265587024821014,0.8564109572249097,-0.0701477452571917,0.06761288535201697,0.0012320373061107818,-0.06638084804590619
eta_0,500,57,0.923825376541125,0.8540840035694686,-0.06974137297165639,0.06732530524119158,0.0017221866495594172,-0.06560311859163216
eta_0,500,58,0.9278084066794552,0.8589757082619918,-0.06883269841746342,0.06719822168310015,0.001705014909186398,-0.06549320677391375
eta_0,500,59,0.9274365236379438,0.8577145937901444,-0.06972192984779946,0.06674638329267789,0.0016994545580368068,-0.06504692873464109
eta_0,500,60,0.9271395300292871,0.8624881986010342,-0.06465133142825286,0.068060560190856,0.0017983204569051927,-0.06626223973395082
eta_0,500,61,0.916916702958514,0.8454037147652254,-0.07151298819328866,0.06601796788536035,0.0014596201279765777,-0.06455834775738377
eta_0,500,62,0.9463652540322972,0.8779052801531311,-0.06845997387916614,0.06756630165011702,0.0014682983096778782,-0.06609800334043915
eta_0,500,63,0.9314385574684133,0.8635529126456222,-0.06788564482279114,0.0660338871968042,0.0013430083159381126,-0.06469087888086608
eta_0,500,64,0.9372923898742851,0.8700139902862687,-0.0672783995880164,0.06466558181707033,0.001518399083218457,-0.06314718273385186
eta_0,500,65,0.9279437620801526,0.8586280029684739,-0.06931575911167875,0.06908619769861656,0.0011493567248353795,-0.06793684097378118
eta_0,500,66,0.918826589234993,0.8510510944962035,-0.06777549473878952,0.06928125992482813,0.0015147977398809512,-0.06776646218494718
eta_0,500,67,0.9151475469679734,0.8442576107741666,-0.07088993619380679,0.0665256332894852,0.001666422954365291,-0.0648592103351199
eta_0,500,68,0.9440078412866327,0.8769421707777865,-0.06706567050884626,0.06905104135928408,0.0013456091302865036,-0.06770543222899758
eta_0,500,69,0.9212287600620988,0.8520116567207626,-0.06921710334133613,0.06793460139840517,0.0016285736607473825,-0.06630602773765779
eta_0,500,70,0.929165587923955,0.8591922067095655,-0.06997338121438945,0.06568724262075738,0.001333098366972639,-0.06435414425378475
eta_0,500,71,0.9242732585824364,0.856875387354678,-0.06739787122775831,0.06766173890130395,0.0010364153669824437,-0.0666253235343215
eta_0,500,72,0.9345918421889108,0.8665370096616974,-0.06805483252721334,0.0675948231722302,0.0010675905274117998,-0.0665272326448184
eta_0,500,73,0.9195389088650653,0.8493973634407566,-0.07014154542430873,0.06376704308648602,0.0013568596977650725,-0.06241018338872095
eta_0,500,74,0.9262198096946563,0.8555518394958392,-0.0706679701988171,0.06748455875310237,0.001422414178429675,-0.0660621445746727
eta_0,500,75,0.9170781751696152,0.8501051045366591,-0.0669730706329561,0.06861127928538253,0.0018125220458940932,-0.06679875723948844
eta_0,500,76,0.9218230818841228,0.854979737632221,-0.06684334425190175,0.06389778441515967,0.001198405383564597,-0.06269937903159507
eta_0,500,77,0.9213529174129115,0.8508223818659523,-0.0705305355469592,0.0680705341123473,0.0019219176310086663,-0.06614861648133863
eta_0,500,78,0.9214720805801866,0.8534897201051272,-0.06798236047505934,0.06984058681164783,0.0014288702140550858,-0.06841171659759274
eta_0,500,79,0.9431882000737556,0.8737481381899724,-0.06944006188378316,0.06898553753854934,0.0011507584240602951,-0.06783477911448905
eta_0,500,80,0.929898933207841,0.8608484684292048,-0.06905046477863619,0.06935673401403834,0.0018538013261807451,-0.06750293268785759
eta_0,500,81,0.9335892544841488,0.8636334704703181,-0.06995578401383062,0.06646701180695383,0.0014677934969403858,-0.06499921831001344
eta_0,500,82,0.9231222112852856,0.8560038416640854,-0.06711836962120021,0.06699577359402399,0.0015232534779227752,-0.06547252011610122
eta_0,500,83,0.9269074102255118,0.8572999892595119,-0.06960742096599992,0.06861764381608855,0.001358172352004832,-0.06725947146408372
eta_0,500,84,0.9186942700009068,0.8504802723267009,-0.06821399767420588,0.0694964050113333,0.0014651529809349153,-0.06803125203039839
eta_0,500,85,0.9311312961894918,0.8599536652997526,-0.07117763088973916,0.0676075701605183,0.002322350687363171,-0.06528521947315513
eta_0,500,86,0.9163109887088424,0.8480732551306349,-0.0682377335782075,0.07069291594558692,0.0015196600031843798,-0.06917325594240255
eta_0,500,87,0.9174637380192491,0.8500501658566617,-0.06741357216258737,0.06762063750169206,0.001693479962952047,-0.06592715753874001
eta_0,500,88,0.922545373818541,0.8533315768891657,-0.06921379692937524,0.06840256695213619,0.0014115790586537698,-0.06699098789348241
eta_0,500,89,0.9199993133880516,0.8491454405728838,-0.07085387281516786,0.06644696968783899,0.0014287683302293022,-0.06501820135760969
eta_0,500,90,0.9263389175451501,0.8579178907967131,-0.06842102674843697,0.06703073598893707,0.0015396942124762448,-0.06549104177646083
eta_0,500,91,0.9224577957321337,0.8503784693110263,-0.07207932642110737,0.06938249516533733,0.0018623744396146038,-0.06752012072572272
eta_0,500,92,0.9201283747090757,0.8512159534670082,-0.06891242124206753,0.0646905134615885,0.0016259661993532396,-0.06306454726223526
eta_0,500,93,0.9330022620530913,0.86290206898114,-0.07010019307195137,0.06820862454952951,0.0012080287565210685,-0.06700059579300845
eta_0,500,94,0.9103156958902354,0.8410016832304217,-0.06931401265981374,0.07243138797466786,0.0018137421117876307,-0.07061764586288023
eta_0,500,95,0.913436612122235,0.8411035188435326,-0.07233309327870241,0.063683691869506,0.0012145620144201714,-0.06246912985508583
eta_0,500,96,0.91940418045413,0.8484622283716003,-0.07094195208252962,0.07349107341457951,0.001602222162385958,-0.07188885125219356
eta_0,500,97,0.930438088482243,0.8603112078605164,-0.07012688062172656,0.06561034989209592,0.0012606696688880607,-0.06434968022320786
eta_0,500,98,0.923192990372141,0.8540157067211387,-0.06917728365100229,0.06605849907602494,0.0016441192473895814,-0.06441437982863536
eta_0,500,99,0.917015207710338,0.8473931545278843,-0.06962205318245362,0.06937378444123916,0.0011055681943306316,-0.06826821624690853
eta_0,5000,0,0.858564915978759,0.8522176511497341,-0.006347264829024812,0.006505367988280379,0.00015786327379375107,-0.006347504714486628
eta_0,5000,1,0.8584576263316182,0.8520392734656115,-0.006418352866006671,0.006442806173023536,0.00015020641215474187,-0.0062925997608687945
eta_0,5000,2,0.8610414261376125,0.8546030934234643,-0.006438332714148176,0.006747986616337132,0.00018670643195243267,-0.0065612801843846985
eta_0,5000,3,0.8649361313739075,0.8584892893083687,-0.006446842065538805,0.006489961256060268,0.00017931790305220714,-0.0063106433530080615
eta_0,5000,4,0.8585788179801251,0.8520039681765825,-0.006574849803542615,0.006720121709376428,0.00010423125194735905,-0.006615890457429069
eta_0,5000,5,0.8623914944961516,0.8557928039243036,-0.0065986905718480315,0.006819335936876378,0.00014899069794662906,-0.006670345238929749
eta_0,5000,6,0.8615876787592937,0.8549382225521884,-0.00664945620710522,0.006952806374245751,0.0001033821634042408,-0.006849424210841511
eta_0,5000,7,0.8574645853294109,0.8512012816628962,-0.00626330366651473,0.007203087354834309,0.00015242021150792186,-0.007050667143326387
eta_0,5000,8,0.8582256616632223,0.8516978537451708,-0.00652780791805152,0.006341495393542024,0.00016377770898320237,-0.006177717684558822
eta_0,5000,9,0.8596258204480788,0.8534529757834506,-0.0061728446646281965,0.006622417382330266,0.0001321050834481351,-0.006490312298882131
eta_0,5000,10,0.8632785806332587,0.8568503510111769,-0.0064282296220817825,0.006944127836713315,0.0001696761930022236,-0.006774451643711092
eta_0,5000,11,0.8584471831786974,0.8515988299279338,-0.006848353250763606,0.0066729785089468955,0.00012935087288639213,-0.0065436276360605035
eta_0,5000,12,0.8596193978475091,0.8529166867195601,-0.006702711127948957,0.006632670419235223,0.0001613133016287711,-0.006471357117606452
eta_0,5000,13,0.862095147609231,0.8556636326104721,-0.006431514998758936,0.006784395605048666,0.00017665743686770335,-0.006607738168180962
eta_0,5000,14,0.8600102619052162,0.8534215393808242,-0.006588722524392021,0.006180041072892793,0.000111768613357659,-0.006068272459535134
eta_0,5000,15,0.8597887501364435,0.8532523291148189,-0.006536421021624661,0.006716227837253668,0.00015440467726476735,-0.006561823159988901
eta_0,5000,16,0.8632708979057325,0.8567570338476733,-0.006513864058059204,0.006501024069401771,0.00016475496127811654,-0.006336269108123654
eta_0,5000,17,0.8623503148923944,0.8561304277719187,-0.00621988712047572,0.006614037426860077,0.00013268012555078872,-0.006481357301309288
eta_0,5000,18,0.8635432890583269,0.856427965536704,-0.007115323521622918,0.006394077579388452,0.00016526738308515637,-0.006228810196303295
eta_0,5000,19,0.8607082141765937,0.8542702073795365,-0.006438006797057194,0.006765933102773517,9.904844376068533e-05,-0.006666884659012832
eta_0,5000,20,0.8612024615101969,0.8545821748804159,-0.00662028662978098,0.006904019522244537,0.00015609385854987025,-0.006747925663694666
eta_0,5000,21,0.8610071403475047,0.8545320157304745,-0.006475124617030148,0.00689936874054571,0.00017350955026116863,-0.006725859190284541
eta_0,5000,22,0.8629902051770313,0.8564835009517648,-0.006506704225266446,0.006165866861205003,7.1091461389807e-05,-0.006094775399815196
eta_0,5000,23,0.8595266259022244,0.8529775965797367,-0.006549029322487687,0.00644946263012842,0.00013719685535189887,-0.006312265774776522
eta_0,5000,24,0.8603648796772533,0.8534751304461554,-0.006889749231097864,0.0068781621210086815,0.00016896643569946267,-0.0067091956853092185
eta_0,5000,25,0.857502400621207,0.8508752087800079,-0.006627191841199087,0.006796487154415585,0.00011523922288156406,-0.0066812479315340205
eta_0,5000,26,0.8630726216650775,0.8568905503190598,-0.00618207134601767,0.006827002135302238,0.00020757977418907087,-0.006619422361113167
eta_0,5000,27,0.8611037852963538,0.8544458625413177,-0.006657922755036072,0.006857201162024526,0.00010967672185338677,-0.0067475244401711395
eta_0,5000,28,0.8665249581995003,0.8598578143180483,-0.0066671438814519535,0.006911102798412829,0.00013050784851388944,-0.006780594949898939
eta_0,5000,29,0.8583358695915555,0.8516075088015508,-0.006728360790004717,0.006246214040394039,0.00012511832225061155,-0.0061210957181434275
eta_0,5000,30,0.86671890377007,0.8601492433584361,-0.006569660411633871,0.00660362218501645,0.00018126327393755626,-0.006422358911078894
eta_0,5000,31,0.8617869454759949,0.8551540601640764,-0.006632885311918524,0.006636026725703702,0.00011663456688880498,-0.006519392158814897
eta_0,5000,32,0.8619246456608414,0.8554475294576804,-0.0064771162031609375,0.006618550423089341,0.00011666899535156091,-0.00650188142773778
eta_0,5000,33,0.8640117896720861,0.8575279956063241,-0.00648379406576205,0.006999304156984451,0.00022107298887067848,-0.006778231168113773
eta_0,5000,34,0.8566808011350039,0.850088986210478,-0.006591814924525874,0.006324320783176084,9.904954172228597e-05,-0.006225271241453798
eta_0,5000,35,0.8599998300764393,0.85360281368119,-0.006397016395249366,0.006640772706813454,0.00016380756268208162,-0.006476965144131372
eta_0,5000,36,0.8618360882858053,0.8554385046342636,-0.0063975836515416384,0.00690833008930462,0.00015311661641549549,-0.006755213472889125
eta_0,5000,37,0.8602601395046706,0.8540391867647648,-0.006220952739905861,0.007173244076140527,0.0001634750485078549,-0.007009769027632672
eta_0,5000,38,0.8633472129869215,0.8566506595882772,-0.006696553398644278,0.006647714081565173,0.00014247053368576676,-0.006505243547879406
eta_0,5000,39,0.8588786302524882,0.8522551801896411,-0.006623450062847147,0.006510034504917275,0.00016924802073273363,-0.006340786484184542
eta_0,5000,40,0.8587374782063638,0.852253890614068,-0.006483587592295836,0.006826656017343512,0.00013926915451291394,-0.006687386862830598
eta_0,5000,41,0.8569101300217801,0.8505437710044681,-0.006366359017311973,0.0066579117090176014,0.00015197996572794575,-0.006505931743289656
eta_0,5000,42,0.8615123651352002,0.8549672790965193,-0.006545086038680981,0.006436335251767425,0.00011405117651019288,-0.006322284075257232
eta_0,5000,43,0.8607413153844732,0.8542965345673994,-0.006444780817073781,0.006414935416828118,0.00011033375054721359,-0.0063046016662809045
eta_0,5000,44,0.8653680981582307,0.8586269177160818,-0.006741180442148886,0.006657139727840623,0.00012658215609957026,-0.006530557571741053
eta_0,5000,45,0.8605389818638175,0.8539406581290477,-0.006598323734769762,0.006210575407161775,0.00013281645418984585,-0.00607775895297193
eta_0,5000,46,0.8584925238813502,0.8519074057675324,-0.0065851181138177894,0.006655994408951074,0.00012768550570977939,-0.006528308903241294
eta_0,5000,47,0.8591083305553423,0.8523937120180961,-0.0067146185372461975,0.006488287954700487,0.0001247380444318157,-0.006363549910268671
eta_0,5000,48,0.8606011072284878,0.854040480192931,-0.006560627035556821,0.006647844481847136,0.00014943726400121692,-0.006498407217845919
eta_0,5000,49,0.8620849226617762,0.85532419861522,-0.0067607240465561436,0.006947245101613483,0.00017445023269903494,-0.006772794868914448
eta_0,5000,50,0.8603646568267722,0.8535883455548707,-0.006776311271901481,0.006643810370354258,0.0001562945335248488,-0.006487515836829409
eta_0,5000,51,0.8595953731047694,0.8528438079211498,-0.006751565183619634,0.006537100075257238,0.0001378416673416754,-0.006399258407915562
eta_0,5000,52,0.8585960937569236,0.8522401820717932,-0.006355911685130389,0.007294662225657459,0.0001418147126743309,-0.007152847512983129
eta_0,5000,53,0.8575206178810939,0.8511440416659908,-0.006376576215103125,0.006772353221291297,0.00017946476183182226,-0.006592888459459475
eta_0,5000,54,0.8641367974556983,0.857854132644281,-0.00628266481141726,0.006606801386654579,0.000163285358876059,-0.00644351602777852
eta_0,5000,55,0.8594215287856409,0.8528803601435898,-0.006541168642051121,0.006174506263379971,0.00011064680465868373,-0.006063859458721287
eta_0,5000,56,0.8634772248032775,0.8569375328433815,-0.00653969195989601,0.006630235020502251,0.00014527516760201608,-0.006484959852900235
eta_0,5000,57,0.8604681522943656,0.8538593246785879,-0.006608827615777635,0.0065186790428100804,0.00014150562821575594,-0.006377173414594325
eta_0,5000,58,0.8591235977287072,0.8525544358199251,-0.006569161908782095,0.006768152848979165,0.00010497019082768248,-0.006663182658151482
eta_0,5000,59,0.8601477726700812,0.8534643894334966,-0.0066833832365846835,0.006643566728158881,0.00018805602111294416,-0.006455510707045937
eta_0,5000,60,0.8597292343547269,0.8535588683603959,-0.006170365994331073,0.0066816277629234535,0.0001086426026832384,-0.006572985160240215
eta_0,5000,61,0.8592990946312096,0.8525887331002218,-0.006710361530987807,0.006515972019734267,0.00011365687571802683,-0.00640231514401624
eta_0,5000,62,0.8591771899997825,0.8526547571737256,-0.006522432826056912,0.006868851239139909,0.00014213325462644516,-0.006726717984513464
eta_0,5000,63,0.8613585052523819,0.8547350731153106,-0.006623432137071283,0.006494044139915713,0.00010235405667400653,-0.006391690083241706
eta_0,5000,64,0.8594033591467151,0.8528448986291052,-0.006558460517609888,0.00687018909121529,0.00012797648774553122,-0.006742212603469759
eta_0,5000,65,0.860273245394266,0.8535308575081875,-0.006742387886078505,0.0065323124138588415,0.00014772779966036817,-0.006384584614198473
eta_0,5000,66,0.8603717463979024,0.853562575052988,-0.006809171344914322,0.006547802961240153,0.00017189198477075688,-0.006375910976469396
eta_0,5000,67,0.8624312692437391,0.8556715891878,-0.006759680055939188,0.006721959042088156,0.00013297291016127193,-0.006588986131926884
eta_0,5000,68,0.8635021951250215,0.857176427256585,-0.006325767868436416,0.0066361303941833705,0.00015661260187762278,-0.006479517792305748
eta_0,5000,69,0.8612747855564136,0.8548239908451654,-0.006450794711248209,0.006702907306174198,0.00015105979327508442,-0.006551847512899113
eta_0,5000,70,0.8600820437719409,0.8536631902232685,-0.006418853548672332,0.0066302723322783875,0.000157454401740896,-0.006472817930537491
eta_0,5000,71,0.8599241791214461,0.853064493672693,-0.00685968544875315,0.006555280708350854,0.00014807254113406438,-0.006407208167216789
eta_0,5000,72,0.8611736592602551,0.8546258586150424,-0.006547800645212765,0.006636257614321403,0.00010488453952005059,-0.006531373074801353
eta_0,5000,73,0.8588810260304555,0.8520418566293335,-0.006839169401121947,0.007013598295239798,0.0001741336586463023,-0.006839464636593496
eta_0,5000,74,0.8584318798632431,0.8521040554446531,-0.006327824418590033,0.006636034288056733,0.0001388265938354329,-0.0064972076942213
eta_0,5000,75,0.8620557571622053,0.8552640828620948,-0.006791674300110517,0.006531302070287179,0.00012389769146296375,-0.006407404378824215
eta_0,5000,76,0.8578901652230336,0.8512530439925879,-0.006637121230445686,0.006895269461891871,0.00019658287654091656,-0.006698686585350954
eta_0,5000,77,0.8607230031063796,0.8541116118408997,-0.006611391265479938,0.006868587824302817,0.000158527873433772,-0.006710059950869045
eta_0,5000,78,0.8576730758998284,0.8508759977079536,-0.006797078191874806,0.006835453795831049,0.00013601265887366537,-0.006699441136957383
eta_0,5000,79,0.8620111091718181,0.8554349140708072,-0.006576195101010929,0.006807850787832686,0.00016996778147116304,-0.006637883006361523
eta_0,5000,80,0.8613042223120252,0.8545606458300622,-0.006743576481962998,0.00661775974325384,0.0001422994983913133,-0.006475460244862527
eta_0,5000,81,0.8638933846000919,0.857273113001589,-0.006620271598502869,0.007304788317897343,0.00014408571205050654,-0.007160702605846837
eta_0,5000,82,0.8622083208261072,0.8555196505430529,-0.00668867028305431,0.00680313293889018,0.00020716806914392586,-0.006595964869746254
eta_0,5000,83,0.86008337926935,0.8538052103585061,-0.006278168910843873,0.006629948491045035,0.00018163384017850685,-0.0064483146508665275
eta_0,5000,84,0.8584283401284996,0.8517963094347051,-0.006632030693794477,0.006755727876001285,0.00023366637841954494,-0.00652206149758174
eta_0,5000,85,0.8594380833232752,0.8528505617213211,-0.006587521601954083,0.006798750290906084,0.00016640541179626864,-0.006632344879109815
eta_0,5000,86,0.8616775550096514,0.85512062012221,-0.006556934887441357,0.006751612141774224,0.00011164350482312536,-0.006639968636951099
eta_0,5000,87,0.8625912664990834,0.8562048989290596,-0.006386367570023754,0.007027805424272418,0.00012922891422933647,-0.006898576510043082
eta_0,5000,88,0.8583724014580812,0.8515491004293732,-0.006823301028708095,0.006359701529205901,0.000178404342927519,-0.006181297186278382
eta_0,5000,89,0.8626842805907833,0.8558131861492905,-0.006871094441492809,0.006574060972790334,0.00012640697107918743,-0.0064476540017111466
eta_0,5000,90,0.8569840599855002,0.8501378380002174,-0.006846221985282841,0.006731097827742283,0.00018363862807673726,-0.006547459199665546
eta_0,5000,91,0.8596510375117207,0.853113657897884,-0.0065373796138367135,0.006819099693227501,0.0002050190395057428,-0.006614080653721758
eta_0,5000,92,0.859548935151414,0.853282220063327,-0.00626671508808696,0.006390025622310168,0.0001246209510355195,-0.006265404671274649
eta_0,5000,93,0.8588719739180147,0.8524165037932946,-0.006455470124720142,0.006574569574847974,0.00010339182167315687,-0.006471177753174817
eta_0,5000,94,0.8612991909271441,0.8546778550101161,-0.0066213359170280706,0.00656177159550832,0.00015631481569128845,-0.006405456779817032
eta_0,5000,95,0.8584863063143123,0.85211110381765,-0.006375202496662347,0.006549222508806689,0.00018264205197025715,-0.006366580456836432
eta_0,5000,96,0.863579050512478,0.8571821647377394,-0.006396885774738514,0.006415967676380651,0.00013833334848880027,-0.006277634327891851
eta_0,5000,97,0.8614182092829941,0.8543294276654947,-0.007088781617499373,0.007045008573099224,0.0001517909955143221,-0.006893217577584902
eta_0,5000,98,0.8633974595448787,0.8566300868141772,-0.006767372730701493,0.006651578068147124,0.00015589300670561669,-0.0064956850614415074
eta_0,5000,99,0.8641932212878247,0.8579018646169685,-0.00629135667085623,0.006737388231953487,0.00013913705280156903,-0.006598251179151918
eta_0.02,100,0,1.1584055560666244,0.8384633004468878,-0.31994225561973666,0.39673328144266223,0.0072496960747223055,-0.3894835853679399
eta_0.02,100,1,1.1848262650244588,0.848919768355721,-0.33590649666873773,0.37107128527899214,0.00584936173448322,-0.36522192354450894
eta_0.02,100,2,1.1909553545091474,0.8503896690339733,-0.3405656854751741,0.38065885750666895,0.008907692379511214,-0.3717511651271577
eta_0.02,100,3,1.181283481132674,0.851218831623366,-0.33006464950930803,0.3603799045022747,0.005913486791225138,-0.35446641771104953
eta_0.02,100,4,1.2064519989486777,0.8858536091548618,-0.32059838979381594,0.36193385217234014,0.008943643735350199,-0.3529902084369899
eta_0.02,100,5,1.1906932221440079,0.87002657960136,-0.3206666425426479,0.389188923893228,0.005979888777171786,-0.38320903511605625
eta_0.02,100,6,1.2046099023226873,0.8749075924783655,-0.3297023098443218,0.35654567408471644,0.01033841443094237,-0.3462072596537741
eta_0.02,100,7,1.1965794632350029,0.8846434992263805,-0.31193596400862234,0.387487771999475,0.004232046552489725,-0.3832557254469853
eta_0.02,100,8,1.1728685503360767,0.8452355601001081,-0.3276329902359686,0.3871219913393973,0.005830315150384893,-0.3812916761890124
eta_0.02,100,9,1.2269561313674338,0.8975655880626471,-0.3293905433047867,0.37845363758429756,0.006180549067205057,-0.3722730885170925
eta_0.02,100,10,1.1790950280280361,0.8508028637397693,-0.3282921642882668,0.3836931458215757,0.008399336586621673,-0.37529380923495403
eta_0.02,100,11,1.2072238557051436,0.8854072445222414,-0.32181661118290217,0.39122620184969764,0.005608034279722467,-0.3856181675699752
eta_0.02,100,12,1.163978872485712,0.8515627823093428,-0.3124160901763693,0.3654329045852231,0.008327989733993041,-0.3571049148512301
eta_0.02,100,13,1.1820858530405325,0.8652618628411204,-0.3168239901994121,0.36651103458338047,0.0053407086985098814,-0.3611703258848706
eta_0.02,100,14,1.2131506625426942,0.8729318724001083,-0.34021879014258594,0.3864903544213287,0.007076974565535101,-0.3794133798557936
eta_0.02,100,15,1.208742351643468,0.8864752035282538,-0.3222671481152143,0.3735797334349303,0.008014342121266529,-0.3655653913136638
eta_0.02,100,16,1.2136180779990209,0.8948600699488328,-0.31875800805018806,0.3737837544373617,0.008238270534377878,-0.36554548390298386
eta_0.02,100,17,1.1930704770344907,0.852899343826618,-0.3401711332078726,0.3894942247898097,0.009996625048810489,-0.3794975997409992
eta_0.02,100,18,1.195724982317093,0.8595040071106355,-0.33622097520645755,0.3864333707743784,0.010096820100944403,-0.37633655067343397
eta_0.02,100,19,1.1935091036843528,0.8468746485263745,-0.3466344551579783,0.3698240300737705,0.007629969856689815,-0.3621940602170807
eta_0.02,100,20,1.1656507207259657,0.8297817693501102,-0.3358689513758555,0.3903227846065813,0.007975427893834475,-0.38234735671274683
eta_0.02,100,21,1.190480033585118,0.8619689720057941,-0.32851106157932386,0.3594751470618971,0.0071249257278494585,-0.35235022133404764
eta_0.02,100,22,1.1668371722862818,0.8455125702900688,-0.32132460199621304,0.3687627436355378,0.00633916517278474,-0.362423578462753
eta_0.02,100,23,1.1707955562897865,0.8503503589916485,-0.32044519729813803,0.38910766064244356,0.008593820526322236,-0.3805138401161213
eta_0.02,100,24,1.2055496020939713,0.8775728609888875,-0.3279767411050838,0.36086741049811133,0.007699271656738214,-0.3531681388413731
eta_0.02,100,25,1.1911093632950116,0.8526840350176049,-0.3384253282774067,0.369826464534988,0.007820541525792809,-0.3620059230091952
eta_0.02,100,26,1.2010523919753093,0.8775745530767366,-0.32347783889857273,0.38531570202686233,0.007232116824540853,-0.3780835852023215
eta_0.02,100,27,1.1955182674296416,0.8639872232579988,-0.3315310441716428,0.3701947846574154,0.006930668392184731,-0.36326411626523064
eta_0.02,100,28,1.171771748166505,0.8381495789762694,-0.3336221691902357,0.3747561304359608,0.008377860492041055,-0.36637826994391975
eta_0.02,100,29,1.2137896238451302,0.8878591792920165,-0.3259304445531137,0.3785587092167795,0.007556904605176471,-0.371001804611603
eta_0.02,100,30,1.2269975231531371,0.9083533916508097,-0.3186441315023274,0.3885256006061845,0.011395396195050953,-0.37713020441113354
eta_0.02,100,31,1.1719240736477012,0.8406426384225341,-0.3312814352251672,0.38225822352197875,0.005608845123773876,-0.3766493783982049
eta_0.02,100,32,1.1887892709380496,0.8617598836257838,-0.32702938731226583,0.3933260384046358,0.006598853699611314,-0.3867271847050245
eta_0.02,100,33,1.1753080048559668,0.8403972274920807,-0.3349107773638861,0.3794224154016388,0.006871819245867427,-0.37255059615577135
eta_0.02,100,34,1.1820498206930028,0.8473147584692355,-0.33473506222376725,0.3763852949892022,0.007088269629485971,-0.36929702535971626
eta_0.02,100,35,1.2106443293820603,0.869601888760021,-0.34104244062203937,0.3670825386755441,0.006758266707630042,-0.36032427196791406
eta_0.02,100,36,1.1616002685947286,0.8412377100988828,-0.32036255849584583,0.38502017619666334,0.00699965067337961,-0.37802052552328375
eta_0.02,100,37,1.1587635629936404,0.8193991387166297,-0.33936442427701063,0.3836576886299851,0.005963782010118414,-0.3776939066198667
eta_0.02,100,38,1.1627511671492592,0.8239634307100151,-0.3387877364392441,0.3697952191013767,0.006845615908375033,-0.3629496031930017
eta_0.02,100,39,1.223072592447129,0.8948183950738866,-0.32825419737324246,0.382535295066813,0.0050524663462644896,-0.3774828287205485
eta_0.02,100,40,1.1470799604201585,0.8260076758908249,-0.32107228452933356,0.3621160034723432,0.007082164960078311,-0.3550338385122649
eta_0.02,100,41,1.1764792011685767,0.8569439366532349,-0.31953526451534187,0.3709261802689577,0.0078887024904406,-0.3630374777785171
eta_0.02,100,42,1.175665046258113,0.8451736810081765,-0.3304913652499366,0.38821345214742514,0.009466825287493146,-0.378746626859932
eta_0.02,100,43,1.2081858614244658,0.8800234967949672,-0.32816236462949866,0.3688992485524916,0.0072735526517342716,-0.3616256959007573
eta_0.02,100,44,1.2194076462282084,0.8898392515182079,-0.32956839471000055,0.36613875987079664,0.005578188054734883,-0.36056057181606177
eta_0.02,100,45,1.1623401535131725,0.843852496546852,-0.31848765696632053,0.37925601122959307,0.006091486882716589,-0.37316452434687647
eta_0.02,100,46,1.2269079463766674,0.9117311473193884,-0.315176799057279,0.35586917130707524,0.007735631441316679,-0.34813353986575857
eta_0.02,100,47,1.2285527395915345,0.9002349071010163,-0.32831783249051827,0.38237875656104786,0.007982535572162065,-0.3743962209888858
eta_0.02,100,48,1.1767050977309101,0.8442698083405833,-0.33243528939032685,0.359248350078909,0.005760942089784586,-0.3534874079891244
eta_0.02,100,49,1.1768471150748414,0.8580278888218771,-0.3188192262529643,0.3921686325534342,0.008399322615177082,-0.38376930993825714
eta_0.02,100,50,1.1581306240887423,0.8350726602179186,-0.32305796387082375,0.40639761117446227,0.006432061406032546,-0.39996554976842974
eta_0.02,100,51,1.15354484441581,0.8224351691542002,-0.33110967526160984,0.3570654071377464,0.006735193596100187,-0.35033021354164623
eta_0.02,100,52,1.193143417178032,0.8628205858524679,-0.33032283132556406,0.3912681680582364,0.005497307959034234,-0.38577086009920214
eta_0.02,100,53,1.1850861937084949,0.8550045101075402,-0.3300816836009547,0.37328078501407996,0.008096581138542879,-0.3651842038755371
eta_0.02,100,54,1.2199242574527365,0.8860681425226953,-0.3338561149300412,0.3812549444157393,0.006392080016906215,-0.3748628643988331
eta_0.02,100,55,1.1774666010724284,0.8423378112707767,-0.3351287898016517,0.37715664453899467,0.007290380162998193,-0.36986626437599646
eta_0.02,100,56,1.2367577989024432,0.9139993515591689,-0.3227584473432743,0.37155685143631195,0.006080365507225353,-0.3654764859290866
eta_0.02,100,57,1.2056620793767177,0.875479353901229,-0.33018272547548866,0.3893571118535963,0.009158760756977509,-0.38019835109661876
eta_0.02,100,58,1.1690789350107575,0.8381986928403501,-0.33088024217040746,0.3827878634575252,0.00829286976116991,-0.3744949936963553
eta_0.02,100,59,1.2051496939157393,0.8759559929914438,-0.32919370092429556,0.3726510254661249,0.00964589191599818,-0.3630051335501267
eta_0.02,100,60,1.2191667761023977,0.8973510881196657,-0.32181568798273197,0.381139362208417,0.005746973539266596,-0.37539238866915037
eta_0.02,100,61,1.148425970923298,0.8255827283599511,-0.32284324256334695,0.39375968795745225,0.008041447365415557,-0.3857182405920367
eta_0.02,100,62,1.2095332071372047,0.8700070381398739,-0.3395261689973308,0.38943652030447834,0.006501079329499908,-0.38293544097497845
eta_0.02,100,63,1.2045584814864225,0.8777415271522457,-0.3268169543341768,0.36880815557981633,0.006724902092225395,-0.36208325348759096
eta_0.02,100,64,1.2155767624847165,0.8752240106466175,-0.340352751838099,0.38071302699266196,0.008172753724293661,-0.3725402732683683
eta_0.02,100,65,1.186572743294444,0.8468246384706302,-0.3397481048238138,0.38381036733473595,0.005936271804702388,-0.37787409553003354
eta_0.02,100,66,1.1576278751223195,0.8343427319119849,-0.3232851432103345,0.38323043688163433,0.00934820216157945,-0.3738822347200549
eta_0.02,100,67,1.1767879021181933,0.8584088103031552,-0.3183790918150381,0.37145131418677696,0.0067996930904764465,-0.3646516210963005
eta_0.02,100,68,1.2084741722585695,0.8883648580591681,-0.32010931419940136,0.3862572384513953,0.0046848758080135075,-0.3815723626433818
eta_0.02,100,69,1.1835667797491087,0.8577716584438824,-0.32579512130522637,0.3853576631218443,0.009111057343273155,-0.3762466057785711
eta_0.02,100,70,1.1871672795091115,0.8597112038855514,-0.32745607562356005,0.37989532963563266,0.008030387409192749,-0.3718649422264399
eta_0.02,100,71,1.1908123954241188,0.8611722458358774,-0.3296401495882414,0.3688697020541943,0.006961262382752356,-0.36190843967144193
eta_0.02,100,72,1.196787950510302,0.8733890150324837,-0.3233989354778184,0.38112179459800083,0.008082918211047702,-0.3730388763869531
eta_0.02,100,73,1.1925141172421505,0.8505183166699438,-0.3419958005722067,0.3735892787853743,0.008092544630567963,-0.3654967341548063
eta_0.02,100,74,1.1946352278674146,0.8737766998208956,-0.32085852804651904,0.3856065248872269,0.006019042079973615,-0.3795874828072533
eta_0.02,100,75,1.1747734566420647,0.8608335445870525,-0.31393991205501215,0.36419904167614897,0.006823551201459421,-0.35737549047468953
eta_0.02,100,76,1.2191212280101933,0.9003769289503782,-0.31874429905981505,0.3781321879185913,0.009137163233909654,-0.36899502468468165
eta_0.02,100,77,1.1957642125242487,0.8825315762738692,-0.31323263625037945,0.3474254072898037,0.007156465874487608,-0.3402689414153161
eta_0.02,100,78,1.1902724077654072,0.8642204635925308,-0.3260519441728764,0.3654804791741282,0.009950066560392733,-0.35553041261373547
eta_0.02,100,79,1.171736883395287,0.8567830797937309,-0.3149538036015561,0.377992940780691,0.009985413034839975,-0.36800752774585105
eta_0.02,100,80,1.150326134567455,0.8321685681918799,-0.318157566375575,0.3650849309770157,0.008632245347958836,-0.3564526856290569
eta_0.02,100,81,1.1974714263683968,0.8375053287999238,-0.359966097568473,0.3695026230272706,0.006609972047507477,-0.36289265097976314
eta_0.02,100,82,1.1609132257050818,0.847325416465147,-0.3135878092399348,0.3711125872886172,0.007241017407759672,-0.3638715698808575
eta_0.02,100,83,1.1774784723954437,0.86518439743055,-0.3122940749648937,0.3698201884288757,0.008073745609546885,-0.36174644281932883
eta_0.02,100,84,1.1801016803288638,0.8563925124057387,-0.3237091679231251,0.3819071956234388,0.006903327858551873,-0.3750038677648869
eta_0.02,100,85,1.1727633717580084,0.8540150864932725,-0.31874828526473586,0.3897848766490444,0.00975972661202889,-0.3800251500370155
eta_0.02,100,86,1.206720189375219,0.8908963050974337,-0.3158238842777854,0.3785125491501912,0.012430542540356868,-0.36608200660983437
eta_0.02,100,87,1.2158691038711151,0.8935375668490927,-0.32233153702202244,0.4050805759991761,0.010404313742063857,-0.3946762622571122
eta_0.02,100,88,1.1747425404274354,0.8547499231756402,-0.3199926172517952,0.3702814338618425,0.005688002835203794,-0.36459343102663866
eta_0.02,100,89,1.18168619925072,0.8439871706310136,-0.33769902861970635,0.3861381408228452,0.005353457554350778,-0.3807846832684944
eta_0.02,100,90,1.1742775318055045,0.8451045694674252,-0.32917296233807936,0.3767357649379188,0.004667868064745092,-0.3720678968731737
eta_0.02,100,91,1.141584716098741,0.8216941853680291,-0.31989053073071183,0.35567560738504334,0.005744683887767674,-0.34993092349727567
eta_0.02,100,92,1.1676974753506333,0.8542997591477336,-0.3133977162028997,0.3863151793761375,0.004939240146200899,-0.3813759392299366
eta_0.02,100,93,1.1962316931506003,0.8637592455918437,-0.3324724475587566,0.385014597409795,0.005563323646350133,-0.37945127376344484
eta_0.02,100,94,1.2239170610244248,0.8900593302893153,-0.3338577307351095,0.39086759581131175,0.0067952835166467515,-0.384072312294665
eta_0.02,100,95,1.18743106144271,0.8636762238949813,-0.3237548375477286,0.3698025334448604,0.007427208886706307,-0.36237532455815413
eta_0.02,100,96,1.2211319078531002,0.8891475050101185,-0.3319844028429817,0.3791013264384177,0.008210724772776488,-0.3708906016656412
eta_0.02,100,97,1.1889678438966078,0.8656667015496856,-0.3233011423469222,0.384851565787182,0.007323161297226339,-0.37752840448995567
eta_0.02,100,98,1.1999630469366378,0.8730534031786569,-0.32690964375798093,0.3680551205647125,0.006148100084886421,-0.3619070204798261
eta_0.02,100,99,1.1872297706059225,0.8608111267154182,-0.32641864389050435,0.3827069377424532,0.005814424549151876,-0.3768925131933013
eta_0.02,500,0,0.9287436173043174,0.8547977534338821,-0.07394586387043534,0.07223664029145897,0.0018865647671912878,-0.07035007552426768
eta_0.02,500,1,0.9350906666328971,0.8645943384699162,-0.0704963281629809,0.06775795412216114,0.001452597749414784,-0.06630535637274636
eta_0.02,500,2,0.9370585806688911,0.8670268001678574,-0.07003178050103376,0.06883576432064405,0.0009372245785552591,-0.06789853974208879
eta_0.02,500,3,0.9268920429730955,0.8605434653903569,-0.0663485775827386,0.06747763887435197,0.0016283608565130937,-0.06584927801783888
eta_0.02,500,4,0.9044886459295297,0.8317702773171904,-0.07271836861233927,0.06630280569018228,0.001500909466137786,-0.06480189622404449
eta_0.02,500,5,0.9249486910009894,0.855754093929641,-0.06919459707134845,0.06803467115058998,0.0013327406110851458,-0.06670193053950484
eta_0.02,500,6,0.9202840998148322,0.8466155786335544,-0.07366852118127776,0.07014097933274022,0.0016793703057828538,-0.06846160902695736
eta_0.02,500,7,0.9359797979294585,0.8664175899378712,-0.0695622079915873,0.06745323687524267,0.0018528568974700938,-0.06560037997777257
eta_0.02,500,8,0.9277121794035322,0.8572376098307417,-0.07047456957279052,0.06625426053209395,0.001316611548689005,-0.06493764898340494
eta_0.02,500,9,0.9175691763493509,0.8467800996422005,-0.0707890767071504,0.06935243442410088,0.001489164584476534,-0.06786326983962435
eta_0.02,500,10,0.9228198487529878,0.8530020897354827,-0.06981775901750509,0.0679479459773648,0.0017419068085932415,-0.06620603916877156
eta_0.02,500,11,0.9339481353223169,0.861775458601377,-0.07217267672093985,0.06648729525249066,0.0014214394563810831,-0.06506585579610957
eta_0.02,500,12,0.928598455724928,0.8615025982902136,-0.06709585743471447,0.06991914576253073,0.0015060449816041068,-0.06841310078092663
eta_0.02,500,13,0.9340448031107117,0.8604888414773251,-0.07355596163338662,0.0660092612896375,0.0012184587282297132,-0.06479080256140778
eta_0.02,500,14,0.9265051973768115,0.8547850397164473,-0.07172015766036421,0.06896912881031975,0.0012596562622863607,-0.06770947254803339
eta_0.02,500,15,0.9250967890156633,0.8517341591735741,-0.07336262984208919,0.06954957222246277,0.0011992790458105699,-0.0683502931766522
eta_0.02,500,16,0.9166400471028212,0.8473390877463677,-0.06930095935645353,0.06928324689440969,0.0013865161627163707,-0.06789673073169332
eta_0.02,500,17,0.9285354158274536,0.8616099029811828,-0.0669255128462708,0.06991881997135281,0.0015553906654018393,-0.06836342930595098
eta_0.02,500,18,0.9332026722769892,0.8612858357702813,-0.07191683650670788,0.06990665276990347,0.0010904081837015715,-0.0688162445862019
eta_0.02,500,19,0.902457495721236,0.8336499277896777,-0.06880756793155829,0.06942031686870355,0.001479432716226482,-0.06794088415247707
eta_0.02,500,20,0.9319815486102859,0.8636855139496928,-0.06829603466059309,0.06695747870811983,0.0019257706027216988,-0.06503170810539813
eta_0.02,500,21,0.9222624533967322,0.8500905623482304,-0.07217189104850175,0.06962105458988867,0.0013255237124611481,-0.06829553087742751
eta_0.02,500,22,0.9199719979168656,0.8537269849102929,-0.0662450130065727,0.06812371960010448,0.0013789673605371165,-0.06674475223956736
eta_0.02,500,23,0.9395338313292392,0.870038581722707,-0.0694952496065322,0.06986640568850365,0.001200318441853823,-0.06866608724664983
eta_0.02,500,24,0.9090826984683411,0.8420205762615889,-0.06706212220675223,0.06877302382407029,0.001548784600922124,-0.06722423922314816
eta_0.02,500,25,0.9305676599147809,0.8594820107460677,-0.07108564916871318,0.06368033869225158,0.0009928887524363321,-0.06268744993981525
eta_0.02,500,26,0.9225894766297755,0.8552191047761923,-0.06737037185358319,0.06625568475278033,0.00143565912300276,-0.06482002562977757
eta_0.02,500,27,0.925210356762384,0.8560376201559392,-0.06917273660644474,0.06727365649391157,0.0011972618965659532,-0.06607639459734561
eta_0.02,500,28,0.9350251794774231,0.8637383200972498,-0.07128685938017332,0.06683615268209298,0.0016684958014096941,-0.06516765688068328
eta_0.02,500,29,0.9277022672107123,0.8572279576651415,-0.07047430954557077,0.06705433259928097,0.0014916784047299299,-0.06556265419455104
eta_0.02,500,30,0.9222592640892255,0.8539170271571312,-0.06834223693209429,0.06601845517734412,0.002049037952997858,-0.06396941722434626
eta_0.02,500,31,0.916570843483643,0.8471122391789248,-0.06945860430471829,0.07034424958959891,0.0016458748138483024,-0.06869837477575061
eta_0.02,500,32,0.9169121874940429,0.8455368032729205,-0.07137538422112244,0.07070718291821165,0.0014446890137085595,-0.06926249390450309
eta_0.02,500,33,0.919374314348184,0.8474148844828919,-0.07195942986529202,0.06878051636454678,0.0013024036068390171,-0.06747811275770776
eta_0.02,500,34,0.9245184013952579,0.8546518030514882,-0.06986659834376963,0.07072522696563836,0.0011709966620722396,-0.06955423030356613
eta_0.02,500,35,0.9220372718056824,0.8518375218353533,-0.07019974997032907,0.06588629997864542,0.0013768332487366505,-0.06450946672990877
eta_0.02,500,36,0.9257284224137998,0.8552449368433673,-0.07048348557043249,0.06564331646611894,0.0008395687439534756,-0.06480374772216546
eta_0.02,500,37,0.925282180736157,0.8560391402307757,-0.06924304050538133,0.06790696778517195,0.0011797085649806476,-0.0667272592201913
eta_0.02,500,38,0.9322130255739003,0.8567525528342654,-0.07546047273963485,0.07127633920024794,0.00131503154029455,-0.06996130765995338
eta_0.02,500,39,0.9333720194392118,0.8634387764160094,-0.06993324302320236,0.06910197952515025,0.0013718963809958027,-0.06773008314415445
eta_0.02,500,40,0.9255054990643913,0.8548255068128359,-0.07067999225155541,0.06811547786806273,0.001084509808701586,-0.06703096805936114
eta_0.02,500,41,0.9262641441501622,0.8546142321204624,-0.07164991202969984,0.07155557272599077,0.0012381883028044762,-0.07031738442318629
eta_0.02,500,42,0.9290317448695844,0.8566664973177597,-0.07236524755182472,0.06841138507219201,0.0017036956584995811,-0.06670768941369243
eta_0.02,500,43,0.930690666313779,0.8601469640854849,-0.07054370222829409,0.06628178513763865,0.0007843064352370732,-0.06549747870240158
eta_0.02,500,44,0.9206018094738991,0.8534585514335191,-0.06714325804038002,0.0692159072163988,0.0014048524267285816,-0.06781105478967021
eta_0.02,500,45,0.9189993630372649,0.8485358666911027,-0.07046349634616222,0.06819864074762466,0.0013927100402041262,-0.06680593070742054
eta_0.02,500,46,0.9360465088928164,0.8615727009603189,-0.07447380793249747,0.06471221549454649,0.0016582546737390195,-0.06305396082080747
eta_0.02,500,47,0.9349978968225595,0.8639519329448386,-0.07104596387772089,0.06679908241756956,0.0009445720781744292,-0.06585451033939513
eta_0.02,500,48,0.9156239356601215,0.8463462749543591,-0.06927766070576236,0.06814526782716583,0.0009695281470502076,-0.06717573968011563
eta_0.02,500,49,0.9201150694861268,0.8490455886560846,-0.07106948083004216,0.07124088670911405,0.0014186317946257646,-0.06982225491448829
eta_0.02,500,50,0.9471032832288291,0.8781251439970645,-0.06897813923176455,0.06614064946191833,0.0017545711711469177,-0.06438607829077142
eta_0.02,500,51,0.9279876998309736,0.8558821361477364,-0.07210556368323717,0.07012603393506987,0.0013550069260743597,-0.06877102700899551
eta_0.02,500,52,0.9280473040761259,0.8589063412202722,-0.0691409628558537,0.06843563013664036,0.0017806768417386128,-0.06665495329490174
eta_0.02,500,53,0.923509124239693,0.8538671485441518,-0.0696419756955412,0.06564979826848687,0.0016046686526572538,-0.06404512961582962
eta_0.02,500,54,0.9209923985485262,0.8539350001869324,-0.06705739836159386,0.06575059983098373,0.0013307052462463182,-0.06441989458473742
eta_0.02,500,55,0.9280529726363831,0.8599448751590983,-0.06810809747728475,0.06739471834654438,0.0015319247028027214,-0.06586279364374166
eta_0.02,500,56,0.9139581455787082,0.8454906972427698,-0.06846744833593843,0.06865694883809757,0.0009373914072694747,-0.0677195574308281
eta_0.02,500,57,0.9097080832675576,0.840017950546506,-0.06969013272105162,0.07059365192452847,0.0017080065724500906,-0.06888564535207839
eta_0.02,500,58,0.9428190207000372,0.8695494892139344,-0.07326953148610282,0.0689092907971997,0.0013680304329887814,-0.06754126036421092
eta_0.02,500,59,0.9287755485987083,0.8603983184023285,-0.06837723019637976,0.0660024783184689,0.0017024945989609361,-0.06429998371950796
eta_0.02,500,60,0.936199124304521,0.8622623918063448,-0.07393673249817623,0.06163713797562668,0.0012781347373680705,-0.06035900323825861
eta_0.02,500,61,0.931746891587216,0.8607184875397702,-0.07102840404744581,0.06791681405903369,0.0017957847286090608,-0.06612102933042463
eta_0.02,500,62,0.9307772119887492,0.8591000743237658,-0.0716771376649834,0.0688033020487484,0.0013064613336416849,-0.06749684071510673
eta_0.02,500,63,0.9213942179076903,0.8513354340580515,-0.07005878384963882,0.06603782160020379,0.0017363744632320171,-0.06430144713697176
eta_0.02,500,64,0.9217580292266051,0.8520411554439595,-0.06971687378264557,0.07059981499080359,0.0015609471856263787,-0.0690388678051772
eta_0.02,500,65,0.9162849131188467,0.846755724019969,-0.06952918909887773,0.0677600771034861,0.0010638976827817672,-0.06669617942070433
eta_0.02,500,66,0.9403297214018981,0.8710484386612848,-0.06928128274061329,0.07149780417990954,0.001715958415775056,-0.06978184576413449
eta_0.02,500,67,0.9377802770669509,0.8696185760423885,-0.06816170102456243,0.06250675770218385,0.001416042406506864,-0.06109071529567699
eta_0.02,500,68,0.9230496921576926,0.8535058281713328,-0.06954386398635981,0.07076954421786347,0.0008670605380119883,-0.06990248367985148
eta_0.02,500,69,0.9204566739931396,0.851086366541402,-0.06937030745173756,0.06554267345255316,0.0014993463499436768,-0.06404332710260949
eta_0.02,500,70,0.9276071366821848,0.8581203722127875,-0.06948676446939728,0.06877989994967632,0.001600507483598338,-0.06717939246607797
eta_0.02,500,71,0.9076071763917651,0.838659979907624,-0.06894719648414116,0.06795418198494686,0.0011593848617754555,-0.0667947971231714
eta_0.02,500,72,0.9221472461760509,0.855728735224743,-0.06641851095130791,0.06934167197409268,0.0017571005341089632,-0.06758457143998371
eta_0.02,500,73,0.9438928463394082,0.8734198137439124,-0.07047303259549575,0.06668436064416326,0.0017910785595539624,-0.0648932820846093
eta_0.02,500,74,0.9216412927667849,0.8490556826676414,-0.07258561009914344,0.0642042562735017,0.0010432363685870002,-0.0631610199049147
eta_0.02,500,75,0.9190476601910428,0.8492517324571691,-0.06979592773387366,0.06856858068038475,0.0014121893117127614,-0.06715639136867199
eta_0.02,500,76,0.9314050352351037,0.8614800248337275,-0.06992501040137611,0.07121021862685864,0.002002858821014978,-0.06920735980584367
eta_0.02,500,77,0.9271239388014396,0.8563257904465675,-0.07079814835487208,0.06637213829992329,0.0012725893077132231,-0.06509954899221007
eta_0.02,500,78,0.9478805674017089,0.8739525507426171,-0.07392801665909177,0.06695203910176953,0.0018235080313655052,-0.06512853107040402
eta_0.02,500,79,0.9310302502919647,0.8642725671908018,-0.06675768310116292,0.06919518740002657,0.0010933938106212956,-0.06810179358940528
eta_0.02,500,80,0.9374924360920315,0.8666624960884406,-0.07082994000359089,0.06600158083165508,0.001598755374158442,-0.06440282545749663
eta_0.02,500,81,0.9217674042568914,0.8464365145830335,-0.07533088967385793,0.06799034907275864,0.0016254518654556652,-0.06636489720730297
eta_0.02,500,82,0.9180782678928359,0.8487057670747843,-0.06937250081805157,0.06736640515159335,0.0010768101434539198,-0.06628959500813944
eta_0.02,500,83,0.9306990688069533,0.8601380519396422,-0.07056101686731109,0.06964619475424673,0.0016423132412246222,-0.06800388151302211
eta_0.02,500,84,0.9071004791584528,0.8362203800204939,-0.0708800991379589,0.07115461045172025,0.001184500449780532,-0.06997011000193971
eta_0.02,500,85,0.9281523777605499,0.8604499594857531,-0.06770241827479684,0.06709463544136325,0.0011183410565455097,-0.06597629438481774
eta_0.02,500,86,0.9322568422255527,0.8607180306232418,-0.0715388116023109,0.07060229125292786,0.0013161894156065728,-0.06928610183732128
eta_0.02,500,87,0.9337394240716265,0.8614023938660716,-0.07233703020555482,0.06957553522340292,0.0018992146444992148,-0.0676763205789037
eta_0.02,500,88,0.9319161336601915,0.8609854699926462,-0.0709306636675453,0.06536050527186076,0.001476809268899482,-0.06388369600296127
eta_0.02,500,89,0.9369833986822877,0.8682455939915734,-0.06873780469071433,0.06493002162037557,0.0011570641376074675,-0.06377295748276811
eta_0.02,500,90,0.9149661023332252,0.8427261394487414,-0.07223996288448375,0.064024980113716,0.0013093311739256117,-0.0627156489397904
eta_0.02,500,91,0.9236667531601839,0.8559788519845749,-0.06768790117560897,0.07102477856390747,0.0017848340138909074,-0.06923994455001657
eta_0.02,500,92,0.9259698499301444,0.8562704896261281,-0.06969936030401636,0.06707451117099282,0.0009483488404744059,-0.06612616233051842
eta_0.02,500,93,0.9412082032080624,0.8723474222653684,-0.06886078094269399,0.0663851979020941,0.001443446656047323,-0.06494175124604677
eta_0.02,500,94,0.9323122999269318,0.8646154794947112,-0.06769682043222058,0.06470520675762077,0.0017052247338367771,-0.062999982023784
eta_0.02,500,95,0.9353601271451083,0.8670513691056656,-0.0683087580394427,0.07018270708157053,0.0010735047061177893,-0.06910920237545273
eta_0.02,500,96,0.9332005610385381,0.8617248264574457,-0.07147573458109235,0.067424829884692,0.0016592798987168002,-0.06576554998597521
eta_0.02,500,97,0.931145685046879,0.8590990846252525,-0.07204660042162647,0.06974458353870401,0.0013686522769318465,-0.06837593126177216
eta_0.02,500,98,0.9327541203006676,0.8615828557444885,-0.07117126455617917,0.06560896218929145,0.0014122903758009627,-0.0641966718134905
eta_0.02,500,99,0.9155617682903004,0.8476062874917456,-0.06795548079855485,0.06827848548031061,0.001502495280335907,-0.0667759901999747
eta_0.02,5000,0,0.8570597913345605,0.8496075052101084,-0.007452286124452034,0.006688280638779395,0.00018005547063108422,-0.006508225168148311
eta_0.02,5000,1,0.8624348413757129,0.8546280088523959,-0.007806832523317042,0.006673381504278681,0.00013995298096844722,-0.006533428523310234
eta_0.02,5000,2,0.8610629611497141,0.8530554934563958,-0.008007467693318393,0.006822906111610914,0.0001668900842515704,-0.006656016027359344
eta_0.02,5000,3,0.8602166343423088,0.8527234486625777,-0.007493185679731118,0.0066121980770355165,0.00016190108548158708,-0.00645029699155393
eta_0.02,5000,4,0.8634888124806382,0.8555966532974286,-0.007892159183209624,0.006424579248821755,0.0001407338642437208,-0.006283845384578034
eta_0.02,5000,5,0.8625031263727915,0.8548546075586555,-0.007648518814135974,0.006472029572208111,0.00019824735750752004,-0.006273782214700591
eta_0.02,5000,6,0.8596539045556196,0.8519290176329346,-0.007724886922685026,0.006695762887786322,0.00019175261864643072,-0.006504010269139891
eta_0.02,5000,7,0.8623436194330191,0.85426673974034,-0.008076879692679118,0.006619713858365937,0.00014931313321411653,-0.00647040072515182
eta_0.02,5000,8,0.8619350510287247,0.8541603114958145,-0.007774739532910191,0.00631606930811322,0.00017563903278009432,-0.006140430275333126
eta_0.02,5000,9,0.861072797527437,0.8534489328264555,-0.007623864700981531,0.006655056572547967,0.000141899212602368,-0.006513157359945599
eta_0.02,5000,10,0.8572038898638624,0.8494784858984927,-0.007725403965369693,0.006340407863680927,0.0002127316902272534,-0.006127676173453674
eta_0.02,5000,11,0.8627959531778425,0.8551747748934775,-0.007621178284365038,0.006804053395670497,0.00011652815280959962,-0.006687525242860898
eta_0.02,5000,12,0.8649241143556786,0.857358771143395,-0.007565343212283637,0.00648186179476113,0.00020473074488140403,-0.006277131049879726
eta_0.02,5000,13,0.8621743850131849,0.8544370434306554,-0.007737341582529478,0.006665567163827862,0.0001401112760008912,-0.00652545588782697
eta_0.02,5000,14,0.865068349315096,0.8576592721798144,-0.007409077135281605,0.00662700942988365,0.0001829194434212583,-0.006444089986462392
eta_0.02,5000,15,0.8577891347117556,0.8504833382046011,-0.007305796507154461,0.006434342394200571,0.00010287210442180149,-0.006331470289778769
eta_0.02,5000,16,0.8562893544104989,0.8489227636416072,-0.007366590768891679,0.006706403200275095,0.00014931246004103779,-0.006557090740234057
eta_0.02,5000,17,0.865606429091125,0.8579114961365648,-0.007694932954560141,0.006901941338090263,0.00010279829876527637,-0.0067991430393249865
eta_0.02,5000,18,0.8635089145893935,0.8559825676960742,-0.0075263468933193245,0.006785158063925954,0.0001318318550246418,-0.006653326208901312
eta_0.02,5000,19,0.8651394271224695,0.857354692442195,-0.007784734680274519,0.006691925593249795,0.0001330609932365375,-0.006558864600013258
eta_0.02,5000,20,0.8575422621009188,0.8498061473833621,-0.007736114717556641,0.006411486035722387,0.0001258900370311834,-0.006285595998691203
eta_0.02,5000,21,0.8580924592130295,0.850141818011494,-0.007950641201535436,0.006332621548558421,0.00011517839406122121,-0.0062174431544972
eta_0.02,5000,22,0.8656806206637876,0.8581449197794231,-0.007535700884364505,0.006919808310251158,0.0001932029340603746,-0.006726605376190783
eta_0.02,5000,23,0.8594106745259719,0.8520729686496264,-0.007337705876345413,0.006915443585449499,0.00016929483981637346,-0.006746148745633126
eta_0.02,5000,24,0.8588508846500851,0.8511820263195857,-0.007668858330499351,0.0063969705514135946,0.00019755933996144014,-0.0061994112114521546
eta_0.02,5000,25,0.8599489669765115,0.8523565534135922,-0.007592413562919287,0.006488885482901452,0.0001451549848421831,-0.006343730498059269
eta_0.02,5000,26,0.8642273824062006,0.8561077651576511,-0.008119617248549482,0.00684408171371409,0.00011085423632313873,-0.006733227477390951
eta_0.02,5000,27,0.8597178529667148,0.8521619997028242,-0.007555853263890522,0.006553865572407995,0.0001263943204050165,-0.006427471252002978
eta_0.02,5000,28,0.8624907134102164,0.8547887436504145,-0.007701969759801974,0.006761568583177856,0.00014848607984143094,-0.006613082503336425
eta_0.02,5000,29,0.8608792531821092,0.853256916342458,-0.007622336839651189,0.006739908993003083,0.00012344423917788193,-0.006616464753825201
eta_0.02,5000,30,0.8624329860361297,0.8550439781016397,-0.007389007934490044,0.006629557777279663,0.00015812665315093955,-0.0064714311241287235
eta_0.02,5000,31,0.8635699627469435,0.8559960631032677,-0.00757389964367583,0.0065545776337478994,0.00013834324955590464,-0.006416234384191995
eta_0.02,5000,32,0.8658670080126782,0.8580556025033166,-0.0078114055093616575,0.006911744282094658,0.00010258215097744765,-0.00680916213111721
eta_0.02,5000,33,0.8581312133168016,0.8505544876019895,-0.00757672571481216,0.006672600269192824,0.00015059390837101133,-0.006522006360821813
eta_0.02,5000,34,0.8629915332879804,0.8553730574964209,-0.007618475791559498,0.006706629850632255,0.00013085862670123485,-0.006575771223931021
eta_0.02,5000,35,0.8601650486860349,0.8529164049947957,-0.007248643691239232,0.006594483677609587,0.00016455072945290437,-0.006429932948156683
eta_0.02,5000,36,0.8597346112186091,0.85207939685145,-0.007655214367159102,0.006755236241463913,0.00013680506006499631,-0.006618431181398916
eta_0.02,5000,37,0.8573651308731091,0.8495666493657806,-0.007798481507328425,0.0069311761383505826,0.00014135270038749233,-0.00678982343796309
eta_0.02,5000,38,0.8594809445418048,0.8519219944915633,-0.007558950050241542,0.006752602242350046,0.00020034107966654087,-0.006552261162683506
eta_0.02,5000,39,0.8642416264470375,0.8567535121942157,-0.007488114252821809,0.006374475332071466,9.609943769368665e-05,-0.006278375894377779
eta_0.02,5000,40,0.8614873658066905,0.8536172370759634,-0.007870128730727122,0.006399017694321957,0.0001455714224242471,-0.006253446271897709
eta_0.02,5000,41,0.863899810708494,0.8558226111607155,-0.008077199547778524,0.007195675201070594,0.0001385336866992704,-0.007057141514371324
eta_0.02,5000,42,0.8655717767977519,0.8580791187612046,-0.007492658036547306,0.0064467081374924165,0.0001289578075924196,-0.006317750329899997
eta_0.02,5000,43,0.8616305533493698,0.8539396052405548,-0.007690948108814988,0.006823653034015907,0.00013169881147995373,-0.006691954222535953
eta_0.02,5000,44,0.8650145933241871,0.8574491497347614,-0.00756544358942568,0.007083023651849503,0.0001349611376410777,-0.0069480625142084255
eta_0.02,5000,45,0.8645238365481612,0.857217073845514,-0.007306762702647185,0.0065165795598040215,0.00015160863807810908,-0.006364970921725913
eta_0.02,5000,46,0.8624749496603886,0.8546268190125937,-0.007848130647794882,0.00690315960604231,0.0001628582927447277,-0.006740301313297582
eta_0.02,5000,47,0.8595477156433565,0.8514834160576283,-0.008064299585728185,0.006464508146719848,0.00015814345899134707,-0.006306364687728501
eta_0.02,5000,48,0.8639806440770119,0.8561958503549476,-0.007784793722064309,0.006410386690665693,0.00010458443708106995,-0.006305802253584623
eta_0.02,5000,49,0.8646415036114276,0.8572008016985055,-0.00744070191292201,0.006547072901054101,0.00016196413960392,-0.006385108761450181
eta_0.02,5000,50,0.8596165180661686,0.8517779553331224,-0.007838562733046173,0.0064919601423109275,0.0001759507696836315,-0.006316009372627296
eta_0.02,5000,51,0.8608721395982978,0.8531307747953656,-0.0077413648029321935,0.006613136875515284,0.00015555291712209722,-0.006457583958393187
eta_0.02,5000,52,0.8584816986057132,0.8502060706418401,-0.008275627963873156,0.006907127243406822,0.00013269850676328275,-0.0067744287366435394
eta_0.02,5000,53,0.8598375600139079,0.8522900832680816,-0.0075474767458262315,0.006506110219943858,0.0001793713458552985,-0.0063267388740885595
eta_0.02,5000,54,0.8594745127572335,0.8513758666405902,-0.008098646116643349,0.006433008773837247,9.037279939622299e-05,-0.0063426359744410245
eta_0.02,5000,55,0.8608824559609162,0.85308860584619,-0.00779385011472622,0.0067621132460853875,0.00017717589019999993,-0.006584937355885388
eta_0.02,5000,56,0.8580558735281013,0.8501749459725406,-0.00788092755556069,0.00681304768656017,0.00016876364354469144,-0.006644284043015479
eta_0.02,5000,57,0.8643313839489334,0.8562190357343655,-0.008112348214567855,0.006813207645968212,0.00017361116339010998,-0.006639596482578102
eta_0.02,5000,58,0.8572648527513355,0.8496278199345282,-0.0076370328168072765,0.006803845134773649,0.00013321170696094554,-0.006670633427812703
eta_0.02,5000,59,0.8679347941133414,0.8601886541708024,-0.007746139942539032,0.006671182650186976,0.00016661950690529675,-0.006504563143281679
eta_0.02,5000,60,0.855516020856666,0.8477432836240459,-0.007772737232620064,0.006586213526752473,0.00012551444280930178,-0.006460699083943171
eta_0.02,5000,61,0.8635737986201718,0.8559707219832727,-0.007603076636899075,0.006712085263723723,0.00014503009494111816,-0.006567055168782605
eta_0.02,5000,62,0.8636516517745289,0.8559487851183987,-0.007702866656130181,0.006540589845848738,0.00015341742559325387,-0.006387172420255484
eta_0.02,5000,63,0.8629729984143489,0.8552585533667411,-0.007714445047607876,0.0065179251376233675,0.00023282836716143055,-0.006285096770461937
eta_0.02,5000,64,0.8603415204726247,0.852878400968144,-0.007463119504480642,0.006609504727459264,0.0001716063510093018,-0.006437898376449962
eta_0.02,5000,65,0.859136368028708,0.8517878204825986,-0.007348547546109363,0.006311121409369836,0.0001585282080203624,-0.006152593201349474
eta_0.02,5000,66,0.8630429415576105,0.8550011476765166,-0.00804179388109394,0.006448841186339059,0.00016360439506417552,-0.006285236791274884
eta_0.02,5000,67,0.8603019526436041,0.8523956211751418,-0.007906331468462313,0.006606709241125479,0.00018119786884885508,-0.006425511372276624
eta_0.02,5000,68,0.8595103137955045,0.8516678560180865,-0.007842457777417988,0.006680307922892175,0.00018514210719306167,-0.006495165815699113
eta_0.02,5000,69,0.8620375058390648,0.8542349880863576,-0.007802517752707239,0.006244143233487753,0.00013105379011153296,-0.00611308944337622
eta_0.02,5000,70,0.8606961936241634,0.8526215414347624,-0.008074652189400955,0.006744765185252066,0.00014059686335612628,-0.00660416832189594
eta_0.02,5000,71,0.8615190168280696,0.8538271757593048,-0.00769184106876486,0.00644090906674822,0.0001168313522494596,-0.00632407771449876
eta_0.02,5000,72,0.8585136821350757,0.8509486009230799,-0.007565081211995839,0.00651407617494672,0.0001832068134036276,-0.006330869361543093
eta_0.02,5000,73,0.864766186638455,0.8572270537075733,-0.007539132930881598,0.006802090581582769,0.00014550921025520858,-0.006656581371327561
eta_0.02,5000,74,0.8637513436821097,0.8562750215699418,-0.007476322112167866,0.006580699491080488,0.00019115178406800293,-0.006389547707012485
eta_0.02,5000,75,0.8604376717488448,0.852630355926318,-0.007807315822526806,0.006429825843604739,9.25227248361012e-05,-0.006337303118768638
eta_0.02,5000,76,0.8586359261962148,0.8509640541126836,-0.0076718720835311505,0.006935825165098958,0.00011829040723101759,-0.00681753475786794
eta_0.02,5000,77,0.8559234312135845,0.8485103270770247,-0.007413104136559823,0.006813775719833287,9.835665945990261e-05,-0.0067154190603733845
eta_0.02,5000,78,0.8626912732951467,0.8551858720356834,-0.007505401259463307,0.006464855598819639,0.00015842778701020776,-0.006306427811809431
eta_0.02,5000,79,0.8646146530980016,0.856803039444411,-0.00781161365359051,0.006931508139988223,0.00014709875654361884,-0.006784409383444604
eta_0.02,5000,80,0.8621402720530181,0.8544558204288262,-0.007684451624191957,0.006347827425744988,0.00014930793170773117,-0.006198519494037257
eta_0.02,5000,81,0.8635745663095437,0.8557615055898045,-0.007813060719739195,0.0064342525668573125,0.00013815208506286073,-0.006296100481794452
eta_0.02,5000,82,0.860823372511523,0.8530892277940381,-0.007734144717484903,0.006569791700991811,0.0001629797845496182,-0.006406811916442192
eta_0.02,5000,83,0.8594243031004193,0.8519879193083298,-0.0074363837920894404,0.006702601538206367,0.00016846837832961374,-0.0065341331598767535
eta_0.02,5000,84,0.8676727728843382,0.8596487648604993,-0.008024008023838847,0.006644495810457917,0.00012863288107686012,-0.006515862929381057
eta_0.02,5000,85,0.8649460597126986,0.857236911962231,-0.007709147750467604,0.006649863930642521,0.00015897003890789202,-0.006490893891734629
eta_0.02,5000,86,0.8607954968018569,0.8530389665388409,-0.007756530263015926,0.006477147227892613,9.351445154262908e-05,-0.006383632776349984
eta_0.02,5000,87,0.8598605615450685,0.8517313744375208,-0.00812918710754773,0.006706645217364291,0.000160846768304129,-0.0065457984490601626
eta_0.02,5000,88,0.8557689323819191,0.848010929089221,-0.007758003292698046,0.0068344772436785585,0.00016666247800491512,-0.006667814765673644
eta_0.02,5000,89,0.8600085597660012,0.8524716001705175,-0.007536959595483728,0.006756819245430516,0.0001765770379407597,-0.006580242207489756
eta_0.02,5000,90,0.8597062676788404,0.851892221329072,-0.007814046349768344,0.006462740928499006,0.00014218260955693217,-0.006320558318942074
eta_0.02,5000,91,0.8622310815018706,0.8540846791672367,-0.008146402334633818,0.006533196070913336,0.00014389476833968378,-0.006389301302573652
eta_0.02,5000,92,0.8617278938799892,0.8537055494544492,-0.008022344425539951,0.006576218575162818,0.00012543508316187872,-0.00645078349200094
eta_0.02,5000,93,0.8621222071230018,0.8543376604405564,-0.007784546682445437,0.006257539790699776,0.00010099407397636039,-0.006156545716723415
eta_0.02,5000,94,0.8573808064462417,0.8499394557397818,-0.007441350706459904,0.0063798058274039185,0.00012050858821385911,-0.00625929723919006
eta_0.02,5000,95,0.861268942332171,0.8534431028048838,-0.007825839527287215,0.006413541231558383,0.00013019227789471592,-0.0062833489536636665
eta_0.02,5000,96,0.863766735644012,0.8559217653311997,-0.007844970312812283,0.006539317488998744,8.412169812798423e-05,-0.006455195790870759
eta_0.02,5000,97,0.8608473307021042,0.8530923302756193,-0.007755000426484915,0.007014856078898064,0.00013390011131547133,-0.006880955967582593
eta_0.02,5000,98,0.861197875071772,0.8531376581551755,-0.00806021691659653,0.006823089051683179,9.258736915685505e-05,-0.0067305016825263235
eta_0.02,5000,99,0.8584430181521764,0.8505651839528336,-0.007877834199342737,0.006393574247959829,0.0001420756826711088,-0.00625149856528872
eta_0.2,100,0,1.2705255160260378,0.8464569434453487,-0.4240685725806891,0.37081091893347456,0.006833786950053477,-0.3639771319834211
eta_0.2,100,1,1.267933526980704,0.8357502492115425,-0.43218327776916143,0.3849447589617128,0.006242804032594631,-0.3787019549291182
eta_0.2,100,2,1.2722343076144114,0.8484765906104078,-0.42375771700400355,0.39199712399747916,0.007020608955615748,-0.3849765150418634
eta_0.2,100,3,1.2893236915228643,0.8685523453064914,-0.4207713462163729,0.38183492978339073,0.008140153371200696,-0.37369477641219
eta_0.2,100,4,1.2806920834531283,0.868392743376905,-0.4122993400762234,0.37991367458296565,0.005346660201103866,-0.3745670143818618
eta_0.2,100,5,1.278410997014556,0.8486815596414814,-0.4297294373730747,0.37463156911847834,0.007308869851563209,-0.36732269926691513
eta_0.2,100,6,1.2742380887925957,0.8562830249716804,-0.4179550638209153,0.36854484354301836,0.008590323834413351,-0.35995451970860504
eta_0.2,100,7,1.300380045706135,0.8754636658913081,-0.4249163798148269,0.38654261932941764,0.008750583079333102,-0.3777920362500845
eta_0.2,100,8,1.2840959983604512,0.8541398033139314,-0.42995619504651983,0.36370588407571613,0.005762878834039559,-0.35794300524167655
eta_0.2,100,9,1.3002054203778945,0.8676156148510408,-0.4325898055268538,0.3834638907621559,0.00783252361630268,-0.37563136714585327
eta_0.2,100,10,1.2689434749962119,0.8611381736536003,-0.4078053013426115,0.37401017501217226,0.006133042650860265,-0.367877132361312
eta_0.2,100,11,1.2307884067437713,0.8170018596209588,-0.4137865471228125,0.38070817603221463,0.004775471734031605,-0.37593270429818304
eta_0.2,100,12,1.2492472474920098,0.833071871829363,-0.41617537566264673,0.3821314071504076,0.0095392796098784,-0.3725921275405292
eta_0.2,100,13,1.3147930748423573,0.8805006052140727,-0.4342924696282846,0.38746335663814174,0.006653588507337372,-0.38080976813080436
eta_0.2,100,14,1.280530338701502,0.8632157204728125,-0.4173146182286894,0.3657394268435996,0.00509756794471878,-0.36064185889888084
eta_0.2,100,15,1.3047975826370004,0.8827661961961795,-0.42203138644082094,0.3785711670401036,0.008803978409260185,-0.3697671886308434
eta_0.2,100,16,1.316448722017637,0.8976569785801369,-0.41879174343750014,0.37490980464972606,0.008457687735118785,-0.3664521169146073
eta_0.2,100,17,1.2862447820803269,0.8748505466270184,-0.41139423545330844,0.3844710998129961,0.006211928037757591,-0.3782591717752385
eta_0.2,100,18,1.2717302307439242,0.8376965356278505,-0.4340336951160737,0.379042369062931,0.006645466669164565,-0.37239690239376644
eta_0.2,100,19,1.2810547473829812,0.8505385193792896,-0.4305162280036916,0.3972452908382653,0.00539200257249774,-0.3918532882657676
eta_0.2,100,20,1.2867157884341178,0.8669820582922279,-0.41973373014188997,0.3966715986604223,0.008497607490434142,-0.38817399116998813
eta_0.2,100,21,1.2638431645510944,0.8281765323996242,-0.43566663215147017,0.38868065220636666,0.006174072544041373,-0.38250657966232526
eta_0.2,100,22,1.29499481214174,0.8479087034214606,-0.44708610872027943,0.3779958977120532,0.005419124975712469,-0.37257677273634077
eta_0.2,100,23,1.2904277527410721,0.8602724464792704,-0.43015530626180176,0.38039570233603665,0.006746399105789772,-0.37364930323024687
eta_0.2,100,24,1.3048887422683204,0.877627808831257,-0.4272609334370634,0.3698534542308156,0.006465335007274767,-0.36338811922354086
eta_0.2,100,25,1.320273335578939,0.8907785827885737,-0.4294947527903652,0.384571939479527,0.007921803171848983,-0.376650136307678
eta_0.2,100,26,1.282525716305669,0.8807362090483548,-0.4017895072573141,0.39443106301105946,0.006927106317643695,-0.38750395669341575
eta_0.2,100,27,1.2972638902115852,0.8821086159994296,-0.4151552742121556,0.3869157411974744,0.008006103449484062,-0.37890963774799036
eta_0.2,100,28,1.2952076615254395,0.867081172564758,-0.4281264889606815,0.3747689240464795,0.008562282820509054,-0.36620664122597046
eta_0.2,100,29,1.309995843014389,0.8756360573504829,-0.4343597856639061,0.3868069546607218,0.00874668171905468,-0.3780602729416671
eta_0.2,100,30,1.254701061686897,0.8209941769282368,-0.43370688475866015,0.3893108348850971,0.00842193590359245,-0.38088889898150463
eta_0.2,100,31,1.2673257326593046,0.8337508400736358,-0.43357489258566884,0.38053079287618075,0.0070896765379501025,-0.3734411163382306
eta_0.2,100,32,1.298169995399878,0.8667061829995739,-0.43146381240030407,0.3798102482703711,0.00833627383812461,-0.37147397443224645
eta_0.2,100,33,1.2858337624747609,0.8749851149876673,-0.4108486474870936,0.3780091340220748,0.00863335118066583,-0.369375782841409
eta_0.2,100,34,1.2907723679795537,0.859213281212414,-0.4315590867671397,0.3691154571236816,0.010312177283602522,-0.3588032798400791
eta_0.2,100,35,1.267008982490065,0.8445773957487366,-0.4224315867413284,0.3849441172042815,0.0067490945656453255,-0.3781950226386362
eta_0.2,100,36,1.253877753980224,0.8261217544254416,-0.4277559995547824,0.35820802732523377,0.004753330556057842,-0.3534546967691759
eta_0.2,100,37,1.2888205877072438,0.8593658275987768,-0.42945476010846706,0.3784423005763186,0.006027479826494731,-0.3724148207498239
eta_0.2,100,38,1.3467799314073006,0.9279599232039084,-0.41882000820339216,0.3762027241127237,0.008227494235890542,-0.3679752298768332
eta_0.2,100,39,1.2828371163086763,0.8417916875612697,-0.4410454287474066,0.3708361894353797,0.008635375022541691,-0.362200814412838
eta_0.2,100,40,1.2632845163031494,0.8369879461945487,-0.42629657010860067,0.3853297873168748,0.006474770190572578,-0.3788550171263022
eta_0.2,100,41,1.2868526713432382,0.846252252811084,-0.44060041853215426,0.40476114563320786,0.010519822894466492,-0.39424132273874135
eta_0.2,100,42,1.3152286860746052,0.8882361462015239,-0.4269925398730813,0.38553762958321486,0.007645453709030728,-0.3778921758741841
eta_0.2,100,43,1.2778226709091463,0.8579305702456574,-0.4198921006634888,0.35868280029084393,0.009019306736203159,-0.34966349355464077
eta_0.2,100,44,1.2993217070530427,0.8653591807564627,-0.43396252629658005,0.37597027494831564,0.011773410707695673,-0.36419686424062
eta_0.2,100,45,1.2621695941744886,0.8578220545414392,-0.40434753963304937,0.3797307836321571,0.004913811210776898,-0.37481697242138023
eta_0.2,100,46,1.2866981703686171,0.8585290415129914,-0.42816912885562575,0.3762904963369491,0.00762440123139332,-0.3686660951055558
eta_0.2,100,47,1.3069190349103363,0.8621042360168234,-0.44481479889351294,0.34961123603167726,0.006407898597741874,-0.3432033374339354
eta_0.2,100,48,1.3009246018331113,0.8560800410989662,-0.44484456073414513,0.3827747589666411,0.00903901471659108,-0.37373574425005
eta_0.2,100,49,1.2679563974937622,0.86284962166777,-0.4051067758259922,0.3842221244151138,0.005933677498522472,-0.3782884469165913
eta_0.2,100,50,1.2847047118754007,0.831069757787163,-0.45363495408823773,0.3807345368261951,0.006280330172524226,-0.3744542066536709
eta_0.2,100,51,1.2710122805972783,0.8656105526383759,-0.4054017279589024,0.36974022021891934,0.005423233006553075,-0.3643169872123663
eta_0.2,100,52,1.2698328320915935,0.8502016201468111,-0.41963121194478237,0.3751336962110396,0.006831308273306375,-0.36830238793773323
eta_0.2,100,53,1.2773447742072863,0.8530023338305202,-0.42434244037676616,0.3710003083520517,0.008314467776438652,-0.3626858405756131
eta_0.2,100,54,1.301160835303667,0.8765021460183928,-0.42465868928527417,0.37719446254847067,0.006359122130724557,-0.37083534041774613
eta_0.2,100,55,1.2854534852017956,0.8586643463412733,-0.4267891388605223,0.3589992687990872,0.007850682987134462,-0.35114858581195274
eta_0.2,100,56,1.2878621087353965,0.8778694970324179,-0.4099926117029786,0.37131832903890566,0.008005039976597666,-0.363313289062308
eta_0.2,100,57,1.2729045849874847,0.8615231960225868,-0.41138138896489795,0.3738915924912134,0.007085746071753338,-0.36680584641946007
eta_0.2,100,58,1.2542649953791016,0.8530060718018484,-0.40125892357725323,0.3681688738757078,0.009995827285241073,-0.3581730465904667
eta_0.2,100,59,1.2582809877518952,0.8505800575133635,-0.4077009302385317,0.3758967794046506,0.0062871745559225315,-0.36960960484872807
eta_0.2,100,60,1.2772184246219647,0.8436826066749152,-0.43353581794704943,0.37299344080447056,0.005651964101960014,-0.36734147670251055
eta_0.2,100,61,1.3041878135291614,0.8756343940980484,-0.4285534194311129,0.38350548980303784,0.0056743551721437635,-0.37783113463089407
eta_0.2,100,62,1.275454193976454,0.8680183134623654,-0.40743588051408874,0.37027514951934815,0.005639821140892202,-0.36463532837845597
eta_0.2,100,63,1.2782535071338001,0.8588985098688899,-0.4193549972649102,0.3667101446123377,0.006194513607851714,-0.36051563100448597
eta_0.2,100,64,1.2741127302466684,0.8553537057869002,-0.4187590244597682,0.3617250637028892,0.006330218343832525,-0.3553948453590567
eta_0.2,100,65,1.2904561054761226,0.8573595904257512,-0.4330965150503714,0.3772843150620187,0.007186743535382941,-0.37009757152663575
eta_0.2,100,66,1.2747954645855886,0.8410636406829499,-0.43373182390263865,0.3798537879172524,0.00582563595197646,-0.37402815196527595
eta_0.2,100,67,1.2952939982815812,0.8824363866333806,-0.41285761164820056,0.38643761839511725,0.0075330848229975865,-0.3789045335721197
eta_0.2,100,68,1.275724828521996,0.863450763745419,-0.412274064776577,0.3778829042376284,0.009273290288870376,-0.368609613948758
eta_0.2,100,69,1.2764554974397002,0.8540185839404418,-0.4224369134992584,0.3919968237058042,0.005691335312498245,-0.3863054883933059
eta_0.2,100,70,1.2693946643913927,0.8260457277120494,-0.4433489366793433,0.371254436051053,0.006635278396435899,-0.3646191576546171
eta_0.2,100,71,1.2941316937086103,0.8671571686370152,-0.42697452507159506,0.39651557100225715,0.006958750731279301,-0.3895568202709778
eta_0.2,100,72,1.3036630795519777,0.886438417750693,-0.4172246618012847,0.4004840250958414,0.007214696134259967,-0.39326932896158145
eta_0.2,100,73,1.2886242139787079,0.856749279668285,-0.4318749343104229,0.38234834086020014,0.0059668980455342855,-0.37638144281466585
eta_0.2,100,74,1.3098852730888388,0.8766804740062119,-0.433204799082627,0.37122769402212324,0.008517260168066549,-0.3627104338540567
eta_0.2,100,75,1.2457028179682235,0.8405761741000143,-0.4051266438682092,0.36827051569274794,0.008548230727841586,-0.3597222849649063
eta_0.2,100,76,1.24418490756123,0.8245268388937079,-0.419658068667522,0.3723709541505483,0.009348466076798862,-0.3630224880737494
eta_0.2,100,77,1.2902688630994539,0.8806404669234026,-0.4096283961760513,0.4002668276562337,0.0070638608478151305,-0.3932029668084186
eta_0.2,100,78,1.275898335734774,0.8570052647611429,-0.41889307097363104,0.40204550353321017,0.009045066968271025,-0.39300043656493916
eta_0.2,100,79,1.2924024351292938,0.8636042114716971,-0.4287982236575967,0.38033798138501956,0.006806236512017546,-0.373531744873002
eta_0.2,100,80,1.3223670980517936,0.9011258119547298,-0.4212412860970638,0.36829807141734755,0.008792613858989842,-0.3595054575583577
eta_0.2,100,81,1.2991342523229934,0.8819684713007316,-0.41716578102226176,0.3750129451721971,0.010093145058677786,-0.36491980011351927
eta_0.2,100,82,1.3221544115565742,0.8869884733427684,-0.4351659382138058,0.3609778171004052,0.006587774857079835,-0.3543900422433254
eta_0.2,100,83,1.2587738098186352,0.8409053615202859,-0.41786844829834924,0.3782598318819385,0.00773795849780202,-0.3705218733841365
eta_0.2,100,84,1.3257833386741784,0.8983417473955373,-0.4274415912786411,0.3660570318507328,0.00619073915342333,-0.35986629269730946
eta_0.2,100,85,1.2598957034497615,0.8461338877123856,-0.4137618157373759,0.3904399413937189,0.006036169101310376,-0.3844037722924085
eta_0.2,100,86,1.25076429214949,0.8292778900460749,-0.42148640210341504,0.38823337333687996,0.0061255093072795485,-0.3821078640296004
eta_0.2,100,87,1.2314600247473366,0.8117147088695622,-0.4197453158777744,0.3685830625086133,0.00695258196487583,-0.3616304805437375
eta_0.2,100,88,1.2668823451710158,0.8588147687415819,-0.4080675764294339,0.39016244463413635,0.007892116248761412,-0.38227032838537495
eta_0.2,100,89,1.253940567676155,0.8302281202023355,-0.42371244747381953,0.38238024222076133,0.0067285673708551924,-0.37565167484990614
eta_0.2,100,90,1.27615586606562,0.8522151309439039,-0.42394073512171615,0.39078642312574513,0.009784419769900302,-0.38100200335584483
eta_0.2,100,91,1.3187285318428548,0.8949524084537017,-0.42377612338915305,0.3868013606471454,0.010265786603837545,-0.37653557404330784
eta_0.2,100,92,1.2788664579716442,0.8634577295393664,-0.41540872843227783,0.3847991686199088,0.008788862855508034,-0.37601030576440075
eta_0.2,100,93,1.2884775643233957,0.8568792035039391,-0.4315983608194566,0.3962439136188238,0.006089852622272459,-0.3901540609965513
eta_0.2,100,94,1.2911097978284154,0.8624274555885494,-0.428682342239866,0.3843772586834974,0.005503717336894054,-0.3788735413466034
eta_0.2,100,95,1.270490641902952,0.8742159565606014,-0.39627468534235066,0.3749250059110684,0.01010393965117318,-0.36482106625989524
eta_0.2,100,96,1.2747384628101632,0.847913024661246,-0.42682543814891727,0.38631208752688173,0.007193616515304996,-0.37911847101157675
eta_0.2,100,97,1.3301911488309808,0.8938494295153395,-0.43634171931564125,0.36870282994988557,0.006906099165222685,-0.3617967307846629
eta_0.2,100,98,1.3005348109200539,0.8759077031072845,-0.42462710781276936,0.38884858984173737,0.009749577777355262,-0.3790990120643821
eta_0.2,100,99,1.2800930351815674,0.8678875626737683,-0.41220547250779904,0.3856531549811362,0.010081968421674487,-0.37557118655946176
eta_0.2,500,0,1.045022755560133,0.8747263978181354,-0.17029635774199758,0.06809131040007511,0.001383799049681238,-0.06670751135039388
eta_0.2,500,1,1.0330481604834232,0.8594121611504644,-0.1736359993329588,0.06765824140286113,0.0012911188515540056,-0.06636712255130713
eta_0.2,500,2,1.0170361973766646,0.8501007086463218,-0.1669354887303428,0.07033985582528963,0.0015772381351346993,-0.06876261769015493
eta_0.2,500,3,1.0258240110704653,0.8518846592244708,-0.17393935184599452,0.06721945039176767,0.0016299828605727024,-0.06558946753119498
eta_0.2,500,4,1.0308700940030266,0.8582778380463819,-0.17259225595664474,0.06525573281022502,0.0007677608347802503,-0.06448797197544477
eta_0.2,500,5,1.0127967051645592,0.84478052397625,-0.1680161811883092,0.06532771674064151,0.0015101787690877462,-0.06381753797155376
eta_0.2,500,6,1.0210601369094772,0.8464541765344473,-0.17460596037502985,0.06833036062530107,0.001055860510711405,-0.06727450011458966
eta_0.2,500,7,1.0414090739191515,0.8619091999455367,-0.17949987397361478,0.07130920912468713,0.0014575499191732638,-0.06985165920551387
eta_0.2,500,8,1.026723074236419,0.8436985095063747,-0.18302456473004436,0.06921366751966541,0.0012544519642411548,-0.06795921555542427
eta_0.2,500,9,1.0223746838987064,0.8563080476287176,-0.16606663626998885,0.06731813465552929,0.0015490558966971268,-0.06576907875883216
eta_0.2,500,10,1.0215427923621734,0.847978138856174,-0.17356465350599937,0.06784762657332748,0.0018372210393915406,-0.06601040553393593
eta_0.2,500,11,1.034087329661726,0.8544814791946772,-0.1796058504670487,0.07089060858188552,0.002176261487225312,-0.0687143470946602
eta_0.2,500,12,1.0372955714765062,0.8621869372707296,-0.1751086342057766,0.06406094744089369,0.0015933696528582376,-0.06246757778803545
eta_0.2,500,13,1.0187673915106006,0.8485054943435497,-0.17026189716705087,0.06722908973542398,0.001398711468030207,-0.06583037826739377
eta_0.2,500,14,1.0229357888867074,0.8508513728895516,-0.17208441599715585,0.0660121794353115,0.0013563040031422493,-0.06465587543216925
eta_0.2,500,15,1.0205518467519714,0.8478009140670246,-0.1727509326849468,0.06840963594057958,0.0014592751000232678,-0.06695036084055632
eta_0.2,500,16,1.0436703262493794,0.8681038461127101,-0.1755664801366693,0.06981177911402806,0.002273533106253449,-0.06753824600777461
eta_0.2,500,17,1.0407733507026904,0.8636821563197767,-0.17709119438291365,0.06654474199761733,0.0015591549937121526,-0.06498558700390518
eta_0.2,500,18,1.0321730301961085,0.8567228486671925,-0.175450181528916,0.06942391376186616,0.0020628039132601144,-0.06736110984860605
eta_0.2,500,19,1.011378398163904,0.8452910124619846,-0.1660873857019194,0.06451051041425294,0.0016244097920907774,-0.06288610062216217
eta_0.2,500,20,1.0409255908857642,0.8665068496118405,-0.17441874127392365,0.06590178898573425,0.0016751333175273886,-0.06422665566820686
eta_0.2,500,21,1.0379217105793854,0.8655519733314352,-0.17236973724795024,0.06820172082458022,0.0015567893170306854,-0.06664493150754953
eta_0.2,500,22,1.013808401740162,0.8476679207972986,-0.1661404809428635,0.0656150028258363,0.0016747226247658712,-0.06394028020107043
eta_0.2,500,23,1.035147619526678,0.8593322545933983,-0.17581536493327965,0.06723379068970442,0.0011936126124770605,-0.06604017807722735
eta_0.2,500,24,1.0275187943619344,0.8517473331544135,-0.17577146120752085,0.06383174304259931,0.0016204545030947424,-0.06221128853950457
eta_0.2,500,25,1.046102926998155,0.8749802697380155,-0.17112265726013953,0.06859799331321347,0.0013287026873186197,-0.06726929062589485
eta_0.2,500,26,1.0403431768088531,0.8595613207414533,-0.18078185606739983,0.06768718059426376,0.0011864670472874453,-0.06650071354697631
eta_0.2,500,27,1.0404425090990241,0.8640449330641807,-0.1763975760348434,0.06440602939534612,0.0013493036313009911,-0.06305672576404513
eta_0.2,500,28,1.0262217334099777,0.8532019744464574,-0.1730197589635203,0.06752396763072231,0.001639906564963588,-0.06588406106575873
eta_0.2,500,29,1.0137780421448763,0.8432585244510726,-0.1705195176938037,0.0647581663760902,0.001155093561631085,-0.06360307281445912
eta_0.2,500,30,1.0170876415094854,0.8515647469451357,-0.16552289456434965,0.06742882334118369,0.0011938970605747635,-0.06623492628060892
eta_0.2,500,31,1.0303749736515613,0.8504431340409392,-0.1799318396106221,0.06738501594993092,0.0010973144452521284,-0.06628770150467879
eta_0.2,500,32,1.0345808132740206,0.8623579368477967,-0.17222287642622391,0.06980080732453423,0.0020326847735475683,-0.06776812255098666
eta_0.2,500,33,1.0315735627864127,0.8632679030357908,-0.16830565975062184,0.06616376710505026,0.0017461617794016563,-0.06441760532564861
eta_0.2,500,34,1.0223329781194908,0.852972548340153,-0.16936042977933774,0.07037497811648931,0.0013323143288735345,-0.06904266378761577
eta_0.2,500,35,1.0449012926537222,0.8683721751144513,-0.17652911753927092,0.06758519925751123,0.0013077196939380034,-0.06627747956357323
eta_0.2,500,36,1.0344802585598774,0.8591893095561114,-0.17529094900376596,0.0641507319397767,0.001409626772974782,-0.06274110516680192
eta_0.2,500,37,1.0326147714291307,0.856670507926689,-0.17594426350244174,0.06309399913880472,0.0012659162462240721,-0.06182808289258064
eta_0.2,500,38,1.0291604231102343,0.8471014690533035,-0.18205895405693073,0.06523536049789642,0.0015282862176456383,-0.06370707428025078
eta_0.2,500,39,1.0376205530592761,0.8647091955208046,-0.17291135753847153,0.06494225222312498,0.0009963847389388369,-0.06394586748418614
eta_0.2,500,40,1.0210892016631667,0.8515552878265353,-0.1695339138366314,0.07086010448584033,0.0015101355416496723,-0.06934996894419065
eta_0.2,500,41,1.0350901569957207,0.8606357319015616,-0.1744544250941591,0.06576975557194426,0.00110654780618349,-0.06466320776576076
eta_0.2,500,42,1.0210642518034232,0.8468222092455124,-0.17424204255791076,0.06646817773546601,0.0013389541346029235,-0.06512922360086308
eta_0.2,500,43,1.0200147558395185,0.8502458256470136,-0.16976893019250494,0.07023879179678545,0.0019043007301655487,-0.0683344910666199
eta_0.2,500,44,1.0411202299431805,0.8668649879738803,-0.1742552419693002,0.06748649274556272,0.0014186229749041683,-0.06606786977065855
eta_0.2,500,45,1.0295412555021055,0.8583038341938919,-0.17123742130821362,0.0664055096345643,0.0018493371101686003,-0.0645561725243957
eta_0.2,500,46,1.0194932488689294,0.8440003454838776,-0.17549290338505186,0.0664124426988759,0.0011949889977731724,-0.06521745370110273
eta_0.2,500,47,1.0248240569906846,0.8536568335242471,-0.17116722346643742,0.06090740795301708,0.001364620683651542,-0.05954278726936554
eta_0.2,500,48,1.030038970868091,0.8549631782994497,-0.17507579256864136,0.07133847782692977,0.001665095242394199,-0.06967338258453558
eta_0.2,500,49,1.0099154769998007,0.8366389173449633,-0.17327655965483735,0.06760086089852609,0.0019641983891198747,-0.06563666250940621
eta_0.2,500,50,1.0202095544914789,0.8519783569518653,-0.16823119753961358,0.07192892410423284,0.001527922462317664,-0.07040100164191518
eta_0.2,500,51,1.0290228123942227,0.859835894248286,-0.16918691814593667,0.07031441915886054,0.0018449107004183426,-0.0684695084584422
eta_0.2,500,52,1.0198497047301303,0.8484100491477592,-0.17143965558237106,0.0694978302645168,0.001401392102839313,-0.06809643816167749
eta_0.2,500,53,1.0279987592781519,0.8514414555185641,-0.17655730375958778,0.06568892658241088,0.0017363594387672277,-0.06395256714364365
eta_0.2,500,54,1.0120428925579326,0.8449360571242257,-0.16710683543370686,0.06917373780465429,0.001467584565810565,-0.06770615323884373
eta_0.2,500,55,1.02264097897623,0.8485292409529498,-0.17411173802328028,0.06817096092776938,0.0014425612927384322,-0.06672839963503095
eta_0.2,500,56,1.0385791852862452,0.8681657999254596,-0.17041338536078554,0.06708135835900993,0.0017490289443185998,-0.06533232941469133
eta_0.2,500,57,1.0269348605333055,0.8474776672336268,-0.17945719329967869,0.06668278413375875,0.001819288786286245,-0.0648634953474725
eta_0.2,500,58,1.0270786199981803,0.85543290155522,-0.17164571844296028,0.06953954178193489,0.0016651083856754768,-0.06787443339625941
eta_0.2,500,59,1.0408542395779805,0.8674817054143449,-0.17337253416363563,0.06752021887410908,0.002440710093140764,-0.06507950878096833
eta_0.2,500,60,1.0246535431249677,0.8493420031200345,-0.1753115400049332,0.07085867863945722,0.0015137674010247812,-0.06934491123843244
eta_0.2,500,61,1.0216332456459813,0.8520532193482955,-0.16958002629768587,0.06596302347810223,0.0017109684587814675,-0.06425205501932077
eta_0.2,500,62,1.015277401052619,0.8512571270959068,-0.16402027395671226,0.06956694671206255,0.0014210278430525057,-0.06814591886901004
eta_0.2,500,63,1.0191462851471889,0.8456845944960042,-0.17346169065118466,0.07086238936879193,0.001426364055714809,-0.06943602531307712
eta_0.2,500,64,1.036537765431561,0.8644089597595299,-0.17212880567203115,0.0664623366418801,0.0015262575922571353,-0.06493607904962297
eta_0.2,500,65,1.0311575756735392,0.8511530779651937,-0.18000449770834548,0.0686434678722749,0.0014524311428262403,-0.06719103672944866
eta_0.2,500,66,1.0366077045790627,0.8610038466538645,-0.17560385792519817,0.06597626108014283,0.0015717174718464307,-0.0644045436082964
eta_0.2,500,67,1.0288147288024563,0.8576357046836558,-0.17117902411880048,0.06812738587296895,0.0012232802112379087,-0.06690410566173104
eta_0.2,500,68,1.0375470109683904,0.8651719960631716,-0.17237501490521878,0.06684024701830767,0.0015073603077066745,-0.06533288671060099
eta_0.2,500,69,1.0272226665975397,0.8565790164347002,-0.17064365016283944,0.06760395151995068,0.0015752111893801587,-0.06602874033057052
eta_0.2,500,70,1.0088271680921437,0.8406582891675104,-0.16816887892463328,0.0695777845770418,0.0013217137961186497,-0.06825607078092316
eta_0.2,500,71,1.0403887857744545,0.8588611936926372,-0.18152759208181724,0.06736498396663727,0.001575378156243476,-0.0657896058103938
eta_0.2,500,72,1.0342878662152675,0.8592536252438581,-0.1750342409714094,0.06830460481827509,0.0011880841865226327,-0.06711652063175245
eta_0.2,500,73,1.0264107796695965,0.847324448848251,-0.1790863308213455,0.06876531247105919,0.0013881339102745464,-0.06737717856078464
eta_0.2,500,74,1.0436016332400764,0.8692903920812305,-0.1743112411588459,0.06803653964773651,0.001317000981105421,-0.06671953866663109
eta_0.2,500,75,1.0224627187297466,0.8513536583388608,-0.1711090603908858,0.06627459394227406,0.0009293025468214708,-0.06534529139545259
eta_0.2,500,76,1.0131267972292142,0.8432208001397921,-0.1699059970894221,0.07180488653855377,0.0014017332124450217,-0.07040315332610875
eta_0.2,500,77,1.0160238011921938,0.838487364960995,-0.17753643623119886,0.06915870789665589,0.0019916513108840196,-0.06716705658577186
eta_0.2,500,78,1.0442417136670483,0.8693023035744044,-0.1749394100926439,0.06886256438426859,0.0013673170605832596,-0.06749524732368534
eta_0.2,500,79,1.0234735722992439,0.8522695394936437,-0.17120403280560015,0.06613099321034285,0.0017565181326615344,-0.06437447507768132
eta_0.2,500,80,1.029969425187251,0.8582199557114115,-0.17174946947583958,0.06813377334830673,0.002275135056913359,-0.06585863829139336
eta_0.2,500,81,1.013486435227031,0.8455679895562265,-0.1679184456708045,0.065907628055108,0.0017753256023795858,-0.06413230245272841
eta_0.2,500,82,1.0386991007564097,0.8567300836696148,-0.18196901708679492,0.06881184529551655,0.0013709869103745655,-0.06744085838514198
eta_0.2,500,83,1.022134435688648,0.8516950449676303,-0.17043939072101766,0.06881691932687196,0.0017363142275978534,-0.0670806050992741
eta_0.2,500,84,1.0184888151220381,0.8388129240470551,-0.17967589107498305,0.06728160794131059,0.0010544067326197734,-0.06622720120869081
eta_0.2,500,85,1.0315013950032839,0.8600714368692544,-0.1714299581340295,0.06920920942179486,0.0013870963902390258,-0.06782211303155583
eta_0.2,500,86,1.0225987370553353,0.8476881561086729,-0.17491058094666245,0.0678027751248159,0.0013989824862351286,-0.06640379263858077
eta_0.2,500,87,1.043994922525436,0.8584678685939402,-0.1855270539314957,0.06802729635514392,0.002149131632619406,-0.06587816472252452
eta_0.2,500,88,1.041025512056819,0.868730959203311,-0.17229455285350803,0.06853708286830403,0.0016260356941838459,-0.06691104717412018
eta_0.2,500,89,1.0347132691731658,0.8627015268769094,-0.17201174229625638,0.06904329097486533,0.001644091234677497,-0.06739919974018783
eta_0.2,500,90,1.0412079095195794,0.8703937173541079,-0.17081419216547156,0.06780583043528066,0.0016826565967226212,-0.06612317383855804
eta_0.2,500,91,1.032388302857299,0.8603392415768404,-0.17204906128045871,0.0715175856602886,0.0019582971533170295,-0.06955928850697157
eta_0.2,500,92,1.026273513339939,0.8492011440023237,-0.17707236933761528,0.06696965746601906,0.0017683473845844905,-0.06520131008143457
eta_0.2,500,93,1.0389874361871312,0.8577172657642269,-0.18127017042290428,0.0692095135110143,0.0013249311933810884,-0.06788458231763321
eta_0.2,500,94,1.0191643022440882,0.85328945941719,-0.16587484282689813,0.06792711653706046,0.001431444455390739,-0.06649567208166972
eta_0.2,500,95,1.0390329734254358,0.862702196613355,-0.17633077681208076,0.0678114417066052,0.0015649688520958803,-0.06624647285450933
eta_0.2,500,96,1.0190520610723757,0.8453419142004213,-0.1737101468719544,0.0663607554207004,0.0010204775665188504,-0.06534027785418155
eta_0.2,500,97,1.022777084880582,0.8561627062856968,-0.16661437859488515,0.06719146719575783,0.001420047188426836,-0.065771420007331
eta_0.2,500,98,1.0464789746277794,0.8675795047597205,-0.17889946986805894,0.06557619620372133,0.0010928195552516178,-0.06448337664846972
eta_0.2,500,99,1.029087501133863,0.8536698283907578,-0.17541767274310516,0.06336200929625506,0.0010147114788568931,-0.062347297817398166
eta_0.2,5000,0,0.9631450821808718,0.8561695436995405,-0.10697553848133134,0.006489477690848427,0.00015666866876060714,-0.006332809022087819
eta_0.2,5000,1,0.965451333183379,0.8546756495070409,-0.11077568367633805,0.007071119250314131,9.544198818552525e-05,-0.006975677262128606
eta_0.2,5000,2,0.9681462891504647,0.8556810421529603,-0.11246524699750449,0.006741448032212734,0.00020059462880190585,-0.006540853403410828
eta_0.2,5000,3,0.9630902348170375,0.8515353904344346,-0.11155484438260288,0.006605317045993461,0.00011541300199132898,-0.006489904044002132
eta_0.2,5000,4,0.9658295717437992,0.8542073740420045,-0.11162219770179471,0.006771776798998594,0.00015838633598401489,-0.006613390463014579
eta_0.2,5000,5,0.9623852653817471,0.8527514244180363,-0.10963384096371076,0.006401263723446993,0.00016462158219622037,-0.006236642141250773
eta_0.2,5000,6,0.9614534478219001,0.849782219503281,-0.11167122831861909,0.00681250519167823,0.0001294264701941346,-0.006683078721484095
eta_0.2,5000,7,0.966034906508716,0.8569134005590968,-0.10912150594961922,0.00653021255803397,0.00012613485562081744,-0.006404077702413153
eta_0.2,5000,8,0.9687788146883305,0.8578994982389837,-0.11087931644934679,0.006615823648968125,0.00016811893207516128,-0.006447704716892964
eta_0.2,5000,9,0.964887546175221,0.8531602406838916,-0.11172730549132937,0.006494258238529935,0.0001138967785051267,-0.006380361460024808
eta_0.2,5000,10,0.9631529832918941,0.8524044372331308,-0.11074854605876339,0.006614829276164695,0.00015665696752109045,-0.0064581723086436045
eta_0.2,5000,11,0.9599018917030202,0.8509873205455166,-0.10891457115750358,0.006480870153472078,0.0001563773666789092,-0.006324492786793168
eta_0.2,5000,12,0.9656020005926127,0.8549185567657926,-0.11068344382682005,0.0072284522770988515,0.00017368188621416398,-0.007054770390884688
eta_0.2,5000,13,0.965137167056949,0.8550850833363239,-0.11005208372062503,0.0065581122331000346,0.00015350336299181386,-0.006404608870108221
eta_0.2,5000,14,0.9661748622256461,0.8554756354246312,-0.11069922680101485,0.00662589139379816,0.00011278399956621174,-0.006513107394231948
eta_0.2,5000,15,0.9668166437708056,0.8575091905759995,-0.10930745319480606,0.006467879858836199,0.00016204321470071254,-0.006305836644135487
eta_0.2,5000,16,0.964577510843554,0.8537526057680511,-0.11082490507550291,0.0068955351802792815,0.0001405006357401598,-0.006755034544539121
eta_0.2,5000,17,0.9632278966626995,0.8545629101584097,-0.1086649865042898,0.006841589928753898,0.000139834449612629,-0.0067017554791412685
eta_0.2,5000,18,0.9635233837101452,0.8526291895193625,-0.11089419419078272,0.006400221002211295,0.00017718768038330458,-0.00622303332182799
eta_0.2,5000,19,0.9623283616298127,0.8544965402738867,-0.10783182135592606,0.006580291349349502,0.00013297009892908093,-0.006447321250420421
eta_0.2,5000,20,0.9648709480966263,0.8542542838257033,-0.11061666427092298,0.006728783881053885,0.0001407819374695007,-0.006588001943584384
eta_0.2,5000,21,0.965874369812067,0.8532774906530926,-0.11259687915897443,0.0069473280097265,0.0001939410364625484,-0.006753386973263951
eta_0.2,5000,22,0.9627950481807485,0.8502362579823404,-0.11255879019840809,0.006926136647040104,0.00017950121468451738,-0.006746635432355587
eta_0.2,5000,23,0.9637595642441962,0.852555440449176,-0.1112041237950202,0.0065334537882556784,0.00015172094708848917,-0.006381732841167189
eta_0.2,5000,24,0.9653940327194096,0.8551442237813747,-0.11024980893803493,0.0064385372647144815,0.00015211361920808633,-0.006286423645506395
eta_0.2,5000,25,0.96526622302963,0.8535548637433928,-0.11171135928623721,0.006631655465111402,0.00014345663454764542,-0.006488198830563756
eta_0.2,5000,26,0.9671210549434935,0.8571531493459355,-0.10996790559755809,0.00652783619176548,0.00011729370587942485,-0.006410542485886055
eta_0.2,5000,27,0.9654709880275368,0.8527957003069064,-0.1126752877206304,0.006931959917910621,0.00014671867749410937,-0.006785241240416512
eta_0.2,5000,28,0.961555747560551,0.8513812994758602,-0.11017444808469079,0.00663458739715557,0.00012709649277461911,-0.006507490904380951
eta_0.2,5000,29,0.9644772589059111,0.8519623844266695,-0.11251487447924158,0.006617499178478745,0.00015419893398247147,-0.006463300244496273
eta_0.2,5000,30,0.968836706488663,0.8563095338993394,-0.11252717258932365,0.006196227723397836,9.127091127452548e-05,-0.00610495681212331
eta_0.2,5000,31,0.9634242726183095,0.852902747538903,-0.11052152507940649,0.00706266871444531,0.0001670961758599572,-0.0068955725385853525
eta_0.2,5000,32,0.9678589751350298,0.8566249282138425,-0.11123404692118732,0.006734396760305084,0.00014501079217438235,-0.006589385968130701
eta_0.2,5000,33,0.9714501286919909,0.8600093682864922,-0.11144076040549866,0.007264486289643044,0.00014506375122824364,-0.0071194225384148
eta_0.2,5000,34,0.962713591379932,0.8532047901615041,-0.10950880121842788,0.00634717814849681,0.00010158054880995252,-0.006245597599686857
eta_0.2,5000,35,0.9655697608128279,0.8555366109995635,-0.1100331498132644,0.006872182675945213,0.00015188070834838517,-0.006720301967596828
eta_0.2,5000,36,0.9633479297533557,0.8537125137239859,-0.10963541602936977,0.006472422372427879,0.00017100465080938681,-0.006301417721618492
eta_0.2,5000,37,0.9627537597690806,0.8529145599738138,-0.1098391997952668,0.006715882882931003,0.0001520549473765465,-0.006563827935554456
eta_0.2,5000,38,0.9640668404573374,0.8531563811223,-0.1109104593350374,0.006348117270485901,0.0001504110360163736,-0.006197706234469528
eta_0.2,5000,39,0.9624910011142457,0.8522516695964293,-0.1102393315178164,0.006733527124705869,0.0001664148212522398,-0.006567112303453629
eta_0.2,5000,40,0.9674596584338767,0.8550903177446306,-0.11236934068924609,0.006544230184463217,0.00017508388301036012,-0.006369146301452857
eta_0.2,5000,41,0.9677800605052574,0.8583487749086687,-0.10943128559658877,0.006752992338476376,0.000168172718995592,-0.006584819619480784
eta_0.2,5000,42,0.968061792119764,0.8572471614226728,-0.11081463069709119,0.006716022648003109,0.00021084416270892125,-0.006505178485294188
eta_0.2,5000,43,0.9651545023380197,0.8549465204449488,-0.1102079818930709,0.006703895824332593,0.0001194805910137297,-0.006584415233318863
eta_0.2,5000,44,0.966975730787197,0.8578058992014814,-0.10916983158571558,0.00671381614643615,0.00012182006776207955,-0.00659199607867407
eta_0.2,5000,45,0.9653943823302665,0.8541884988380045,-0.11120588349226201,0.0069030011751260514,0.0001541238655973945,-0.0067488773095286565
eta_0.2,5000,46,0.9684726450270903,0.8566020911008043,-0.11187055392628598,0.006555367101456262,0.00017607828936496732,-0.006379288812091295
eta_0.2,5000,47,0.9670150003113672,0.8559829140792583,-0.11103208623210892,0.006643631124062202,0.00015927163354636717,-0.006484359490515835
eta_0.2,5000,48,0.9652625417686048,0.8543691805722483,-0.11089336119635651,0.006327477204989307,0.00014041155777009268,-0.006187065647219215
eta_0.2,5000,49,0.9620986291826038,0.8518716710816815,-0.11022695810092231,0.006455984614422615,0.00015507091920317356,-0.006300913695219441
eta_0.2,5000,50,0.9614533338069385,0.8499968782400655,-0.111456455566873,0.006784378026910499,0.00016743493612208328,-0.006616943090788415
eta_0.2,5000,51,0.9673363985376578,0.8555523413772843,-0.11178405716037354,0.00674992928005387,0.0001574933327932159,-0.006592435947260654
eta_0.2,5000,52,0.9673718645277032,0.8549417140092467,-0.1124301505184565,0.006896785396190072,0.00015222727485643807,-0.006744558121333634
eta_0.2,5000,53,0.9667811649062017,0.8572979720463563,-0.10948319285984542,0.006425302469918051,0.0001142735783160165,-0.006311028891602034
eta_0.2,5000,54,0.9645168793208834,0.8529692332367822,-0.11154764608410117,0.006978466200176568,0.0001402654440449862,-0.006838200756131582
eta_0.2,5000,55,0.9625874196035342,0.8516935646648455,-0.11089385493868875,0.0068579880310374415,0.0001378173820859882,-0.0067201706489514535
eta_0.2,5000,56,0.9641198421975202,0.8538388841909648,-0.11028095800655546,0.00662246899477845,9.884581750509985e-05,-0.00652362317727335
eta_0.2,5000,57,0.9624058106661467,0.8515711250114748,-0.11083468565467192,0.006488931692435901,0.00014333232381676445,-0.0063455993686191365
eta_0.2,5000,58,0.9587882521308057,0.8494908521372109,-0.10929739999359478,0.006496677894111415,0.00011090117721489985,-0.006385776716896515
eta_0.2,5000,59,0.9665312945103078,0.8576708007019584,-0.10886049380834939,0.006337957655581016,0.00012261188506237358,-0.006215345770518642
eta_0.2,5000,60,0.9625529301535173,0.8527866277519125,-0.10976630240160479,0.006499468967489193,0.00012533879776451445,-0.006374130169724679
eta_0.2,5000,61,0.9668023168456287,0.8566383294426471,-0.11016398740298161,0.006558684661298552,0.00015818966717294548,-0.006400494994125606
eta_0.2,5000,62,0.9670461828391009,0.8563426565085791,-0.11070352633052183,0.006656569725414793,0.0001590647696591856,-0.006497504955755607
eta_0.2,5000,63,0.9673868290318103,0.8569234465173448,-0.11046338251446552,0.006711005495553442,0.00016227368617485803,-0.006548731809378584
eta_0.2,5000,64,0.9666389009969985,0.8551876680410448,-0.1114512329559536,0.006593409354167796,0.00010741191913813316,-0.006485997435029664
eta_0.2,5000,65,0.964237594904283,0.853744995577131,-0.11049259932715194,0.006536804547087836,0.00016552896233488348,-0.006371275584752953
eta_0.2,5000,66,0.9622950178001176,0.8527838535772365,-0.1095111642228811,0.006359314915434432,6.375258180019279e-05,-0.006295562333634239
eta_0.2,5000,67,0.9625564601701301,0.8539265893257744,-0.10862987084435571,0.006473640490981594,0.00012370309066294684,-0.006349937400318647
eta_0.2,5000,68,0.961487849572841,0.8511593033102207,-0.11032854626262023,0.006529904896430311,0.00013732010274921982,-0.006392584793681091
eta_0.2,5000,69,0.9684666422730253,0.8579188909290592,-0.1105477513439661,0.006311059474846618,0.00015842929376248883,-0.006152630181084129
eta_0.2,5000,70,0.9669196397550485,0.8536245675778076,-0.11329507217724089,0.006865919064941485,0.0002016479533659474,-0.006664271111575538
eta_0.2,5000,71,0.9693352221635637,0.8598343738299729,-0.10950084833359086,0.00665365807410626,0.00021315839664937865,-0.006440499677456881
eta_0.2,5000,72,0.9667441189956741,0.8564675243987354,-0.11027659459693873,0.0066575105196954865,0.0001577501016716217,-0.006499760418023865
eta_0.2,5000,73,0.9629127201439868,0.8527825849060702,-0.1101301352379166,0.006708625922667177,0.0001722124379275556,-0.006536413484739621
eta_0.2,5000,74,0.9628582771351123,0.8551476745357486,-0.10771060259936371,0.006565945194041964,0.0001561618428882658,-0.006409783351153699
eta_0.2,5000,75,0.9657145549218381,0.8526135982723725,-0.11310095664946562,0.006790341227045179,0.00020036430661420383,-0.006589976920430975
eta_0.2,5000,76,0.9689668426617876,0.8562350643594545,-0.11273177830233305,0.006357809783799799,0.00013994432758653285,-0.006217865456213266
eta_0.2,5000,77,0.9626430161659041,0.8520865516395708,-0.11055646452633328,0.006281221041430318,0.00015891120322111238,-0.006122309838209206
eta_0.2,5000,78,0.9624833662730943,0.8523770428764633,-0.11010632339663096,0.006482841283174928,0.00014306798775501724,-0.0063397732954199116
eta_0.2,5000,79,0.9670912785261025,0.8562704685865206,-0.11082080993958199,0.006431727299022492,0.00010448235809161186,-0.006327244940930879
eta_0.2,5000,80,0.9641501216705358,0.8532122049148303,-0.11093791675570552,0.006470229496403356,0.0001703816284481021,-0.006299847867955254
eta_0.2,5000,81,0.9684457225598306,0.8588069749328908,-0.10963874762693981,0.006559094801305361,0.00018293851843126109,-0.0063761562828741
eta_0.2,5000,82,0.9634145005996047,0.8521450057116702,-0.11126949488793447,0.006911324941578186,0.0001330241705344676,-0.006778300771043719
eta_0.2,5000,83,0.9644084683290745,0.8541751697068456,-0.11023329862222886,0.006407028088743734,0.00013521849416150424,-0.0062718095945822295
eta_0.2,5000,84,0.9627534742470503,0.8524442459010702,-0.11030922834598011,0.006734021174012744,0.0001384354938771896,-0.006595585680135555
eta_0.2,5000,85,0.9662329284692293,0.8565202508229599,-0.10971267764626935,0.00686090186419408,0.00016250656646560216,-0.0066983952977284775
eta_0.2,5000,86,0.96968736100165,0.8587127051422906,-0.1109746558593594,0.006897362385967381,0.00017580706827202447,-0.006721555317695357
eta_0.2,5000,87,0.9629763371959866,0.8524027214590082,-0.11057361573697844,0.006530653548319269,0.00012370144640265642,-0.006406952101916613
eta_0.2,5000,88,0.9668703409240792,0.8565931160830437,-0.11027722484103553,0.0068249884531581435,0.00012451249510288985,-0.006700475958055254
eta_0.2,5000,89,0.9673170703112661,0.8556763574327151,-0.11164071287855104,0.006779966603636892,0.00013155767934255045,-0.006648408924294342
eta_0.2,5000,90,0.9614422053853723,0.8512387539324292,-0.11020345145294308,0.0067187784430362925,0.00013138450834049076,-0.006587393934695802
eta_0.2,5000,91,0.9719049056565954,0.8600408770936172,-0.11186402856297817,0.0068987719324965805,0.00018885960198336554,-0.006709912330513215
eta_0.2,5000,92,0.9633127543152357,0.8525263228259032,-0.11078643148933243,0.006621166461857402,0.00018978314875975024,-0.006431383313097652
eta_0.2,5000,93,0.9664003736997033,0.8576041773408343,-0.10879619635886906,0.006451125336000521,0.0001227815797253519,-0.006328343756275169
eta_0.2,5000,94,0.9697753605946889,0.8596275368497646,-0.11014782374492438,0.006076145925144875,9.00675812831059e-05,-0.005986078343861769
eta_0.2,5000,95,0.9599460437760348,0.848803893718559,-0.11114215005747574,0.006607080246960052,0.00012148324065923115,-0.006485597006300821
eta_0.2,5000,96,0.9685404754685812,0.8573047683354789,-0.11123570713310238,0.0069021195415416015,0.00012672069518937206,-0.00677539884635223
eta_0.2,5000,97,0.965448487921401,0.8564547428080482,-0.1089937451133528,0.006566887478840852,0.0001236943083443809,-0.006443193170496471
eta_0.2,5000,98,0.9605818747599647,0.8493529711219585,-0.1112289036380062,0.00655673654497288,0.00018630754573421143,-0.006370428999238668
eta_0.2,5000,99,0.9613930283537399,0.849680318981563,-0.11171270937217681,0.006525861873932263,9.181913875081773e-05,-0.006434042735181445
eta_0.8,100,0,2.6274869319751777,0.8952166515298201,-1.7322702804453576,0.3915675660669373,0.01085603382823375,-0.3807115322387036
eta_0.8,100,1,2.595320749884656,0.8701939171469287,-1.7251268327377276,0.3761564356212019,0.007871508433004222,-0.36828492718819766
eta_0.8,100,2,2.6054813523602087,0.8771411496381232,-1.7283402027220856,0.36951343643492657,0.010646462885250927,-0.3588669735496756
eta_0.8,100,3,2.5839717236687707,0.8775109644060889,-1.706460759262682,0.3668452473559647,0.0070398596828369795,-0.3598053876731277
eta_0.8,100,4,2.644338825285113,0.8925234180890187,-1.7518154071960943,0.383500401133997,0.007601529454004854,-0.3758988716799922
eta_0.8,100,5,2.633783299861328,0.8620604671442484,-1.7717228327170795,0.3815572967534726,0.0076754175455376545,-0.373881879207935
eta_0.8,100,6,2.616374554870412,0.8353923448380853,-1.7809822100323265,0.3726574132008605,0.007627256918646899,-0.3650301562822136
eta_0.8,100,7,2.614662807459703,0.8617876286351545,-1.7528751788245487,0.3831846152246566,0.00844883840987851,-0.37473577681477804
eta_0.8,100,8,2.592188901776141,0.8576733280114772,-1.7345155737646638,0.3769563967047522,0.0063454307609623894,-0.3706109659437898
eta_0.8,100,9,2.624474810903561,0.8723124916081144,-1.7521623192954465,0.38001425995904253,0.006635761580647436,-0.3733784983783951
eta_0.8,100,10,2.6524234553061543,0.8698967165318069,-1.7825267387743473,0.36104408067233035,0.009666868945234273,-0.3513772117270961
eta_0.8,100,11,2.5945566758291116,0.8759651216739407,-1.718591554155171,0.38376844760170115,0.0074884234254076944,-0.37628002417629347
eta_0.8,100,12,2.586816653422487,0.8457915611629254,-1.7410250922595616,0.3697420812025663,0.006195286435498537,-0.36354679476706775
eta_0.8,100,13,2.582388307136867,0.8740225063876146,-1.7083658007492524,0.36994492510816906,0.00868339270933342,-0.3612615323988356
eta_0.8,100,14,2.6219549372620152,0.866449221095038,-1.7555057161669771,0.37950718300622927,0.007646427553359519,-0.37186075545286973
eta_0.8,100,15,2.6347890094548254,0.8884065746163772,-1.7463824348384482,0.37725107545421926,0.0093992687029474,-0.3678518067512719
eta_0.8,100,16,2.5781036210131503,0.8494532917015802,-1.72865032931157,0.36742136304903444,0.006480442461798043,-0.3609409205872364
eta_0.8,100,17,2.58773768810624,0.8574248626731522,-1.730312825433088,0.37033359854065573,0.006254890720085577,-0.36407870782057017
eta_0.8,100,18,2.6097148525095606,0.8958026728740219,-1.7139121796355385,0.40045770453838286,0.008714210160202263,-0.3917434943781806
eta_0.8,100,19,2.5604308181336903,0.8376002756798516,-1.7228305424538388,0.3839349192577663,0.007569235313784566,-0.37636568394398173
eta_0.8,100,20,2.5995436660351725,0.8647140626614029,-1.7348296033737696,0.38854024884326394,0.007363684380453327,-0.3811765644628106
eta_0.8,100,21,2.601874364442414,0.8465744744920403,-1.7552998899503738,0.39608425766691013,0.008100735624986696,-0.38798352204192343
eta_0.8,100,22,2.6374075197300755,0.8974468105885557,-1.7399607091415197,0.37167443953175844,0.005605575828358992,-0.36606886370339947
eta_0.8,100,23,2.633582103542205,0.8808433557141551,-1.75273874782805,0.38703930077326093,0.009329423370816513,-0.37770987740244444
eta_0.8,100,24,2.603207119309739,0.8639690958078976,-1.7392380235018412,0.37749749728667803,0.005718823130358346,-0.3717786741563197
eta_0.8,100,25,2.545240299530836,0.8161851676427657,-1.72905513188807,0.3806232763692557,0.009005968595986794,-0.3716173077732689
eta_0.8,100,26,2.5838396415356164,0.8341525877907761,-1.7496870537448403,0.3611841791798267,0.007772378527835541,-0.3534118006519912
eta_0.8,100,27,2.5490102730360484,0.8229375499129636,-1.7260727231230848,0.3731582869859791,0.00555841630814765,-0.36759987067783145
eta_0.8,100,28,2.617041583604021,0.842783857262511,-1.77425772634151,0.36759546337305987,0.010793788131779537,-0.3568016752412803
eta_0.8,100,29,2.6114367514819943,0.8655376275412565,-1.7458991239407378,0.37500215435779477,0.006080311910115623,-0.36892184244767917
eta_0.8,100,30,2.6274087365747056,0.8543413822092022,-1.7730673543655033,0.3915696120978603,0.0067612183284517895,-0.3848083937694085
eta_0.8,100,31,2.5701064069712056,0.8740512120089603,-1.6960551949622453,0.3822538778859032,0.008694951131713468,-0.3735589267541897
eta_0.8,100,32,2.5941505099716977,0.863375505300739,-1.7307750046709587,0.3577927339042801,0.005596011977576417,-0.3521967219267037
eta_0.8,100,33,2.632513714944249,0.8670623582231818,-1.7654513567210672,0.38138234440792756,0.009676260016195898,-0.3717060843917317
eta_0.8,100,34,2.5466623934233916,0.8243296232286461,-1.7223327701947455,0.39665628639118294,0.009646831340088962,-0.38700945505109396
eta_0.8,100,35,2.59740646015557,0.8814632003510735,-1.7159432598044964,0.37454150056246815,0.007880370609273647,-0.3666611299531945
eta_0.8,100,36,2.5612330115002475,0.8653387757592788,-1.6958942357409688,0.36173484865787336,0.007815044933862645,-0.3539198037240107
eta_0.8,100,37,2.5864122713719144,0.849386060388636,-1.7370262109832786,0.3769591473728879,0.006530641292498405,-0.37042850608038946
eta_0.8,100,38,2.643644130032859,0.8825835289932181,-1.7610606010396408,0.3661107490018292,0.007224199004737042,-0.3588865499970922
eta_0.8,100,39,2.591107260018274,0.8500222551916935,-1.7410850048265805,0.37135156506553946,0.0053380227439559415,-0.3660135423215835
eta_0.8,100,40,2.5956369160526096,0.8712266583108047,-1.724410257741805,0.3727763814699759,0.006542431559149511,-0.36623394991082636
eta_0.8,100,41,2.596291635681876,0.8751964927045566,-1.7210951429773194,0.3792191402815937,0.0072664980104880286,-0.3719526422711057
eta_0.8,100,42,2.5387762652098487,0.847145924238823,-1.6916303409710256,0.38054765756279574,0.00669382999035267,-0.37385382757244306
eta_0.8,100,43,2.588703728196469,0.8647922614299892,-1.7239114667664799,0.3807368637343911,0.008505100054002776,-0.3722317636803883
eta_0.8,100,44,2.568458949924729,0.8703758119452322,-1.6980831379794967,0.37814656468759783,0.006116841771883825,-0.372029722915714
eta_0.8,100,45,2.58533623118611,0.866977343406454,-1.718358887779656,0.37463084934890034,0.006770068875537761,-0.36786078047336257
eta_0.8,100,46,2.5756934580558526,0.854884903373642,-1.7208085546822107,0.3933094517132681,0.009619107735321424,-0.38369034397794666
eta_0.8,100,47,2.631109621571204,0.8724499926009659,-1.7586596289702383,0.3848891347282201,0.00748718879411295,-0.37740194593410714
eta_0.8,100,48,2.5684060824371198,0.8464889605996662,-1.7219171218374536,0.3871807298367366,0.00683259581469777,-0.3803481340220389
eta_0.8,100,49,2.625432693333068,0.8853255450199677,-1.7401071483131,0.3750792024891769,0.006516358000624596,-0.3685628444885523
eta_0.8,100,50,2.5406490254146257,0.8497585247329029,-1.6908905006817228,0.3680349586848239,0.007513948991188891,-0.360521009693635
eta_0.8,100,51,2.535307735342357,0.8370410491987416,-1.6982666861436155,0.3820400742458681,0.00873560216345886,-0.37330447208240924
eta_0.8,100,52,2.6123017753846427,0.8625452164210692,-1.7497565589635735,0.36376333890454077,0.005196359660937814,-0.358566979243603
eta_0.8,100,53,2.609415871779414,0.8819463755104762,-1.7274694962689376,0.3662226428403324,0.008329116520152339,-0.35789352632018007
eta_0.8,100,54,2.5700794211444933,0.8407381666721879,-1.7293412544723052,0.3867002119053929,0.0066404491996662,-0.38005976270572667
eta_0.8,100,55,2.6170090948339797,0.866564901779568,-1.7504441930544117,0.38550994511917525,0.008322012776760854,-0.3771879323424144
eta_0.8,100,56,2.62545408607737,0.8883093069369459,-1.7371447791404242,0.38065852781211057,0.0067450346129371615,-0.3739134931991734
eta_0.8,100,57,2.584549672716974,0.8454309910060465,-1.7391186817109276,0.36932121403703627,0.0064948620583187115,-0.36282635197871754
eta_0.8,100,58,2.6836043588268974,0.8977404202876774,-1.78586393853922,0.3783018703526464,0.008443860948326649,-0.36985800940431973
eta_0.8,100,59,2.5676481484796834,0.8702272667229387,-1.6974208817567447,0.3877683973906922,0.008242480322456927,-0.37952591706823524
eta_0.8,100,60,2.5925679005929747,0.870549895620492,-1.7220180049724827,0.3818909241442268,0.0058888011254738665,-0.37600212301875297
eta_0.8,100,61,2.562575568125889,0.8344772406769789,-1.72809832744891,0.3851639562653468,0.008041464470891314,-0.37712249179445545
eta_0.8,100,62,2.5721852307278454,0.8477532296475854,-1.72443200108026,0.39444220600809937,0.00787085804462027,-0.3865713479634791
eta_0.8,100,63,2.6162670868115527,0.8799417574359791,-1.7363253293755736,0.37030393578941284,0.008481842186418231,-0.3618220936029946
eta_0.8,100,64,2.586789351017783,0.8558570988419193,-1.7309322521758634,0.39886591934840715,0.006465302612206868,-0.3924006167362003
eta_0.8,100,65,2.592147106259486,0.8598983254694317,-1.7322487807900542,0.36345407986396777,0.011042732864845419,-0.35241134699912235
eta_0.8,100,66,2.5866268040064706,0.8545294217032405,-1.73209738230323,0.38238922627135113,0.007024973775281579,-0.37536425249606953
eta_0.8,100,67,2.6222745517933608,0.8705291811132394,-1.7517453706801214,0.3651031125358684,0.0052147490054784,-0.35988836353039
eta_0.8,100,68,2.621169038414372,0.8748573845227016,-1.7463116538916705,0.36902948730961666,0.006851716913886016,-0.3621777703957306
eta_0.8,100,69,2.616684970121973,0.8724009958467587,-1.7442839742752145,0.36896674796556184,0.006759577468410643,-0.3622071704971512
eta_0.8,100,70,2.6289286963856178,0.8717220223163966,-1.7572066740692212,0.36625082545815507,0.00715153236506627,-0.3590992930930888
eta_0.8,100,71,2.5797195531221324,0.8506279501207402,-1.7290916030013923,0.3803991380564294,0.0067833715177206075,-0.37361576653870876
eta_0.8,100,72,2.556056017728922,0.8373029040883824,-1.7187531136405398,0.3822163713830617,0.009402488009522699,-0.372813883373539
eta_0.8,100,73,2.589464579701673,0.8567133103821097,-1.732751269319563,0.39039724915712076,0.009060231678454971,-0.3813370174786658
eta_0.8,100,74,2.5854006170878523,0.8605357849096448,-1.7248648321782074,0.3668891799383884,0.010813551801715903,-0.3560756281366725
eta_0.8,100,75,2.5910738614405076,0.8297514647474389,-1.7613223966930687,0.3719484839494447,0.005530869099801526,-0.36641761484964314
eta_0.8,100,76,2.6123455248284735,0.8781304538972603,-1.7342150709312132,0.36823612113214077,0.006048310984452548,-0.36218781014768825
eta_0.8,100,77,2.571797321483539,0.8645378553574765,-1.7072594661260625,0.3817147510974805,0.007014057268209242,-0.37470069382927124
eta_0.8,100,78,2.5975547744242764,0.8529552960056328,-1.7445994784186436,0.36936421559111987,0.007297444173765319,-0.36206677141735455
eta_0.8,100,79,2.5781389694845283,0.8252293757115979,-1.7529095937729302,0.3772494573003777,0.007144853207266192,-0.37010460409311147
eta_0.8,100,80,2.550142449445366,0.8386293059491143,-1.7115131434962516,0.38379161624303065,0.007728632788652415,-0.3760629834543782
eta_0.8,100,81,2.6334440253911433,0.8818789641623358,-1.7515650612288076,0.3733276257637092,0.00498541140334394,-0.36834221436036524
eta_0.8,100,82,2.6394745163022506,0.8850725091331479,-1.7544020071691027,0.3599817118071847,0.007208266472775413,-0.3527734453344093
eta_0.8,100,83,2.573169496176306,0.8443848717925644,-1.7287846243837415,0.37750897172282877,0.0065954740403559005,-0.3709134976824729
eta_0.8,100,84,2.63134172365313,0.8767858883019379,-1.7545558353511919,0.39923361769960913,0.011499239737138955,-0.3877343779624702
eta_0.8,100,85,2.627581062609823,0.8922075198187551,-1.7353735427910677,0.3923021798712809,0.00879768452691189,-0.38350449534436903
eta_0.8,100,86,2.5627014929681127,0.8391358902537499,-1.7235656027143627,0.3904149070637751,0.004010612540007478,-0.3864042945237676
eta_0.8,100,87,2.5988446387035817,0.8951789014804896,-1.7036657372230921,0.3768354748892749,0.008439690777053702,-0.3683957841122212
eta_0.8,100,88,2.6096971320072107,0.9044931746470459,-1.7052039573601647,0.3765264254228919,0.005535675895531075,-0.37099074952736083
eta_0.8,100,89,2.621938829860313,0.8891040239972248,-1.7328348058630882,0.38385357814234305,0.01042986666782086,-0.3734237114745222
eta_0.8,100,90,2.57005467678483,0.8610497880700967,-1.709004888714733,0.3762950709155051,0.005875955065883628,-0.3704191158496215
eta_0.8,100,91,2.581312510154071,0.8668985604787925,-1.7144139496752784,0.3798851922318362,0.009085569908737384,-0.3707996223230988
eta_0.8,100,92,2.547441958955369,0.8207679955688832,-1.7266739633864856,0.35856663726011484,0.006797171465356347,-0.3517694657947585
eta_0.8,100,93,2.5995704312359935,0.877571188707887,-1.7219992425281065,0.3888002538715278,0.00675829161115767,-0.3820419622603701
eta_0.8,100,94,2.6054399021464003,0.8645949465849265,-1.7408449555614738,0.37163605097644536,0.007183324440346782,-0.36445272653609856
eta_0.8,100,95,2.5489932220097296,0.836110480753,-1.7128827412567296,0.36463781743257523,0.005823911470361381,-0.35881390596221385
eta_0.8,100,96,2.594107095697449,0.8520251660216335,-1.7420819296758152,0.3948633461721857,0.007257058344419801,-0.3876062878277659
eta_0.8,100,97,2.5927784064891846,0.8750329385606368,-1.7177454679285478,0.3831281894796604,0.007201019024041487,-0.3759271704556189
eta_0.8,100,98,2.5509059211056235,0.8274162753545102,-1.7234896457511133,0.3851876072759217,0.007793612868548934,-0.37739399440737276
eta_0.8,100,99,2.573616959558928,0.8576656730747169,-1.7159512864842115,0.3822294265323199,0.006880554713573079,-0.3753488718187468
eta_0.8,500,0,2.421915058746533,0.8456956591681338,-1.5762193995783988,0.06618723074719145,0.001239992316987544,-0.0649472384302039
eta_0.8,500,1,2.441641996206158,0.8635701845518962,-1.578071811654262,0.06673382740249639,0.001678647368834219,-0.06505518003366217
eta_0.8,500,2,2.448731240427675,0.8762855047985714,-1.5724457356291037,0.06584321048674842,0.0012681164854307487,-0.06457509400131767
eta_0.8,500,3,2.3981480481825486,0.851204085454488,-1.5469439627280606,0.06787171122633251,0.0016932709076986157,-0.06617844031863389
eta_0.8,500,4,2.4191282975027932,0.837681262947541,-1.5814470345552523,0.06518870717532428,0.0010256099234010178,-0.06416309725192326
eta_0.8,500,5,2.41143710182899,0.8542202597218534,-1.5572168421071364,0.0666717887330907,0.0012631408144133409,-0.06540864791867736
eta_0.8,500,6,2.419009513158791,0.848500815693982,-1.570508697464809,0.06724560871518466,0.0019651280387881914,-0.06528048067639647
eta_0.8,500,7,2.4275195888455805,0.8526573199708378,-1.5748622688747427,0.06653360867718612,0.002029245632288068,-0.06450436304489805
eta_0.8,500,8,2.414642447766157,0.8510602656377009,-1.5635821821284563,0.06816789736149799,0.0018158887213828578,-0.06635200864011513
eta_0.8,500,9,2.4173075582241164,0.84829768000247,-1.5690098782216464,0.06702871012707305,0.0013318501112417871,-0.06569686001583126
eta_0.8,500,10,2.4138880674284424,0.8400790623730917,-1.5738090050553506,0.06611488020220013,0.0017431968400918674,-0.06437168336210826
eta_0.8,500,11,2.42792882492749,0.8713050737350414,-1.5566237511924486,0.07109970777336305,0.0019101008060812363,-0.06918960696728181
eta_0.8,500,12,2.439028495958118,0.8603444647293614,-1.5786840312287567,0.06805321447667141,0.001330604537635643,-0.06672260993903577
eta_0.8,500,13,2.426784032222964,0.8541293307517558,-1.5726547014712082,0.06859365386541441,0.0017013729863973577,-0.06689228087901705
eta_0.8,500,14,2.4008360363926955,0.8435253587710265,-1.557310677621669,0.06682209349116902,0.0012516939879828387,-0.06557039950318619
eta_0.8,500,15,2.4143837233480903,0.8432432168359658,-1.5711405065121244,0.0695690432461706,0.0016078959823829818,-0.06796114726378762
eta_0.8,500,16,2.4196080079373643,0.8507097584564398,-1.5688982494809245,0.06516279193367214,0.001234694264947869,-0.06392809766872427
eta_0.8,500,17,2.4518805634041234,0.8598227213496028,-1.5920578420545206,0.07122536702518113,0.001356521503833767,-0.06986884552134737
eta_0.8,500,18,2.4181260272753375,0.8528097720566954,-1.5653162552186421,0.07150317651582745,0.001474572019694152,-0.0700286044961333
eta_0.8,500,19,2.438474483718809,0.8571620246100665,-1.5813124591087422,0.06768753539078155,0.0015872488014632962,-0.06610028658931826
eta_0.8,500,20,2.4277742256232036,0.8515090109658008,-1.5762652146574028,0.07393560619919916,0.0016679366340912544,-0.0722676695651079
eta_0.8,500,21,2.410874690762494,0.8480389645609347,-1.5628357262015593,0.06558738764208147,0.0012609214430460685,-0.0643264661990354
eta_0.8,500,22,2.459713949198273,0.8751081610572562,-1.584605788141017,0.06608294466147642,0.001102670639110919,-0.0649802740223655
eta_0.8,500,23,2.405096310635052,0.8429756058018874,-1.5621207048331645,0.06529843944675794,0.0014818197526704248,-0.06381661969408751
eta_0.8,500,24,2.4188932045501352,0.8519673635077828,-1.5669258410423526,0.06625786449916297,0.001314936321277654,-0.06494292817788531
eta_0.8,500,25,2.4226148768868834,0.8554623476094504,-1.567152529277433,0.07089190834391054,0.0016367009836752602,-0.06925520736023529
eta_0.8,500,26,2.4179669567779896,0.8575622583920757,-1.560404698385914,0.06515598599348225,0.0011557013682207621,-0.06400028462526149
eta_0.8,500,27,2.4485160536511104,0.8656371432992478,-1.5828789103518626,0.06614063680848138,0.0016270091275730285,-0.06451362768090835
eta_0.8,500,28,2.4295889355092855,0.8692885081716558,-1.5603004273376295,0.06651829118422342,0.0015767289414599151,-0.06494156224276351
eta_0.8,500,29,2.4287178123152118,0.8528347058091108,-1.575883106506101,0.0689357086215282,0.0015439177003559361,-0.06739179092117227
eta_0.8,500,30,2.439670806225575,0.8510647430003135,-1.5886060632252617,0.06840202328419027,0.001360062652062453,-0.06704196063212782
eta_0.8,500,31,2.428925038596913,0.8567462686124045,-1.5721787699845087,0.06685533656155425,0.0018147997568638413,-0.06504053680469041
eta_0.8,500,32,2.436960459538946,0.854173618027318,-1.582786841511628,0.07177101135343063,0.0010174287273711459,-0.07075358262605948
eta_0.8,500,33,2.4208582587155494,0.8578450392816355,-1.563013219433914,0.07296750750888716,0.0014449140512207326,-0.07152259345766643
eta_0.8,500,34,2.426659581867476,0.8631029582119307,-1.5635566236555452,0.06745469233102692,0.0013845885895953397,-0.06607010374143159
eta_0.8,500,35,2.4250995322541513,0.8567114334923315,-1.5683880987618197,0.06633050140187259,0.0011152935221039328,-0.06521520787976866
eta_0.8,500,36,2.4209612758908343,0.8486761241036552,-1.5722851517871792,0.06670002539973856,0.0013862542800251651,-0.0653137711197134
eta_0.8,500,37,2.4182296860088672,0.850965126364467,-1.5672645596444004,0.06640022066068796,0.0014641803037587129,-0.06493604035692925
eta_0.8,500,38,2.4385039482417312,0.8636390302702966,-1.5748649179714347,0.06670935437216587,0.0018204076236725077,-0.06488894674849335
eta_0.8,500,39,2.4112831792896396,0.8432095795151249,-1.5680735997745148,0.06820642360089894,0.0018777577395422441,-0.0663286658613567
eta_0.8,500,40,2.4413720656917444,0.8636355754546136,-1.5777364902371307,0.06855117545846982,0.0016525923287389727,-0.06689858312973085
eta_0.8,500,41,2.4321101832450926,0.8508226276655741,-1.5812875555795185,0.0683893340430012,0.0021865434351301576,-0.06620279060787104
eta_0.8,500,42,2.408823154737799,0.8549361994326328,-1.5538869553051662,0.06698315479743987,0.0015230201320494449,-0.06546013466539043
eta_0.8,500,43,2.440796785788803,0.8639819142375456,-1.5768148715512575,0.06583826166422528,0.0016857086813854326,-0.06415255298283985
eta_0.8,500,44,2.4337774753261523,0.8620593881016532,-1.5717180872244991,0.06807146993642348,0.0009370747806966059,-0.06713439515572688
eta_0.8,500,45,2.4395667500646283,0.8661903470925721,-1.5733764029720563,0.06710111623987357,0.0015631295108384825,-0.06553798672903509
eta_0.8,500,46,2.425347736825973,0.849132091050684,-1.5762156457752892,0.06667533812609124,0.0014457922078357339,-0.0652295459182555
eta_0.8,500,47,2.4299509043516037,0.8591441879015964,-1.5708067164500072,0.07002493356725126,0.0015184398789226644,-0.06850649368832859
eta_0.8,500,48,2.4212333756056084,0.8444444165412444,-1.576788959064364,0.06726547628122916,0.001395037637660839,-0.06587043864356831
eta_0.8,500,49,2.434343257827137,0.864421959002919,-1.5699212988242182,0.06805018433197982,0.0013866847998353503,-0.06666349953214447
eta_0.8,500,50,2.431325611444114,0.8700040117039951,-1.561321599740119,0.0637718540250289,0.0011504145345701087,-0.06262143949045879
eta_0.8,500,51,2.4457232085101652,0.851852136660881,-1.5938710718492843,0.06952150173586842,0.0012161668435361817,-0.06830533489233225
eta_0.8,500,52,2.451271666373987,0.8663566521402675,-1.5849150142337194,0.06620459779312825,0.0014510262223651766,-0.06475357157076307
eta_0.8,500,53,2.442480361012344,0.8529128667816368,-1.589567494230707,0.06531842846828233,0.0013769264592094251,-0.0639415020090729
eta_0.8,500,54,2.4449553887200963,0.8698619244071691,-1.575093464312927,0.06565312118029394,0.0017883516748810667,-0.06386476950541288
eta_0.8,500,55,2.407016474488991,0.8522030648074108,-1.55481340968158,0.06719919742790172,0.0016031113342267534,-0.06559608609367497
eta_0.8,500,56,2.4297643102843725,0.8431109931896272,-1.5866533170947452,0.07043429569142985,0.001794733520361586,-0.06863956217106827
eta_0.8,500,57,2.4184689882174113,0.8527057115009764,-1.565763276716435,0.06813384675704585,0.001315123598718309,-0.06681872315832754
eta_0.8,500,58,2.435792710131454,0.8672664934351386,-1.5685262166963152,0.06686797904038654,0.00254855765421504,-0.0643194213861715
eta_0.8,500,59,2.417027631042473,0.8469068966436593,-1.5701207343988137,0.06790905892039782,0.0010494244740445336,-0.06685963444635329
eta_0.8,500,60,2.443479659298975,0.8640057003563832,-1.5794739589425917,0.0661973600594045,0.0012199342599846156,-0.0649774257994199
eta_0.8,500,61,2.430913311833063,0.8614128513797772,-1.5695004604532856,0.06867901144905847,0.0015791330039521259,-0.06709987844510634
eta_0.8,500,62,2.43235567617691,0.8561494587897545,-1.5762062173871554,0.0662682537516378,0.0011350382200966585,-0.06513321553154115
eta_0.8,500,63,2.411556353587287,0.8493689999884072,-1.5621873535988797,0.06793669132174045,0.0014890625793376195,-0.06644762874240283
eta_0.8,500,64,2.423726247297022,0.848737071486969,-1.5749891758100527,0.06702681850043203,0.0013364275466400594,-0.06569039095379198
eta_0.8,500,65,2.410560842343355,0.855766894420091,-1.554793947923264,0.06452484725125059,0.001405728679298438,-0.06311911857195215
eta_0.8,500,66,2.4162969403011574,0.8607874677465248,-1.5555094725546326,0.06651660842261611,0.0010911472188682289,-0.06542546120374788
eta_0.8,500,67,2.4128432296571733,0.8489090916298474,-1.563934138027326,0.06865715866615794,0.0019447126314741843,-0.06671244603468376
eta_0.8,500,68,2.435047389172985,0.8505277981511133,-1.5845195910218717,0.0627983360033902,0.0014455910987590625,-0.06135274490463114
eta_0.8,500,69,2.421420700253466,0.8522006163296015,-1.5692200839238644,0.06677529477455531,0.001232779034905057,-0.06554251573965025
eta_0.8,500,70,2.428561526020241,0.8538154748195828,-1.5747460512006581,0.06691776919723211,0.0015057755156767257,-0.06541199368155538
eta_0.8,500,71,2.4340122940991598,0.85879830296296,-1.5752139911361998,0.06819272563067554,0.0014216262965238663,-0.06677109933415167
eta_0.8,500,72,2.4441605777499578,0.8686720080841022,-1.5754885696658556,0.06795852174292347,0.0013162549532035224,-0.06664226678971995
eta_0.8,500,73,2.429582360049204,0.8575781498460158,-1.5720042102031884,0.06845448132526182,0.001452896605950779,-0.06700158471931103
eta_0.8,500,74,2.4518780512505174,0.87204875983769,-1.5798292914128274,0.06674744730762651,0.0015212681135370785,-0.06522617919408943
eta_0.8,500,75,2.430397603644357,0.8564907417476054,-1.5739068618967513,0.0662056283086906,0.0012895887106699527,-0.06491603959802066
eta_0.8,500,76,2.426919296589376,0.8501429522586783,-1.5767763443306977,0.06891961851168137,0.0012806450042699231,-0.06763897350741144
eta_0.8,500,77,2.4165599042852115,0.8615265116302857,-1.5550333926549258,0.06791922331478091,0.0012168390011826585,-0.06670238431359825
eta_0.8,500,78,2.4199859687478993,0.8470060037909108,-1.5729799649569884,0.063977581642733,0.0014330885172915806,-0.06254449312544141
eta_0.8,500,79,2.4327451715832376,0.856102916103672,-1.5766422554795656,0.06341817823639273,0.0010099809447605007,-0.06240819729163223
eta_0.8,500,80,2.427033872782065,0.8559656286332714,-1.5710682441487935,0.06424283905623389,0.0024439578423244616,-0.061798881213909425
eta_0.8,500,81,2.411154292995697,0.8384866838763015,-1.5726676091193954,0.06487165724889828,0.001335396297599018,-0.06353626095129926
eta_0.8,500,82,2.427941936167053,0.8549405791319353,-1.5730013570351176,0.06927661464679115,0.001696891088452136,-0.06757972355833901
eta_0.8,500,83,2.4107048019859305,0.8559860934378432,-1.5547187085480874,0.06655736344947029,0.0014042595379185968,-0.06515310391155169
eta_0.8,500,84,2.4193040455606183,0.855141798769405,-1.5641622467912133,0.06873923121309272,0.0017285573759573294,-0.0670106738371354
eta_0.8,500,85,2.3909866032018363,0.8331723837956884,-1.557814219406148,0.06767210094681364,0.0020098616551960393,-0.0656622392916176
eta_0.8,500,86,2.4261240604296126,0.8581703713949675,-1.567953689034645,0.06632434835904628,0.0011370304737756407,-0.06518731788527064
eta_0.8,500,87,2.4277272552739837,0.8506614877321763,-1.5770657675418074,0.06764058716731486,0.00103893247256858,-0.06660165469474628
eta_0.8,500,88,2.422146974489598,0.8546859737099967,-1.5674610007796015,0.06945034315021602,0.0018465136719007264,-0.0676038294783153
eta_0.8,500,89,2.4267759153637267,0.8593598113339062,-1.5674161040298205,0.06899506418566588,0.0012891925629526023,-0.06770587162271328
eta_0.8,500,90,2.4301998373984346,0.8610008762934254,-1.5691989611050092,0.07020961246592282,0.0015725227036157848,-0.06863708976230704
eta_0.8,500,91,2.4193403242757703,0.8525858668068566,-1.5667544574689138,0.06794954286503603,0.001845372329979276,-0.06610417053505675
eta_0.8,500,92,2.4385602823739383,0.8532800578977253,-1.585280224476213,0.07051842988312929,0.0015741964406366848,-0.0689442334424926
eta_0.8,500,93,2.426775292432306,0.8625854044699197,-1.5641898879623863,0.07030985294539854,0.0013586016294509346,-0.0689512513159476
eta_0.8,500,94,2.4094244407764065,0.8533093163996903,-1.5561151243767162,0.06515390571848494,0.0021656987829513615,-0.06298820693553357
eta_0.8,500,95,2.3844835068176606,0.8383195603193165,-1.546163946498344,0.06634607635905289,0.0015154822773814265,-0.06483059408167147
eta_0.8,500,96,2.4281578320665265,0.8668805765584514,-1.5612772555080752,0.06485690556683034,0.0018041449111711003,-0.06305276065565923
eta_0.8,500,97,2.439640740813555,0.8687289991027014,-1.5709117417108538,0.0655454235037773,0.0011435841474115493,-0.06440183935636576
eta_0.8,500,98,2.442238215051298,0.8607589415747258,-1.581479273476572,0.0658619273907145,0.0016087494125502535,-0.06425317797816425
eta_0.8,500,99,2.40778787122289,0.8480521884123737,-1.5597356828105164,0.06628644797907682,0.0012897448576594805,-0.06499670312141734
eta_0.8,5000,0,2.3651555136394653,0.8558195040266263,-1.509336009612839,0.006680367222352307,9.868662812908913e-05,-0.006581680594223218
eta_0.8,5000,1,2.3684497508548907,0.8534383315646357,-1.515011419290255,0.006623218696789779,0.00012697864364524214,-0.006496240053144537
eta_0.8,5000,2,2.3785168907626493,0.8548028383661895,-1.5237140523964596,0.006500519862592823,0.0001683391862527608,-0.006332180676340063
eta_0.8,5000,3,2.367775593801371,0.8543163357748566,-1.5134592580265145,0.00639158601059426,0.00012384402306119826,-0.006267741987533062
eta_0.8,5000,4,2.368928345597211,0.8532100882505431,-1.515718257346668,0.006587895052678229,0.00014012012973295033,-0.006447774922945278
eta_0.8,5000,5,2.3760171104000025,0.8589298922626913,-1.5170872181373112,0.006334870641929097,0.00015426404250202345,-0.006180606599427074
eta_0.8,5000,6,2.365430475782945,0.8514776891700669,-1.5139527866128781,0.0065369768040929865,0.0001697736344917015,-0.006367203169601285
eta_0.8,5000,7,2.379416113964645,0.8584060377037913,-1.5210100762608536,0.006599423364360312,0.00014662658049162877,-0.006452796783868683
eta_0.8,5000,8,2.3769538421632177,0.8576489723621847,-1.519304869801033,0.00636595379141178,0.00011877508693630405,-0.006247178704475475
eta_0.8,5000,9,2.371551293444537,0.8561769554724206,-1.5153743379721163,0.006629207348997172,0.00013049774453253004,-0.0064987096044646425
eta_0.8,5000,10,2.3704507275958373,0.8539585481991591,-1.5164921793966784,0.006548125190484315,9.233134035101021e-05,-0.0064557938501333045
eta_0.8,5000,11,2.362561946437893,0.8489488133546752,-1.5136131330832177,0.0064908617296430314,0.00013929633385042307,-0.006351565395792609
eta_0.8,5000,12,2.3679893169145987,0.8525388274688426,-1.515450489445756,0.00658442928026759,0.00017682133143250958,-0.00640760794883508
eta_0.8,5000,13,2.3677359561590183,0.852026895995629,-1.5157090601633894,0.006870557584840398,0.0001476541742586849,-0.006722903410581712
eta_0.8,5000,14,2.363875408504066,0.849211768418674,-1.514663640085392,0.006490284372417422,0.0001396744104403203,-0.006350609961977102
eta_0.8,5000,15,2.3718122210139128,0.8549844017371693,-1.5168278192767435,0.006791172671746024,0.0001593047790211141,-0.00663186789272491
eta_0.8,5000,16,2.371250424316929,0.8497716521928165,-1.5214787721241125,0.006643765745450991,8.466001026225354e-05,-0.006559105735188738
eta_0.8,5000,17,2.364106711647977,0.8530517485963548,-1.5110549630516221,0.006306336014044925,0.0001309698998004641,-0.006175366114244461
eta_0.8,5000,18,2.3726448721663846,0.858718312125361,-1.5139265600410237,0.006955725703994167,0.00018629729768402756,-0.006769428406310139
eta_0.8,5000,19,2.378691940276257,0.8567298483283086,-1.5219620919479486,0.006701247051819151,0.00015664129280867515,-0.006544605759010476
eta_0.8,5000,20,2.360832968767696,0.8478662797211555,-1.5129666890465407,0.006355844582078021,0.00011861966859978267,-0.006237224913478238
eta_0.8,5000,21,2.3667616329499217,0.8490285917354908,-1.5177330412144308,0.006849290570629412,0.00012377353248020496,-0.006725517038149207
eta_0.8,5000,22,2.3718060241300702,0.8530692050391009,-1.5187368190909694,0.006781071821078032,0.00017978624499649922,-0.0066012855760815324
eta_0.8,5000,23,2.3604447514231657,0.8507466111624831,-1.5096981402606826,0.006501869730577231,0.0001373561366834541,-0.006364513593893777
eta_0.8,5000,24,2.368261272130517,0.8525482806160743,-1.5157129915144427,0.006568911737984258,0.00018934530897733774,-0.00637956642900692
eta_0.8,5000,25,2.367234124372303,0.8527226404537761,-1.5145114839185267,0.006732515112703306,0.00011283894690955788,-0.006619676165793747
eta_0.8,5000,26,2.367471464293566,0.8508821501205365,-1.5165893141730296,0.00654037724337559,0.00011123643332402978,-0.0064291408100515595
eta_0.8,5000,27,2.3698152400230117,0.8547227639301365,-1.5150924760928752,0.006485016726971796,0.0001121645316379487,-0.006372852195333847
eta_0.8,5000,28,2.365998449351462,0.8530419951692549,-1.5129564541822071,0.006701025731200381,0.00018225034938746865,-0.006518775381812912
eta_0.8,5000,29,2.366796918948531,0.8543221993699934,-1.5124747195785375,0.006900744994589356,0.00019179351565218208,-0.006708951478937173
eta_0.8,5000,30,2.369515723295096,0.856231825298496,-1.5132838979966001,0.006846130145932915,0.00012635800886071552,-0.0067197721370722
eta_0.8,5000,31,2.36992496430033,0.8546154336087077,-1.5153095306916222,0.006428827491138042,0.00013362647244625163,-0.006295201018691791
eta_0.8,5000,32,2.37212435512132,0.8521599086926064,-1.5199644464287134,0.0068526227089116916,0.00016075274042542617,-0.006691869968486266
eta_0.8,5000,33,2.3677926073573565,0.8560974189867399,-1.5116951883706167,0.0064644264800798506,0.00015766295384495334,-0.006306763526234898
eta_0.8,5000,34,2.369212036075376,0.8519338552003246,-1.5172781808750515,0.006601714028983995,0.00015329597207134333,-0.006448418056912652
eta_0.8,5000,35,2.3639644884844087,0.8514590795784307,-1.512505408905978,0.0063707395989461195,0.0001494453556216143,-0.006221294243324505
eta_0.8,5000,36,2.366214804155651,0.847015602506288,-1.5191992016493632,0.006573011082022145,0.00018663505878987633,-0.006386376023232269
eta_0.8,5000,37,2.368470058842737,0.8530233862146706,-1.5154466726280666,0.006543524955429391,0.0001316126916177421,-0.006411912263811649
eta_0.8,5000,38,2.3682337173627093,0.8559322683607304,-1.5123014490019788,0.006887316653286263,0.00012887685008233248,-0.00675843980320393
eta_0.8,5000,39,2.3702427837359665,0.8517429400036961,-1.5184998437322705,0.00672718929737159,0.00011516453043949128,-0.006612024766932099
eta_0.8,5000,40,2.3606677689081095,0.8531397396612512,-1.5075280292468582,0.006548541765420625,0.00019792324311931672,-0.006350618522301309
eta_0.8,5000,41,2.3626377453375875,0.8489142273958115,-1.513723517941776,0.006632649059297367,0.00017743654674956327,-0.006455212512547804
eta_0.8,5000,42,2.380157226359905,0.8620989913398402,-1.5180582350200649,0.006560367208303241,0.00014306788269928048,-0.006417299325603961
eta_0.8,5000,43,2.3790961208335637,0.859870838724405,-1.5192252821091587,0.006613862100396783,0.0001272782967556433,-0.0064865838036411395
eta_0.8,5000,44,2.37043873292312,0.8510209180312468,-1.5194178148918733,0.006617721113444524,0.00019899164487935546,-0.006418729468565168
eta_0.8,5000,45,2.365443587203458,0.8534232159916393,-1.5120203712118185,0.0068509443412394415,0.00018398016355583203,-0.006666964177683609
eta_0.8,5000,46,2.3710080358574595,0.8575062363800594,-1.5135017994774,0.006730657072420273,0.00017114462142568738,-0.006559512450994585
eta_0.8,5000,47,2.361859003738018,0.8496019111460726,-1.5122570925919452,0.0070120546623666765,0.00018403408761203744,-0.006828020574754639
eta_0.8,5000,48,2.365417110655802,0.8537660124127071,-1.511651098243095,0.006509223053815746,0.00011316904658172136,-0.006396054007234024
eta_0.8,5000,49,2.3696263414031153,0.8511025702496394,-1.5185237711534758,0.00695065464544576,0.00019462111770398135,-0.006756033527741779
eta_0.8,5000,50,2.372828270008395,0.853642457524217,-1.519185812484178,0.0063927419755119745,0.00013413799800349486,-0.006258603977508479
eta_0.8,5000,51,2.3689172946309136,0.8518066274377372,-1.5171106671931764,0.007019206614771901,0.00016257730908430672,-0.0068566293056875945
eta_0.8,5000,52,2.366984824702238,0.8548423587837483,-1.5121424659184899,0.006745371675225696,0.0001553154556406819,-0.006590056219585014
eta_0.8,5000,53,2.367521237867068,0.8539365288795104,-1.5135847089875574,0.006968474415618754,0.00013624176283088282,-0.006832232652787871
eta_0.8,5000,54,2.367989938063898,0.8540805118716088,-1.513909426192289,0.006624127076355991,0.00011882508960964688,-0.006505301986746344
eta_0.8,5000,55,2.35741339949082,0.8512772159099847,-1.5061361835808356,0.00655288626088311,0.0001525202099418543,-0.006400366050941256
eta_0.8,5000,56,2.3681818513404806,0.8545809847319983,-1.5136008666084824,0.006854120736662486,0.00015700740968576656,-0.006697113326976719
eta_0.8,5000,57,2.373879486021229,0.856758807393822,-1.517120678627407,0.00659540054694505,9.620895058582284e-05,-0.006499191596359227
eta_0.8,5000,58,2.369620769087114,0.8528982752400783,-1.5167224938470354,0.006875277864297068,0.00021893414572827233,-0.006656343718568796
eta_0.8,5000,59,2.3645887832068695,0.8546255312922276,-1.509963251914642,0.006948987590429203,0.00018643228087988174,-0.006762555309549321
eta_0.8,5000,60,2.3622751282003276,0.8527747730973138,-1.5095003551030137,0.006445156054375738,0.00011657192575242426,-0.006328584128623313
eta_0.8,5000,61,2.3677895834275895,0.8551733336960634,-1.512616249731526,0.00646298682306679,0.0001651706247044671,-0.006297816198362323
eta_0.8,5000,62,2.362969452736244,0.8543018336851442,-1.5086676190511,0.006672395493836031,0.0001613752659320437,-0.0065110202279039875
eta_0.8,5000,63,2.3743815120047205,0.8556554975153544,-1.5187260144893662,0.006143413323511958,0.0001259730131409899,-0.006017440310370968
eta_0.8,5000,64,2.370066716202572,0.8574359972684972,-1.5126307189340746,0.006291440240190775,9.679895087862922e-05,-0.006194641289312146
eta_0.8,5000,65,2.3698796929136603,0.8512180221443435,-1.5186616707693168,0.006600062589803587,0.00016101005477418243,-0.006439052535029405
eta_0.8,5000,66,2.3603389676824427,0.8519583892683352,-1.5083805784141076,0.007189948441124094,0.0001662562452386146,-0.0070236921958854795
eta_0.8,5000,67,2.3671033529555876,0.8543446629018976,-1.51275869005369,0.006754504891218459,0.0001445377478563602,-0.006609967143362099
eta_0.8,5000,68,2.3666029913106748,0.8534260041804053,-1.5131769871302696,0.006515529279631692,0.00011092991451056476,-0.006404599365121127
eta_0.8,5000,69,2.362300150736074,0.8512334234819455,-1.5110667272541285,0.006605173580460023,0.00020055095152716096,-0.006404622628932862
eta_0.8,5000,70,2.3733169598369286,0.8573068538899709,-1.5160101059469577,0.006445895410256956,0.0001162209729682272,-0.006329674437288729
eta_0.8,5000,71,2.3706983425949173,0.8526208236584749,-1.5180775189364424,0.007009041690150816,0.00017878111015053662,-0.00683026058000028
eta_0.8,5000,72,2.36499650348422,0.8535521190972961,-1.511444384386924,0.006642522012968046,0.00016263733000728962,-0.006479884682960756
eta_0.8,5000,73,2.368736656251797,0.8546374168123262,-1.5140992394394708,0.006655964960086372,0.00012286987622878918,-0.006533095083857582
eta_0.8,5000,74,2.366690684996424,0.8550948384963308,-1.5115958465000934,0.00658731634378015,0.00016049430229460868,-0.006426822041485542
eta_0.8,5000,75,2.3690078076967986,0.8568147342462915,-1.5121930734505071,0.00658339531590307,0.00013028171250804838,-0.006453113603395021
eta_0.8,5000,76,2.3696024698446867,0.8537614322275124,-1.5158410376171743,0.0062232118665441405,0.00017813070769717826,-0.006045081158846962
eta_0.8,5000,77,2.366766129550412,0.8564855556048973,-1.5102805739455145,0.006774981529483272,0.00019307920156221277,-0.006581902327921059
eta_0.8,5000,78,2.3683413963280686,0.8546999966494413,-1.5136413996786273,0.006523623301968832,0.00010457873515644119,-0.006419044566812391
eta_0.8,5000,79,2.3770343225317805,0.8591516612066756,-1.5178826613251049,0.006614588958545946,0.00016336760864414586,-0.0064512213499018
eta_0.8,5000,80,2.3686370186677754,0.8562239805708904,-1.512413038096885,0.0068489878147358395,0.00011652952910822737,-0.006732458285627612
eta_0.8,5000,81,2.378261674033549,0.857372218064682,-1.520889455968867,0.006567241581710142,0.00012267159404580393,-0.006444569987664338
eta_0.8,5000,82,2.3627066574477857,0.8501898577360717,-1.512516799711714,0.006883378068013494,9.317726644450787e-05,-0.006790200801568986
eta_0.8,5000,83,2.367726911920594,0.8567104647814778,-1.511016447139116,0.007035480956443224,0.00012712605637933396,-0.00690835490006389
eta_0.8,5000,84,2.369242048519759,0.8503459495653547,-1.5188960989544045,0.006647691083187611,0.00014555436864588023,-0.006502136714541731
eta_0.8,5000,85,2.3664876994789226,0.854622939019839,-1.5118647604590836,0.006729767825297143,0.00019440544472349282,-0.00653536238057365
eta_0.8,5000,86,2.370627556782916,0.8557830595414684,-1.5148444972414477,0.00685194588674936,0.0001296901982595033,-0.006722255688489856
eta_0.8,5000,87,2.3744391559238562,0.8520370987799962,-1.52240205714386,0.006716552575858897,0.00012917847830613282,-0.006587374097552764
eta_0.8,5000,88,2.370796425865206,0.8548761647987723,-1.5159202610664337,0.006484711959559017,0.00017815645856193447,-0.0063065555009970825
eta_0.8,5000,89,2.3687715913896272,0.8543304784931504,-1.5144411128964768,0.00661309881849981,0.00015822747188824396,-0.006454871346611566
eta_0.8,5000,90,2.365116021007908,0.8493785939413672,-1.5157374270665407,0.0066640827295860764,0.00014896122126973054,-0.006515121508316346
eta_0.8,5000,91,2.371841378343351,0.8574513868649594,-1.5143899914783918,0.00704918075764857,0.00016200118963889104,-0.0068871795680096794
eta_0.8,5000,92,2.368490068536462,0.8561070111773054,-1.5123830573591563,0.006385360048356892,0.00011999374882299726,-0.006265366299533895
eta_0.8,5000,93,2.364346620869323,0.8497295287772454,-1.5146170920920774,0.006796287939558812,0.00013819310877814713,-0.006658094830780665
eta_0.8,5000,94,2.3698842218052114,0.857338375427324,-1.5125458463778874,0.006627413578087015,0.0001852903100948192,-0.006442123267992196
eta_0.8,5000,95,2.365581969522403,0.8534322723801144,-1.5121496971422885,0.007169588592014637,0.00018222551856844616,-0.006987363073446191
eta_0.8,5000,96,2.365375341925255,0.8512937714484029,-1.514081570476852,0.006555047958652571,9.918440221259357e-05,-0.0064558635564399775
eta_0.8,5000,97,2.3742899878195316,0.8565033041437928,-1.5177866836757388,0.00713278496691782,0.00016745666862935505,-0.006965328298288465
eta_0.8,5000,98,2.372658663418269,0.8568258472179766,-1.5158328162002925,0.0063819093412694405,0.00011866025342362877,-0.006263249087845812
eta_0.8,5000,99,2.364747754271719,0.8510135214319292,-1.5137342328397896,0.006633388057114696,0.0001458954926385646,-0.006487492564476132
isospectral_broken_8partition,100,0,1.1595475420010957,0.8300013706843977,-0.32954617131669794,0.3843765160566793,0.006167021748270712,-0.37820949430840856
isospectral_broken_8partition,100,1,1.2007064572611614,0.8678191634378618,-0.3328872938232996,0.3795520855372391,0.008711900821816602,-0.3708401847154225
isospectral_broken_8partition,100,2,1.203261135046488,0.8818804915496887,-0.3213806434967992,0.3862661947998057,0.009474229126881398,-0.3767919656729243
isospectral_broken_8partition,100,3,1.1890744669624935,0.8680108033388159,-0.32106366362367766,0.381564191732559,0.008120686090168815,-0.3734435056423902
isospectral_broken_8partition,100,4,1.1988436037170354,0.8743062793709848,-0.32453732434605054,0.3843596963140589,0.007392360840836724,-0.3769673354732222
isospectral_broken_8partition,100,5,1.1525057011188364,0.8468588503167519,-0.30564685080208454,0.3522526501245135,0.005515534870523834,-0.3467371152539897
isospectral_broken_8partition,100,6,1.1943630462617958,0.8686303170782027,-0.3257327291835931,0.3869171762862908,0.010898767212287256,-0.3760184090740035
isospectral_broken_8partition,100,7,1.189810963895513,0.8547009438482478,-0.3351100200472652,0.3836055854081814,0.0069175179532467036,-0.3766880674549347
isospectral_broken_8partition,100,8,1.1758409500728877,0.8519027088792703,-0.32393824119361736,0.36095968532506334,0.008926728799024487,-0.35203295652603883
isospectral_broken_8partition,100,9,1.2274901219417091,0.8959089374394228,-0.33158118450228635,0.3888953195192113,0.011278199453470025,-0.3776171200657413
isospectral_broken_8partition,100,10,1.1701773041790802,0.8347458429966026,-0.3354314611824776,0.37615078791733875,0.006941109360871332,-0.3692096785564674
isospectral_broken_8partition,100,11,1.1808952228989011,0.863238470035586,-0.3176567528633152,0.3762509322209824,0.006503762000934674,-0.3697471702200477
isospectral_broken_8partition,100,12,1.1964236500971555,0.870411377086562,-0.32601227301059343,0.38722768271522323,0.008721136483114445,-0.3785065462321088
isospectral_broken_8partition,100,13,1.1850312275135704,0.8664894179335999,-0.31854180957997047,0.381541101094482,0.007752699627902511,-0.3737884014665795
isospectral_broken_8partition,100,14,1.219960516495363,0.8931575171791923,-0.32680299931617074,0.38993595970501005,0.008512293293850157,-0.3814236664111599
isospectral_broken_8partition,100,15,1.1730519428086545,0.8470397102394038,-0.3260122325692507,0.390003175653353,0.007253482091829199,-0.38274969356152383
isospectral_broken_8partition,100,16,1.1786183155437895,0.8623694215207155,-0.316248894023074,0.35600849522181677,0.006813226087157604,-0.34919526913465915
isospectral_broken_8partition,100,17,1.1597610448935558,0.8327052863220796,-0.3270557585714762,0.37008232814318437,0.006947483616913976,-0.3631348445262704
isospectral_broken_8partition,100,18,1.2281335019748245,0.9008390204157155,-0.327294481559109,0.3631494838273532,0.008219200024063424,-0.3549302838032898
isospectral_broken_8partition,100,19,1.1979940708798154,0.8842794839920937,-0.3137145868877217,0.3761419088529336,0.007199338940562596,-0.368942569912371
isospectral_broken_8partition,100,20,1.1631784165485783,0.8277974479586765,-0.33538096858990185,0.37539118784986775,0.005620261900872784,-0.36977092594899497
isospectral_broken_8partition,100,21,1.2046733734173103,0.8708430680744219,-0.3338303053428884,0.38275339662914004,0.006794098427660726,-0.37595929820147933
isospectral_broken_8partition,100,22,1.2086582512804298,0.8844483295993,-0.32420992168112983,0.3758940848209762,0.00556907018225325,-0.3703250146387229
isospectral_broken_8partition,100,23,1.1875014483772388,0.8551496082642465,-0.33235184011299235,0.38996051250924996,0.005684529528680508,-0.3842759829805695
isospectral_broken_8partition,100,24,1.1971438823593854,0.8662122097564089,-0.3309316726029765,0.3852384569011216,0.0072016362386709025,-0.37803682066245065
isospectral_broken_8partition,100,25,1.1906413086410927,0.8624704531451333,-0.3281708554959595,0.38193840987745237,0.006645032013095858,-0.3752933778643565
isospectral_broken_8partition,100,26,1.2063234688879028,0.8900304114596225,-0.3162930574282803,0.38167217375397255,0.008342358457688362,-0.3733298152962842
isospectral_broken_8partition,100,27,1.1814364004055362,0.8584853686455767,-0.32295103175995954,0.3592861432065482,0.008019202919516253,-0.351266940287032
isospectral_broken_8partition,100,28,1.1817422242944569,0.8488234417179636,-0.3329187825764932,0.37410441528639904,0.005782961509985987,-0.36832145377641307
isospectral_broken_8partition,100,29,1.159395174234805,0.8413985118472883,-0.31799666238751667,0.38093166804477757,0.005528928524383876,-0.3754027395203937
isospectral_broken_8partition,100,30,1.1931105277028884,0.861933173096866,-0.3311773546060224,0.39699772429834285,0.006358868471736747,-0.3906388558266061
isospectral_broken_8partition,100,31,1.1907008968886326,0.8680173919334186,-0.3226835049552139,0.3607627707569554,0.008028208042009802,-0.3527345627149456
isospectral_broken_8partition,100,32,1.1652065527811417,0.8342258251379269,-0.33098072764321484,0.37677189487698987,0.005620903748735922,-0.37115099112825395
isospectral_broken_8partition,100,33,1.2031711247704482,0.8785484182848209,-0.3246227064856273,0.3865647640358702,0.009209531513401944,-0.3773552325224683
isospectral_broken_8partition,100,34,1.2262425600634652,0.9006277675636958,-0.32561479249976943,0.37086694653087254,0.007052948532717179,-0.3638139979981554
isospectral_broken_8partition,100,35,1.1995030192257305,0.884193682840132,-0.31530933638559855,0.3812607523065064,0.007150567568295961,-0.37411018473821045
isospectral_broken_8partition,100,36,1.1655380922481011,0.8517018559915945,-0.3138362362565066,0.39068100753186236,0.010067733817261799,-0.3806132737146006
isospectral_broken_8partition,100,37,1.2013555304907373,0.8741931724572815,-0.32716235803345584,0.4001808719532123,0.007837505203139613,-0.39234336675007264
isospectral_broken_8partition,100,38,1.1877855965242023,0.8719389351591316,-0.3158466613650708,0.38426672964279257,0.00825698642873813,-0.37600974321405445
isospectral_broken_8partition,100,39,1.1848611582346502,0.8717262766976355,-0.31313488153701474,0.36417446164165385,0.006491637412134493,-0.35768282422951936
isospectral_broken_8partition,100,40,1.2114942816431344,0.8885904678451628,-0.3229038137979716,0.38941236006313035,0.006333955685856178,-0.3830784043772742
isospectral_broken_8partition,100,41,1.1682499919092535,0.8367211940000852,-0.33152879790916834,0.35748716798142705,0.006296567842819378,-0.35119060013860764
isospectral_broken_8partition,100,42,1.1862847428017027,0.850592979874429,-0.33569176292727376,0.39006734208864763,0.006641694825478547,-0.3834256472631691
isospectral_broken_8partition,100,43,1.1881324805690792,0.8613822440758822,-0.326750236493197,0.35547074873077755,0.008216860087826443,-0.3472538886429511
isospectral_broken_8partition,100,44,1.2138875262826365,0.881083724478129,-0.3328038018045075,0.361232823997196,0.008799550583299428,-0.3524332734138965
isospectral_broken_8partition,100,45,1.1608674302988755,0.8279158122423316,-0.33295161805654394,0.38183388506580584,0.006131754480984693,-0.37570213058482116
isospectral_broken_8partition,100,46,1.1691852027385445,0.8511158680820452,-0.31806933465649934,0.3728344307426778,0.0078016822985204435,-0.36503274844415734
isospectral_broken_8partition,100,47,1.159841079217349,0.8373914267651142,-0.3224496524522348,0.371441959136867,0.006720209910013992,-0.364721749226853
isospectral_broken_8partition,100,48,1.2120172410076444,0.8956811108910228,-0.31633613011662165,0.37867023575281294,0.006984195422120444,-0.3716860403306925
isospectral_broken_8partition,100,49,1.2091092941656258,0.8728294838155342,-0.3362798103500917,0.3719716350038332,0.008232657412361417,-0.3637389775914718
isospectral_broken_8partition,100,50,1.1967663861784812,0.8800614252430474,-0.31670496093543377,0.37085649214284366,0.007114986832353735,-0.36374150531048993
isospectral_broken_8partition,100,51,1.1796912789753378,0.8401233387690931,-0.3395679402062447,0.3849077897121318,0.008462784847344218,-0.3764450048647876
isospectral_broken_8partition,100,52,1.1901648927861754,0.8523427316957888,-0.33782216109038665,0.3824861415727465,0.006836552871484377,-0.37564958870126214
isospectral_broken_8partition,100,53,1.1933942946569678,0.8742223090087093,-0.31917198564825844,0.36475333789110603,0.006250762726236009,-0.35850257516487005
isospectral_broken_8partition,100,54,1.1594239638850197,0.8420316615268828,-0.31739230235813687,0.3692165200575781,0.006147079159069263,-0.36306944089850884
isospectral_broken_8partition,100,55,1.222611483318167,0.8935892291662738,-0.3290222541518931,0.38051028671012616,0.007032027777605811,-0.37347825893252035
isospectral_broken_8partition,100,56,1.2058440654660298,0.8740857202598471,-0.33175834520618275,0.37587155643244774,0.006840463826564234,-0.3690310926058835
isospectral_broken_8partition,100,57,1.16836197254353,0.8342471855821117,-0.33411478696141816,0.37316875788476794,0.007534058048236137,-0.3656346998365318
isospectral_broken_8partition,100,58,1.1825067106397926,0.8630557769938593,-0.31945093364593335,0.3791860043442712,0.00903732899197856,-0.3701486753522926
isospectral_broken_8partition,100,59,1.1450044875858925,0.8257176388071149,-0.31928684877877755,0.3525243924651176,0.0068042750300502846,-0.3457201174350673
isospectral_broken_8partition,100,60,1.1817524448257932,0.8535816203056119,-0.3281708245201813,0.3979855101583542,0.006087929272942383,-0.3918975808854118
isospectral_broken_8partition,100,61,1.173858429876006,0.8429543765317488,-0.3309040533442572,0.39819670111874766,0.005785430379708516,-0.39241127073903914
isospectral_broken_8partition,100,62,1.159255298086633,0.8318997074384373,-0.32735559064819575,0.3840235300954408,0.007895635766624207,-0.3761278943288166
isospectral_broken_8partition,100,63,1.1675234828113181,0.8407098453967482,-0.3268136374145699,0.3819966123492769,0.008311459243914437,-0.37368515310536243
isospectral_broken_8partition,100,64,1.190557466448983,0.867932575164993,-0.3226248912839901,0.3944118573305235,0.010236334548886401,-0.3841755227816371
isospectral_broken_8partition,100,65,1.1755737228501462,0.8468731728086594,-0.3287005500414868,0.37919499876513657,0.008535467051499705,-0.37065953171363686
isospectral_broken_8partition,100,66,1.198910561676995,0.8714716641011575,-0.32743889757583755,0.36113261693044646,0.00830366288212541,-0.35282895404832104
isospectral_broken_8partition,100,67,1.2000726593263316,0.8762507879069832,-0.3238218714193484,0.37895841683746584,0.006642668240701945,-0.3723157485967639
isospectral_broken_8partition,100,68,1.1891194462520047,0.8588642367127145,-0.3302552095392902,0.38952165054200877,0.008515148067392286,-0.3810065024746165
isospectral_broken_8partition,100,69,1.1966014896306252,0.8729746116274832,-0.32362687800314194,0.37590160229005737,0.008978232644580635,-0.3669233696454767
isospectral_broken_8partition,100,70,1.222424711426189,0.8896307009134319,-0.33279401051275714,0.38370545375637977,0.009841545943235577,-0.3738639078131442
isospectral_broken_8partition,100,71,1.1775035828345553,0.8410022233325444,-0.3365013595020109,0.3771156592086304,0.007989777405805696,-0.3691258818028247
isospectral_broken_8partition,100,72,1.2221787183565294,0.8885924405834059,-0.33358627777312344,0.36488809883664636,0.006423906241982164,-0.35846419259466417
isospectral_broken_8partition,100,73,1.1875062825401064,0.8408324428063257,-0.34667383973378063,0.3636972955841811,0.007227902175101103,-0.35646939340908
isospectral_broken_8partition,100,74,1.172261347679088,0.856678244663716,-0.31558310301537196,0.3668369522946491,0.00757825011201209,-0.359258702182637
isospectral_broken_8partition,100,75,1.1860413877422622,0.8614068857058199,-0.3246345020364423,0.36450903783063343,0.007542607060609274,-0.35696643077002416
isospectral_broken_8partition,100,76,1.1517916328765556,0.8253683086999988,-0.32642332417655684,0.3817518409723984,0.005418072163278456,-0.37633376880911995
isospectral_broken_8partition,100,77,1.1685937252080916,0.8375685212494384,-0.3310252039586532,0.36405263698467083,0.006646483480140467,-0.35740615350453037
isospectral_broken_8partition,100,78,1.1864441052445691,0.8663752019571619,-0.3200689032874072,0.3955070816977062,0.007658026206956666,-0.38784905549074955
isospectral_broken_8partition,100,79,1.1488397712531906,0.8146210897624002,-0.33421868149079037,0.3750522521979753,0.008151962592552062,-0.3669002896054232
isospectral_broken_8partition,100,80,1.2079956257829847,0.8786822785029871,-0.3293133472799976,0.3691371211979195,0.0081915431889754,-0.3609455780089441
isospectral_broken_8partition,100,81,1.2009802566393288,0.8897435985117856,-0.3112366581275432,0.37927317123552945,0.008137253149691734,-0.37113591808583773
isospectral_broken_8partition,100,82,1.2057723060844507,0.8844469785748745,-0.3213253275095762,0.3758783150948288,0.007911331408058104,-0.36796698368677067
isospectral_broken_8partition,100,83,1.213662954895902,0.897391330828918,-0.31627162406698395,0.3767709462141949,0.012487583423769011,-0.3642833627904259
isospectral_broken_8partition,100,84,1.1531620521790602,0.839817009975084,-0.3133450422039762,0.3927298604240075,0.005813050757394824,-0.3869168096666127
isospectral_broken_8partition,100,85,1.2024699393031544,0.8639484873642296,-0.3385214519389248,0.38736379808782484,0.005693153172898574,-0.38167064491492625
isospectral_broken_8partition,100,86,1.2085272417871957,0.8655224653671748,-0.3430047764200209,0.37774943661640137,0.0075474149608668745,-0.3702020216555345
isospectral_broken_8partition,100,87,1.1800549646698169,0.8523167108570266,-0.3277382538127902,0.38908353124498724,0.008113766150757758,-0.3809697650942295
isospectral_broken_8partition,100,88,1.1938922599619028,0.8665913740814857,-0.32730088588041717,0.37764198925404213,0.005623572197970585,-0.3720184170560715
isospectral_broken_8partition,100,89,1.2208560563230988,0.8955058890619163,-0.3253501672611825,0.3653910958651112,0.00885988735157211,-0.3565312085135391
isospectral_broken_8partition,100,90,1.1565754994041797,0.8328633486667861,-0.32371215073739357,0.38815936216089614,0.0076517615475146265,-0.3805076006133815
isospectral_broken_8partition,100,91,1.1636890342929476,0.8376690484746474,-0.32601998581830016,0.3760788187844657,0.0077110868003968346,-0.36836773198406886
isospectral_broken_8partition,100,92,1.1996593067772894,0.8802188121224599,-0.3194404946548295,0.3882017464212198,0.0073334016703123315,-0.3808683447509075
isospectral_broken_8partition,100,93,1.219653953984164,0.872994740344899,-0.346659213639265,0.35287767180002216,0.007715056276387602,-0.3451626155236346
isospectral_broken_8partition,100,94,1.1745752812612533,0.8414644784879852,-0.3331108027732681,0.37618598689322386,0.00835941210989836,-0.3678265747833255
isospectral_broken_8partition,100,95,1.1913292802749027,0.8611605552463433,-0.33016872502855943,0.39556558548078,0.00847606423105351,-0.3870895212497265
isospectral_broken_8partition,100,96,1.1852891956971234,0.8632681850792135,-0.3220210106179099,0.3866837874702311,0.007121710141849801,-0.37956207732838126
isospectral_broken_8partition,100,97,1.1938557361587996,0.8774914263716054,-0.3163643097871942,0.37534711018047523,0.008805697949486765,-0.36654141223098846
isospectral_broken_8partition,100,98,1.1797152076805626,0.853385527108038,-0.32632968057252465,0.3867153228653903,0.006775088823170216,-0.37994023404222005
isospectral_broken_8partition,100,99,1.1638153468102916,0.8212382225696084,-0.3425771242406832,0.38353022541133597,0.00680749669493337,-0.3767227287164026
isospectral_broken_8partition,500,0,0.9227417259540892,0.8529916652068135,-0.06975006074727574,0.06665163518906,0.001406213604031629,-0.06524542158502837
isospectral_broken_8partition,500,1,0.9285880166973968,0.8565501736390229,-0.07203784305837391,0.0649394167455772,0.0013665297787623359,-0.06357288696681486
isospectral_broken_8partition,500,2,0.9132588744048701,0.8470740576368713,-0.06618481676799881,0.06889626763155382,0.0013994297953665647,-0.06749683783618726
isospectral_broken_8partition,500,3,0.9368331829091067,0.8615664148146909,-0.07526676809441579,0.06719314388768421,0.0017614598263593058,-0.06543168406132491
isospectral_broken_8partition,500,4,0.9254110564585258,0.8528542108853887,-0.07255684557313713,0.06611355916225592,0.001230262454618646,-0.06488329670763728
isospectral_broken_8partition,500,5,0.9022321911763257,0.834119498224948,-0.06811269295137767,0.06446337025853881,0.0016575381343064857,-0.06280583212423232
isospectral_broken_8partition,500,6,0.9442138911123722,0.8786985453007005,-0.06551534581167173,0.06932202845832591,0.0014457006015239026,-0.067876327856802
isospectral_broken_8partition,500,7,0.9396453925254908,0.8664808391092833,-0.07316455341620753,0.06648049614893416,0.0013335791919716839,-0.06514691695696247
isospectral_broken_8partition,500,8,0.909328983189306,0.8400294812335638,-0.0692995019557422,0.06672291934851166,0.001484930270750424,-0.06523798907776124
isospectral_broken_8partition,500,9,0.9312115907986053,0.8582759094603316,-0.07293568133827366,0.06899582817899892,0.001455718038839055,-0.06754011014015987
isospectral_broken_8partition,500,10,0.9346267029604632,0.8637938477380086,-0.07083285522245464,0.06680137397152958,0.0012674975543006495,-0.06553387641722892
isospectral_broken_8partition,500,11,0.9268986886957338,0.85901962651948,-0.06787906217625372,0.0712065847912575,0.0015833077606655422,-0.06962327703059196
isospectral_broken_8partition,500,12,0.9109042140438586,0.8421339009605133,-0.06877031308334525,0.06848427381441062,0.0014852822945070298,-0.06699899151990359
isospectral_broken_8partition,500,13,0.9292464315977043,0.8599946395130905,-0.06925179208461374,0.06992861813606462,0.0013967492082972567,-0.06853186892776736
isospectral_broken_8partition,500,14,0.9199517994863342,0.8477131588116427,-0.07223864067469155,0.06989546403551944,0.0013604067821212007,-0.06853505725339824
isospectral_broken_8partition,500,15,0.9240233005759393,0.8526762363724827,-0.0713470642034566,0.06783820399873977,0.0012990629801897637,-0.06653914101855
isospectral_broken_8partition,500,16,0.9210779284706542,0.8502122750267577,-0.0708656534438965,0.06849857646832014,0.001607609595783511,-0.06689096687253662
isospectral_broken_8partition,500,17,0.9251866108534433,0.8542353615996197,-0.07095124925382368,0.06573921010818141,0.0011734949013056633,-0.06456571520687575
isospectral_broken_8partition,500,18,0.9207063785891986,0.8530090784528684,-0.06769730013633013,0.06576418625974753,0.0016578131040611457,-0.06410637315568639
isospectral_broken_8partition,500,19,0.9266901463710914,0.8597788158143069,-0.06691133055678444,0.06947591522027857,0.001811021598870199,-0.06766489362140837
isospectral_broken_8partition,500,20,0.9298332388160956,0.8631772943061742,-0.0666559445099214,0.07099899667851735,0.0013011484100997274,-0.06969784826841761
isospectral_broken_8partition,500,21,0.9162251011331728,0.847821195422465,-0.06840390571070776,0.06981808394363755,0.001410613471266396,-0.06840747047237115
isospectral_broken_8partition,500,22,0.9247503749710065,0.8593358429422131,-0.06541453202879344,0.068671376135285,0.0019911773124717215,-0.06668019882281327
isospectral_broken_8partition,500,23,0.9180151622950449,0.8484424195625947,-0.06957274273245018,0.06210037559660925,0.0011918967363998344,-0.06090847886020941
isospectral_broken_8partition,500,24,0.936084707754031,0.8643783014408214,-0.07170640631320957,0.06664726241319789,0.0013502531459861462,-0.06529700926721174
isospectral_broken_8partition,500,25,0.9274990903534942,0.8557143818204866,-0.07178470853300756,0.06913197130055598,0.001285766648336004,-0.06784620465221998
isospectral_broken_8partition,500,26,0.9303742930288132,0.8597203118062076,-0.07065398122260569,0.06841879123799745,0.0015645981812651812,-0.06685419305673226
isospectral_broken_8partition,500,27,0.9155335914686088,0.8448629893319544,-0.07067060213665444,0.07005073782806108,0.001639644198167383,-0.0684110936298937
isospectral_broken_8partition,500,28,0.9242544142963881,0.8530374407079147,-0.07121697358847345,0.06739704589608224,0.0011623981510494943,-0.06623464774503274
isospectral_broken_8partition,500,29,0.9326620080460998,0.8599635481810526,-0.0726984598650472,0.06573089620514426,0.0012303743763915922,-0.06450052182875267
isospectral_broken_8partition,500,30,0.934140635971617,0.8586696063891054,-0.07547102958251162,0.06790383588785172,0.001562584920298189,-0.06634125096755353
isospectral_broken_8partition,500,31,0.9237420501047025,0.8559859583231416,-0.06775609178156083,0.06672831834929281,0.0014077994071267975,-0.06532051894216602
isospectral_broken_8partition,500,32,0.9294894305906888,0.858540365573904,-0.07094906501678477,0.06917188037968246,0.0019140562863151646,-0.0672578240933673
isospectral_broken_8partition,500,33,0.925850825773144,0.8599091647688331,-0.06594166100431098,0.07035324775085545,0.002376933434034877,-0.06797631431682058
isospectral_broken_8partition,500,34,0.91536989028597,0.8448009485917342,-0.07056894169423589,0.06682066020731978,0.0012880211559474627,-0.06553263905137231
isospectral_broken_8partition,500,35,0.9252566702701316,0.855251350092586,-0.07000532017754557,0.06640646876087768,0.0016813547741990078,-0.06472511398667867
isospectral_broken_8partition,500,36,0.9134722115708717,0.8447916847628297,-0.06868052680804193,0.06433986993844855,0.0008507196287830536,-0.0634891503096655
isospectral_broken_8partition,500,37,0.9212039047950199,0.8521448945694463,-0.06905901022557359,0.06919446327202022,0.0013680238651621037,-0.06782643940685812
isospectral_broken_8partition,500,38,0.9127227039283777,0.8388722984914917,-0.07385040543688604,0.06657176917621767,0.001262486215163649,-0.06530928296105402
isospectral_broken_8partition,500,39,0.9146029611706709,0.8458579129253501,-0.0687450482453208,0.06701170495582667,0.0011015488472690348,-0.06591015610855763
isospectral_broken_8partition,500,40,0.9137996197774844,0.8437512715262094,-0.07004834825127493,0.06803637995049601,0.0018804881912000454,-0.06615589175929597
isospectral_broken_8partition,500,41,0.9290677473072515,0.8576808639552822,-0.0713868833519693,0.06987618114056632,0.001588444314030245,-0.06828773682653608
isospectral_broken_8partition,500,42,0.9146134256838444,0.8414214832588001,-0.07319194242504434,0.06728611663715174,0.0010124935661242089,-0.06627362307102753
isospectral_broken_8partition,500,43,0.9144030313098522,0.8446707204764432,-0.06973231083340903,0.07045261566356951,0.0013739645927265856,-0.06907865107084293
isospectral_broken_8partition,500,44,0.9212371029372998,0.8526135004860363,-0.06862360245126342,0.06491523615562374,0.0013941769583654025,-0.06352105919725834
isospectral_broken_8partition,500,45,0.9293999669429881,0.8581036144594805,-0.07129635248350763,0.06990869182397995,0.0010654334313886593,-0.06884325839259128
isospectral_broken_8partition,500,46,0.9398454646202411,0.8685470339722341,-0.071298430648007,0.06875892751408895,0.0018003429389884238,-0.06695858457510052
isospectral_broken_8partition,500,47,0.9159354898559263,0.8453301616626445,-0.0706053281932818,0.06803991464397863,0.001591359878462493,-0.06644855476551613
isospectral_broken_8partition,500,48,0.9233410801271024,0.8557557399917015,-0.06758534013540085,0.06834153571661541,0.0016854145283398446,-0.06665612118827557
isospectral_broken_8partition,500,49,0.9140471863317073,0.846474498790846,-0.06757268754086132,0.06826019778558483,0.0017168812380857588,-0.06654331654749907
isospectral_broken_8partition,500,50,0.9264340070817939,0.8559762832564569,-0.070457723825337,0.07098613783469876,0.0014959655140515046,-0.06949017232064725
isospectral_broken_8partition,500,51,0.9135464586345546,0.84188407655481,-0.07166238207974462,0.0702721881795697,0.0014941430159944682,-0.06877804516357523
isospectral_broken_8partition,500,52,0.9054621987024114,0.8311910404781881,-0.07427115822422325,0.069435752518298,0.001424583417406699,-0.0680111691008913
isospectral_broken_8partition,500,53,0.922426067507824,0.8514714086760153,-0.07095465883180863,0.064617872985174,0.0016160722963953745,-0.06300180068877863
isospectral_broken_8partition,500,54,0.9243131346700485,0.8560227998091484,-0.06829033486090008,0.06674822241284356,0.0015812173068592821,-0.06516700510598428
isospectral_broken_8partition,500,55,0.9284335657160595,0.8578523894413714,-0.07058117627468807,0.07112655001814537,0.001161329752049597,-0.06996522026609578
isospectral_broken_8partition,500,56,0.9313131606732353,0.8620529833552839,-0.06926017731795142,0.06564716278462725,0.0016441633202281987,-0.06400299946439905
isospectral_broken_8partition,500,57,0.9197771639271881,0.8503907461536235,-0.06938641777356458,0.06909925859271336,0.0016724135807107685,-0.06742684501200259
isospectral_broken_8partition,500,58,0.9129263844921015,0.8457072153677763,-0.06721916912432524,0.0664836670381824,0.0013575213121161645,-0.06512614572606623
isospectral_broken_8partition,500,59,0.9227935329260011,0.8549908611349317,-0.06780267179106936,0.06605351239925954,0.0013655046734663005,-0.06468800772579324
isospectral_broken_8partition,500,60,0.9155263216288123,0.8447099881520652,-0.0708163334767471,0.0685235934010555,0.0013687103339971452,-0.06715488306705836
isospectral_broken_8partition,500,61,0.9234925546493408,0.8544293784516651,-0.06906317619767566,0.06443896116441829,0.0011125199081538748,-0.06332644125626441
isospectral_broken_8partition,500,62,0.9250172329566307,0.8510952091382933,-0.07392202381833746,0.06753955343517898,0.0014084133343836487,-0.06613114010079534
isospectral_broken_8partition,500,63,0.9152197502723306,0.8475368318083772,-0.06768291846395336,0.06622532541008695,0.001153186011510293,-0.06507213939857666
isospectral_broken_8partition,500,64,0.927820380530941,0.8547133214101577,-0.0731070591207833,0.06734294183015356,0.0014855663840867151,-0.06585737544606685
isospectral_broken_8partition,500,65,0.9299391341123986,0.8605064114223833,-0.06943272269001532,0.06642391250412165,0.0014380118904126537,-0.064985900613709
isospectral_broken_8partition,500,66,0.9220325830607914,0.8525017072360629,-0.0695308758247285,0.06510624458210272,0.0015965967125957505,-0.06350964786950697
isospectral_broken_8partition,500,67,0.927888539564245,0.8552318109288598,-0.07265672863538519,0.06613271506236156,0.0016609286328829074,-0.06447178642947865
isospectral_broken_8partition,500,68,0.9195989691646896,0.8501824911968954,-0.06941647796779427,0.06615280675531726,0.0016035906912366287,-0.06454921606408064
isospectral_broken_8partition,500,69,0.9171878297822325,0.8518156898143106,-0.0653721399679219,0.06922688717665632,0.0016924130455986922,-0.06753447413105762
isospectral_broken_8partition,500,70,0.9319264867469169,0.8597198620348065,-0.07220662471211037,0.07010581833825695,0.0013215470311363426,-0.06878427130712061
isospectral_broken_8partition,500,71,0.9139445439401032,0.8432393189315404,-0.0707052250085628,0.06408430125312543,0.0016476528309974758,-0.062436648422127955
isospectral_broken_8partition,500,72,0.9206848161373112,0.8527730685580722,-0.06791174757923901,0.06842472455151395,0.0012904215432870516,-0.0671343030082269
isospectral_broken_8partition,500,73,0.938615449727528,0.8693971515035763,-0.06921829822395165,0.07070555758075421,0.0018144907463690622,-0.06889106683438515
isospectral_broken_8partition,500,74,0.945812028586127,0.8756122999485689,-0.07019972863755808,0.06931177232481657,0.0015570617102714532,-0.06775471061454512
isospectral_broken_8partition,500,75,0.9164225765834165,0.843891624952295,-0.07253095163112155,0.07086382540588747,0.0016483546870139697,-0.0692154707188735
isospectral_broken_8partition,500,76,0.9301098728060434,0.8622493949977236,-0.06786047780831983,0.06896384149033295,0.0013558762164486715,-0.06760796527388428
isospectral_broken_8partition,500,77,0.9274752717721825,0.8599174321040309,-0.06755783966815154,0.07016704824419162,0.0019001400475813202,-0.0682669081966103
isospectral_broken_8partition,500,78,0.9309131301500297,0.8596327123811894,-0.07128041776884031,0.07089652437699535,0.0013870024157917092,-0.06950952196120365
isospectral_broken_8partition,500,79,0.9090056042179618,0.8362460913218016,-0.07275951289616023,0.06920475539949923,0.0012402839892752834,-0.06796447141022395
isospectral_broken_8partition,500,80,0.9378396493354545,0.8666054604952411,-0.07123418884021337,0.067799262738306,0.0014591809124310194,-0.06634008182587497
isospectral_broken_8partition,500,81,0.9224536171030001,0.8521275466042773,-0.07032607049872286,0.06825558841955258,0.0013946089758318557,-0.06686097944372073
isospectral_broken_8partition,500,82,0.9111911908733338,0.8431413177792084,-0.06804987309412536,0.06555781546736579,0.0011296517483041766,-0.06442816371906161
isospectral_broken_8partition,500,83,0.9142105290672884,0.8454562784299973,-0.06875425063729113,0.06866334159315461,0.0019282723646613029,-0.06673506922849332
isospectral_broken_8partition,500,84,0.9288528023299504,0.8577994331738009,-0.07105336915614946,0.06936271687175077,0.0014684902586870193,-0.06789422661306375
isospectral_broken_8partition,500,85,0.9419674135875007,0.8704014004972648,-0.07156601309023591,0.06987261910576653,0.0017744806542886408,-0.06809813845147789
isospectral_broken_8partition,500,86,0.9305798637385322,0.8620425016902169,-0.06853736204831529,0.06755319384544574,0.0015092227691618674,-0.06604397107628387
isospectral_broken_8partition,500,87,0.9244705756719368,0.857450656538951,-0.06701991913298577,0.06614788620049412,0.001592056901293816,-0.06455582929920031
isospectral_broken_8partition,500,88,0.9244421338695193,0.8500560079472306,-0.07438612592228877,0.06541384491299702,0.0016058240708289344,-0.06380802084216809
isospectral_broken_8partition,500,89,0.9335814007484622,0.8616574291155541,-0.07192397163290809,0.06938154813958113,0.0010462470432301362,-0.06833530109635098
isospectral_broken_8partition,500,90,0.9283745891345361,0.856745176237774,-0.07162941289676206,0.06712987017278231,0.0016856665018619322,-0.06544420367092038
isospectral_broken_8partition,500,91,0.9174850611714854,0.8436675864891652,-0.07381747468232025,0.06637644373368635,0.001951917028240191,-0.06442452670544617
isospectral_broken_8partition,500,92,0.923681833806984,0.8537959997348317,-0.06988583407215232,0.06574408598051158,0.001524303760802651,-0.06421978221970893
isospectral_broken_8partition,500,93,0.9331168436232985,0.8601724749665147,-0.07294436865678378,0.06550909874483007,0.0011485485881139903,-0.06436055015671609
isospectral_broken_8partition,500,94,0.9205120818733273,0.8493699162031019,-0.07114216567022547,0.06994014444084762,0.001320244761983273,-0.06861989967886435
isospectral_broken_8partition,500,95,0.919446570969717,0.8501797979561964,-0.06926677301352069,0.06786167954967107,0.001760664255005493,-0.06610101529466557
isospectral_broken_8partition,500,96,0.9274475578286444,0.8552270968728519,-0.07222046095579249,0.06838719375208527,0.0018248158964701145,-0.06656237785561515
isospectral_broken_8partition,500,97,0.9288519813188417,0.859876354324284,-0.06897562699455773,0.06613021749095577,0.00183621468705117,-0.0642940028039046
isospectral_broken_8partition,500,98,0.9282505163417346,0.8575717559450873,-0.07067876039664733,0.0686851338031721,0.0015214117532717799,-0.06716372204990032
isospectral_broken_8partition,500,99,0.9273028976419108,0.857094343530975,-0.07020855411093574,0.06611001591749323,0.0012140444366424295,-0.0648959714808508
isospectral_broken_8partition,5000,0,0.8622245327332491,0.8544496513891863,-0.0077748813440627895,0.0066206814584275605,0.00016955201549959185,-0.0064511294429279685
isospectral_broken_8partition,5000,1,0.86732404231652,0.8593949692186004,-0.007929073097919681,0.006686053797472753,0.00020864454941538983,-0.006477409248057363
isospectral_broken_8partition,5000,2,0.8617055015848488,0.8536729788211145,-0.00803252276373434,0.006742627319793766,0.00010519144651615724,-0.006637435873277609
isospectral_broken_8partition,5000,3,0.8683198761584112,0.8600060159139193,-0.008313860244491877,0.006634100376105589,0.00015814773074168724,-0.006475952645363901
isospectral_broken_8partition,5000,4,0.855070386093575,0.8474641541418222,-0.0076062319517528065,0.006567357671638068,0.00014120866938885962,-0.0064261490022492086
isospectral_broken_8partition,5000,5,0.8637930950602865,0.8558722555853304,-0.007920839474956032,0.006526705829530623,0.0001588601172112886,-0.006367845712319334
isospectral_broken_8partition,5000,6,0.860937471591761,0.8531126227190635,-0.00782484887269752,0.0064571188889445364,0.00016064819698674733,-0.006296470691957789
isospectral_broken_8partition,5000,7,0.8606003136914246,0.8528712838604506,-0.00772902983097401,0.006875525075009004,0.00018244611088534285,-0.006693078964123661
isospectral_broken_8partition,5000,8,0.8654774328733456,0.8574806020878428,-0.007996830785502729,0.006636707831709429,0.00014604621755705862,-0.0064906616141523705
isospectral_broken_8partition,5000,9,0.8600085394950557,0.8520279682483881,-0.007980571246667623,0.006580789842221019,0.00018352285287680142,-0.006397266989344217
isospectral_broken_8partition,5000,10,0.8579482938081003,0.8501126680753722,-0.007835625732728113,0.006389178114307711,0.0001260000904423399,-0.006263178023865372
isospectral_broken_8partition,5000,11,0.8643852898226406,0.8566568593832724,-0.007728430439368217,0.006661550225516478,0.00014466326117882293,-0.006516886964337655
isospectral_broken_8partition,5000,12,0.8603313545406338,0.8525445621767254,-0.007786792363908446,0.006640013750088959,0.00012336596749670586,-0.0065166477825922536
isospectral_broken_8partition,5000,13,0.8631390541477989,0.8551280615496091,-0.008010992598189826,0.006544725768569436,0.00011660723635635407,-0.006428118532213082
isospectral_broken_8partition,5000,14,0.8614720893629758,0.85369149363602,-0.007780595726955775,0.006621715662735508,0.000155915516381666,-0.006465800146353842
isospectral_broken_8partition,5000,15,0.861690550559707,0.8535588306168157,-0.008131719942891302,0.006420532734777116,0.0001506519461301011,-0.006269880788647015
isospectral_broken_8partition,5000,16,0.8615892826996646,0.8534957561456977,-0.00809352655396689,0.0063105500889694905,0.00015888999734490166,-0.006151660091624589
isospectral_broken_8partition,5000,17,0.860252971602325,0.8524511522980114,-0.007801819304313562,0.0065898483774002314,0.00013478729492960172,-0.00645506108247063
isospectral_broken_8partition,5000,18,0.8632446706701504,0.8550007235459371,-0.00824394712421328,0.00702250098714258,0.00017598976993132365,-0.0068465112172112555
isospectral_broken_8partition,5000,19,0.8627752239174405,0.8545909009600753,-0.008184322957365264,0.006631887652899278,0.00018364219252142296,-0.006448245460377856
isospectral_broken_8partition,5000,20,0.8622648746585243,0.8540091374132401,-0.008255737245284167,0.006400967013037191,0.0001960711008371832,-0.006204895912200008
isospectral_broken_8partition,5000,21,0.8584305046110959,0.8505927463358987,-0.007837758275197282,0.006777227466803364,0.00013694300723080755,-0.006640284459572556
isospectral_broken_8partition,5000,22,0.8683929619844206,0.8601444445770416,-0.008248517407378975,0.006861126175869789,0.00015100162562532656,-0.0067101245502444624
isospectral_broken_8partition,5000,23,0.8653862273697195,0.857974785993237,-0.00741144137648253,0.007000805557452851,0.00022337044193943394,-0.006777435115513417
isospectral_broken_8partition,5000,24,0.8595959986772562,0.8516914821078345,-0.007904516569421705,0.0064556094249399315,0.00016081867699826899,-0.006294790747941662
isospectral_broken_8partition,5000,25,0.8584986542561873,0.8508817494137363,-0.007616904842451033,0.006779771528843538,8.556287292495464e-05,-0.0066942086559185834
isospectral_broken_8partition,5000,26,0.8555124246854335,0.8476968120741253,-0.007815612611308254,0.006718533934339761,0.00018652784471347327,-0.006532006089626288
isospectral_broken_8partition,5000,27,0.8619339970302987,0.8542933983484073,-0.007640598681891375,0.006679054236192965,0.000165180834516505,-0.006513873401676459
isospectral_broken_8partition,5000,28,0.8604846091563308,0.8531222306802864,-0.007362378476044484,0.006773759069426537,0.00013713127761804636,-0.006636627791808491
isospectral_broken_8partition,5000,29,0.8583223883450065,0.8506453954257389,-0.0076769929192676,0.006462096228737534,0.0001361797219753412,-0.006325916506762193
isospectral_broken_8partition,5000,30,0.8618300744998312,0.8540514188358659,-0.007778655663965295,0.006949762782826849,0.00019049464380027712,-0.006759268139026572
isospectral_broken_8partition,5000,31,0.862274001892828,0.8546997949564141,-0.007574206936413863,0.0066501085288407135,0.00013603575613916965,-0.0065140727727015435
isospectral_broken_8partition,5000,32,0.8640823981954878,0.8563804238117543,-0.007701974383733545,0.006668614761267055,0.0001487933889319558,-0.0065198213723351
isospectral_broken_8partition,5000,33,0.8626707278114046,0.855059314585923,-0.007611413225481645,0.006427302357112491,0.0001407325169554089,-0.006286569840157082
isospectral_broken_8partition,5000,34,0.8602908604729126,0.8524825098346975,-0.007808350638215056,0.007295795126455638,0.00011160611315824046,-0.007184189013297398
isospectral_broken_8partition,5000,35,0.8623890119150653,0.8543803938725034,-0.008008618042561921,0.006286866734966063,0.00013020740115495853,-0.006156659333811105
isospectral_broken_8partition,5000,36,0.8665270613952595,0.8586749706302605,-0.007852090764998931,0.006953152195283803,0.00014014521179991595,-0.006813006983483887
isospectral_broken_8partition,5000,37,0.8620877240768201,0.8541108782492313,-0.007976845827588841,0.006536320048117754,0.00012477184701053338,-0.006411548201107221
isospectral_broken_8partition,5000,38,0.8591604897868522,0.8516361208605507,-0.0075243689263014835,0.006359232795984079,0.00019317581606279304,-0.006166056979921286
isospectral_broken_8partition,5000,39,0.8584419786420008,0.8505895435412141,-0.007852435100786703,0.0066466573654006674,0.0001740398634970757,-0.0064726175019035916
isospectral_broken_8partition,5000,40,0.864240100108244,0.8562029037909472,-0.008037196317296824,0.00645130685137234,0.00016990608840767706,-0.006281400762964663
isospectral_broken_8partition,5000,41,0.8594618494538611,0.8511205810425433,-0.00834126841131777,0.006727890332411388,0.00011609027512099831,-0.00661180005729039
isospectral_broken_8partition,5000,42,0.86155508144289,0.8534510774414674,-0.008104004001422527,0.006746514994666333,0.00020038283405661976,-0.0065461321606097135
isospectral_broken_8partition,5000,43,0.8566526574120515,0.8484007155715743,-0.008251941840477284,0.0067661671205238175,0.00016499646030219636,-0.006601170660221621
isospectral_broken_8partition,5000,44,0.8599616507841382,0.852226810858914,-0.007734839925224168,0.006693670282015723,0.00016157486789916933,-0.0065320954141165535
isospectral_broken_8partition,5000,45,0.861787070635159,0.8543217639976673,-0.0074653066374916754,0.006221836336269787,0.0001628282617474441,-0.0060590080745223426
isospectral_broken_8partition,5000,46,0.8599629423924754,0.8518114879975058,-0.00815145439496956,0.006798959683089967,0.00012756009431700915,-0.006671399588772957
isospectral_broken_8partition,5000,47,0.858800082984457,0.8510044311596195,-0.007795651824837435,0.006626026551650846,0.00014515450149790157,-0.006480872050152945
isospectral_broken_8partition,5000,48,0.8620893001553819,0.8542874029369361,-0.007801897218445819,0.006477892356462265,0.000155686944459615,-0.00632220541200265
isospectral_broken_8partition,5000,49,0.85879765868701,0.8508406591894986,-0.007956999497511386,0.006917528573973254,0.00016494228197275147,-0.006752586292000503
isospectral_broken_8partition,5000,50,0.8629868949029756,0.8551938435372752,-0.00779305136570041,0.006505893518708321,0.0002117708323703023,-0.006294122686338019
isospectral_broken_8partition,5000,51,0.8606859219145441,0.8527331102351638,-0.007952811679380223,0.006440771283859209,0.00014528000683198183,-0.006295491277027228
isospectral_broken_8partition,5000,52,0.8618821394320366,0.8542041373712523,-0.007678002060784284,0.006426338674725004,0.00016953161698996463,-0.0062568070577350395
isospectral_broken_8partition,5000,53,0.8610446234801769,0.8531209317579804,-0.007923691722196424,0.006593006209146241,0.00011813332152360549,-0.0064748728876226356
isospectral_broken_8partition,5000,54,0.8584072269509537,0.8500692554659188,-0.0083379714850349,0.006641926458678404,0.0001595884346219119,-0.006482338024056492
isospectral_broken_8partition,5000,55,0.8613387819465576,0.8535858665104448,-0.007752915436112784,0.006596561479727492,0.0001331340079675502,-0.006463427471759942
isospectral_broken_8partition,5000,56,0.8588883337990705,0.8511279253161461,-0.007760408482924364,0.0067304965927342045,0.00011285446155481923,-0.006617642131179385
isospectral_broken_8partition,5000,57,0.8614682736560746,0.8535789731956382,-0.007889300460436344,0.0068038189327253125,0.00013793349696322976,-0.0066658854357620825
isospectral_broken_8partition,5000,58,0.8606622968604006,0.8528012446411888,-0.00786105221921185,0.006902777069046247,0.00014130468660199095,-0.006761472382444256
isospectral_broken_8partition,5000,59,0.861152363234598,0.8533420717408641,-0.007810291493733912,0.006577932013935631,0.00019680385457944807,-0.006381128159356183
isospectral_broken_8partition,5000,60,0.8692473818416314,0.861250078780271,-0.007997303061360372,0.006655473491280424,0.0001852095520170992,-0.006470263939263325
isospectral_broken_8partition,5000,61,0.8638424945522165,0.8560468149488509,-0.0077956796033655795,0.006603469873329985,0.0001601280810923417,-0.0064433417922376435
isospectral_broken_8partition,5000,62,0.8611140833100892,0.8531245351091921,-0.007989548200897145,0.006943010744531512,0.00019088131378615307,-0.0067521294307453595
isospectral_broken_8partition,5000,63,0.8657869348605444,0.8581367381136431,-0.007650196746901261,0.006799093986215269,0.0001496342680353031,-0.006649459718179966
isospectral_broken_8partition,5000,64,0.8612617725674573,0.8533370033733036,-0.007924769194153636,0.006729863673151815,0.00014980417566345702,-0.006580059497488358
isospectral_broken_8partition,5000,65,0.8575236131565401,0.849419717059288,-0.00810389609725215,0.006352995084834834,0.00014128414267035143,-0.006211710942164482
isospectral_broken_8partition,5000,66,0.8610251440208309,0.8532838460603964,-0.0077412979604344345,0.006598379815140248,0.00010610697365411502,-0.006492272841486134
isospectral_broken_8partition,5000,67,0.8664908773956576,0.8584797973865484,-0.008011080009109106,0.006604436712268517,0.00014024848462788062,-0.006464188227640636
isospectral_broken_8partition,5000,68,0.8589733555501081,0.8511769351980114,-0.007796420352096711,0.006953988674244865,0.00017272944038879915,-0.006781259233856066
isospectral_broken_8partition,5000,69,0.8651375021829111,0.8572579168050128,-0.007879585377898235,0.006488372078990237,0.00016624102883552915,-0.0063221310501547084
isospectral_broken_8partition,5000,70,0.8595062950914727,0.8516703413380058,-0.007835953753466907,0.0064203366197573275,0.00018011970360134913,-0.006240216916155978
isospectral_broken_8partition,5000,71,0.8623221516099471,0.8545311009438197,-0.007791050666127397,0.0064631224098240896,0.00014732708700008313,-0.006315795322824006
isospectral_broken_8partition,5000,72,0.8617208986964183,0.8535319026908207,-0.008188996005597637,0.006713999641543951,0.0001492173155021193,-0.0065647823260418315
isospectral_broken_8partition,5000,73,0.8641138551687738,0.8556991131116202,-0.008414742057153646,0.006806527573180564,0.00023647723975505714,-0.006570050333425507
isospectral_broken_8partition,5000,74,0.8543195907008146,0.846644719036199,-0.007674871664615668,0.006502412348905927,0.00015905726383021353,-0.006343355085075713
isospectral_broken_8partition,5000,75,0.8608492868544754,0.8527692907845025,-0.008079996069972895,0.00679512031897736,0.00012497986938641968,-0.006670140449590941
isospectral_broken_8partition,5000,76,0.8588777799452915,0.8509762221152075,-0.00790155783008395,0.006447315295747397,0.00016201004817866747,-0.00628530524756873
isospectral_broken_8partition,5000,77,0.8622680629349319,0.85449804913531,-0.007770013799621833,0.006418517738602258,0.00015664183112446095,-0.006261875907477797
isospectral_broken_8partition,5000,78,0.8632189336654156,0.8552732728739181,-0.0079456607914975,0.006816854585356874,0.00015069593184623045,-0.006666158653510643
isospectral_broken_8partition,5000,79,0.8614476463760794,0.8532331360759803,-0.00821451030009912,0.006828760045592748,0.0001617262922148257,-0.006667033753377923
isospectral_broken_8partition,5000,80,0.8618984669055613,0.8539269011842885,-0.007971565721272778,0.00643888504229764,0.00020450435342092113,-0.006234380688876719
isospectral_broken_8partition,5000,81,0.8591964890785618,0.8511454252699292,-0.00805106380863263,0.006420787118134233,0.00011294421316684604,-0.006307842904967387
isospectral_broken_8partition,5000,82,0.8635997342719616,0.8561954510751436,-0.007404283196817962,0.006567310612312118,0.00016475968203969688,-0.0064025509302724215
isospectral_broken_8partition,5000,83,0.857967748051388,0.8501054281492467,-0.007862319902141257,0.006752778874295157,0.00010996731524049339,-0.006642811559054664
isospectral_broken_8partition,5000,84,0.8627472476810842,0.8545214600554051,-0.00822578762567916,0.007072452089618063,0.00018116620414217774,-0.006891285885475885
isospectral_broken_8partition,5000,85,0.8630273872373077,0.8550922679145172,-0.007935119322790452,0.006616991572465485,0.00014453570654469794,-0.006472455865920787
isospectral_broken_8partition,5000,86,0.8626160220734059,0.8544898157509055,-0.008126206322500384,0.006671420703253454,0.00012197710903500023,-0.006549443594218453
isospectral_broken_8partition,5000,87,0.8642908046971541,0.8561775005791612,-0.008113304117992937,0.006684040555736755,0.00019702103182703365,-0.006487019523909721
isospectral_broken_8partition,5000,88,0.8607968385726291,0.8526741258096165,-0.008122712763012574,0.007008339237699913,0.00013241068443221169,-0.0068759285532677015
isospectral_broken_8partition,5000,89,0.8608026818483522,0.8530011122267311,-0.007801569621621041,0.00667744582990321,8.057173670621618e-05,-0.006596874093196994
isospectral_broken_8partition,5000,90,0.8624557755160515,0.8548573661883754,-0.007598409327676081,0.006857328731329209,0.00025403051250438407,-0.006603298218824825
isospectral_broken_8partition,5000,91,0.8637887622982022,0.8559791685338162,-0.007809593764386058,0.006670740393828582,0.0001325427022004094,-0.006538197691628173
isospectral_broken_8partition,5000,92,0.8633169451128566,0.8557056151262048,-0.007611329986651816,0.006628155536048269,0.00013516845402697847,-0.006492987082021291
isospectral_broken_8partition,5000,93,0.8632721369012862,0.8556507370107276,-0.0076213998905586555,0.006958427305629944,0.0001665093430002323,-0.006791917962629712
isospectral_broken_8partition,5000,94,0.8593270811312667,0.8515032646010632,-0.007823816530203476,0.006641956636932758,0.00014386858386839998,-0.006498088053064358
isospectral_broken_8partition,5000,95,0.8628648732244487,0.8550368610016961,-0.007828012222752645,0.0069518256069155265,0.0001561662023419809,-0.006795659404573546
isospectral_broken_8partition,5000,96,0.8649212481574052,0.8569550362639836,-0.007966211893421615,0.006484176897190656,0.00012150847451594275,-0.006362668422674714
isospectral_broken_8partition,5000,97,0.8598687361106477,0.8519989591838023,-0.007869776926845429,0.007100298986664979,0.00011997740421456038,-0.006980321582450419
isospectral_broken_8partition,5000,98,0.8675837444994396,0.8596194038713083,-0.007964340628131339,0.00683583163962119,0.0001378881671639898,-0.0066979434724572
isospectral_broken_8partition,5000,99,0.8659467689852245,0.8578956206881668,-0.008051148297057664,0.006554470496023672,0.00018832745733824344,-0.006366143038685429
