family,truth_rank,samples_per_row,total_transitions,numerical_rank_empirical,clear_CE_empirical,resolved_lower_bound,lower_bound_valid,resolved_fraction_of_truth,log_gap_rank,log_gap_exact,log_gap_compresses,linear_elbow_rank,linear_elbow_exact,linear_elbow_compresses,svht_rank,svht_exact,svht_compresses,seed
EXACT_RANK_2,2,50,800,16,0,1,1,0.5,1,0,1,2,1,1,1,0,1,0
EXACT_RANK_2,2,100,1600,16,0,1,1,0.5,1,0,1,2,1,1,1,0,1,0
EXACT_RANK_2,2,200,3200,16,0,2,1,1.0,14,0,1,2,1,1,2,1,1,0
EXACT_RANK_2,2,500,8000,16,0,2,1,1.0,15,0,1,3,0,1,2,1,1,0
EXACT_RANK_2,2,1000,16000,16,0,2,1,1.0,1,0,1,3,0,1,2,1,1,0
EXACT_RANK_2,2,5000,80000,16,0,2,1,1.0,1,0,1,3,0,1,2,1,1,0
EXACT_RANK_2,2,50,800,16,0,1,1,0.5,15,0,1,2,1,1,1,0,1,1
EXACT_RANK_2,2,100,1600,16,0,1,1,0.5,1,0,1,2,1,1,1,0,1,1
EXACT_RANK_2,2,200,3200,16,0,1,1,0.5,1,0,1,2,1,1,1,0,1,1
EXACT_RANK_2,2,500,8000,16,0,1,1,0.5,15,0,1,2,1,1,1,0,1,1
EXACT_RANK_2,2,1000,16000,16,0,1,1,0.5,1,0,1,2,1,1,1,0,1,1
EXACT_RANK_2,2,5000,80000,16,0,2,1,1.0,1,0,1,2,1,1,2,1,1,1
EXACT_RANK_2,2,50,800,16,0,1,1,0.5,15,0,1,2,1,1,1,0,1,2
EXACT_RANK_2,2,100,1600,16,0,1,1,0.5,1,0,1,2,1,1,1,0,1,2
EXACT_RANK_2,2,200,3200,16,0,1,1,0.5,1,0,1,2,1,1,1,0,1,2
EXACT_RANK_2,2,500,8000,16,0,1,1,0.5,1,0,1,2,1,1,1,0,1,2
EXACT_RANK_2,2,1000,16000,16,0,1,1,0.5,1,0,1,2,1,1,1,0,1,2
EXACT_RANK_2,2,5000,80000,16,0,2,1,1.0,1,0,1,2,1,1,1,0,1,2
EXACT_RANK_2,2,50,800,16,0,2,1,1.0,1,0,1,3,0,1,2,1,1,3
EXACT_RANK_2,2,100,1600,16,0,2,1,1.0,1,0,1,3,0,1,2,1,1,3
EXACT_RANK_2,2,200,3200,16,0,2,1,1.0,1,0,1,3,0,1,2,1,1,3
EXACT_RANK_2,2,500,8000,16,0,2,1,1.0,15,0,1,3,0,1,2,1,1,3
EXACT_RANK_2,2,1000,16000,16,0,2,1,1.0,15,0,1,3,0,1,2,1,1,3
EXACT_RANK_2,2,5000,80000,16,0,2,1,1.0,15,0,1,3,0,1,2,1,1,3
EXACT_RANK_2,2,50,800,16,0,2,1,1.0,15,0,1,3,0,1,2,1,1,4
EXACT_RANK_2,2,100,1600,16,0,2,1,1.0,15,0,1,3,0,1,2,1,1,4
EXACT_RANK_2,2,200,3200,16,0,2,1,1.0,15,0,1,3,0,1,2,1,1,4
EXACT_RANK_2,2,500,8000,16,0,2,1,1.0,15,0,1,3,0,1,2,1,1,4
EXACT_RANK_2,2,1000,16000,16,0,2,1,1.0,2,1,1,3,0,1,2,1,1,4
EXACT_RANK_2,2,5000,80000,16,0,2,1,1.0,2,1,1,3,0,1,2,1,1,4
EXACT_RANK_2,2,50,800,16,0,1,1,0.5,15,0,1,2,1,1,1,0,1,5
EXACT_RANK_2,2,100,1600,16,0,1,1,0.5,1,0,1,2,1,1,1,0,1,5
EXACT_RANK_2,2,200,3200,16,0,1,1,0.5,15,0,1,2,1,1,1,0,1,5
EXACT_RANK_2,2,500,8000,16,0,1,1,0.5,1,0,1,2,1,1,1,0,1,5
EXACT_RANK_2,2,1000,16000,16,0,2,1,1.0,1,0,1,2,1,1,1,0,1,5
EXACT_RANK_2,2,5000,80000,16,0,2,1,1.0,1,0,1,2,1,1,2,1,1,5
EXACT_RANK_2,2,50,800,16,0,1,1,0.5,15,0,1,2,1,1,3,0,1,6
EXACT_RANK_2,2,100,1600,16,0,1,1,0.5,1,0,1,2,1,1,2,1,1,6
EXACT_RANK_2,2,200,3200,16,0,2,1,1.0,1,0,1,2,1,1,2,1,1,6
EXACT_RANK_2,2,500,8000,16,0,2,1,1.0,1,0,1,2,1,1,3,0,1,6
EXACT_RANK_2,2,1000,16000,16,0,2,1,1.0,1,0,1,3,0,1,2,1,1,6
EXACT_RANK_2,2,5000,80000,16,0,2,1,1.0,1,0,1,3,0,1,3,0,1,6
EXACT_RANK_2,2,50,800,16,0,2,1,1.0,15,0,1,3,0,1,2,1,1,7
EXACT_RANK_2,2,100,1600,16,0,2,1,1.0,15,0,1,3,0,1,2,1,1,7
EXACT_RANK_2,2,200,3200,16,0,2,1,1.0,15,0,1,3,0,1,2,1,1,7
EXACT_RANK_2,2,500,8000,16,0,2,1,1.0,15,0,1,3,0,1,2,1,1,7
EXACT_RANK_2,2,1000,16000,16,0,2,1,1.0,2,1,1,3,0,1,2,1,1,7
EXACT_RANK_2,2,5000,80000,16,0,2,1,1.0,2,1,1,3,0,1,2,1,1,7
EXACT_RANK_2,2,50,800,16,0,1,1,0.5,1,0,1,2,1,1,1,0,1,8
EXACT_RANK_2,2,100,1600,16,0,1,1,0.5,15,0,1,2,1,1,1,0,1,8
EXACT_RANK_2,2,200,3200,16,0,1,1,0.5,1,0,1,2,1,1,1,0,1,8
EXACT_RANK_2,2,500,8000,16,0,1,1,0.5,1,0,1,2,1,1,1,0,1,8
EXACT_RANK_2,2,1000,16000,16,0,1,1,0.5,1,0,1,2,1,1,1,0,1,8
EXACT_RANK_2,2,5000,80000,16,0,2,1,1.0,1,0,1,2,1,1,2,1,1,8
EXACT_RANK_2,2,50,800,16,0,1,1,0.5,15,0,1,2,1,1,1,0,1,9
EXACT_RANK_2,2,100,1600,16,0,1,1,0.5,1,0,1,2,1,1,1,0,1,9
EXACT_RANK_2,2,200,3200,16,0,1,1,0.5,1,0,1,2,1,1,1,0,1,9
EXACT_RANK_2,2,500,8000,16,0,2,1,1.0,1,0,1,3,0,1,2,1,1,9
EXACT_RANK_2,2,1000,16000,16,0,2,1,1.0,1,0,1,2,1,1,2,1,1,9
EXACT_RANK_2,2,5000,80000,16,0,2,1,1.0,1,0,1,3,0,1,2,1,1,9
EXACT_RANK_2,2,50,800,16,0,1,1,0.5,15,0,1,2,1,1,2,1,1,10
EXACT_RANK_2,2,100,1600,16,0,1,1,0.5,15,0,1,2,1,1,3,0,1,10
EXACT_RANK_2,2,200,3200,16,0,2,1,1.0,1,0,1,2,1,1,2,1,1,10
EXACT_RANK_2,2,500,8000,16,0,2,1,1.0,1,0,1,3,0,1,3,0,1,10
EXACT_RANK_2,2,1000,16000,16,0,2,1,1.0,1,0,1,3,0,1,2,1,1,10
EXACT_RANK_2,2,5000,80000,16,0,2,1,1.0,2,1,1,3,0,1,2,1,1,10
EXACT_RANK_2,2,50,800,16,0,1,1,0.5,1,0,1,2,1,1,1,0,1,11
EXACT_RANK_2,2,100,1600,16,0,1,1,0.5,15,0,1,2,1,1,1,0,1,11
EXACT_RANK_2,2,200,3200,16,0,2,1,1.0,15,0,1,3,0,1,2,1,1,11
EXACT_RANK_2,2,500,8000,16,0,2,1,1.0,15,0,1,3,0,1,2,1,1,11
EXACT_RANK_2,2,1000,16000,16,0,2,1,1.0,1,0,1,3,0,1,2,1,1,11
EXACT_RANK_2,2,5000,80000,16,0,2,1,1.0,2,1,1,3,0,1,2,1,1,11
EXACT_RANK_2,2,50,800,16,0,1,1,0.5,15,0,1,2,1,1,1,0,1,12
EXACT_RANK_2,2,100,1600,16,0,1,1,0.5,1,0,1,2,1,1,1,0,1,12
EXACT_RANK_2,2,200,3200,16,0,1,1,0.5,1,0,1,2,1,1,1,0,1,12
EXACT_RANK_2,2,500,8000,16,0,1,1,0.5,1,0,1,2,1,1,1,0,1,12
EXACT_RANK_2,2,1000,16000,16,0,1,1,0.5,1,0,1,2,1,1,1,0,1,12
EXACT_RANK_2,2,5000,80000,16,0,2,1,1.0,15,0,1,2,1,1,2,1,1,12
EXACT_RANK_2,2,50,800,16,0,1,1,0.5,1,0,1,2,1,1,1,0,1,13
EXACT_RANK_2,2,100,1600,16,0,1,1,0.5,1,0,1,2,1,1,1,0,1,13
EXACT_RANK_2,2,200,3200,16,0,1,1,0.5,1,0,1,2,1,1,2,1,1,13
EXACT_RANK_2,2,500,8000,16,0,2,1,1.0,15,0,1,2,1,1,2,1,1,13
EXACT_RANK_2,2,1000,16000,16,0,2,1,1.0,1,0,1,2,1,1,2,1,1,13
EXACT_RANK_2,2,5000,80000,16,0,2,1,1.0,1,0,1,3,0,1,2,1,1,13
EXACT_RANK_2,2,50,800,16,0,1,1,0.5,1,0,1,2,1,1,2,1,1,14
EXACT_RANK_2,2,100,1600,16,0,1,1,0.5,1,0,1,2,1,1,1,0,1,14
EXACT_RANK_2,2,200,3200,16,0,1,1,0.5,1,0,1,2,1,1,1,0,1,14
EXACT_RANK_2,2,500,8000,16,0,1,1,0.5,1,0,1,2,1,1,2,1,1,14
EXACT_RANK_2,2,1000,16000,16,0,1,1,0.5,1,0,1,2,1,1,1,0,1,14
EXACT_RANK_2,2,5000,80000,16,0,2,1,1.0,15,0,1,2,1,1,2,1,1,14
EXACT_RANK_2,2,50,800,16,0,2,1,1.0,14,0,1,3,0,1,2,1,1,15
EXACT_RANK_2,2,100,1600,16,0,2,1,1.0,15,0,1,3,0,1,2,1,1,15
EXACT_RANK_2,2,200,3200,16,0,2,1,1.0,15,0,1,3,0,1,2,1,1,15
EXACT_RANK_2,2,500,8000,16,0,2,1,1.0,15,0,1,3,0,1,2,1,1,15
EXACT_RANK_2,2,1000,16000,16,0,2,1,1.0,2,1,1,3,0,1,2,1,1,15
EXACT_RANK_2,2,5000,80000,16,0,2,1,1.0,2,1,1,3,0,1,2,1,1,15
EXACT_RANK_2,2,50,800,16,0,1,1,0.5,1,0,1,2,1,1,1,0,1,16
EXACT_RANK_2,2,100,1600,16,0,1,1,0.5,15,0,1,2,1,1,1,0,1,16
EXACT_RANK_2,2,200,3200,16,0,1,1,0.5,1,0,1,2,1,1,1,0,1,16
EXACT_RANK_2,2,500,8000,16,0,2,1,1.0,1,0,1,2,1,1,2,1,1,16
EXACT_RANK_2,2,1000,16000,16,0,2,1,1.0,15,0,1,2,1,1,2,1,1,16
EXACT_RANK_2,2,5000,80000,16,0,2,1,1.0,15,0,1,3,0,1,2,1,1,16
EXACT_RANK_2,2,50,800,16,0,2,1,1.0,1,0,1,3,0,1,1,0,1,17
EXACT_RANK_2,2,100,1600,16,0,2,1,1.0,15,0,1,3,0,1,2,1,1,17
EXACT_RANK_2,2,200,3200,16,0,2,1,1.0,1,0,1,3,0,1,2,1,1,17
EXACT_RANK_2,2,500,8000,16,0,2,1,1.0,2,1,1,3,0,1,2,1,1,17
EXACT_RANK_2,2,1000,16000,16,0,2,1,1.0,2,1,1,3,0,1,2,1,1,17
EXACT_RANK_2,2,5000,80000,16,0,2,1,1.0,2,1,1,3,0,1,2,1,1,17
EXACT_RANK_2,2,50,800,16,0,2,1,1.0,15,0,1,3,0,1,2,1,1,18
EXACT_RANK_2,2,100,1600,16,0,2,1,1.0,2,1,1,3,0,1,2,1,1,18
EXACT_RANK_2,2,200,3200,16,0,2,1,1.0,15,0,1,3,0,1,2,1,1,18
EXACT_RANK_2,2,500,8000,16,0,2,1,1.0,2,1,1,3,0,1,2,1,1,18
EXACT_RANK_2,2,1000,16000,16,0,2,1,1.0,2,1,1,3,0,1,2,1,1,18
EXACT_RANK_2,2,5000,80000,16,0,2,1,1.0,2,1,1,3,0,1,2,1,1,18
EXACT_RANK_2,2,50,800,16,0,2,1,1.0,1,0,1,3,0,1,2,1,1,19
EXACT_RANK_2,2,100,1600,16,0,2,1,1.0,15,0,1,4,0,1,2,1,1,19
EXACT_RANK_2,2,200,3200,16,0,2,1,1.0,14,0,1,3,0,1,2,1,1,19
EXACT_RANK_2,2,500,8000,16,0,2,1,1.0,2,1,1,3,0,1,2,1,1,19
EXACT_RANK_2,2,1000,16000,16,0,2,1,1.0,15,0,1,3,0,1,2,1,1,19
EXACT_RANK_2,2,5000,80000,16,0,2,1,1.0,2,1,1,3,0,1,2,1,1,19
EXACT_RANK_2,2,50,800,16,0,1,1,0.5,1,0,1,2,1,1,1,0,1,20
EXACT_RANK_2,2,100,1600,16,0,1,1,0.5,15,0,1,2,1,1,1,0,1,20
EXACT_RANK_2,2,200,3200,16,0,1,1,0.5,1,0,1,2,1,1,1,0,1,20
EXACT_RANK_2,2,500,8000,16,0,2,1,1.0,1,0,1,2,1,1,2,1,1,20
EXACT_RANK_2,2,1000,16000,16,0,2,1,1.0,1,0,1,2,1,1,2,1,1,20
EXACT_RANK_2,2,5000,80000,16,0,2,1,1.0,15,0,1,2,1,1,2,1,1,20
EXACT_RANK_2,2,50,800,16,0,2,1,1.0,15,0,1,3,0,1,1,0,1,21
EXACT_RANK_2,2,100,1600,16,0,2,1,1.0,1,0,1,3,0,1,2,1,1,21
EXACT_RANK_2,2,200,3200,16,0,2,1,1.0,1,0,1,3,0,1,2,1,1,21
EXACT_RANK_2,2,500,8000,16,0,2,1,1.0,1,0,1,3,0,1,2,1,1,21
EXACT_RANK_2,2,1000,16000,16,0,2,1,1.0,2,1,1,3,0,1,2,1,1,21
EXACT_RANK_2,2,5000,80000,16,0,2,1,1.0,2,1,1,3,0,1,2,1,1,21
EXACT_RANK_2,2,50,800,16,0,1,1,0.5,1,0,1,2,1,1,1,0,1,22
EXACT_RANK_2,2,100,1600,16,0,1,1,0.5,15,0,1,2,1,1,1,0,1,22
EXACT_RANK_2,2,200,3200,16,0,1,1,0.5,15,0,1,2,1,1,1,0,1,22
EXACT_RANK_2,2,500,8000,16,0,1,1,0.5,1,0,1,2,1,1,1,0,1,22
EXACT_RANK_2,2,1000,16000,16,0,1,1,0.5,15,0,1,2,1,1,1,0,1,22
EXACT_RANK_2,2,5000,80000,16,0,1,1,0.5,1,0,1,2,1,1,1,0,1,22
EXACT_RANK_2,2,50,800,16,0,1,1,0.5,1,0,1,2,1,1,1,0,1,23
EXACT_RANK_2,2,100,1600,16,0,1,1,0.5,1,0,1,2,1,1,2,1,1,23
EXACT_RANK_2,2,200,3200,16,0,2,1,1.0,15,0,1,2,1,1,1,0,1,23
EXACT_RANK_2,2,500,8000,16,0,1,1,0.5,1,0,1,2,1,1,1,0,1,23
EXACT_RANK_2,2,1000,16000,16,0,2,1,1.0,1,0,1,2,1,1,2,1,1,23
EXACT_RANK_2,2,5000,80000,16,0,2,1,1.0,15,0,1,3,0,1,2,1,1,23
EXACT_RANK_2,2,50,800,16,0,1,1,0.5,15,0,1,2,1,1,1,0,1,24
EXACT_RANK_2,2,100,1600,16,0,2,1,1.0,1,0,1,3,0,1,1,0,1,24
EXACT_RANK_2,2,200,3200,16,0,2,1,1.0,1,0,1,2,1,1,2,1,1,24
EXACT_RANK_2,2,500,8000,16,0,2,1,1.0,1,0,1,3,0,1,2,1,1,24
EXACT_RANK_2,2,1000,16000,16,0,2,1,1.0,15,0,1,3,0,1,2,1,1,24
EXACT_RANK_2,2,5000,80000,16,0,2,1,1.0,2,1,1,3,0,1,2,1,1,24
EXACT_RANK_2,2,50,800,16,0,1,1,0.5,15,0,1,2,1,1,1,0,1,25
EXACT_RANK_2,2,100,1600,16,0,1,1,0.5,1,0,1,2,1,1,1,0,1,25
EXACT_RANK_2,2,200,3200,16,0,1,1,0.5,15,0,1,2,1,1,1,0,1,25
EXACT_RANK_2,2,500,8000,16,0,1,1,0.5,1,0,1,2,1,1,1,0,1,25
EXACT_RANK_2,2,1000,16000,16,0,1,1,0.5,1,0,1,2,1,1,1,0,1,25
EXACT_RANK_2,2,5000,80000,16,0,1,1,0.5,1,0,1,2,1,1,1,0,1,25
EXACT_RANK_2,2,50,800,16,0,1,1,0.5,15,0,1,2,1,1,1,0,1,26
EXACT_RANK_2,2,100,1600,16,0,1,1,0.5,1,0,1,2,1,1,1,0,1,26
EXACT_RANK_2,2,200,3200,16,0,1,1,0.5,1,0,1,2,1,1,1,0,1,26
EXACT_RANK_2,2,500,8000,16,0,2,1,1.0,1,0,1,2,1,1,2,1,1,26
EXACT_RANK_2,2,1000,16000,16,0,2,1,1.0,1,0,1,3,0,1,2,1,1,26
EXACT_RANK_2,2,5000,80000,16,0,2,1,1.0,1,0,1,3,0,1,2,1,1,26
EXACT_RANK_2,2,50,800,16,0,1,1,0.5,15,0,1,2,1,1,1,0,1,27
EXACT_RANK_2,2,100,1600,16,0,2,1,1.0,15,0,1,3,0,1,2,1,1,27
EXACT_RANK_2,2,200,3200,16,0,2,1,1.0,1,0,1,3,0,1,2,1,1,27
EXACT_RANK_2,2,500,8000,16,0,2,1,1.0,2,1,1,3,0,1,2,1,1,27
EXACT_RANK_2,2,1000,16000,16,0,2,1,1.0,2,1,1,3,0,1,2,1,1,27
EXACT_RANK_2,2,5000,80000,16,0,2,1,1.0,15,0,1,3,0,1,2,1,1,27
EXACT_RANK_2,2,50,800,16,0,1,1,0.5,15,0,1,2,1,1,1,0,1,28
EXACT_RANK_2,2,100,1600,16,0,1,1,0.5,1,0,1,2,1,1,2,1,1,28
EXACT_RANK_2,2,200,3200,16,0,1,1,0.5,1,0,1,2,1,1,2,1,1,28
EXACT_RANK_2,2,500,8000,16,0,2,1,1.0,15,0,1,3,0,1,2,1,1,28
EXACT_RANK_2,2,1000,16000,16,0,2,1,1.0,1,0,1,3,0,1,3,0,1,28
EXACT_RANK_2,2,5000,80000,16,0,2,1,1.0,2,1,1,3,0,1,2,1,1,28
EXACT_RANK_2,2,50,800,16,0,2,1,1.0,15,0,1,3,0,1,2,1,1,29
EXACT_RANK_2,2,100,1600,16,0,2,1,1.0,1,0,1,3,0,1,2,1,1,29
EXACT_RANK_2,2,200,3200,16,0,2,1,1.0,2,1,1,3,0,1,2,1,1,29
EXACT_RANK_2,2,500,8000,16,0,2,1,1.0,15,0,1,3,0,1,2,1,1,29
EXACT_RANK_2,2,1000,16000,16,0,2,1,1.0,2,1,1,3,0,1,2,1,1,29
EXACT_RANK_2,2,5000,80000,16,0,2,1,1.0,2,1,1,3,0,1,2,1,1,29
EXACT_RANK_2,2,50,800,16,0,2,1,1.0,15,0,1,3,0,1,2,1,1,30
EXACT_RANK_2,2,100,1600,16,0,2,1,1.0,15,0,1,3,0,1,2,1,1,30
EXACT_RANK_2,2,200,3200,16,0,2,1,1.0,15,0,1,3,0,1,2,1,1,30
EXACT_RANK_2,2,500,8000,16,0,2,1,1.0,2,1,1,3,0,1,2,1,1,30
EXACT_RANK_2,2,1000,16000,16,0,2,1,1.0,2,1,1,3,0,1,2,1,1,30
EXACT_RANK_2,2,5000,80000,16,0,2,1,1.0,2,1,1,3,0,1,2,1,1,30
EXACT_RANK_2,2,50,800,16,0,2,1,1.0,15,0,1,3,0,1,2,1,1,31
EXACT_RANK_2,2,100,1600,16,0,2,1,1.0,1,0,1,3,0,1,2,1,1,31
EXACT_RANK_2,2,200,3200,16,0,2,1,1.0,15,0,1,3,0,1,2,1,1,31
EXACT_RANK_2,2,500,8000,16,0,2,1,1.0,1,0,1,3,0,1,2,1,1,31
EXACT_RANK_2,2,1000,16000,16,0,2,1,1.0,2,1,1,3,0,1,2,1,1,31
EXACT_RANK_2,2,5000,80000,16,0,2,1,1.0,2,1,1,3,0,1,2,1,1,31
EXACT_RANK_2,2,50,800,16,0,2,1,1.0,2,1,1,3,0,1,2,1,1,32
EXACT_RANK_2,2,100,1600,16,0,2,1,1.0,15,0,1,3,0,1,2,1,1,32
EXACT_RANK_2,2,200,3200,16,0,2,1,1.0,2,1,1,3,0,1,2,1,1,32
EXACT_RANK_2,2,500,8000,16,0,2,1,1.0,2,1,1,3,0,1,2,1,1,32
EXACT_RANK_2,2,1000,16000,16,0,2,1,1.0,2,1,1,3,0,1,2,1,1,32
EXACT_RANK_2,2,5000,80000,16,0,2,1,1.0,2,1,1,3,0,1,2,1,1,32
EXACT_RANK_2,2,50,800,16,0,2,1,1.0,15,0,1,3,0,1,2,1,1,33
EXACT_RANK_2,2,100,1600,16,0,2,1,1.0,15,0,1,3,0,1,2,1,1,33
EXACT_RANK_2,2,200,3200,16,0,2,1,1.0,2,1,1,3,0,1,2,1,1,33
EXACT_RANK_2,2,500,8000,16,0,2,1,1.0,15,0,1,3,0,1,2,1,1,33
EXACT_RANK_2,2,1000,16000,16,0,2,1,1.0,2,1,1,3,0,1,2,1,1,33
EXACT_RANK_2,2,5000,80000,16,0,2,1,1.0,2,1,1,3,0,1,2,1,1,33
EXACT_RANK_2,2,50,800,16,0,2,1,1.0,2,1,1,3,0,1,2,1,1,34
EXACT_RANK_2,2,100,1600,16,0,2,1,1.0,2,1,1,3,0,1,2,1,1,34
EXACT_RANK_2,2,200,3200,16,0,2,1,1.0,15,0,1,3,0,1,2,1,1,34
EXACT_RANK_2,2,500,8000,16,0,2,1,1.0,15,0,1,3,0,1,2,1,1,34
EXACT_RANK_2,2,1000,16000,16,0,2,1,1.0,2,1,1,3,0,1,2,1,1,34
EXACT_RANK_2,2,5000,80000,16,0,2,1,1.0,2,1,1,3,0,1,2,1,1,34
EXACT_RANK_2,2,50,800,16,0,2,1,1.0,15,0,1,3,0,1,2,1,1,35
EXACT_RANK_2,2,100,1600,16,0,2,1,1.0,15,0,1,3,0,1,2,1,1,35
EXACT_RANK_2,2,200,3200,16,0,2,1,1.0,15,0,1,3,0,1,2,1,1,35
EXACT_RANK_2,2,500,8000,16,0,2,1,1.0,2,1,1,3,0,1,2,1,1,35
EXACT_RANK_2,2,1000,16000,16,0,2,1,1.0,2,1,1,3,0,1,2,1,1,35
EXACT_RANK_2,2,5000,80000,16,0,2,1,1.0,15,0,1,3,0,1,2,1,1,35
EXACT_RANK_2,2,50,800,16,0,1,1,0.5,1,0,1,2,1,1,1,0,1,36
EXACT_RANK_2,2,100,1600,16,0,1,1,0.5,1,0,1,2,1,1,1,0,1,36
EXACT_RANK_2,2,200,3200,16,0,1,1,0.5,1,0,1,2,1,1,1,0,1,36
EXACT_RANK_2,2,500,8000,16,0,2,1,1.0,1,0,1,2,1,1,2,1,1,36
EXACT_RANK_2,2,1000,16000,16,0,2,1,1.0,1,0,1,2,1,1,2,1,1,36
EXACT_RANK_2,2,5000,80000,16,0,2,1,1.0,1,0,1,3,0,1,2,1,1,36
EXACT_RANK_2,2,50,800,16,0,1,1,0.5,1,0,1,2,1,1,1,0,1,37
EXACT_RANK_2,2,100,1600,16,0,2,1,1.0,1,0,1,2,1,1,1,0,1,37
EXACT_RANK_2,2,200,3200,16,0,2,1,1.0,1,0,1,3,0,1,2,1,1,37
EXACT_RANK_2,2,500,8000,16,0,2,1,1.0,1,0,1,3,0,1,2,1,1,37
EXACT_RANK_2,2,1000,16000,16,0,2,1,1.0,1,0,1,3,0,1,2,1,1,37
EXACT_RANK_2,2,5000,80000,16,0,2,1,1.0,2,1,1,3,0,1,2,1,1,37
EXACT_RANK_2,2,50,800,16,0,1,1,0.5,15,0,1,2,1,1,1,0,1,38
EXACT_RANK_2,2,100,1600,16,0,2,1,1.0,15,0,1,3,0,1,1,0,1,38
EXACT_RANK_2,2,200,3200,16,0,2,1,1.0,1,0,1,3,0,1,2,1,1,38
EXACT_RANK_2,2,500,8000,16,0,2,1,1.0,1,0,1,3,0,1,2,1,1,38
EXACT_RANK_2,2,1000,16000,16,0,2,1,1.0,2,1,1,3,0,1,2,1,1,38
EXACT_RANK_2,2,5000,80000,16,0,2,1,1.0,2,1,1,3,0,1,2,1,1,38
EXACT_RANK_2,2,50,800,16,0,1,1,0.5,15,0,1,3,0,1,1,0,1,39
EXACT_RANK_2,2,100,1600,16,0,2,1,1.0,15,0,1,2,1,1,1,0,1,39
EXACT_RANK_2,2,200,3200,16,0,2,1,1.0,14,0,1,3,0,1,2,1,1,39
EXACT_RANK_2,2,500,8000,16,0,2,1,1.0,1,0,1,3,0,1,2,1,1,39
EXACT_RANK_2,2,1000,16000,16,0,2,1,1.0,2,1,1,3,0,1,2,1,1,39
EXACT_RANK_2,2,5000,80000,16,0,2,1,1.0,2,1,1,3,0,1,2,1,1,39
EXACT_RANK_2,2,50,800,16,0,2,1,1.0,14,0,1,3,0,1,1,0,1,40
EXACT_RANK_2,2,100,1600,16,0,2,1,1.0,1,0,1,3,0,1,2,1,1,40
EXACT_RANK_2,2,200,3200,16,0,2,1,1.0,1,0,1,3,0,1,2,1,1,40
EXACT_RANK_2,2,500,8000,16,0,2,1,1.0,1,0,1,3,0,1,2,1,1,40
EXACT_RANK_2,2,1000,16000,16,0,2,1,1.0,15,0,1,3,0,1,2,1,1,40
EXACT_RANK_2,2,5000,80000,16,0,2,1,1.0,2,1,1,3,0,1,2,1,1,40
EXACT_RANK_2,2,50,800,16,0,2,1,1.0,15,0,1,3,0,1,2,1,1,41
EXACT_RANK_2,2,100,1600,16,0,2,1,1.0,15,0,1,3,0,1,2,1,1,41
EXACT_RANK_2,2,200,3200,16,0,2,1,1.0,15,0,1,3,0,1,2,1,1,41
EXACT_RANK_2,2,500,8000,16,0,2,1,1.0,2,1,1,3,0,1,2,1,1,41
EXACT_RANK_2,2,1000,16000,16,0,2,1,1.0,2,1,1,3,0,1,2,1,1,41
EXACT_RANK_2,2,5000,80000,16,0,2,1,1.0,2,1,1,3,0,1,2,1,1,41
EXACT_RANK_2,2,50,800,16,0,2,1,1.0,15,0,1,3,0,1,2,1,1,42
EXACT_RANK_2,2,100,1600,16,0,2,1,1.0,15,0,1,3,0,1,2,1,1,42
EXACT_RANK_2,2,200,3200,16,0,2,1,1.0,15,0,1,3,0,1,2,1,1,42
EXACT_RANK_2,2,500,8000,16,0,2,1,1.0,15,0,1,3,0,1,2,1,1,42
EXACT_RANK_2,2,1000,16000,16,0,2,1,1.0,2,1,1,3,0,1,2,1,1,42
EXACT_RANK_2,2,5000,80000,16,0,2,1,1.0,15,0,1,3,0,1,2,1,1,42
EXACT_RANK_2,2,50,800,16,0,2,1,1.0,15,0,1,3,0,1,2,1,1,43
EXACT_RANK_2,2,100,1600,16,0,2,1,1.0,2,1,1,3,0,1,2,1,1,43
EXACT_RANK_2,2,200,3200,16,0,2,1,1.0,2,1,1,3,0,1,2,1,1,43
EXACT_RANK_2,2,500,8000,16,0,2,1,1.0,15,0,1,3,0,1,2,1,1,43
EXACT_RANK_2,2,1000,16000,16,0,2,1,1.0,2,1,1,3,0,1,2,1,1,43
EXACT_RANK_2,2,5000,80000,16,0,2,1,1.0,2,1,1,3,0,1,2,1,1,43
EXACT_RANK_2,2,50,800,16,0,2,1,1.0,13,0,1,3,0,1,2,1,1,44
EXACT_RANK_2,2,100,1600,16,0,2,1,1.0,15,0,1,3,0,1,2,1,1,44
EXACT_RANK_2,2,200,3200,16,0,2,1,1.0,2,1,1,3,0,1,2,1,1,44
EXACT_RANK_2,2,500,8000,16,0,2,1,1.0,2,1,1,3,0,1,2,1,1,44
EXACT_RANK_2,2,1000,16000,16,0,2,1,1.0,15,0,1,3,0,1,2,1,1,44
EXACT_RANK_2,2,5000,80000,16,0,2,1,1.0,2,1,1,3,0,1,2,1,1,44
EXACT_RANK_2,2,50,800,16,0,2,1,1.0,15,0,1,3,0,1,2,1,1,45
EXACT_RANK_2,2,100,1600,16,0,2,1,1.0,15,0,1,3,0,1,2,1,1,45
EXACT_RANK_2,2,200,3200,16,0,2,1,1.0,2,1,1,3,0,1,2,1,1,45
EXACT_RANK_2,2,500,8000,16,0,2,1,1.0,2,1,1,3,0,1,2,1,1,45
EXACT_RANK_2,2,1000,16000,16,0,2,1,1.0,2,1,1,3,0,1,2,1,1,45
EXACT_RANK_2,2,5000,80000,16,0,2,1,1.0,2,1,1,3,0,1,2,1,1,45
EXACT_RANK_2,2,50,800,16,0,1,1,0.5,1,0,1,2,1,1,1,0,1,46
EXACT_RANK_2,2,100,1600,16,0,2,1,1.0,1,0,1,3,0,1,2,1,1,46
EXACT_RANK_2,2,200,3200,16,0,2,1,1.0,15,0,1,3,0,1,2,1,1,46
EXACT_RANK_2,2,500,8000,16,0,2,1,1.0,15,0,1,3,0,1,2,1,1,46
EXACT_RANK_2,2,1000,16000,16,0,2,1,1.0,15,0,1,3,0,1,2,1,1,46
EXACT_RANK_2,2,5000,80000,16,0,2,1,1.0,2,1,1,3,0,1,2,1,1,46
EXACT_RANK_2,2,50,800,16,0,1,1,0.5,1,0,1,2,1,1,1,0,1,47
EXACT_RANK_2,2,100,1600,16,0,1,1,0.5,1,0,1,2,1,1,1,0,1,47
EXACT_RANK_2,2,200,3200,16,0,1,1,0.5,1,0,1,2,1,1,1,0,1,47
EXACT_RANK_2,2,500,8000,16,0,2,1,1.0,1,0,1,2,1,1,1,0,1,47
EXACT_RANK_2,2,1000,16000,16,0,2,1,1.0,1,0,1,2,1,1,2,1,1,47
EXACT_RANK_2,2,5000,80000,16,0,2,1,1.0,1,0,1,2,1,1,2,1,1,47
EXACT_RANK_2,2,50,800,16,0,1,1,0.5,1,0,1,2,1,1,1,0,1,48
EXACT_RANK_2,2,100,1600,16,0,1,1,0.5,1,0,1,2,1,1,1,0,1,48
EXACT_RANK_2,2,200,3200,16,0,2,1,1.0,14,0,1,3,0,1,2,1,1,48
EXACT_RANK_2,2,500,8000,16,0,2,1,1.0,15,0,1,3,0,1,2,1,1,48
EXACT_RANK_2,2,1000,16000,16,0,2,1,1.0,1,0,1,3,0,1,2,1,1,48
EXACT_RANK_2,2,5000,80000,16,0,2,1,1.0,15,0,1,3,0,1,2,1,1,48
EXACT_RANK_2,2,50,800,16,0,1,1,0.5,15,0,1,2,1,1,1,0,1,49
EXACT_RANK_2,2,100,1600,16,0,1,1,0.5,1,0,1,2,1,1,2,1,1,49
EXACT_RANK_2,2,200,3200,16,0,2,1,1.0,1,0,1,3,0,1,2,1,1,49
EXACT_RANK_2,2,500,8000,16,0,2,1,1.0,15,0,1,3,0,1,2,1,1,49
EXACT_RANK_2,2,1000,16000,16,0,2,1,1.0,15,0,1,3,0,1,2,1,1,49
EXACT_RANK_2,2,5000,80000,16,0,2,1,1.0,2,1,1,3,0,1,2,1,1,49
EXACT_RANK_2,2,50,800,16,0,2,1,1.0,1,0,1,3,0,1,2,1,1,50
EXACT_RANK_2,2,100,1600,16,0,2,1,1.0,15,0,1,3,0,1,2,1,1,50
EXACT_RANK_2,2,200,3200,16,0,2,1,1.0,15,0,1,3,0,1,2,1,1,50
EXACT_RANK_2,2,500,8000,16,0,2,1,1.0,15,0,1,3,0,1,2,1,1,50
EXACT_RANK_2,2,1000,16000,16,0,2,1,1.0,15,0,1,3,0,1,2,1,1,50
EXACT_RANK_2,2,5000,80000,16,0,2,1,1.0,2,1,1,3,0,1,2,1,1,50
EXACT_RANK_2,2,50,800,16,0,1,1,0.5,1,0,1,2,1,1,1,0,1,51
EXACT_RANK_2,2,100,1600,16,0,2,1,1.0,15,0,1,2,1,1,1,0,1,51
EXACT_RANK_2,2,200,3200,16,0,2,1,1.0,15,0,1,3,0,1,2,1,1,51
EXACT_RANK_2,2,500,8000,16,0,2,1,1.0,1,0,1,3,0,1,2,1,1,51
EXACT_RANK_2,2,1000,16000,16,0,2,1,1.0,1,0,1,3,0,1,2,1,1,51
EXACT_RANK_2,2,5000,80000,16,0,2,1,1.0,15,0,1,3,0,1,2,1,1,51
EXACT_RANK_2,2,50,800,16,0,2,1,1.0,15,0,1,3,0,1,2,1,1,52
EXACT_RANK_2,2,100,1600,16,0,2,1,1.0,1,0,1,3,0,1,2,1,1,52
EXACT_RANK_2,2,200,3200,16,0,2,1,1.0,2,1,1,3,0,1,2,1,1,52
EXACT_RANK_2,2,500,8000,16,0,2,1,1.0,15,0,1,3,0,1,2,1,1,52
EXACT_RANK_2,2,1000,16000,16,0,2,1,1.0,2,1,1,3,0,1,2,1,1,52
EXACT_RANK_2,2,5000,80000,16,0,2,1,1.0,2,1,1,3,0,1,2,1,1,52
EXACT_RANK_2,2,50,800,16,0,2,1,1.0,15,0,1,3,0,1,2,1,1,53
EXACT_RANK_2,2,100,1600,16,0,2,1,1.0,2,1,1,3,0,1,2,1,1,53
EXACT_RANK_2,2,200,3200,16,0,2,1,1.0,15,0,1,3,0,1,2,1,1,53
EXACT_RANK_2,2,500,8000,16,0,2,1,1.0,2,1,1,3,0,1,2,1,1,53
EXACT_RANK_2,2,1000,16000,16,0,2,1,1.0,2,1,1,3,0,1,2,1,1,53
EXACT_RANK_2,2,5000,80000,16,0,2,1,1.0,2,1,1,3,0,1,2,1,1,53
EXACT_RANK_2,2,50,800,16,0,1,1,0.5,1,0,1,2,1,1,1,0,1,54
EXACT_RANK_2,2,100,1600,16,0,2,1,1.0,15,0,1,3,0,1,1,0,1,54
EXACT_RANK_2,2,200,3200,16,0,2,1,1.0,1,0,1,3,0,1,2,1,1,54
EXACT_RANK_2,2,500,8000,16,0,2,1,1.0,1,0,1,3,0,1,2,1,1,54
EXACT_RANK_2,2,1000,16000,16,0,2,1,1.0,15,0,1,3,0,1,2,1,1,54
EXACT_RANK_2,2,5000,80000,16,0,2,1,1.0,15,0,1,3,0,1,2,1,1,54
EXACT_RANK_2,2,50,800,16,0,2,1,1.0,15,0,1,3,0,1,2,1,1,55
EXACT_RANK_2,2,100,1600,16,0,2,1,1.0,15,0,1,3,0,1,2,1,1,55
EXACT_RANK_2,2,200,3200,16,0,2,1,1.0,15,0,1,3,0,1,2,1,1,55
EXACT_RANK_2,2,500,8000,16,0,2,1,1.0,15,0,1,3,0,1,2,1,1,55
EXACT_RANK_2,2,1000,16000,16,0,2,1,1.0,2,1,1,3,0,1,2,1,1,55
EXACT_RANK_2,2,5000,80000,16,0,2,1,1.0,2,1,1,3,0,1,2,1,1,55
EXACT_RANK_2,2,50,800,16,0,2,1,1.0,2,1,1,3,0,1,2,1,1,56
EXACT_RANK_2,2,100,1600,16,0,2,1,1.0,2,1,1,3,0,1,2,1,1,56
EXACT_RANK_2,2,200,3200,16,0,2,1,1.0,2,1,1,3,0,1,2,1,1,56
EXACT_RANK_2,2,500,8000,16,0,2,1,1.0,15,0,1,3,0,1,2,1,1,56
EXACT_RANK_2,2,1000,16000,16,0,2,1,1.0,2,1,1,3,0,1,2,1,1,56
EXACT_RANK_2,2,5000,80000,16,0,2,1,1.0,2,1,1,3,0,1,2,1,1,56
EXACT_RANK_2,2,50,800,16,0,1,1,0.5,15,0,1,2,1,1,1,0,1,57
EXACT_RANK_2,2,100,1600,16,0,1,1,0.5,1,0,1,2,1,1,1,0,1,57
EXACT_RANK_2,2,200,3200,16,0,2,1,1.0,1,0,1,2,1,1,2,1,1,57
EXACT_RANK_2,2,500,8000,16,0,2,1,1.0,15,0,1,3,0,1,2,1,1,57
EXACT_RANK_2,2,1000,16000,16,0,2,1,1.0,1,0,1,3,0,1,2,1,1,57
EXACT_RANK_2,2,5000,80000,16,0,2,1,1.0,1,0,1,3,0,1,2,1,1,57
EXACT_RANK_2,2,50,800,16,0,1,1,0.5,15,0,1,3,0,1,1,0,1,58
EXACT_RANK_2,2,100,1600,16,0,2,1,1.0,1,0,1,2,1,1,1,0,1,58
EXACT_RANK_2,2,200,3200,16,0,2,1,1.0,1,0,1,3,0,1,2,1,1,58
EXACT_RANK_2,2,500,8000,16,0,2,1,1.0,1,0,1,3,0,1,2,1,1,58
EXACT_RANK_2,2,1000,16000,16,0,2,1,1.0,1,0,1,3,0,1,2,1,1,58
EXACT_RANK_2,2,5000,80000,16,0,2,1,1.0,2,1,1,3,0,1,2,1,1,58
EXACT_RANK_2,2,50,800,16,0,2,1,1.0,15,0,1,3,0,1,2,1,1,59
EXACT_RANK_2,2,100,1600,16,0,2,1,1.0,2,1,1,3,0,1,2,1,1,59
EXACT_RANK_2,2,200,3200,16,0,2,1,1.0,2,1,1,3,0,1,2,1,1,59
EXACT_RANK_2,2,500,8000,16,0,2,1,1.0,2,1,1,3,0,1,2,1,1,59
EXACT_RANK_2,2,1000,16000,16,0,2,1,1.0,15,0,1,3,0,1,2,1,1,59
EXACT_RANK_2,2,5000,80000,16,0,2,1,1.0,2,1,1,3,0,1,2,1,1,59
EXACT_RANK_2,2,50,800,16,0,2,1,1.0,13,0,1,3,0,1,2,1,1,60
EXACT_RANK_2,2,100,1600,16,0,2,1,1.0,2,1,1,3,0,1,2,1,1,60
EXACT_RANK_2,2,200,3200,16,0,2,1,1.0,15,0,1,3,0,1,2,1,1,60
EXACT_RANK_2,2,500,8000,16,0,2,1,1.0,2,1,1,3,0,1,2,1,1,60
EXACT_RANK_2,2,1000,16000,16,0,2,1,1.0,2,1,1,3,0,1,2,1,1,60
EXACT_RANK_2,2,5000,80000,16,0,2,1,1.0,2,1,1,3,0,1,2,1,1,60
EXACT_RANK_2,2,50,800,16,0,1,1,0.5,14,0,1,2,1,1,1,0,1,61
EXACT_RANK_2,2,100,1600,16,0,1,1,0.5,1,0,1,2,1,1,2,1,1,61
EXACT_RANK_2,2,200,3200,16,0,2,1,1.0,1,0,1,2,1,1,2,1,1,61
EXACT_RANK_2,2,500,8000,16,0,2,1,1.0,15,0,1,3,0,1,2,1,1,61
EXACT_RANK_2,2,1000,16000,16,0,2,1,1.0,15,0,1,3,0,1,2,1,1,61
EXACT_RANK_2,2,5000,80000,16,0,2,1,1.0,2,1,1,3,0,1,2,1,1,61
EXACT_RANK_2,2,50,800,16,0,2,1,1.0,15,0,1,3,0,1,2,1,1,62
EXACT_RANK_2,2,100,1600,16,0,2,1,1.0,15,0,1,3,0,1,2,1,1,62
EXACT_RANK_2,2,200,3200,16,0,2,1,1.0,2,1,1,3,0,1,2,1,1,62
EXACT_RANK_2,2,500,8000,16,0,2,1,1.0,2,1,1,3,0,1,2,1,1,62
EXACT_RANK_2,2,1000,16000,16,0,2,1,1.0,2,1,1,3,0,1,2,1,1,62
EXACT_RANK_2,2,5000,80000,16,0,2,1,1.0,2,1,1,3,0,1,2,1,1,62
EXACT_RANK_2,2,50,800,16,0,2,1,1.0,15,0,1,3,0,1,2,1,1,63
EXACT_RANK_2,2,100,1600,16,0,2,1,1.0,2,1,1,3,0,1,2,1,1,63
EXACT_RANK_2,2,200,3200,16,0,2,1,1.0,15,0,1,3,0,1,2,1,1,63
EXACT_RANK_2,2,500,8000,16,0,2,1,1.0,2,1,1,3,0,1,2,1,1,63
EXACT_RANK_2,2,1000,16000,16,0,2,1,1.0,2,1,1,3,0,1,2,1,1,63
EXACT_RANK_2,2,5000,80000,16,0,2,1,1.0,2,1,1,3,0,1,2,1,1,63
EXACT_RANK_2,2,50,800,16,0,2,1,1.0,15,0,1,3,0,1,2,1,1,64
EXACT_RANK_2,2,100,1600,16,0,2,1,1.0,15,0,1,3,0,1,2,1,1,64
EXACT_RANK_2,2,200,3200,16,0,2,1,1.0,15,0,1,3,0,1,2,1,1,64
EXACT_RANK_2,2,500,8000,16,0,2,1,1.0,2,1,1,3,0,1,2,1,1,64
EXACT_RANK_2,2,1000,16000,16,0,2,1,1.0,2,1,1,3,0,1,2,1,1,64
EXACT_RANK_2,2,5000,80000,16,0,2,1,1.0,2,1,1,3,0,1,2,1,1,64
EXACT_RANK_2,2,50,800,16,0,1,1,0.5,15,0,1,2,1,1,1,0,1,65
EXACT_RANK_2,2,100,1600,16,0,1,1,0.5,1,0,1,2,1,1,1,0,1,65
EXACT_RANK_2,2,200,3200,16,0,1,1,0.5,1,0,1,2,1,1,1,0,1,65
EXACT_RANK_2,2,500,8000,16,0,1,1,0.5,1,0,1,2,1,1,1,0,1,65
EXACT_RANK_2,2,1000,16000,16,0,2,1,1.0,1,0,1,2,1,1,2,1,1,65
EXACT_RANK_2,2,5000,80000,16,0,2,1,1.0,1,0,1,2,1,1,2,1,1,65
EXACT_RANK_2,2,50,800,16,0,2,1,1.0,2,1,1,3,0,1,2,1,1,66
EXACT_RANK_2,2,100,1600,16,0,2,1,1.0,2,1,1,3,0,1,2,1,1,66
EXACT_RANK_2,2,200,3200,16,0,2,1,1.0,2,1,1,3,0,1,2,1,1,66
EXACT_RANK_2,2,500,8000,16,0,2,1,1.0,2,1,1,3,0,1,2,1,1,66
EXACT_RANK_2,2,1000,16000,16,0,2,1,1.0,2,1,1,3,0,1,2,1,1,66
EXACT_RANK_2,2,5000,80000,16,0,2,1,1.0,2,1,1,3,0,1,2,1,1,66
EXACT_RANK_2,2,50,800,16,0,1,1,0.5,1,0,1,2,1,1,1,0,1,67
EXACT_RANK_2,2,100,1600,16,0,1,1,0.5,1,0,1,2,1,1,1,0,1,67
EXACT_RANK_2,2,200,3200,16,0,1,1,0.5,1,0,1,2,1,1,1,0,1,67
EXACT_RANK_2,2,500,8000,16,0,1,1,0.5,1,0,1,2,1,1,1,0,1,67
EXACT_RANK_2,2,1000,16000,16,0,1,1,0.5,1,0,1,2,1,1,1,0,1,67
EXACT_RANK_2,2,5000,80000,16,0,2,1,1.0,1,0,1,2,1,1,2,1,1,67
EXACT_RANK_2,2,50,800,16,0,1,1,0.5,1,0,1,2,1,1,1,0,1,68
EXACT_RANK_2,2,100,1600,16,0,1,1,0.5,15,0,1,2,1,1,2,1,1,68
EXACT_RANK_2,2,200,3200,16,0,1,1,0.5,1,0,1,2,1,1,2,1,1,68
EXACT_RANK_2,2,500,8000,16,0,2,1,1.0,1,0,1,2,1,1,2,1,1,68
EXACT_RANK_2,2,1000,16000,16,0,2,1,1.0,1,0,1,2,1,1,2,1,1,68
EXACT_RANK_2,2,5000,80000,16,0,2,1,1.0,1,0,1,2,1,1,2,1,1,68
EXACT_RANK_2,2,50,800,16,0,1,1,0.5,1,0,1,2,1,1,1,0,1,69
EXACT_RANK_2,2,100,1600,16,0,1,1,0.5,1,0,1,2,1,1,1,0,1,69
EXACT_RANK_2,2,200,3200,16,0,1,1,0.5,1,0,1,2,1,1,2,1,1,69
EXACT_RANK_2,2,500,8000,16,0,1,1,0.5,1,0,1,2,1,1,1,0,1,69
EXACT_RANK_2,2,1000,16000,16,0,1,1,0.5,1,0,1,2,1,1,1,0,1,69
EXACT_RANK_2,2,5000,80000,16,0,1,1,0.5,1,0,1,2,1,1,1,0,1,69
EXACT_RANK_2,2,50,800,16,0,2,1,1.0,1,0,1,3,0,1,1,0,1,70
EXACT_RANK_2,2,100,1600,16,0,2,1,1.0,15,0,1,3,0,1,1,0,1,70
EXACT_RANK_2,2,200,3200,16,0,2,1,1.0,15,0,1,3,0,1,2,1,1,70
EXACT_RANK_2,2,500,8000,16,0,2,1,1.0,1,0,1,3,0,1,2,1,1,70
EXACT_RANK_2,2,1000,16000,16,0,2,1,1.0,1,0,1,3,0,1,2,1,1,70
EXACT_RANK_2,2,5000,80000,16,0,2,1,1.0,2,1,1,3,0,1,2,1,1,70
EXACT_RANK_2,2,50,800,16,0,2,1,1.0,15,0,1,3,0,1,2,1,1,71
EXACT_RANK_2,2,100,1600,16,0,2,1,1.0,2,1,1,3,0,1,2,1,1,71
EXACT_RANK_2,2,200,3200,16,0,2,1,1.0,15,0,1,3,0,1,2,1,1,71
EXACT_RANK_2,2,500,8000,16,0,2,1,1.0,2,1,1,3,0,1,2,1,1,71
EXACT_RANK_2,2,1000,16000,16,0,2,1,1.0,15,0,1,3,0,1,2,1,1,71
EXACT_RANK_2,2,5000,80000,16,0,2,1,1.0,2,1,1,3,0,1,2,1,1,71
EXACT_RANK_2,2,50,800,16,0,1,1,0.5,1,0,1,2,1,1,1,0,1,72
EXACT_RANK_2,2,100,1600,16,0,2,1,1.0,1,0,1,3,0,1,2,1,1,72
EXACT_RANK_2,2,200,3200,16,0,2,1,1.0,1,0,1,2,1,1,2,1,1,72
EXACT_RANK_2,2,500,8000,16,0,2,1,1.0,1,0,1,3,0,1,2,1,1,72
EXACT_RANK_2,2,1000,16000,16,0,2,1,1.0,15,0,1,3,0,1,2,1,1,72
EXACT_RANK_2,2,5000,80000,16,0,2,1,1.0,2,1,1,3,0,1,2,1,1,72
EXACT_RANK_2,2,50,800,16,0,2,1,1.0,15,0,1,3,0,1,2,1,1,73
EXACT_RANK_2,2,100,1600,16,0,2,1,1.0,2,1,1,3,0,1,2,1,1,73
EXACT_RANK_2,2,200,3200,16,0,2,1,1.0,15,0,1,3,0,1,2,1,1,73
EXACT_RANK_2,2,500,8000,16,0,2,1,1.0,2,1,1,3,0,1,2,1,1,73
EXACT_RANK_2,2,1000,16000,16,0,2,1,1.0,2,1,1,3,0,1,2,1,1,73
EXACT_RANK_2,2,5000,80000,16,0,2,1,1.0,2,1,1,3,0,1,2,1,1,73
EXACT_RANK_2,2,50,800,16,0,1,1,0.5,1,0,1,2,1,1,1,0,1,74
EXACT_RANK_2,2,100,1600,16,0,1,1,0.5,15,0,1,2,1,1,1,0,1,74
EXACT_RANK_2,2,200,3200,16,0,1,1,0.5,1,0,1,2,1,1,1,0,1,74
EXACT_RANK_2,2,500,8000,16,0,1,1,0.5,1,0,1,2,1,1,1,0,1,74
EXACT_RANK_2,2,1000,16000,16,0,2,1,1.0,1,0,1,2,1,1,2,1,1,74
EXACT_RANK_2,2,5000,80000,16,0,2,1,1.0,1,0,1,2,1,1,2,1,1,74
EXACT_RANK_2,2,50,800,16,0,1,1,0.5,15,0,1,2,1,1,1,0,1,75
EXACT_RANK_2,2,100,1600,16,0,1,1,0.5,1,0,1,2,1,1,1,0,1,75
EXACT_RANK_2,2,200,3200,16,0,1,1,0.5,1,0,1,2,1,1,1,0,1,75
EXACT_RANK_2,2,500,8000,16,0,1,1,0.5,1,0,1,2,1,1,2,1,1,75
EXACT_RANK_2,2,1000,16000,16,0,2,1,1.0,1,0,1,2,1,1,2,1,1,75
EXACT_RANK_2,2,5000,80000,16,0,2,1,1.0,1,0,1,2,1,1,2,1,1,75
EXACT_RANK_2,2,50,800,16,0,2,1,1.0,15,0,1,3,0,1,2,1,1,76
EXACT_RANK_2,2,100,1600,16,0,2,1,1.0,15,0,1,3,0,1,2,1,1,76
EXACT_RANK_2,2,200,3200,16,0,2,1,1.0,1,0,1,3,0,1,2,1,1,76
EXACT_RANK_2,2,500,8000,16,0,2,1,1.0,15,0,1,3,0,1,2,1,1,76
EXACT_RANK_2,2,1000,16000,16,0,2,1,1.0,15,0,1,3,0,1,2,1,1,76
EXACT_RANK_2,2,5000,80000,16,0,2,1,1.0,2,1,1,3,0,1,2,1,1,76
EXACT_RANK_2,2,50,800,16,0,2,1,1.0,1,0,1,3,0,1,1,0,1,77
EXACT_RANK_2,2,100,1600,16,0,2,1,1.0,1,0,1,3,0,1,2,1,1,77
EXACT_RANK_2,2,200,3200,16,0,2,1,1.0,1,0,1,3,0,1,2,1,1,77
EXACT_RANK_2,2,500,8000,16,0,2,1,1.0,15,0,1,3,0,1,2,1,1,77
EXACT_RANK_2,2,1000,16000,16,0,2,1,1.0,15,0,1,3,0,1,2,1,1,77
EXACT_RANK_2,2,5000,80000,16,0,2,1,1.0,2,1,1,3,0,1,2,1,1,77
EXACT_RANK_2,2,50,800,16,0,1,1,0.5,1,0,1,2,1,1,1,0,1,78
EXACT_RANK_2,2,100,1600,16,0,2,1,1.0,15,0,1,3,0,1,2,1,1,78
EXACT_RANK_2,2,200,3200,16,0,2,1,1.0,1,0,1,3,0,1,2,1,1,78
EXACT_RANK_2,2,500,8000,16,0,2,1,1.0,1,0,1,3,0,1,2,1,1,78
EXACT_RANK_2,2,1000,16000,16,0,2,1,1.0,1,0,1,3,0,1,2,1,1,78
EXACT_RANK_2,2,5000,80000,16,0,2,1,1.0,2,1,1,3,0,1,2,1,1,78
EXACT_RANK_2,2,50,800,16,0,1,1,0.5,15,0,1,2,1,1,1,0,1,79
EXACT_RANK_2,2,100,1600,16,0,1,1,0.5,1,0,1,2,1,1,1,0,1,79
EXACT_RANK_2,2,200,3200,16,0,1,1,0.5,1,0,1,2,1,1,2,1,1,79
EXACT_RANK_2,2,500,8000,16,0,1,1,0.5,1,0,1,2,1,1,1,0,1,79
EXACT_RANK_2,2,1000,16000,16,0,1,1,0.5,1,0,1,2,1,1,1,0,1,79
EXACT_RANK_2,2,5000,80000,16,0,1,1,0.5,1,0,1,2,1,1,1,0,1,79
EXACT_RANK_2,2,50,800,16,0,2,1,1.0,15,0,1,3,0,1,1,0,1,80
EXACT_RANK_2,2,100,1600,16,0,2,1,1.0,1,0,1,3,0,1,2,1,1,80
EXACT_RANK_2,2,200,3200,16,0,2,1,1.0,15,0,1,3,0,1,2,1,1,80
EXACT_RANK_2,2,500,8000,16,0,2,1,1.0,2,1,1,3,0,1,2,1,1,80
EXACT_RANK_2,2,1000,16000,16,0,2,1,1.0,2,1,1,3,0,1,2,1,1,80
EXACT_RANK_2,2,5000,80000,16,0,2,1,1.0,2,1,1,3,0,1,2,1,1,80
EXACT_RANK_2,2,50,800,16,0,1,1,0.5,1,0,1,2,1,1,1,0,1,81
EXACT_RANK_2,2,100,1600,16,0,1,1,0.5,15,0,1,2,1,1,1,0,1,81
EXACT_RANK_2,2,200,3200,16,0,1,1,0.5,15,0,1,2,1,1,2,1,1,81
EXACT_RANK_2,2,500,8000,16,0,2,1,1.0,15,0,1,2,1,1,1,0,1,81
EXACT_RANK_2,2,1000,16000,16,0,2,1,1.0,1,0,1,2,1,1,2,1,1,81
EXACT_RANK_2,2,5000,80000,16,0,2,1,1.0,1,0,1,2,1,1,2,1,1,81
EXACT_RANK_2,2,50,800,16,0,2,1,1.0,15,0,1,3,0,1,2,1,1,82
EXACT_RANK_2,2,100,1600,16,0,2,1,1.0,15,0,1,3,0,1,2,1,1,82
EXACT_RANK_2,2,200,3200,16,0,2,1,1.0,2,1,1,3,0,1,2,1,1,82
EXACT_RANK_2,2,500,8000,16,0,2,1,1.0,2,1,1,3,0,1,2,1,1,82
EXACT_RANK_2,2,1000,16000,16,0,2,1,1.0,2,1,1,3,0,1,2,1,1,82
EXACT_RANK_2,2,5000,80000,16,0,2,1,1.0,2,1,1,3,0,1,2,1,1,82
EXACT_RANK_2,2,50,800,16,0,1,1,0.5,1,0,1,2,1,1,1,0,1,83
EXACT_RANK_2,2,100,1600,16,0,1,1,0.5,14,0,1,2,1,1,1,0,1,83
EXACT_RANK_2,2,200,3200,16,0,2,1,1.0,1,0,1,2,1,1,2,1,1,83
EXACT_RANK_2,2,500,8000,16,0,2,1,1.0,15,0,1,3,0,1,2,1,1,83
EXACT_RANK_2,2,1000,16000,16,0,2,1,1.0,1,0,1,2,1,1,2,1,1,83
EXACT_RANK_2,2,5000,80000,16,0,2,1,1.0,1,0,1,3,0,1,2,1,1,83
EXACT_RANK_2,2,50,800,16,0,1,1,0.5,1,0,1,2,1,1,1,0,1,84
EXACT_RANK_2,2,100,1600,16,0,1,1,0.5,1,0,1,2,1,1,1,0,1,84
EXACT_RANK_2,2,200,3200,16,0,1,1,0.5,1,0,1,2,1,1,1,0,1,84
EXACT_RANK_2,2,500,8000,16,0,1,1,0.5,1,0,1,2,1,1,1,0,1,84
EXACT_RANK_2,2,1000,16000,16,0,2,1,1.0,1,0,1,2,1,1,2,1,1,84
EXACT_RANK_2,2,5000,80000,16,0,2,1,1.0,15,0,1,2,1,1,2,1,1,84
EXACT_RANK_2,2,50,800,16,0,1,1,0.5,15,0,1,2,1,1,2,1,1,85
EXACT_RANK_2,2,100,1600,16,0,1,1,0.5,15,0,1,2,1,1,2,1,1,85
EXACT_RANK_2,2,200,3200,16,0,1,1,0.5,1,0,1,2,1,1,1,0,1,85
EXACT_RANK_2,2,500,8000,16,0,1,1,0.5,1,0,1,2,1,1,3,0,1,85
EXACT_RANK_2,2,1000,16000,16,0,1,1,0.5,1,0,1,2,1,1,2,1,1,85
EXACT_RANK_2,2,5000,80000,16,0,1,1,0.5,1,0,1,2,1,1,2,1,1,85
EXACT_RANK_2,2,50,800,16,0,1,1,0.5,1,0,1,2,1,1,1,0,1,86
EXACT_RANK_2,2,100,1600,16,0,1,1,0.5,1,0,1,2,1,1,1,0,1,86
EXACT_RANK_2,2,200,3200,16,0,1,1,0.5,1,0,1,2,1,1,1,0,1,86
EXACT_RANK_2,2,500,8000,16,0,1,1,0.5,1,0,1,2,1,1,2,1,1,86
EXACT_RANK_2,2,1000,16000,16,0,1,1,0.5,1,0,1,2,1,1,1,0,1,86
EXACT_RANK_2,2,5000,80000,16,0,2,1,1.0,1,0,1,2,1,1,2,1,1,86
EXACT_RANK_2,2,50,800,16,0,1,1,0.5,15,0,1,2,1,1,1,0,1,87
EXACT_RANK_2,2,100,1600,16,0,1,1,0.5,15,0,1,2,1,1,1,0,1,87
EXACT_RANK_2,2,200,3200,16,0,2,1,1.0,1,0,1,3,0,1,2,1,1,87
EXACT_RANK_2,2,500,8000,16,0,2,1,1.0,15,0,1,3,0,1,2,1,1,87
EXACT_RANK_2,2,1000,16000,16,0,2,1,1.0,1,0,1,3,0,1,2,1,1,87
EXACT_RANK_2,2,5000,80000,16,0,2,1,1.0,1,0,1,3,0,1,2,1,1,87
EXACT_RANK_2,2,50,800,16,0,2,1,1.0,2,1,1,3,0,1,2,1,1,88
EXACT_RANK_2,2,100,1600,16,0,2,1,1.0,2,1,1,3,0,1,2,1,1,88
EXACT_RANK_2,2,200,3200,16,0,2,1,1.0,2,1,1,3,0,1,2,1,1,88
EXACT_RANK_2,2,500,8000,16,0,2,1,1.0,2,1,1,3,0,1,2,1,1,88
EXACT_RANK_2,2,1000,16000,16,0,2,1,1.0,15,0,1,3,0,1,2,1,1,88
EXACT_RANK_2,2,5000,80000,16,0,2,1,1.0,2,1,1,3,0,1,2,1,1,88
EXACT_RANK_2,2,50,800,16,0,2,1,1.0,1,0,1,3,0,1,2,1,1,89
EXACT_RANK_2,2,100,1600,16,0,2,1,1.0,15,0,1,3,0,1,2,1,1,89
EXACT_RANK_2,2,200,3200,16,0,2,1,1.0,2,1,1,3,0,1,2,1,1,89
EXACT_RANK_2,2,500,8000,16,0,2,1,1.0,2,1,1,3,0,1,2,1,1,89
EXACT_RANK_2,2,1000,16000,16,0,2,1,1.0,2,1,1,3,0,1,2,1,1,89
EXACT_RANK_2,2,5000,80000,16,0,2,1,1.0,2,1,1,3,0,1,2,1,1,89
EXACT_RANK_2,2,50,800,16,0,2,1,1.0,15,0,1,3,0,1,2,1,1,90
EXACT_RANK_2,2,100,1600,16,0,2,1,1.0,2,1,1,3,0,1,2,1,1,90
EXACT_RANK_2,2,200,3200,16,0,2,1,1.0,15,0,1,3,0,1,2,1,1,90
EXACT_RANK_2,2,500,8000,16,0,2,1,1.0,2,1,1,3,0,1,2,1,1,90
EXACT_RANK_2,2,1000,16000,16,0,2,1,1.0,15,0,1,3,0,1,2,1,1,90
EXACT_RANK_2,2,5000,80000,16,0,2,1,1.0,2,1,1,3,0,1,2,1,1,90
EXACT_RANK_2,2,50,800,16,0,1,1,0.5,1,0,1,2,1,1,1,0,1,91
EXACT_RANK_2,2,100,1600,16,0,1,1,0.5,1,0,1,2,1,1,1,0,1,91
EXACT_RANK_2,2,200,3200,16,0,1,1,0.5,1,0,1,2,1,1,1,0,1,91
EXACT_RANK_2,2,500,8000,16,0,2,1,1.0,1,0,1,2,1,1,2,1,1,91
EXACT_RANK_2,2,1000,16000,16,0,2,1,1.0,1,0,1,2,1,1,2,1,1,91
EXACT_RANK_2,2,5000,80000,16,0,2,1,1.0,1,0,1,3,0,1,2,1,1,91
EXACT_RANK_2,2,50,800,16,0,1,1,0.5,1,0,1,2,1,1,1,0,1,92
EXACT_RANK_2,2,100,1600,16,0,2,1,1.0,1,0,1,3,0,1,2,1,1,92
EXACT_RANK_2,2,200,3200,16,0,2,1,1.0,1,0,1,3,0,1,2,1,1,92
EXACT_RANK_2,2,500,8000,16,0,2,1,1.0,1,0,1,3,0,1,2,1,1,92
EXACT_RANK_2,2,1000,16000,16,0,2,1,1.0,15,0,1,3,0,1,2,1,1,92
EXACT_RANK_2,2,5000,80000,16,0,2,1,1.0,2,1,1,3,0,1,2,1,1,92
EXACT_RANK_2,2,50,800,16,0,2,1,1.0,15,0,1,3,0,1,2,1,1,93
EXACT_RANK_2,2,100,1600,16,0,2,1,1.0,15,0,1,3,0,1,1,0,1,93
EXACT_RANK_2,2,200,3200,16,0,2,1,1.0,1,0,1,3,0,1,2,1,1,93
EXACT_RANK_2,2,500,8000,16,0,2,1,1.0,1,0,1,3,0,1,2,1,1,93
EXACT_RANK_2,2,1000,16000,16,0,2,1,1.0,2,1,1,3,0,1,2,1,1,93
EXACT_RANK_2,2,5000,80000,16,0,2,1,1.0,2,1,1,3,0,1,2,1,1,93
EXACT_RANK_2,2,50,800,16,0,2,1,1.0,2,1,1,3,0,1,2,1,1,94
EXACT_RANK_2,2,100,1600,16,0,2,1,1.0,2,1,1,3,0,1,2,1,1,94
EXACT_RANK_2,2,200,3200,16,0,2,1,1.0,2,1,1,3,0,1,2,1,1,94
EXACT_RANK_2,2,500,8000,16,0,2,1,1.0,15,0,1,3,0,1,2,1,1,94
EXACT_RANK_2,2,1000,16000,16,0,2,1,1.0,15,0,1,3,0,1,2,1,1,94
EXACT_RANK_2,2,5000,80000,16,0,2,1,1.0,2,1,1,3,0,1,2,1,1,94
EXACT_RANK_2,2,50,800,16,0,1,1,0.5,1,0,1,2,1,1,2,1,1,95
EXACT_RANK_2,2,100,1600,16,0,1,1,0.5,1,0,1,2,1,1,3,0,1,95
EXACT_RANK_2,2,200,3200,16,0,1,1,0.5,15,0,1,2,1,1,1,0,1,95
EXACT_RANK_2,2,500,8000,16,0,1,1,0.5,1,0,1,2,1,1,1,0,1,95
EXACT_RANK_2,2,1000,16000,16,0,1,1,0.5,1,0,1,2,1,1,3,0,1,95
EXACT_RANK_2,2,5000,80000,16,0,2,1,1.0,1,0,1,2,1,1,2,1,1,95
EXACT_RANK_2,2,50,800,16,0,2,1,1.0,15,0,1,3,0,1,2,1,1,96
EXACT_RANK_2,2,100,1600,16,0,2,1,1.0,15,0,1,3,0,1,2,1,1,96
EXACT_RANK_2,2,200,3200,16,0,2,1,1.0,15,0,1,3,0,1,2,1,1,96
EXACT_RANK_2,2,500,8000,16,0,2,1,1.0,2,1,1,3,0,1,2,1,1,96
EXACT_RANK_2,2,1000,16000,16,0,2,1,1.0,2,1,1,3,0,1,2,1,1,96
EXACT_RANK_2,2,5000,80000,16,0,2,1,1.0,2,1,1,3,0,1,2,1,1,96
EXACT_RANK_2,2,50,800,16,0,1,1,0.5,1,0,1,2,1,1,1,0,1,97
EXACT_RANK_2,2,100,1600,16,0,1,1,0.5,1,0,1,2,1,1,1,0,1,97
EXACT_RANK_2,2,200,3200,16,0,2,1,1.0,15,0,1,2,1,1,2,1,1,97
EXACT_RANK_2,2,500,8000,16,0,2,1,1.0,1,0,1,3,0,1,2,1,1,97
EXACT_RANK_2,2,1000,16000,16,0,2,1,1.0,1,0,1,3,0,1,2,1,1,97
EXACT_RANK_2,2,5000,80000,16,0,2,1,1.0,1,0,1,3,0,1,2,1,1,97
EXACT_RANK_2,2,50,800,16,0,1,1,0.5,1,0,1,2,1,1,1,0,1,98
EXACT_RANK_2,2,100,1600,16,0,1,1,0.5,1,0,1,2,1,1,1,0,1,98
EXACT_RANK_2,2,200,3200,16,0,1,1,0.5,15,0,1,2,1,1,1,0,1,98
EXACT_RANK_2,2,500,8000,16,0,2,1,1.0,1,0,1,3,0,1,2,1,1,98
EXACT_RANK_2,2,1000,16000,16,0,2,1,1.0,1,0,1,2,1,1,2,1,1,98
EXACT_RANK_2,2,5000,80000,16,0,2,1,1.0,1,0,1,3,0,1,2,1,1,98
EXACT_RANK_2,2,50,800,16,0,1,1,0.5,1,0,1,2,1,1,1,0,1,99
EXACT_RANK_2,2,100,1600,16,0,1,1,0.5,15,0,1,2,1,1,1,0,1,99
EXACT_RANK_2,2,200,3200,16,0,1,1,0.5,1,0,1,2,1,1,1,0,1,99
EXACT_RANK_2,2,500,8000,16,0,2,1,1.0,1,0,1,2,1,1,1,0,1,99
EXACT_RANK_2,2,1000,16000,16,0,2,1,1.0,1,0,1,2,1,1,2,1,1,99
EXACT_RANK_2,2,5000,80000,16,0,2,1,1.0,1,0,1,2,1,1,2,1,1,99
EXACT_RANK_2,2,50,800,16,0,2,1,1.0,15,0,1,3,0,1,2,1,1,100
EXACT_RANK_2,2,100,1600,16,0,2,1,1.0,14,0,1,3,0,1,2,1,1,100
EXACT_RANK_2,2,200,3200,16,0,2,1,1.0,2,1,1,3,0,1,2,1,1,100
EXACT_RANK_2,2,500,8000,16,0,2,1,1.0,2,1,1,3,0,1,2,1,1,100
EXACT_RANK_2,2,1000,16000,16,0,2,1,1.0,2,1,1,3,0,1,2,1,1,100
EXACT_RANK_2,2,5000,80000,16,0,2,1,1.0,2,1,1,3,0,1,2,1,1,100
EXACT_RANK_2,2,50,800,16,0,2,1,1.0,15,0,1,3,0,1,2,1,1,101
EXACT_RANK_2,2,100,1600,16,0,2,1,1.0,15,0,1,3,0,1,1,0,1,101
EXACT_RANK_2,2,200,3200,16,0,2,1,1.0,14,0,1,3,0,1,2,1,1,101
EXACT_RANK_2,2,500,8000,16,0,2,1,1.0,1,0,1,3,0,1,2,1,1,101
EXACT_RANK_2,2,1000,16000,16,0,2,1,1.0,2,1,1,3,0,1,2,1,1,101
EXACT_RANK_2,2,5000,80000,16,0,2,1,1.0,2,1,1,3,0,1,2,1,1,101
EXACT_RANK_2,2,50,800,16,0,2,1,1.0,15,0,1,3,0,1,1,0,1,102
EXACT_RANK_2,2,100,1600,16,0,2,1,1.0,15,0,1,3,0,1,2,1,1,102
EXACT_RANK_2,2,200,3200,16,0,2,1,1.0,15,0,1,3,0,1,2,1,1,102
EXACT_RANK_2,2,500,8000,16,0,2,1,1.0,15,0,1,3,0,1,2,1,1,102
EXACT_RANK_2,2,1000,16000,16,0,2,1,1.0,2,1,1,3,0,1,2,1,1,102
EXACT_RANK_2,2,5000,80000,16,0,2,1,1.0,15,0,1,3,0,1,2,1,1,102
EXACT_RANK_2,2,50,800,16,0,2,1,1.0,15,0,1,3,0,1,2,1,1,103
EXACT_RANK_2,2,100,1600,16,0,2,1,1.0,2,1,1,3,0,1,2,1,1,103
EXACT_RANK_2,2,200,3200,16,0,2,1,1.0,15,0,1,3,0,1,2,1,1,103
EXACT_RANK_2,2,500,8000,16,0,2,1,1.0,2,1,1,3,0,1,2,1,1,103
EXACT_RANK_2,2,1000,16000,16,0,2,1,1.0,2,1,1,3,0,1,2,1,1,103
EXACT_RANK_2,2,5000,80000,16,0,2,1,1.0,2,1,1,3,0,1,2,1,1,103
EXACT_RANK_2,2,50,800,16,0,2,1,1.0,1,0,1,3,0,1,2,1,1,104
EXACT_RANK_2,2,100,1600,16,0,2,1,1.0,14,0,1,3,0,1,2,1,1,104
EXACT_RANK_2,2,200,3200,16,0,2,1,1.0,1,0,1,3,0,1,2,1,1,104
EXACT_RANK_2,2,500,8000,16,0,2,1,1.0,2,1,1,3,0,1,2,1,1,104
EXACT_RANK_2,2,1000,16000,16,0,2,1,1.0,2,1,1,3,0,1,2,1,1,104
EXACT_RANK_2,2,5000,80000,16,0,2,1,1.0,2,1,1,3,0,1,2,1,1,104
EXACT_RANK_2,2,50,800,16,0,1,1,0.5,15,0,1,2,1,1,2,1,1,105
EXACT_RANK_2,2,100,1600,16,0,1,1,0.5,1,0,1,2,1,1,2,1,1,105
EXACT_RANK_2,2,200,3200,16,0,1,1,0.5,1,0,1,2,1,1,1,0,1,105
EXACT_RANK_2,2,500,8000,16,0,1,1,0.5,1,0,1,2,1,1,1,0,1,105
EXACT_RANK_2,2,1000,16000,16,0,1,1,0.5,15,0,1,2,1,1,3,0,1,105
EXACT_RANK_2,2,5000,80000,16,0,1,1,0.5,1,0,1,2,1,1,1,0,1,105
EXACT_RANK_2,2,50,800,16,0,2,1,1.0,15,0,1,3,0,1,2,1,1,106
EXACT_RANK_2,2,100,1600,16,0,2,1,1.0,15,0,1,3,0,1,2,1,1,106
EXACT_RANK_2,2,200,3200,16,0,2,1,1.0,15,0,1,3,0,1,2,1,1,106
EXACT_RANK_2,2,500,8000,16,0,2,1,1.0,2,1,1,3,0,1,2,1,1,106
EXACT_RANK_2,2,1000,16000,16,0,2,1,1.0,2,1,1,3,0,1,2,1,1,106
EXACT_RANK_2,2,5000,80000,16,0,2,1,1.0,2,1,1,3,0,1,2,1,1,106
EXACT_RANK_2,2,50,800,16,0,1,1,0.5,1,0,1,2,1,1,1,0,1,107
EXACT_RANK_2,2,100,1600,16,0,1,1,0.5,15,0,1,2,1,1,2,1,1,107
EXACT_RANK_2,2,200,3200,16,0,2,1,1.0,1,0,1,2,1,1,2,1,1,107
EXACT_RANK_2,2,500,8000,16,0,2,1,1.0,1,0,1,3,0,1,2,1,1,107
EXACT_RANK_2,2,1000,16000,16,0,2,1,1.0,15,0,1,3,0,1,2,1,1,107
EXACT_RANK_2,2,5000,80000,16,0,2,1,1.0,15,0,1,3,0,1,2,1,1,107
EXACT_RANK_2,2,50,800,16,0,2,1,1.0,15,0,1,3,0,1,2,1,1,108
EXACT_RANK_2,2,100,1600,16,0,2,1,1.0,1,0,1,3,0,1,2,1,1,108
EXACT_RANK_2,2,200,3200,16,0,2,1,1.0,15,0,1,3,0,1,2,1,1,108
EXACT_RANK_2,2,500,8000,16,0,2,1,1.0,2,1,1,3,0,1,2,1,1,108
EXACT_RANK_2,2,1000,16000,16,0,2,1,1.0,2,1,1,3,0,1,2,1,1,108
EXACT_RANK_2,2,5000,80000,16,0,2,1,1.0,2,1,1,3,0,1,2,1,1,108
EXACT_RANK_2,2,50,800,16,0,2,1,1.0,14,0,1,3,0,1,2,1,1,109
EXACT_RANK_2,2,100,1600,16,0,2,1,1.0,2,1,1,3,0,1,2,1,1,109
EXACT_RANK_2,2,200,3200,16,0,2,1,1.0,2,1,1,3,0,1,2,1,1,109
EXACT_RANK_2,2,500,8000,16,0,2,1,1.0,2,1,1,3,0,1,2,1,1,109
EXACT_RANK_2,2,1000,16000,16,0,2,1,1.0,2,1,1,3,0,1,2,1,1,109
EXACT_RANK_2,2,5000,80000,16,0,2,1,1.0,2,1,1,3,0,1,2,1,1,109
EXACT_RANK_2,2,50,800,16,0,1,1,0.5,1,0,1,2,1,1,1,0,1,110
EXACT_RANK_2,2,100,1600,16,0,1,1,0.5,1,0,1,2,1,1,1,0,1,110
EXACT_RANK_2,2,200,3200,16,0,1,1,0.5,15,0,1,2,1,1,1,0,1,110
EXACT_RANK_2,2,500,8000,16,0,2,1,1.0,1,0,1,2,1,1,2,1,1,110
EXACT_RANK_2,2,1000,16000,16,0,2,1,1.0,1,0,1,2,1,1,2,1,1,110
EXACT_RANK_2,2,5000,80000,16,0,2,1,1.0,1,0,1,3,0,1,2,1,1,110
EXACT_RANK_2,2,50,800,16,0,2,1,1.0,15,0,1,3,0,1,1,0,1,111
EXACT_RANK_2,2,100,1600,16,0,2,1,1.0,15,0,1,3,0,1,2,1,1,111
EXACT_RANK_2,2,200,3200,16,0,2,1,1.0,15,0,1,3,0,1,2,1,1,111
EXACT_RANK_2,2,500,8000,16,0,2,1,1.0,15,0,1,3,0,1,2,1,1,111
EXACT_RANK_2,2,1000,16000,16,0,2,1,1.0,2,1,1,3,0,1,2,1,1,111
EXACT_RANK_2,2,5000,80000,16,0,2,1,1.0,2,1,1,3,0,1,2,1,1,111
EXACT_RANK_2,2,50,800,16,0,2,1,1.0,15,0,1,3,0,1,2,1,1,112
EXACT_RANK_2,2,100,1600,16,0,2,1,1.0,15,0,1,3,0,1,2,1,1,112
EXACT_RANK_2,2,200,3200,16,0,2,1,1.0,2,1,1,3,0,1,2,1,1,112
EXACT_RANK_2,2,500,8000,16,0,2,1,1.0,2,1,1,3,0,1,2,1,1,112
EXACT_RANK_2,2,1000,16000,16,0,2,1,1.0,2,1,1,3,0,1,2,1,1,112
EXACT_RANK_2,2,5000,80000,16,0,2,1,1.0,2,1,1,3,0,1,2,1,1,112
EXACT_RANK_2,2,50,800,16,0,2,1,1.0,15,0,1,3,0,1,2,1,1,113
EXACT_RANK_2,2,100,1600,16,0,2,1,1.0,1,0,1,3,0,1,2,1,1,113
EXACT_RANK_2,2,200,3200,16,0,2,1,1.0,15,0,1,3,0,1,2,1,1,113
EXACT_RANK_2,2,500,8000,16,0,2,1,1.0,1,0,1,3,0,1,2,1,1,113
EXACT_RANK_2,2,1000,16000,16,0,2,1,1.0,15,0,1,3,0,1,2,1,1,113
EXACT_RANK_2,2,5000,80000,16,0,2,1,1.0,15,0,1,3,0,1,2,1,1,113
EXACT_RANK_2,2,50,800,16,0,2,1,1.0,1,0,1,3,0,1,2,1,1,114
EXACT_RANK_2,2,100,1600,16,0,2,1,1.0,15,0,1,3,0,1,2,1,1,114
EXACT_RANK_2,2,200,3200,16,0,2,1,1.0,2,1,1,3,0,1,2,1,1,114
EXACT_RANK_2,2,500,8000,16,0,2,1,1.0,2,1,1,3,0,1,2,1,1,114
EXACT_RANK_2,2,1000,16000,16,0,2,1,1.0,15,0,1,3,0,1,2,1,1,114
EXACT_RANK_2,2,5000,80000,16,0,2,1,1.0,2,1,1,3,0,1,2,1,1,114
EXACT_RANK_2,2,50,800,16,0,2,1,1.0,14,0,1,3,0,1,2,1,1,115
EXACT_RANK_2,2,100,1600,16,0,2,1,1.0,14,0,1,3,0,1,2,1,1,115
EXACT_RANK_2,2,200,3200,16,0,2,1,1.0,15,0,1,3,0,1,2,1,1,115
EXACT_RANK_2,2,500,8000,16,0,2,1,1.0,2,1,1,3,0,1,2,1,1,115
EXACT_RANK_2,2,1000,16000,16,0,2,1,1.0,2,1,1,3,0,1,2,1,1,115
EXACT_RANK_2,2,5000,80000,16,0,2,1,1.0,2,1,1,3,0,1,2,1,1,115
EXACT_RANK_2,2,50,800,16,0,1,1,0.5,15,0,1,2,1,1,1,0,1,116
EXACT_RANK_2,2,100,1600,16,0,1,1,0.5,15,0,1,2,1,1,1,0,1,116
EXACT_RANK_2,2,200,3200,16,0,1,1,0.5,1,0,1,2,1,1,1,0,1,116
EXACT_RANK_2,2,500,8000,16,0,2,1,1.0,1,0,1,2,1,1,2,1,1,116
EXACT_RANK_2,2,1000,16000,16,0,2,1,1.0,1,0,1,2,1,1,2,1,1,116
EXACT_RANK_2,2,5000,80000,16,0,2,1,1.0,1,0,1,3,0,1,2,1,1,116
EXACT_RANK_2,2,50,800,16,0,1,1,0.5,15,0,1,2,1,1,2,1,1,117
EXACT_RANK_2,2,100,1600,16,0,2,1,1.0,1,0,1,3,0,1,2,1,1,117
EXACT_RANK_2,2,200,3200,16,0,2,1,1.0,15,0,1,3,0,1,2,1,1,117
EXACT_RANK_2,2,500,8000,16,0,2,1,1.0,1,0,1,3,0,1,2,1,1,117
EXACT_RANK_2,2,1000,16000,16,0,2,1,1.0,1,0,1,3,0,1,2,1,1,117
EXACT_RANK_2,2,5000,80000,16,0,2,1,1.0,15,0,1,3,0,1,2,1,1,117
EXACT_RANK_2,2,50,800,16,0,2,1,1.0,15,0,1,3,0,1,2,1,1,118
EXACT_RANK_2,2,100,1600,16,0,2,1,1.0,2,1,1,3,0,1,2,1,1,118
EXACT_RANK_2,2,200,3200,16,0,2,1,1.0,2,1,1,3,0,1,2,1,1,118
EXACT_RANK_2,2,500,8000,16,0,2,1,1.0,2,1,1,3,0,1,2,1,1,118
EXACT_RANK_2,2,1000,16000,16,0,2,1,1.0,2,1,1,3,0,1,2,1,1,118
EXACT_RANK_2,2,5000,80000,16,0,2,1,1.0,2,1,1,3,0,1,2,1,1,118
EXACT_RANK_2,2,50,800,16,0,2,1,1.0,15,0,1,3,0,1,2,1,1,119
EXACT_RANK_2,2,100,1600,16,0,2,1,1.0,2,1,1,3,0,1,2,1,1,119
EXACT_RANK_2,2,200,3200,16,0,2,1,1.0,15,0,1,3,0,1,2,1,1,119
EXACT_RANK_2,2,500,8000,16,0,2,1,1.0,2,1,1,3,0,1,2,1,1,119
EXACT_RANK_2,2,1000,16000,16,0,2,1,1.0,15,0,1,3,0,1,2,1,1,119
EXACT_RANK_2,2,5000,80000,16,0,2,1,1.0,2,1,1,3,0,1,2,1,1,119
EXACT_RANK_2,2,50,800,16,0,2,1,1.0,15,0,1,3,0,1,2,1,1,120
EXACT_RANK_2,2,100,1600,16,0,2,1,1.0,2,1,1,3,0,1,2,1,1,120
EXACT_RANK_2,2,200,3200,16,0,2,1,1.0,2,1,1,3,0,1,2,1,1,120
EXACT_RANK_2,2,500,8000,16,0,2,1,1.0,2,1,1,3,0,1,2,1,1,120
EXACT_RANK_2,2,1000,16000,16,0,2,1,1.0,2,1,1,3,0,1,2,1,1,120
EXACT_RANK_2,2,5000,80000,16,0,2,1,1.0,2,1,1,3,0,1,2,1,1,120
EXACT_RANK_2,2,50,800,16,0,1,1,0.5,15,0,1,2,1,1,1,0,1,121
EXACT_RANK_2,2,100,1600,16,0,2,1,1.0,1,0,1,3,0,1,2,1,1,121
EXACT_RANK_2,2,200,3200,16,0,2,1,1.0,1,0,1,3,0,1,2,1,1,121
EXACT_RANK_2,2,500,8000,16,0,2,1,1.0,15,0,1,3,0,1,2,1,1,121
EXACT_RANK_2,2,1000,16000,16,0,2,1,1.0,2,1,1,3,0,1,2,1,1,121
EXACT_RANK_2,2,5000,80000,16,0,2,1,1.0,2,1,1,3,0,1,2,1,1,121
EXACT_RANK_2,2,50,800,16,0,2,1,1.0,15,0,1,3,0,1,2,1,1,122
EXACT_RANK_2,2,100,1600,16,0,2,1,1.0,15,0,1,3,0,1,2,1,1,122
EXACT_RANK_2,2,200,3200,16,0,2,1,1.0,15,0,1,3,0,1,2,1,1,122
EXACT_RANK_2,2,500,8000,16,0,2,1,1.0,2,1,1,3,0,1,2,1,1,122
EXACT_RANK_2,2,1000,16000,16,0,2,1,1.0,15,0,1,3,0,1,2,1,1,122
EXACT_RANK_2,2,5000,80000,16,0,2,1,1.0,2,1,1,3,0,1,2,1,1,122
EXACT_RANK_2,2,50,800,16,0,1,1,0.5,1,0,1,2,1,1,1,0,1,123
EXACT_RANK_2,2,100,1600,16,0,1,1,0.5,15,0,1,2,1,1,1,0,1,123
EXACT_RANK_2,2,200,3200,16,0,1,1,0.5,15,0,1,2,1,1,1,0,1,123
EXACT_RANK_2,2,500,8000,16,0,2,1,1.0,1,0,1,2,1,1,2,1,1,123
EXACT_RANK_2,2,1000,16000,16,0,2,1,1.0,1,0,1,2,1,1,2,1,1,123
EXACT_RANK_2,2,5000,80000,16,0,2,1,1.0,1,0,1,3,0,1,2,1,1,123
EXACT_RANK_2,2,50,800,16,0,2,1,1.0,15,0,1,3,0,1,2,1,1,124
EXACT_RANK_2,2,100,1600,16,0,2,1,1.0,2,1,1,3,0,1,2,1,1,124
EXACT_RANK_2,2,200,3200,16,0,2,1,1.0,2,1,1,3,0,1,2,1,1,124
EXACT_RANK_2,2,500,8000,16,0,2,1,1.0,2,1,1,3,0,1,2,1,1,124
EXACT_RANK_2,2,1000,16000,16,0,2,1,1.0,2,1,1,3,0,1,2,1,1,124
EXACT_RANK_2,2,5000,80000,16,0,2,1,1.0,2,1,1,3,0,1,2,1,1,124
EXACT_RANK_2,2,50,800,16,0,2,1,1.0,15,0,1,3,0,1,2,1,1,125
EXACT_RANK_2,2,100,1600,16,0,2,1,1.0,15,0,1,3,0,1,2,1,1,125
EXACT_RANK_2,2,200,3200,16,0,2,1,1.0,15,0,1,3,0,1,2,1,1,125
EXACT_RANK_2,2,500,8000,16,0,2,1,1.0,15,0,1,3,0,1,2,1,1,125
EXACT_RANK_2,2,1000,16000,16,0,2,1,1.0,2,1,1,3,0,1,2,1,1,125
EXACT_RANK_2,2,5000,80000,16,0,2,1,1.0,2,1,1,3,0,1,2,1,1,125
EXACT_RANK_2,2,50,800,16,0,1,1,0.5,15,0,1,2,1,1,1,0,1,126
EXACT_RANK_2,2,100,1600,16,0,2,1,1.0,1,0,1,2,1,1,1,0,1,126
EXACT_RANK_2,2,200,3200,16,0,2,1,1.0,1,0,1,3,0,1,2,1,1,126
EXACT_RANK_2,2,500,8000,16,0,2,1,1.0,15,0,1,3,0,1,2,1,1,126
EXACT_RANK_2,2,1000,16000,16,0,2,1,1.0,1,0,1,3,0,1,2,1,1,126
EXACT_RANK_2,2,5000,80000,16,0,2,1,1.0,2,1,1,3,0,1,2,1,1,126
EXACT_RANK_2,2,50,800,16,0,1,1,0.5,1,0,1,2,1,1,1,0,1,127
EXACT_RANK_2,2,100,1600,16,0,2,1,1.0,15,0,1,2,1,1,2,1,1,127
EXACT_RANK_2,2,200,3200,16,0,2,1,1.0,15,0,1,3,0,1,2,1,1,127
EXACT_RANK_2,2,500,8000,16,0,2,1,1.0,15,0,1,3,0,1,2,1,1,127
EXACT_RANK_2,2,1000,16000,16,0,2,1,1.0,15,0,1,3,0,1,2,1,1,127
EXACT_RANK_2,2,5000,80000,16,0,2,1,1.0,2,1,1,3,0,1,2,1,1,127
EXACT_RANK_2,2,50,800,16,0,2,1,1.0,15,0,1,4,0,1,2,1,1,128
EXACT_RANK_2,2,100,1600,16,0,2,1,1.0,2,1,1,3,0,1,2,1,1,128
EXACT_RANK_2,2,200,3200,16,0,2,1,1.0,15,0,1,3,0,1,2,1,1,128
EXACT_RANK_2,2,500,8000,16,0,2,1,1.0,2,1,1,3,0,1,2,1,1,128
EXACT_RANK_2,2,1000,16000,16,0,2,1,1.0,2,1,1,3,0,1,2,1,1,128
EXACT_RANK_2,2,5000,80000,16,0,2,1,1.0,15,0,1,3,0,1,2,1,1,128
EXACT_RANK_2,2,50,800,16,0,2,1,1.0,15,0,1,3,0,1,2,1,1,129
EXACT_RANK_2,2,100,1600,16,0,2,1,1.0,15,0,1,3,0,1,2,1,1,129
EXACT_RANK_2,2,200,3200,16,0,2,1,1.0,2,1,1,3,0,1,2,1,1,129
EXACT_RANK_2,2,500,8000,16,0,2,1,1.0,2,1,1,3,0,1,2,1,1,129
EXACT_RANK_2,2,1000,16000,16,0,2,1,1.0,2,1,1,3,0,1,2,1,1,129
EXACT_RANK_2,2,5000,80000,16,0,2,1,1.0,2,1,1,3,0,1,2,1,1,129
EXACT_RANK_2,2,50,800,16,0,1,1,0.5,15,0,1,2,1,1,1,0,1,130
EXACT_RANK_2,2,100,1600,16,0,1,1,0.5,1,0,1,2,1,1,1,0,1,130
EXACT_RANK_2,2,200,3200,16,0,1,1,0.5,1,0,1,2,1,1,1,0,1,130
EXACT_RANK_2,2,500,8000,16,0,1,1,0.5,1,0,1,2,1,1,1,0,1,130
EXACT_RANK_2,2,1000,16000,16,0,2,1,1.0,1,0,1,2,1,1,2,1,1,130
EXACT_RANK_2,2,5000,80000,16,0,2,1,1.0,15,0,1,2,1,1,2,1,1,130
EXACT_RANK_2,2,50,800,16,0,1,1,0.5,1,0,1,2,1,1,1,0,1,131
EXACT_RANK_2,2,100,1600,16,0,1,1,0.5,1,0,1,2,1,1,1,0,1,131
EXACT_RANK_2,2,200,3200,16,0,1,1,0.5,15,0,1,2,1,1,1,0,1,131
EXACT_RANK_2,2,500,8000,16,0,1,1,0.5,1,0,1,2,1,1,1,0,1,131
EXACT_RANK_2,2,1000,16000,16,0,2,1,1.0,1,0,1,2,1,1,1,0,1,131
EXACT_RANK_2,2,5000,80000,16,0,2,1,1.0,1,0,1,2,1,1,2,1,1,131
EXACT_RANK_2,2,50,800,16,0,2,1,1.0,15,0,1,3,0,1,2,1,1,132
EXACT_RANK_2,2,100,1600,16,0,2,1,1.0,15,0,1,3,0,1,2,1,1,132
EXACT_RANK_2,2,200,3200,16,0,2,1,1.0,15,0,1,3,0,1,2,1,1,132
EXACT_RANK_2,2,500,8000,16,0,2,1,1.0,2,1,1,3,0,1,2,1,1,132
EXACT_RANK_2,2,1000,16000,16,0,2,1,1.0,2,1,1,3,0,1,2,1,1,132
EXACT_RANK_2,2,5000,80000,16,0,2,1,1.0,2,1,1,3,0,1,2,1,1,132
EXACT_RANK_2,2,50,800,16,0,1,1,0.5,15,0,1,2,1,1,1,0,1,133
EXACT_RANK_2,2,100,1600,16,0,1,1,0.5,15,0,1,2,1,1,1,0,1,133
EXACT_RANK_2,2,200,3200,16,0,1,1,0.5,1,0,1,2,1,1,1,0,1,133
EXACT_RANK_2,2,500,8000,16,0,1,1,0.5,15,0,1,2,1,1,1,0,1,133
EXACT_RANK_2,2,1000,16000,16,0,1,1,0.5,1,0,1,2,1,1,1,0,1,133
EXACT_RANK_2,2,5000,80000,16,0,2,1,1.0,1,0,1,2,1,1,2,1,1,133
EXACT_RANK_2,2,50,800,16,0,1,1,0.5,1,0,1,2,1,1,1,0,1,134
EXACT_RANK_2,2,100,1600,16,0,1,1,0.5,1,0,1,2,1,1,2,1,1,134
EXACT_RANK_2,2,200,3200,16,0,1,1,0.5,1,0,1,2,1,1,3,0,1,134
EXACT_RANK_2,2,500,8000,16,0,2,1,1.0,15,0,1,2,1,1,2,1,1,134
EXACT_RANK_2,2,1000,16000,16,0,2,1,1.0,1,0,1,2,1,1,2,1,1,134
EXACT_RANK_2,2,5000,80000,16,0,2,1,1.0,1,0,1,2,1,1,3,0,1,134
EXACT_RANK_2,2,50,800,16,0,1,1,0.5,1,0,1,2,1,1,1,0,1,135
EXACT_RANK_2,2,100,1600,16,0,1,1,0.5,15,0,1,2,1,1,1,0,1,135
EXACT_RANK_2,2,200,3200,16,0,2,1,1.0,1,0,1,2,1,1,2,1,1,135
EXACT_RANK_2,2,500,8000,16,0,2,1,1.0,1,0,1,2,1,1,2,1,1,135
EXACT_RANK_2,2,1000,16000,16,0,2,1,1.0,1,0,1,2,1,1,2,1,1,135
EXACT_RANK_2,2,5000,80000,16,0,2,1,1.0,1,0,1,3,0,1,2,1,1,135
EXACT_RANK_2,2,50,800,16,0,1,1,0.5,1,0,1,2,1,1,1,0,1,136
EXACT_RANK_2,2,100,1600,16,0,1,1,0.5,15,0,1,2,1,1,1,0,1,136
EXACT_RANK_2,2,200,3200,16,0,1,1,0.5,1,0,1,2,1,1,1,0,1,136
EXACT_RANK_2,2,500,8000,16,0,1,1,0.5,1,0,1,2,1,1,1,0,1,136
EXACT_RANK_2,2,1000,16000,16,0,1,1,0.5,1,0,1,2,1,1,1,0,1,136
EXACT_RANK_2,2,5000,80000,16,0,2,1,1.0,1,0,1,2,1,1,2,1,1,136
EXACT_RANK_2,2,50,800,16,0,1,1,0.5,15,0,1,2,1,1,2,1,1,137
EXACT_RANK_2,2,100,1600,16,0,2,1,1.0,15,0,1,3,0,1,2,1,1,137
EXACT_RANK_2,2,200,3200,16,0,2,1,1.0,1,0,1,3,0,1,2,1,1,137
EXACT_RANK_2,2,500,8000,16,0,2,1,1.0,1,0,1,3,0,1,2,1,1,137
EXACT_RANK_2,2,1000,16000,16,0,2,1,1.0,14,0,1,3,0,1,2,1,1,137
EXACT_RANK_2,2,5000,80000,16,0,2,1,1.0,2,1,1,3,0,1,2,1,1,137
EXACT_RANK_2,2,50,800,16,0,1,1,0.5,15,0,1,2,1,1,1,0,1,138
EXACT_RANK_2,2,100,1600,16,0,1,1,0.5,15,0,1,2,1,1,1,0,1,138
EXACT_RANK_2,2,200,3200,16,0,1,1,0.5,1,0,1,2,1,1,1,0,1,138
EXACT_RANK_2,2,500,8000,16,0,1,1,0.5,1,0,1,2,1,1,1,0,1,138
EXACT_RANK_2,2,1000,16000,16,0,1,1,0.5,1,0,1,2,1,1,1,0,1,138
EXACT_RANK_2,2,5000,80000,16,0,1,1,0.5,1,0,1,2,1,1,1,0,1,138
EXACT_RANK_2,2,50,800,16,0,1,1,0.5,15,0,1,2,1,1,1,0,1,139
EXACT_RANK_2,2,100,1600,16,0,1,1,0.5,1,0,1,2,1,1,1,0,1,139
EXACT_RANK_2,2,200,3200,16,0,1,1,0.5,1,0,1,2,1,1,1,0,1,139
EXACT_RANK_2,2,500,8000,16,0,2,1,1.0,1,0,1,2,1,1,2,1,1,139
EXACT_RANK_2,2,1000,16000,16,0,2,1,1.0,1,0,1,2,1,1,2,1,1,139
EXACT_RANK_2,2,5000,80000,16,0,2,1,1.0,15,0,1,3,0,1,2,1,1,139
EXACT_RANK_2,2,50,800,16,0,2,1,1.0,15,0,1,3,0,1,2,1,1,140
EXACT_RANK_2,2,100,1600,16,0,2,1,1.0,1,0,1,3,0,1,2,1,1,140
EXACT_RANK_2,2,200,3200,16,0,2,1,1.0,15,0,1,3,0,1,2,1,1,140
EXACT_RANK_2,2,500,8000,16,0,2,1,1.0,1,0,1,3,0,1,2,1,1,140
EXACT_RANK_2,2,1000,16000,16,0,2,1,1.0,1,0,1,3,0,1,2,1,1,140
EXACT_RANK_2,2,5000,80000,16,0,2,1,1.0,2,1,1,3,0,1,2,1,1,140
EXACT_RANK_2,2,50,800,16,0,1,1,0.5,15,0,1,2,1,1,1,0,1,141
EXACT_RANK_2,2,100,1600,16,0,1,1,0.5,1,0,1,2,1,1,1,0,1,141
EXACT_RANK_2,2,200,3200,16,0,1,1,0.5,1,0,1,2,1,1,1,0,1,141
EXACT_RANK_2,2,500,8000,16,0,1,1,0.5,15,0,1,2,1,1,1,0,1,141
EXACT_RANK_2,2,1000,16000,16,0,2,1,1.0,1,0,1,2,1,1,2,1,1,141
EXACT_RANK_2,2,5000,80000,16,0,2,1,1.0,15,0,1,2,1,1,2,1,1,141
EXACT_RANK_2,2,50,800,16,0,2,1,1.0,2,1,1,3,0,1,2,1,1,142
EXACT_RANK_2,2,100,1600,16,0,2,1,1.0,15,0,1,3,0,1,2,1,1,142
EXACT_RANK_2,2,200,3200,16,0,2,1,1.0,2,1,1,3,0,1,2,1,1,142
EXACT_RANK_2,2,500,8000,16,0,2,1,1.0,15,0,1,3,0,1,2,1,1,142
EXACT_RANK_2,2,1000,16000,16,0,2,1,1.0,2,1,1,3,0,1,2,1,1,142
EXACT_RANK_2,2,5000,80000,16,0,2,1,1.0,2,1,1,3,0,1,2,1,1,142
EXACT_RANK_2,2,50,800,16,0,2,1,1.0,15,0,1,3,0,1,2,1,1,143
EXACT_RANK_2,2,100,1600,16,0,2,1,1.0,15,0,1,3,0,1,2,1,1,143
EXACT_RANK_2,2,200,3200,16,0,2,1,1.0,15,0,1,3,0,1,2,1,1,143
EXACT_RANK_2,2,500,8000,16,0,2,1,1.0,15,0,1,3,0,1,2,1,1,143
EXACT_RANK_2,2,1000,16000,16,0,2,1,1.0,2,1,1,3,0,1,2,1,1,143
EXACT_RANK_2,2,5000,80000,16,0,2,1,1.0,15,0,1,3,0,1,2,1,1,143
EXACT_RANK_2,2,50,800,16,0,1,1,0.5,15,0,1,2,1,1,1,0,1,144
EXACT_RANK_2,2,100,1600,16,0,2,1,1.0,1,0,1,3,0,1,2,1,1,144
EXACT_RANK_2,2,200,3200,16,0,2,1,1.0,1,0,1,3,0,1,2,1,1,144
EXACT_RANK_2,2,500,8000,16,0,2,1,1.0,15,0,1,3,0,1,2,1,1,144
EXACT_RANK_2,2,1000,16000,16,0,2,1,1.0,2,1,1,3,0,1,2,1,1,144
EXACT_RANK_2,2,5000,80000,16,0,2,1,1.0,2,1,1,3,0,1,2,1,1,144
EXACT_RANK_2,2,50,800,16,0,1,1,0.5,14,0,1,2,1,1,1,0,1,145
EXACT_RANK_2,2,100,1600,16,0,1,1,0.5,15,0,1,2,1,1,1,0,1,145
EXACT_RANK_2,2,200,3200,16,0,2,1,1.0,1,0,1,2,1,1,1,0,1,145
EXACT_RANK_2,2,500,8000,16,0,2,1,1.0,1,0,1,2,1,1,2,1,1,145
EXACT_RANK_2,2,1000,16000,16,0,2,1,1.0,1,0,1,2,1,1,2,1,1,145
EXACT_RANK_2,2,5000,80000,16,0,2,1,1.0,1,0,1,3,0,1,2,1,1,145
EXACT_RANK_2,2,50,800,16,0,1,1,0.5,1,0,1,2,1,1,3,0,1,146
EXACT_RANK_2,2,100,1600,16,0,1,1,0.5,1,0,1,2,1,1,2,1,1,146
EXACT_RANK_2,2,200,3200,16,0,1,1,0.5,1,0,1,2,1,1,2,1,1,146
EXACT_RANK_2,2,500,8000,16,0,1,1,0.5,1,0,1,2,1,1,2,1,1,146
EXACT_RANK_2,2,1000,16000,16,0,1,1,0.5,1,0,1,2,1,1,2,1,1,146
EXACT_RANK_2,2,5000,80000,16,0,1,1,0.5,1,0,1,2,1,1,1,0,1,146
EXACT_RANK_2,2,50,800,16,0,2,1,1.0,15,0,1,3,0,1,2,1,1,147
EXACT_RANK_2,2,100,1600,16,0,2,1,1.0,1,0,1,3,0,1,2,1,1,147
EXACT_RANK_2,2,200,3200,16,0,2,1,1.0,15,0,1,3,0,1,2,1,1,147
EXACT_RANK_2,2,500,8000,16,0,2,1,1.0,15,0,1,3,0,1,2,1,1,147
EXACT_RANK_2,2,1000,16000,16,0,2,1,1.0,2,1,1,3,0,1,2,1,1,147
EXACT_RANK_2,2,5000,80000,16,0,2,1,1.0,2,1,1,3,0,1,2,1,1,147
EXACT_RANK_2,2,50,800,16,0,1,1,0.5,1,0,1,2,1,1,1,0,1,148
EXACT_RANK_2,2,100,1600,16,0,1,1,0.5,1,0,1,2,1,1,1,0,1,148
EXACT_RANK_2,2,200,3200,16,0,1,1,0.5,1,0,1,2,1,1,1,0,1,148
EXACT_RANK_2,2,500,8000,16,0,1,1,0.5,1,0,1,2,1,1,1,0,1,148
EXACT_RANK_2,2,1000,16000,16,0,1,1,0.5,1,0,1,2,1,1,1,0,1,148
EXACT_RANK_2,2,5000,80000,16,0,1,1,0.5,1,0,1,2,1,1,1,0,1,148
EXACT_RANK_2,2,50,800,16,0,2,1,1.0,14,0,1,3,0,1,2,1,1,149
EXACT_RANK_2,2,100,1600,16,0,2,1,1.0,2,1,1,3,0,1,2,1,1,149
EXACT_RANK_2,2,200,3200,16,0,2,1,1.0,15,0,1,3,0,1,2,1,1,149
EXACT_RANK_2,2,500,8000,16,0,2,1,1.0,15,0,1,3,0,1,2,1,1,149
EXACT_RANK_2,2,1000,16000,16,0,2,1,1.0,15,0,1,3,0,1,2,1,1,149
EXACT_RANK_2,2,5000,80000,16,0,2,1,1.0,2,1,1,3,0,1,2,1,1,149
EXACT_RANK_4,4,50,800,16,0,2,1,0.5,14,0,1,4,1,1,2,0,1,0
EXACT_RANK_4,4,100,1600,16,0,2,1,0.5,15,0,1,3,0,1,2,0,1,0
EXACT_RANK_4,4,200,3200,16,0,3,1,0.75,15,0,1,4,1,1,3,0,1,0
EXACT_RANK_4,4,500,8000,16,0,3,1,0.75,15,0,1,4,1,1,3,0,1,0
EXACT_RANK_4,4,1000,16000,16,0,3,1,0.75,15,0,1,4,1,1,3,0,1,0
EXACT_RANK_4,4,5000,80000,16,0,4,1,1.0,15,0,1,4,1,1,4,1,1,0
EXACT_RANK_4,4,50,800,16,0,2,1,0.5,15,0,1,3,0,1,2,0,1,1
EXACT_RANK_4,4,100,1600,16,0,3,1,0.75,15,0,1,4,1,1,2,0,1,1
EXACT_RANK_4,4,200,3200,16,0,3,1,0.75,15,0,1,4,1,1,3,0,1,1
EXACT_RANK_4,4,500,8000,16,0,3,1,0.75,15,0,1,4,1,1,3,0,1,1
EXACT_RANK_4,4,1000,16000,16,0,3,1,0.75,15,0,1,4,1,1,3,0,1,1
EXACT_RANK_4,4,5000,80000,16,0,4,1,1.0,3,0,1,4,1,1,4,1,1,1
EXACT_RANK_4,4,50,800,16,0,2,1,0.5,15,0,1,3,0,1,2,0,1,2
EXACT_RANK_4,4,100,1600,16,0,3,1,0.75,15,0,1,4,1,1,2,0,1,2
EXACT_RANK_4,4,200,3200,16,0,3,1,0.75,15,0,1,3,0,1,2,0,1,2
EXACT_RANK_4,4,500,8000,16,0,3,1,0.75,15,0,1,3,0,1,3,0,1,2
EXACT_RANK_4,4,1000,16000,16,0,4,1,1.0,14,0,1,3,0,1,4,1,1,2
EXACT_RANK_4,4,5000,80000,16,0,4,1,1.0,15,0,1,3,0,1,4,1,1,2
EXACT_RANK_4,4,50,800,16,0,2,1,0.5,1,0,1,3,0,1,2,0,1,3
EXACT_RANK_4,4,100,1600,16,0,2,1,0.5,15,0,1,3,0,1,2,0,1,3
EXACT_RANK_4,4,200,3200,16,0,2,1,0.5,2,0,1,3,0,1,2,0,1,3
EXACT_RANK_4,4,500,8000,16,0,3,1,0.75,15,0,1,3,0,1,3,0,1,3
EXACT_RANK_4,4,1000,16000,16,0,3,1,0.75,2,0,1,4,1,1,3,0,1,3
EXACT_RANK_4,4,5000,80000,16,0,4,1,1.0,15,0,1,4,1,1,4,1,1,3
EXACT_RANK_4,4,50,800,16,0,2,1,0.5,15,0,1,4,1,1,2,0,1,4
EXACT_RANK_4,4,100,1600,16,0,3,1,0.75,15,0,1,4,1,1,3,0,1,4
EXACT_RANK_4,4,200,3200,16,0,3,1,0.75,2,0,1,4,1,1,3,0,1,4
EXACT_RANK_4,4,500,8000,16,0,3,1,0.75,3,0,1,4,1,1,3,0,1,4
EXACT_RANK_4,4,1000,16000,16,0,3,1,0.75,15,0,1,4,1,1,3,0,1,4
EXACT_RANK_4,4,5000,80000,16,0,4,1,1.0,3,0,1,4,1,1,4,1,1,4
EXACT_RANK_4,4,50,800,16,0,3,1,0.75,14,0,1,4,1,1,3,0,1,5
EXACT_RANK_4,4,100,1600,16,0,3,1,0.75,3,0,1,4,1,1,3,0,1,5
EXACT_RANK_4,4,200,3200,16,0,3,1,0.75,15,0,1,4,1,1,3,0,1,5
EXACT_RANK_4,4,500,8000,16,0,3,1,0.75,3,0,1,4,1,1,3,0,1,5
EXACT_RANK_4,4,1000,16000,16,0,4,1,1.0,3,0,1,4,1,1,3,0,1,5
EXACT_RANK_4,4,5000,80000,16,0,4,1,1.0,3,0,1,4,1,1,4,1,1,5
EXACT_RANK_4,4,50,800,16,0,2,1,0.5,15,0,1,3,0,1,2,0,1,6
EXACT_RANK_4,4,100,1600,16,0,2,1,0.5,15,0,1,3,0,1,2,0,1,6
EXACT_RANK_4,4,200,3200,16,0,3,1,0.75,15,0,1,3,0,1,2,0,1,6
EXACT_RANK_4,4,500,8000,16,0,3,1,0.75,1,0,1,4,1,1,3,0,1,6
EXACT_RANK_4,4,1000,16000,16,0,4,1,1.0,14,0,1,4,1,1,3,0,1,6
EXACT_RANK_4,4,5000,80000,16,0,4,1,1.0,15,0,1,4,1,1,4,1,1,6
EXACT_RANK_4,4,50,800,16,0,3,1,0.75,1,0,1,4,1,1,3,0,1,7
EXACT_RANK_4,4,100,1600,16,0,3,1,0.75,15,0,1,4,1,1,3,0,1,7
EXACT_RANK_4,4,200,3200,16,0,3,1,0.75,13,0,1,4,1,1,3,0,1,7
EXACT_RANK_4,4,500,8000,16,0,4,1,1.0,15,0,1,4,1,1,4,1,1,7
EXACT_RANK_4,4,1000,16000,16,0,4,1,1.0,15,0,1,4,1,1,4,1,1,7
EXACT_RANK_4,4,5000,80000,16,0,4,1,1.0,15,0,1,5,0,1,4,1,1,7
EXACT_RANK_4,4,50,800,16,0,3,1,0.75,15,0,1,4,1,1,3,0,1,8
EXACT_RANK_4,4,100,1600,16,0,3,1,0.75,14,0,1,4,1,1,3,0,1,8
EXACT_RANK_4,4,200,3200,16,0,3,1,0.75,14,0,1,4,1,1,3,0,1,8
EXACT_RANK_4,4,500,8000,16,0,3,1,0.75,3,0,1,4,1,1,3,0,1,8
EXACT_RANK_4,4,1000,16000,16,0,4,1,1.0,15,0,1,4,1,1,3,0,1,8
EXACT_RANK_4,4,5000,80000,16,0,4,1,1.0,3,0,1,4,1,1,4,1,1,8
EXACT_RANK_4,4,50,800,16,0,2,1,0.5,2,0,1,3,0,1,2,0,1,9
EXACT_RANK_4,4,100,1600,16,0,2,1,0.5,2,0,1,3,0,1,2,0,1,9
EXACT_RANK_4,4,200,3200,16,0,3,1,0.75,2,0,1,3,0,1,3,0,1,9
EXACT_RANK_4,4,500,8000,16,0,3,1,0.75,15,0,1,4,1,1,3,0,1,9
EXACT_RANK_4,4,1000,16000,16,0,3,1,0.75,2,0,1,4,1,1,4,1,1,9
EXACT_RANK_4,4,5000,80000,16,0,4,1,1.0,2,0,1,4,1,1,4,1,1,9
EXACT_RANK_4,4,50,800,16,0,3,1,0.75,1,0,1,4,1,1,3,0,1,10
EXACT_RANK_4,4,100,1600,16,0,3,1,0.75,15,0,1,4,1,1,3,0,1,10
EXACT_RANK_4,4,200,3200,16,0,3,1,0.75,1,0,1,4,1,1,3,0,1,10
EXACT_RANK_4,4,500,8000,16,0,3,1,0.75,3,0,1,4,1,1,3,0,1,10
EXACT_RANK_4,4,1000,16000,16,0,3,1,0.75,3,0,1,4,1,1,3,0,1,10
EXACT_RANK_4,4,5000,80000,16,0,3,1,0.75,3,0,1,4,1,1,3,0,1,10
EXACT_RANK_4,4,50,800,16,0,3,1,0.75,1,0,1,4,1,1,3,0,1,11
EXACT_RANK_4,4,100,1600,16,0,3,1,0.75,1,0,1,4,1,1,3,0,1,11
EXACT_RANK_4,4,200,3200,16,0,3,1,0.75,15,0,1,4,1,1,3,0,1,11
EXACT_RANK_4,4,500,8000,16,0,3,1,0.75,15,0,1,4,1,1,3,0,1,11
EXACT_RANK_4,4,1000,16000,16,0,3,1,0.75,3,0,1,4,1,1,3,0,1,11
EXACT_RANK_4,4,5000,80000,16,0,4,1,1.0,3,0,1,4,1,1,4,1,1,11
EXACT_RANK_4,4,50,800,16,0,3,1,0.75,15,0,1,4,1,1,3,0,1,12
EXACT_RANK_4,4,100,1600,16,0,3,1,0.75,15,0,1,4,1,1,3,0,1,12
EXACT_RANK_4,4,200,3200,16,0,4,1,1.0,15,0,1,5,0,1,4,1,1,12
EXACT_RANK_4,4,500,8000,16,0,4,1,1.0,15,0,1,5,0,1,4,1,1,12
EXACT_RANK_4,4,1000,16000,16,0,4,1,1.0,4,1,1,5,0,1,4,1,1,12
EXACT_RANK_4,4,5000,80000,16,0,4,1,1.0,15,0,1,5,0,1,4,1,1,12
EXACT_RANK_4,4,50,800,16,0,2,1,0.5,1,0,1,3,0,1,2,0,1,13
EXACT_RANK_4,4,100,1600,16,0,2,1,0.5,1,0,1,3,0,1,2,0,1,13
EXACT_RANK_4,4,200,3200,16,0,3,1,0.75,15,0,1,4,1,1,3,0,1,13
EXACT_RANK_4,4,500,8000,16,0,3,1,0.75,15,0,1,4,1,1,3,0,1,13
EXACT_RANK_4,4,1000,16000,16,0,3,1,0.75,15,0,1,4,1,1,3,0,1,13
EXACT_RANK_4,4,5000,80000,16,0,4,1,1.0,15,0,1,4,1,1,4,1,1,13
EXACT_RANK_4,4,50,800,16,0,2,1,0.5,1,0,1,3,0,1,2,0,1,14
EXACT_RANK_4,4,100,1600,16,0,3,1,0.75,15,0,1,4,1,1,3,0,1,14
EXACT_RANK_4,4,200,3200,16,0,3,1,0.75,1,0,1,4,1,1,3,0,1,14
EXACT_RANK_4,4,500,8000,16,0,4,1,1.0,14,0,1,4,1,1,3,0,1,14
EXACT_RANK_4,4,1000,16000,16,0,4,1,1.0,15,0,1,4,1,1,4,1,1,14
EXACT_RANK_4,4,5000,80000,16,0,4,1,1.0,15,0,1,4,1,1,4,1,1,14
EXACT_RANK_4,4,50,800,16,0,2,1,0.5,1,0,1,3,0,1,2,0,1,15
EXACT_RANK_4,4,100,1600,16,0,2,1,0.5,15,0,1,3,0,1,2,0,1,15
EXACT_RANK_4,4,200,3200,16,0,2,1,0.5,15,0,1,3,0,1,2,0,1,15
EXACT_RANK_4,4,500,8000,16,0,2,1,0.5,2,0,1,3,0,1,2,0,1,15
EXACT_RANK_4,4,1000,16000,16,0,2,1,0.5,2,0,1,3,0,1,2,0,1,15
EXACT_RANK_4,4,5000,80000,16,0,3,1,0.75,2,0,1,3,0,1,3,0,1,15
EXACT_RANK_4,4,50,800,16,0,2,1,0.5,15,0,1,3,0,1,2,0,1,16
EXACT_RANK_4,4,100,1600,16,0,2,1,0.5,15,0,1,3,0,1,2,0,1,16
EXACT_RANK_4,4,200,3200,16,0,2,1,0.5,15,0,1,3,0,1,2,0,1,16
EXACT_RANK_4,4,500,8000,16,0,2,1,0.5,15,0,1,3,0,1,2,0,1,16
EXACT_RANK_4,4,1000,16000,16,0,3,1,0.75,2,0,1,3,0,1,3,0,1,16
EXACT_RANK_4,4,5000,80000,16,0,3,1,0.75,2,0,1,3,0,1,3,0,1,16
EXACT_RANK_4,4,50,800,16,0,2,1,0.5,15,0,1,3,0,1,2,0,1,17
EXACT_RANK_4,4,100,1600,16,0,2,1,0.5,15,0,1,3,0,1,2,0,1,17
EXACT_RANK_4,4,200,3200,16,0,3,1,0.75,15,0,1,4,1,1,3,0,1,17
EXACT_RANK_4,4,500,8000,16,0,3,1,0.75,15,0,1,4,1,1,3,0,1,17
EXACT_RANK_4,4,1000,16000,16,0,4,1,1.0,1,0,1,4,1,1,3,0,1,17
EXACT_RANK_4,4,5000,80000,16,0,4,1,1.0,14,0,1,4,1,1,4,1,1,17
EXACT_RANK_4,4,50,800,16,0,3,1,0.75,14,0,1,4,1,1,3,0,1,18
EXACT_RANK_4,4,100,1600,16,0,3,1,0.75,1,0,1,4,1,1,3,0,1,18
EXACT_RANK_4,4,200,3200,16,0,3,1,0.75,15,0,1,4,1,1,3,0,1,18
EXACT_RANK_4,4,500,8000,16,0,4,1,1.0,15,0,1,5,0,1,4,1,1,18
EXACT_RANK_4,4,1000,16000,16,0,4,1,1.0,4,1,1,5,0,1,4,1,1,18
EXACT_RANK_4,4,5000,80000,16,0,4,1,1.0,4,1,1,5,0,1,4,1,1,18
EXACT_RANK_4,4,50,800,16,0,2,1,0.5,15,0,1,3,0,1,2,0,1,19
EXACT_RANK_4,4,100,1600,16,0,3,1,0.75,15,0,1,3,0,1,2,0,1,19
EXACT_RANK_4,4,200,3200,16,0,3,1,0.75,2,0,1,4,1,1,3,0,1,19
EXACT_RANK_4,4,500,8000,16,0,3,1,0.75,15,0,1,4,1,1,3,0,1,19
EXACT_RANK_4,4,1000,16000,16,0,3,1,0.75,3,0,1,4,1,1,3,0,1,19
EXACT_RANK_4,4,5000,80000,16,0,3,1,0.75,3,0,1,4,1,1,3,0,1,19
EXACT_RANK_4,4,50,800,16,0,2,1,0.5,1,0,1,4,1,1,2,0,1,20
EXACT_RANK_4,4,100,1600,16,0,3,1,0.75,15,0,1,4,1,1,3,0,1,20
EXACT_RANK_4,4,200,3200,16,0,3,1,0.75,15,0,1,4,1,1,3,0,1,20
EXACT_RANK_4,4,500,8000,16,0,3,1,0.75,15,0,1,4,1,1,3,0,1,20
EXACT_RANK_4,4,1000,16000,16,0,3,1,0.75,15,0,1,4,1,1,3,0,1,20
EXACT_RANK_4,4,5000,80000,16,0,4,1,1.0,15,0,1,4,1,1,4,1,1,20
EXACT_RANK_4,4,50,800,16,0,2,1,0.5,15,0,1,3,0,1,2,0,1,21
EXACT_RANK_4,4,100,1600,16,0,2,1,0.5,14,0,1,3,0,1,2,0,1,21
EXACT_RANK_4,4,200,3200,16,0,3,1,0.75,2,0,1,3,0,1,2,0,1,21
EXACT_RANK_4,4,500,8000,16,0,4,1,1.0,2,0,1,3,0,1,3,0,1,21
EXACT_RANK_4,4,1000,16000,16,0,4,1,1.0,2,0,1,3,0,1,4,1,1,21
EXACT_RANK_4,4,5000,80000,16,0,4,1,1.0,4,1,1,3,0,1,4,1,1,21
EXACT_RANK_4,4,50,800,16,0,2,1,0.5,15,0,1,3,0,1,2,0,1,22
EXACT_RANK_4,4,100,1600,16,0,3,1,0.75,15,0,1,4,1,1,3,0,1,22
EXACT_RANK_4,4,200,3200,16,0,4,1,1.0,1,0,1,3,0,1,3,0,1,22
EXACT_RANK_4,4,500,8000,16,0,4,1,1.0,15,0,1,5,0,1,4,1,1,22
EXACT_RANK_4,4,1000,16000,16,0,4,1,1.0,15,0,1,5,0,1,4,1,1,22
EXACT_RANK_4,4,5000,80000,16,0,4,1,1.0,4,1,1,5,0,1,4,1,1,22
EXACT_RANK_4,4,50,800,16,0,2,1,0.5,15,0,1,3,0,1,2,0,1,23
EXACT_RANK_4,4,100,1600,16,0,2,1,0.5,2,0,1,3,0,1,2,0,1,23
EXACT_RANK_4,4,200,3200,16,0,3,1,0.75,15,0,1,3,0,1,3,0,1,23
EXACT_RANK_4,4,500,8000,16,0,4,1,1.0,15,0,1,4,1,1,3,0,1,23
EXACT_RANK_4,4,1000,16000,16,0,4,1,1.0,15,0,1,4,1,1,4,1,1,23
EXACT_RANK_4,4,5000,80000,16,0,4,1,1.0,4,1,1,5,0,1,4,1,1,23
EXACT_RANK_4,4,50,800,16,0,3,1,0.75,14,0,1,4,1,1,3,0,1,24
EXACT_RANK_4,4,100,1600,16,0,3,1,0.75,15,0,1,4,1,1,3,0,1,24
EXACT_RANK_4,4,200,3200,16,0,3,1,0.75,15,0,1,4,1,1,3,0,1,24
EXACT_RANK_4,4,500,8000,16,0,3,1,0.75,15,0,1,4,1,1,3,0,1,24
EXACT_RANK_4,4,1000,16000,16,0,3,1,0.75,15,0,1,4,1,1,3,0,1,24
EXACT_RANK_4,4,5000,80000,16,0,3,1,0.75,3,0,1,4,1,1,3,0,1,24
EXACT_RANK_4,4,50,800,16,0,2,1,0.5,1,0,1,3,0,1,2,0,1,25
EXACT_RANK_4,4,100,1600,16,0,2,1,0.5,1,0,1,3,0,1,2,0,1,25
EXACT_RANK_4,4,200,3200,16,0,3,1,0.75,15,0,1,4,1,1,3,0,1,25
EXACT_RANK_4,4,500,8000,16,0,3,1,0.75,15,0,1,4,1,1,3,0,1,25
EXACT_RANK_4,4,1000,16000,16,0,3,1,0.75,3,0,1,4,1,1,3,0,1,25
EXACT_RANK_4,4,5000,80000,16,0,3,1,0.75,3,0,1,4,1,1,3,0,1,25
EXACT_RANK_4,4,50,800,16,0,2,1,0.5,1,0,1,2,0,1,1,0,1,26
EXACT_RANK_4,4,100,1600,16,0,3,1,0.75,15,0,1,4,1,1,3,0,1,26
EXACT_RANK_4,4,200,3200,16,0,3,1,0.75,15,0,1,4,1,1,3,0,1,26
EXACT_RANK_4,4,500,8000,16,0,3,1,0.75,3,0,1,4,1,1,3,0,1,26
EXACT_RANK_4,4,1000,16000,16,0,3,1,0.75,3,0,1,4,1,1,3,0,1,26
EXACT_RANK_4,4,5000,80000,16,0,3,1,0.75,3,0,1,4,1,1,3,0,1,26
EXACT_RANK_4,4,50,800,16,0,3,1,0.75,15,0,1,5,0,1,3,0,1,27
EXACT_RANK_4,4,100,1600,16,0,3,1,0.75,15,0,1,4,1,1,3,0,1,27
EXACT_RANK_4,4,200,3200,16,0,4,1,1.0,1,0,1,5,0,1,3,0,1,27
EXACT_RANK_4,4,500,8000,16,0,4,1,1.0,15,0,1,5,0,1,4,1,1,27
EXACT_RANK_4,4,1000,16000,16,0,4,1,1.0,15,0,1,5,0,1,4,1,1,27
EXACT_RANK_4,4,5000,80000,16,0,4,1,1.0,15,0,1,5,0,1,4,1,1,27
EXACT_RANK_4,4,50,800,16,0,2,1,0.5,1,0,1,3,0,1,2,0,1,28
EXACT_RANK_4,4,100,1600,16,0,2,1,0.5,1,0,1,3,0,1,2,0,1,28
EXACT_RANK_4,4,200,3200,16,0,3,1,0.75,3,0,1,4,1,1,3,0,1,28
EXACT_RANK_4,4,500,8000,16,0,3,1,0.75,15,0,1,4,1,1,3,0,1,28
EXACT_RANK_4,4,1000,16000,16,0,3,1,0.75,3,0,1,4,1,1,3,0,1,28
EXACT_RANK_4,4,5000,80000,16,0,3,1,0.75,3,0,1,4,1,1,3,0,1,28
EXACT_RANK_4,4,50,800,16,0,2,1,0.5,15,0,1,3,0,1,2,0,1,29
EXACT_RANK_4,4,100,1600,16,0,2,1,0.5,15,0,1,3,0,1,2,0,1,29
EXACT_RANK_4,4,200,3200,16,0,2,1,0.5,2,0,1,3,0,1,2,0,1,29
EXACT_RANK_4,4,500,8000,16,0,2,1,0.5,2,0,1,3,0,1,2,0,1,29
EXACT_RANK_4,4,1000,16000,16,0,2,1,0.5,2,0,1,3,0,1,2,0,1,29
EXACT_RANK_4,4,5000,80000,16,0,3,1,0.75,2,0,1,3,0,1,3,0,1,29
EXACT_RANK_4,4,50,800,16,0,2,1,0.5,15,0,1,3,0,1,2,0,1,30
EXACT_RANK_4,4,100,1600,16,0,3,1,0.75,1,0,1,4,1,1,2,0,1,30
EXACT_RANK_4,4,200,3200,16,0,3,1,0.75,14,0,1,4,1,1,3,0,1,30
EXACT_RANK_4,4,500,8000,16,0,3,1,0.75,14,0,1,4,1,1,3,0,1,30
EXACT_RANK_4,4,1000,16000,16,0,4,1,1.0,15,0,1,4,1,1,3,0,1,30
EXACT_RANK_4,4,5000,80000,16,0,4,1,1.0,3,0,1,4,1,1,4,1,1,30
EXACT_RANK_4,4,50,800,16,0,2,1,0.5,13,0,1,3,0,1,2,0,1,31
EXACT_RANK_4,4,100,1600,16,0,3,1,0.75,15,0,1,4,1,1,3,0,1,31
EXACT_RANK_4,4,200,3200,16,0,3,1,0.75,15,0,1,4,1,1,3,0,1,31
EXACT_RANK_4,4,500,8000,16,0,3,1,0.75,15,0,1,4,1,1,3,0,1,31
EXACT_RANK_4,4,1000,16000,16,0,3,1,0.75,15,0,1,4,1,1,3,0,1,31
EXACT_RANK_4,4,5000,80000,16,0,4,1,1.0,3,0,1,4,1,1,3,0,1,31
EXACT_RANK_4,4,50,800,16,0,2,1,0.5,15,0,1,3,0,1,2,0,1,32
EXACT_RANK_4,4,100,1600,16,0,3,1,0.75,15,0,1,4,1,1,2,0,1,32
EXACT_RANK_4,4,200,3200,16,0,3,1,0.75,15,0,1,4,1,1,3,0,1,32
EXACT_RANK_4,4,500,8000,16,0,3,1,0.75,15,0,1,4,1,1,3,0,1,32
EXACT_RANK_4,4,1000,16000,16,0,3,1,0.75,15,0,1,4,1,1,3,0,1,32
EXACT_RANK_4,4,5000,80000,16,0,3,1,0.75,3,0,1,4,1,1,4,1,1,32
EXACT_RANK_4,4,50,800,16,0,3,1,0.75,15,0,1,4,1,1,3,0,1,33
EXACT_RANK_4,4,100,1600,16,0,3,1,0.75,15,0,1,4,1,1,3,0,1,33
EXACT_RANK_4,4,200,3200,16,0,3,1,0.75,15,0,1,4,1,1,3,0,1,33
EXACT_RANK_4,4,500,8000,16,0,4,1,1.0,15,0,1,4,1,1,3,0,1,33
EXACT_RANK_4,4,1000,16000,16,0,4,1,1.0,3,0,1,5,0,1,4,1,1,33
EXACT_RANK_4,4,5000,80000,16,0,4,1,1.0,15,0,1,5,0,1,4,1,1,33
EXACT_RANK_4,4,50,800,16,0,3,1,0.75,14,0,1,4,1,1,3,0,1,34
EXACT_RANK_4,4,100,1600,16,0,3,1,0.75,14,0,1,4,1,1,3,0,1,34
EXACT_RANK_4,4,200,3200,16,0,4,1,1.0,3,0,1,4,1,1,3,0,1,34
EXACT_RANK_4,4,500,8000,16,0,4,1,1.0,3,0,1,5,0,1,4,1,1,34
EXACT_RANK_4,4,1000,16000,16,0,4,1,1.0,4,1,1,5,0,1,4,1,1,34
EXACT_RANK_4,4,5000,80000,16,0,4,1,1.0,15,0,1,5,0,1,4,1,1,34
EXACT_RANK_4,4,50,800,16,0,2,1,0.5,14,0,1,3,0,1,2,0,1,35
EXACT_RANK_4,4,100,1600,16,0,3,1,0.75,15,0,1,4,1,1,3,0,1,35
EXACT_RANK_4,4,200,3200,16,0,3,1,0.75,15,0,1,4,1,1,3,0,1,35
EXACT_RANK_4,4,500,8000,16,0,3,1,0.75,3,0,1,4,1,1,3,0,1,35
EXACT_RANK_4,4,1000,16000,16,0,4,1,1.0,15,0,1,4,1,1,4,1,1,35
EXACT_RANK_4,4,5000,80000,16,0,4,1,1.0,15,0,1,4,1,1,4,1,1,35
EXACT_RANK_4,4,50,800,16,0,2,1,0.5,1,0,1,3,0,1,2,0,1,36
EXACT_RANK_4,4,100,1600,16,0,2,1,0.5,1,0,1,3,0,1,2,0,1,36
EXACT_RANK_4,4,200,3200,16,0,2,1,0.5,1,0,1,3,0,1,2,0,1,36
EXACT_RANK_4,4,500,8000,16,0,3,1,0.75,15,0,1,3,0,1,3,0,1,36
EXACT_RANK_4,4,1000,16000,16,0,3,1,0.75,1,0,1,3,0,1,3,0,1,36
EXACT_RANK_4,4,5000,80000,16,0,4,1,1.0,14,0,1,4,1,1,4,1,1,36
EXACT_RANK_4,4,50,800,16,0,2,1,0.5,1,0,1,2,0,1,1,0,1,37
EXACT_RANK_4,4,100,1600,16,0,3,1,0.75,1,0,1,4,1,1,2,0,1,37
EXACT_RANK_4,4,200,3200,16,0,3,1,0.75,1,0,1,4,1,1,3,0,1,37
EXACT_RANK_4,4,500,8000,16,0,4,1,1.0,1,0,1,4,1,1,3,0,1,37
EXACT_RANK_4,4,1000,16000,16,0,4,1,1.0,15,0,1,5,0,1,4,1,1,37
EXACT_RANK_4,4,5000,80000,16,0,4,1,1.0,15,0,1,5,0,1,4,1,1,37
EXACT_RANK_4,4,50,800,16,0,2,1,0.5,1,0,1,3,0,1,2,0,1,38
EXACT_RANK_4,4,100,1600,16,0,2,1,0.5,15,0,1,3,0,1,2,0,1,38
EXACT_RANK_4,4,200,3200,16,0,3,1,0.75,15,0,1,4,1,1,3,0,1,38
EXACT_RANK_4,4,500,8000,16,0,3,1,0.75,1,0,1,4,1,1,3,0,1,38
EXACT_RANK_4,4,1000,16000,16,0,3,1,0.75,3,0,1,4,1,1,3,0,1,38
EXACT_RANK_4,4,5000,80000,16,0,3,1,0.75,3,0,1,4,1,1,3,0,1,38
EXACT_RANK_4,4,50,800,16,0,1,1,0.25,1,0,1,2,0,1,2,0,1,39
EXACT_RANK_4,4,100,1600,16,0,2,1,0.5,15,0,1,3,0,1,2,0,1,39
EXACT_RANK_4,4,200,3200,16,0,3,1,0.75,1,0,1,4,1,1,3,0,1,39
EXACT_RANK_4,4,500,8000,16,0,3,1,0.75,1,0,1,4,1,1,3,0,1,39
EXACT_RANK_4,4,1000,16000,16,0,3,1,0.75,14,0,1,4,1,1,3,0,1,39
EXACT_RANK_4,4,5000,80000,16,0,4,1,1.0,3,0,1,4,1,1,4,1,1,39
EXACT_RANK_4,4,50,800,16,0,2,1,0.5,14,0,1,4,1,1,2,0,1,40
EXACT_RANK_4,4,100,1600,16,0,3,1,0.75,15,0,1,4,1,1,3,0,1,40
EXACT_RANK_4,4,200,3200,16,0,3,1,0.75,1,0,1,4,1,1,3,0,1,40
EXACT_RANK_4,4,500,8000,16,0,3,1,0.75,15,0,1,4,1,1,3,0,1,40
EXACT_RANK_4,4,1000,16000,16,0,3,1,0.75,3,0,1,4,1,1,3,0,1,40
EXACT_RANK_4,4,5000,80000,16,0,3,1,0.75,15,0,1,4,1,1,3,0,1,40
EXACT_RANK_4,4,50,800,16,0,2,1,0.5,15,0,1,2,0,1,1,0,1,41
EXACT_RANK_4,4,100,1600,16,0,2,1,0.5,14,0,1,3,0,1,2,0,1,41
EXACT_RANK_4,4,200,3200,16,0,3,1,0.75,15,0,1,4,1,1,3,0,1,41
EXACT_RANK_4,4,500,8000,16,0,3,1,0.75,15,0,1,4,1,1,3,0,1,41
EXACT_RANK_4,4,1000,16000,16,0,4,1,1.0,15,0,1,4,1,1,3,0,1,41
EXACT_RANK_4,4,5000,80000,16,0,4,1,1.0,4,1,1,4,1,1,4,1,1,41
EXACT_RANK_4,4,50,800,16,0,2,1,0.5,15,0,1,3,0,1,2,0,1,42
EXACT_RANK_4,4,100,1600,16,0,3,1,0.75,15,0,1,3,0,1,2,0,1,42
EXACT_RANK_4,4,200,3200,16,0,4,1,1.0,15,0,1,3,0,1,4,1,1,42
EXACT_RANK_4,4,500,8000,16,0,4,1,1.0,4,1,1,5,0,1,4,1,1,42
EXACT_RANK_4,4,1000,16000,16,0,4,1,1.0,4,1,1,5,0,1,4,1,1,42
EXACT_RANK_4,4,5000,80000,16,0,4,1,1.0,4,1,1,5,0,1,4,1,1,42
EXACT_RANK_4,4,50,800,16,0,3,1,0.75,15,0,1,4,1,1,2,0,1,43
EXACT_RANK_4,4,100,1600,16,0,3,1,0.75,15,0,1,4,1,1,3,0,1,43
EXACT_RANK_4,4,200,3200,16,0,4,1,1.0,4,1,1,5,0,1,4,1,1,43
EXACT_RANK_4,4,500,8000,16,0,4,1,1.0,15,0,1,5,0,1,4,1,1,43
EXACT_RANK_4,4,1000,16000,16,0,4,1,1.0,4,1,1,5,0,1,4,1,1,43
EXACT_RANK_4,4,5000,80000,16,0,4,1,1.0,15,0,1,5,0,1,4,1,1,43
EXACT_RANK_4,4,50,800,16,0,2,1,0.5,1,0,1,2,0,1,2,0,1,44
EXACT_RANK_4,4,100,1600,16,0,4,1,1.0,15,0,1,5,0,1,3,0,1,44
EXACT_RANK_4,4,200,3200,16,0,4,1,1.0,1,0,1,5,0,1,4,1,1,44
EXACT_RANK_4,4,500,8000,16,0,4,1,1.0,15,0,1,5,0,1,4,1,1,44
EXACT_RANK_4,4,1000,16000,16,0,4,1,1.0,15,0,1,5,0,1,4,1,1,44
EXACT_RANK_4,4,5000,80000,16,0,4,1,1.0,4,1,1,5,0,1,4,1,1,44
EXACT_RANK_4,4,50,800,16,0,2,1,0.5,15,0,1,4,1,1,2,0,1,45
EXACT_RANK_4,4,100,1600,16,0,3,1,0.75,15,0,1,4,1,1,3,0,1,45
EXACT_RANK_4,4,200,3200,16,0,3,1,0.75,15,0,1,4,1,1,3,0,1,45
EXACT_RANK_4,4,500,8000,16,0,3,1,0.75,15,0,1,4,1,1,3,0,1,45
EXACT_RANK_4,4,1000,16000,16,0,4,1,1.0,15,0,1,4,1,1,4,1,1,45
EXACT_RANK_4,4,5000,80000,16,0,4,1,1.0,3,0,1,4,1,1,4,1,1,45
EXACT_RANK_4,4,50,800,16,0,3,1,0.75,15,0,1,5,0,1,3,0,1,46
EXACT_RANK_4,4,100,1600,16,0,4,1,1.0,15,0,1,5,0,1,4,1,1,46
EXACT_RANK_4,4,200,3200,16,0,4,1,1.0,14,0,1,5,0,1,4,1,1,46
EXACT_RANK_4,4,500,8000,16,0,4,1,1.0,4,1,1,5,0,1,4,1,1,46
EXACT_RANK_4,4,1000,16000,16,0,4,1,1.0,15,0,1,5,0,1,4,1,1,46
EXACT_RANK_4,4,5000,80000,16,0,4,1,1.0,4,1,1,5,0,1,4,1,1,46
EXACT_RANK_4,4,50,800,16,0,2,1,0.5,15,0,1,3,0,1,2,0,1,47
EXACT_RANK_4,4,100,1600,16,0,2,1,0.5,15,0,1,3,0,1,2,0,1,47
EXACT_RANK_4,4,200,3200,16,0,3,1,0.75,15,0,1,4,1,1,3,0,1,47
EXACT_RANK_4,4,500,8000,16,0,4,1,1.0,15,0,1,4,1,1,3,0,1,47
EXACT_RANK_4,4,1000,16000,16,0,3,1,0.75,3,0,1,4,1,1,3,0,1,47
EXACT_RANK_4,4,5000,80000,16,0,4,1,1.0,14,0,1,4,1,1,4,1,1,47
EXACT_RANK_4,4,50,800,16,0,3,1,0.75,15,0,1,4,1,1,3,0,1,48
EXACT_RANK_4,4,100,1600,16,0,3,1,0.75,15,0,1,4,1,1,3,0,1,48
EXACT_RANK_4,4,200,3200,16,0,3,1,0.75,15,0,1,4,1,1,3,0,1,48
EXACT_RANK_4,4,500,8000,16,0,4,1,1.0,15,0,1,4,1,1,3,0,1,48
EXACT_RANK_4,4,1000,16000,16,0,4,1,1.0,3,0,1,4,1,1,4,1,1,48
EXACT_RANK_4,4,5000,80000,16,0,4,1,1.0,15,0,1,5,0,1,4,1,1,48
EXACT_RANK_4,4,50,800,16,0,3,1,0.75,15,0,1,5,0,1,2,0,1,49
EXACT_RANK_4,4,100,1600,16,0,3,1,0.75,15,0,1,4,1,1,3,0,1,49
EXACT_RANK_4,4,200,3200,16,0,3,1,0.75,1,0,1,4,1,1,3,0,1,49
EXACT_RANK_4,4,500,8000,16,0,4,1,1.0,15,0,1,4,1,1,4,1,1,49
EXACT_RANK_4,4,1000,16000,16,0,4,1,1.0,3,0,1,4,1,1,4,1,1,49
EXACT_RANK_4,4,5000,80000,16,0,4,1,1.0,15,0,1,5,0,1,4,1,1,49
EXACT_RANK_4,4,50,800,16,0,3,1,0.75,13,0,1,4,1,1,3,0,1,50
EXACT_RANK_4,4,100,1600,16,0,3,1,0.75,15,0,1,5,0,1,3,0,1,50
EXACT_RANK_4,4,200,3200,16,0,4,1,1.0,15,0,1,5,0,1,4,1,1,50
EXACT_RANK_4,4,500,8000,16,0,4,1,1.0,15,0,1,5,0,1,4,1,1,50
EXACT_RANK_4,4,1000,16000,16,0,4,1,1.0,15,0,1,5,0,1,4,1,1,50
EXACT_RANK_4,4,5000,80000,16,0,4,1,1.0,15,0,1,5,0,1,4,1,1,50
EXACT_RANK_4,4,50,800,16,0,2,1,0.5,14,0,1,3,0,1,2,0,1,51
EXACT_RANK_4,4,100,1600,16,0,3,1,0.75,1,0,1,3,0,1,2,0,1,51
EXACT_RANK_4,4,200,3200,16,0,4,1,1.0,1,0,1,5,0,1,3,0,1,51
EXACT_RANK_4,4,500,8000,16,0,4,1,1.0,1,0,1,5,0,1,4,1,1,51
EXACT_RANK_4,4,1000,16000,16,0,4,1,1.0,4,1,1,5,0,1,4,1,1,51
EXACT_RANK_4,4,5000,80000,16,0,4,1,1.0,4,1,1,5,0,1,4,1,1,51
EXACT_RANK_4,4,50,800,16,0,2,1,0.5,15,0,1,3,0,1,2,0,1,52
EXACT_RANK_4,4,100,1600,16,0,3,1,0.75,15,0,1,3,0,1,3,0,1,52
EXACT_RANK_4,4,200,3200,16,0,4,1,1.0,15,0,1,3,0,1,3,0,1,52
EXACT_RANK_4,4,500,8000,16,0,4,1,1.0,15,0,1,5,0,1,4,1,1,52
EXACT_RANK_4,4,1000,16000,16,0,4,1,1.0,4,1,1,5,0,1,4,1,1,52
EXACT_RANK_4,4,5000,80000,16,0,4,1,1.0,4,1,1,5,0,1,4,1,1,52
EXACT_RANK_4,4,50,800,16,0,2,1,0.5,14,0,1,2,0,1,2,0,1,53
EXACT_RANK_4,4,100,1600,16,0,3,1,0.75,1,0,1,4,1,1,3,0,1,53
EXACT_RANK_4,4,200,3200,16,0,3,1,0.75,15,0,1,4,1,1,3,0,1,53
EXACT_RANK_4,4,500,8000,16,0,4,1,1.0,1,0,1,4,1,1,3,0,1,53
EXACT_RANK_4,4,1000,16000,16,0,4,1,1.0,15,0,1,4,1,1,3,0,1,53
EXACT_RANK_4,4,5000,80000,16,0,4,1,1.0,4,1,1,4,1,1,4,1,1,53
EXACT_RANK_4,4,50,800,16,0,1,1,0.25,1,0,1,2,0,1,2,0,1,54
EXACT_RANK_4,4,100,1600,16,0,3,1,0.75,15,0,1,3,0,1,2,0,1,54
EXACT_RANK_4,4,200,3200,16,0,3,1,0.75,15,0,1,3,0,1,3,0,1,54
EXACT_RANK_4,4,500,8000,16,0,4,1,1.0,14,0,1,4,1,1,4,1,1,54
EXACT_RANK_4,4,1000,16000,16,0,4,1,1.0,15,0,1,3,0,1,4,1,1,54
EXACT_RANK_4,4,5000,80000,16,0,4,1,1.0,15,0,1,5,0,1,4,1,1,54
EXACT_RANK_4,4,50,800,16,0,2,1,0.5,15,0,1,3,0,1,2,0,1,55
EXACT_RANK_4,4,100,1600,16,0,2,1,0.5,15,0,1,3,0,1,2,0,1,55
EXACT_RANK_4,4,200,3200,16,0,3,1,0.75,15,0,1,3,0,1,3,0,1,55
EXACT_RANK_4,4,500,8000,16,0,3,1,0.75,1,0,1,3,0,1,3,0,1,55
EXACT_RANK_4,4,1000,16000,16,0,4,1,1.0,14,0,1,3,0,1,4,1,1,55
EXACT_RANK_4,4,5000,80000,16,0,4,1,1.0,15,0,1,3,0,1,4,1,1,55
EXACT_RANK_4,4,50,800,16,0,2,1,0.5,15,0,1,3,0,1,2,0,1,56
EXACT_RANK_4,4,100,1600,16,0,2,1,0.5,2,0,1,3,0,1,2,0,1,56
EXACT_RANK_4,4,200,3200,16,0,2,1,0.5,2,0,1,3,0,1,2,0,1,56
EXACT_RANK_4,4,500,8000,16,0,3,1,0.75,15,0,1,3,0,1,3,0,1,56
EXACT_RANK_4,4,1000,16000,16,0,4,1,1.0,2,0,1,3,0,1,4,1,1,56
EXACT_RANK_4,4,5000,80000,16,0,4,1,1.0,15,0,1,3,0,1,4,1,1,56
EXACT_RANK_4,4,50,800,16,0,3,1,0.75,15,0,1,4,1,1,3,0,1,57
EXACT_RANK_4,4,100,1600,16,0,3,1,0.75,14,0,1,4,1,1,3,0,1,57
EXACT_RANK_4,4,200,3200,16,0,3,1,0.75,3,0,1,4,1,1,3,0,1,57
EXACT_RANK_4,4,500,8000,16,0,3,1,0.75,15,0,1,4,1,1,3,0,1,57
EXACT_RANK_4,4,1000,16000,16,0,3,1,0.75,3,0,1,4,1,1,3,0,1,57
EXACT_RANK_4,4,5000,80000,16,0,3,1,0.75,3,0,1,4,1,1,3,0,1,57
EXACT_RANK_4,4,50,800,16,0,2,1,0.5,14,0,1,3,0,1,2,0,1,58
EXACT_RANK_4,4,100,1600,16,0,2,1,0.5,15,0,1,3,0,1,2,0,1,58
EXACT_RANK_4,4,200,3200,16,0,3,1,0.75,15,0,1,3,0,1,2,0,1,58
EXACT_RANK_4,4,500,8000,16,0,4,1,1.0,15,0,1,3,0,1,3,0,1,58
EXACT_RANK_4,4,1000,16000,16,0,4,1,1.0,15,0,1,3,0,1,4,1,1,58
EXACT_RANK_4,4,5000,80000,16,0,4,1,1.0,4,1,1,3,0,1,4,1,1,58
EXACT_RANK_4,4,50,800,16,0,3,1,0.75,15,0,1,5,0,1,3,0,1,59
EXACT_RANK_4,4,100,1600,16,0,4,1,1.0,15,0,1,5,0,1,4,1,1,59
EXACT_RANK_4,4,200,3200,16,0,4,1,1.0,15,0,1,5,0,1,4,1,1,59
EXACT_RANK_4,4,500,8000,16,0,4,1,1.0,4,1,1,5,0,1,4,1,1,59
EXACT_RANK_4,4,1000,16000,16,0,4,1,1.0,15,0,1,5,0,1,4,1,1,59
EXACT_RANK_4,4,5000,80000,16,0,4,1,1.0,4,1,1,5,0,1,4,1,1,59
EXACT_RANK_4,4,50,800,16,0,2,1,0.5,15,0,1,3,0,1,2,0,1,60
EXACT_RANK_4,4,100,1600,16,0,2,1,0.5,15,0,1,3,0,1,2,0,1,60
EXACT_RANK_4,4,200,3200,16,0,3,1,0.75,1,0,1,2,0,1,3,0,1,60
EXACT_RANK_4,4,500,8000,16,0,3,1,0.75,1,0,1,4,1,1,3,0,1,60
EXACT_RANK_4,4,1000,16000,16,0,4,1,1.0,1,0,1,4,1,1,4,1,1,60
EXACT_RANK_4,4,5000,80000,16,0,4,1,1.0,4,1,1,5,0,1,4,1,1,60
EXACT_RANK_4,4,50,800,16,0,2,1,0.5,15,0,1,3,0,1,2,0,1,61
EXACT_RANK_4,4,100,1600,16,0,2,1,0.5,15,0,1,3,0,1,2,0,1,61
EXACT_RANK_4,4,200,3200,16,0,2,1,0.5,2,0,1,3,0,1,2,0,1,61
EXACT_RANK_4,4,500,8000,16,0,2,1,0.5,2,0,1,3,0,1,2,0,1,61
EXACT_RANK_4,4,1000,16000,16,0,3,1,0.75,2,0,1,3,0,1,3,0,1,61
EXACT_RANK_4,4,5000,80000,16,0,3,1,0.75,2,0,1,4,1,1,3,0,1,61
EXACT_RANK_4,4,50,800,16,0,2,1,0.5,1,0,1,3,0,1,2,0,1,62
EXACT_RANK_4,4,100,1600,16,0,3,1,0.75,15,0,1,4,1,1,3,0,1,62
EXACT_RANK_4,4,200,3200,16,0,3,1,0.75,14,0,1,4,1,1,3,0,1,62
EXACT_RANK_4,4,500,8000,16,0,3,1,0.75,15,0,1,4,1,1,3,0,1,62
EXACT_RANK_4,4,1000,16000,16,0,3,1,0.75,3,0,1,4,1,1,3,0,1,62
EXACT_RANK_4,4,5000,80000,16,0,3,1,0.75,3,0,1,4,1,1,3,0,1,62
EXACT_RANK_4,4,50,800,16,0,2,1,0.5,15,0,1,3,0,1,2,0,1,63
EXACT_RANK_4,4,100,1600,16,0,2,1,0.5,15,0,1,3,0,1,2,0,1,63
EXACT_RANK_4,4,200,3200,16,0,2,1,0.5,15,0,1,3,0,1,2,0,1,63
EXACT_RANK_4,4,500,8000,16,0,3,1,0.75,2,0,1,3,0,1,3,0,1,63
EXACT_RANK_4,4,1000,16000,16,0,3,1,0.75,2,0,1,4,1,1,3,0,1,63
EXACT_RANK_4,4,5000,80000,16,0,3,1,0.75,3,0,1,4,1,1,3,0,1,63
EXACT_RANK_4,4,50,800,16,0,2,1,0.5,15,0,1,3,0,1,2,0,1,64
EXACT_RANK_4,4,100,1600,16,0,2,1,0.5,2,0,1,3,0,1,2,0,1,64
EXACT_RANK_4,4,200,3200,16,0,3,1,0.75,2,0,1,3,0,1,3,0,1,64
EXACT_RANK_4,4,500,8000,16,0,3,1,0.75,2,0,1,3,0,1,3,0,1,64
EXACT_RANK_4,4,1000,16000,16,0,3,1,0.75,15,0,1,4,1,1,3,0,1,64
EXACT_RANK_4,4,5000,80000,16,0,4,1,1.0,3,0,1,4,1,1,3,0,1,64
EXACT_RANK_4,4,50,800,16,0,3,1,0.75,15,0,1,4,1,1,3,0,1,65
EXACT_RANK_4,4,100,1600,16,0,3,1,0.75,14,0,1,5,0,1,3,0,1,65
EXACT_RANK_4,4,200,3200,16,0,3,1,0.75,3,0,1,4,1,1,3,0,1,65
EXACT_RANK_4,4,500,8000,16,0,4,1,1.0,3,0,1,4,1,1,3,0,1,65
EXACT_RANK_4,4,1000,16000,16,0,4,1,1.0,15,0,1,4,1,1,4,1,1,65
EXACT_RANK_4,4,5000,80000,16,0,4,1,1.0,4,1,1,5,0,1,4,1,1,65
EXACT_RANK_4,4,50,800,16,0,3,1,0.75,15,0,1,4,1,1,2,0,1,66
EXACT_RANK_4,4,100,1600,16,0,3,1,0.75,15,0,1,3,0,1,2,0,1,66
EXACT_RANK_4,4,200,3200,16,0,4,1,1.0,14,0,1,3,0,1,4,1,1,66
EXACT_RANK_4,4,500,8000,16,0,4,1,1.0,1,0,1,5,0,1,4,1,1,66
EXACT_RANK_4,4,1000,16000,16,0,4,1,1.0,4,1,1,5,0,1,4,1,1,66
EXACT_RANK_4,4,5000,80000,16,0,4,1,1.0,15,0,1,5,0,1,4,1,1,66
EXACT_RANK_4,4,50,800,16,0,2,1,0.5,15,0,1,4,1,1,2,0,1,67
EXACT_RANK_4,4,100,1600,16,0,3,1,0.75,14,0,1,4,1,1,3,0,1,67
EXACT_RANK_4,4,200,3200,16,0,3,1,0.75,15,0,1,4,1,1,3,0,1,67
EXACT_RANK_4,4,500,8000,16,0,3,1,0.75,14,0,1,4,1,1,3,0,1,67
EXACT_RANK_4,4,1000,16000,16,0,3,1,0.75,3,0,1,4,1,1,3,0,1,67
EXACT_RANK_4,4,5000,80000,16,0,3,1,0.75,3,0,1,4,1,1,3,0,1,67
EXACT_RANK_4,4,50,800,16,0,2,1,0.5,15,0,1,4,1,1,2,0,1,68
EXACT_RANK_4,4,100,1600,16,0,3,1,0.75,1,0,1,4,1,1,3,0,1,68
EXACT_RANK_4,4,200,3200,16,0,3,1,0.75,1,0,1,4,1,1,3,0,1,68
EXACT_RANK_4,4,500,8000,16,0,4,1,1.0,15,0,1,4,1,1,4,1,1,68
EXACT_RANK_4,4,1000,16000,16,0,4,1,1.0,15,0,1,4,1,1,4,1,1,68
EXACT_RANK_4,4,5000,80000,16,0,4,1,1.0,4,1,1,5,0,1,4,1,1,68
EXACT_RANK_4,4,50,800,16,0,2,1,0.5,15,0,1,4,1,1,2,0,1,69
EXACT_RANK_4,4,100,1600,16,0,3,1,0.75,1,0,1,4,1,1,3,0,1,69
EXACT_RANK_4,4,200,3200,16,0,3,1,0.75,14,0,1,4,1,1,3,0,1,69
EXACT_RANK_4,4,500,8000,16,0,4,1,1.0,1,0,1,5,0,1,4,1,1,69
EXACT_RANK_4,4,1000,16000,16,0,4,1,1.0,14,0,1,5,0,1,4,1,1,69
EXACT_RANK_4,4,5000,80000,16,0,4,1,1.0,15,0,1,5,0,1,4,1,1,69
EXACT_RANK_4,4,50,800,16,0,2,1,0.5,1,0,1,3,0,1,2,0,1,70
EXACT_RANK_4,4,100,1600,16,0,2,1,0.5,15,0,1,3,0,1,2,0,1,70
EXACT_RANK_4,4,200,3200,16,0,2,1,0.5,15,0,1,3,0,1,2,0,1,70
EXACT_RANK_4,4,500,8000,16,0,3,1,0.75,1,0,1,4,1,1,3,0,1,70
EXACT_RANK_4,4,1000,16000,16,0,4,1,1.0,14,0,1,4,1,1,3,0,1,70
EXACT_RANK_4,4,5000,80000,16,0,4,1,1.0,4,1,1,4,1,1,4,1,1,70
EXACT_RANK_4,4,50,800,16,0,3,1,0.75,15,0,1,4,1,1,3,0,1,71
EXACT_RANK_4,4,100,1600,16,0,3,1,0.75,15,0,1,4,1,1,3,0,1,71
EXACT_RANK_4,4,200,3200,16,0,3,1,0.75,15,0,1,4,1,1,3,0,1,71
EXACT_RANK_4,4,500,8000,16,0,4,1,1.0,15,0,1,4,1,1,4,1,1,71
EXACT_RANK_4,4,1000,16000,16,0,4,1,1.0,3,0,1,5,0,1,4,1,1,71
EXACT_RANK_4,4,5000,80000,16,0,4,1,1.0,4,1,1,5,0,1,4,1,1,71
EXACT_RANK_4,4,50,800,16,0,2,1,0.5,15,0,1,3,0,1,2,0,1,72
EXACT_RANK_4,4,100,1600,16,0,3,1,0.75,14,0,1,3,0,1,3,0,1,72
EXACT_RANK_4,4,200,3200,16,0,3,1,0.75,1,0,1,4,1,1,3,0,1,72
EXACT_RANK_4,4,500,8000,16,0,3,1,0.75,3,0,1,4,1,1,3,0,1,72
EXACT_RANK_4,4,1000,16000,16,0,3,1,0.75,3,0,1,4,1,1,3,0,1,72
EXACT_RANK_4,4,5000,80000,16,0,3,1,0.75,15,0,1,4,1,1,3,0,1,72
EXACT_RANK_4,4,50,800,16,0,3,1,0.75,14,0,1,4,1,1,2,0,1,73
EXACT_RANK_4,4,100,1600,16,0,3,1,0.75,1,0,1,4,1,1,3,0,1,73
EXACT_RANK_4,4,200,3200,16,0,3,1,0.75,3,0,1,4,1,1,3,0,1,73
EXACT_RANK_4,4,500,8000,16,0,3,1,0.75,3,0,1,4,1,1,3,0,1,73
EXACT_RANK_4,4,1000,16000,16,0,3,1,0.75,15,0,1,4,1,1,3,0,1,73
EXACT_RANK_4,4,5000,80000,16,0,4,1,1.0,3,0,1,4,1,1,3,0,1,73
EXACT_RANK_4,4,50,800,16,0,2,1,0.5,15,0,1,3,0,1,2,0,1,74
EXACT_RANK_4,4,100,1600,16,0,2,1,0.5,1,0,1,3,0,1,2,0,1,74
EXACT_RANK_4,4,200,3200,16,0,3,1,0.75,15,0,1,3,0,1,3,0,1,74
EXACT_RANK_4,4,500,8000,16,0,4,1,1.0,15,0,1,4,1,1,3,0,1,74
EXACT_RANK_4,4,1000,16000,16,0,4,1,1.0,15,0,1,4,1,1,4,1,1,74
EXACT_RANK_4,4,5000,80000,16,0,4,1,1.0,15,0,1,5,0,1,4,1,1,74
EXACT_RANK_4,4,50,800,16,0,3,1,0.75,15,0,1,4,1,1,3,0,1,75
EXACT_RANK_4,4,100,1600,16,0,3,1,0.75,15,0,1,4,1,1,3,0,1,75
EXACT_RANK_4,4,200,3200,16,0,3,1,0.75,3,0,1,4,1,1,3,0,1,75
EXACT_RANK_4,4,500,8000,16,0,3,1,0.75,15,0,1,4,1,1,3,0,1,75
EXACT_RANK_4,4,1000,16000,16,0,3,1,0.75,3,0,1,4,1,1,3,0,1,75
EXACT_RANK_4,4,5000,80000,16,0,3,1,0.75,3,0,1,4,1,1,3,0,1,75
EXACT_RANK_4,4,50,800,16,0,3,1,0.75,15,0,1,4,1,1,2,0,1,76
EXACT_RANK_4,4,100,1600,16,0,3,1,0.75,15,0,1,3,0,1,2,0,1,76
EXACT_RANK_4,4,200,3200,16,0,4,1,1.0,15,0,1,4,1,1,3,0,1,76
EXACT_RANK_4,4,500,8000,16,0,4,1,1.0,15,0,1,4,1,1,4,1,1,76
EXACT_RANK_4,4,1000,16000,16,0,4,1,1.0,15,0,1,5,0,1,4,1,1,76
EXACT_RANK_4,4,5000,80000,16,0,4,1,1.0,4,1,1,5,0,1,4,1,1,76
EXACT_RANK_4,4,50,800,16,0,2,1,0.5,15,0,1,3,0,1,2,0,1,77
EXACT_RANK_4,4,100,1600,16,0,2,1,0.5,15,0,1,3,0,1,2,0,1,77
EXACT_RANK_4,4,200,3200,16,0,2,1,0.5,15,0,1,3,0,1,2,0,1,77
EXACT_RANK_4,4,500,8000,16,0,3,1,0.75,15,0,1,3,0,1,3,0,1,77
EXACT_RANK_4,4,1000,16000,16,0,3,1,0.75,2,0,1,4,1,1,3,0,1,77
EXACT_RANK_4,4,5000,80000,16,0,3,1,0.75,3,0,1,4,1,1,3,0,1,77
EXACT_RANK_4,4,50,800,16,0,2,1,0.5,15,0,1,3,0,1,2,0,1,78
EXACT_RANK_4,4,100,1600,16,0,2,1,0.5,15,0,1,3,0,1,2,0,1,78
EXACT_RANK_4,4,200,3200,16,0,2,1,0.5,15,0,1,3,0,1,2,0,1,78
EXACT_RANK_4,4,500,8000,16,0,2,1,0.5,15,0,1,3,0,1,2,0,1,78
EXACT_RANK_4,4,1000,16000,16,0,3,1,0.75,15,0,1,3,0,1,3,0,1,78
EXACT_RANK_4,4,5000,80000,16,0,4,1,1.0,15,0,1,3,0,1,4,1,1,78
EXACT_RANK_4,4,50,800,16,0,3,1,0.75,15,0,1,4,1,1,2,0,1,79
EXACT_RANK_4,4,100,1600,16,0,3,1,0.75,15,0,1,4,1,1,3,0,1,79
EXACT_RANK_4,4,200,3200,16,0,3,1,0.75,15,0,1,4,1,1,3,0,1,79
EXACT_RANK_4,4,500,8000,16,0,3,1,0.75,3,0,1,4,1,1,3,0,1,79
EXACT_RANK_4,4,1000,16000,16,0,3,1,0.75,3,0,1,4,1,1,3,0,1,79
EXACT_RANK_4,4,5000,80000,16,0,4,1,1.0,3,0,1,4,1,1,4,1,1,79
EXACT_RANK_4,4,50,800,16,0,2,1,0.5,15,0,1,3,0,1,2,0,1,80
EXACT_RANK_4,4,100,1600,16,0,2,1,0.5,15,0,1,3,0,1,2,0,1,80
EXACT_RANK_4,4,200,3200,16,0,2,1,0.5,15,0,1,3,0,1,2,0,1,80
EXACT_RANK_4,4,500,8000,16,0,3,1,0.75,15,0,1,3,0,1,3,0,1,80
EXACT_RANK_4,4,1000,16000,16,0,3,1,0.75,2,0,1,3,0,1,3,0,1,80
EXACT_RANK_4,4,5000,80000,16,0,3,1,0.75,2,0,1,4,1,1,3,0,1,80
EXACT_RANK_4,4,50,800,16,0,2,1,0.5,15,0,1,2,0,1,2,0,1,81
EXACT_RANK_4,4,100,1600,16,0,3,1,0.75,15,0,1,2,0,1,3,0,1,81
EXACT_RANK_4,4,200,3200,16,0,4,1,1.0,1,0,1,4,1,1,3,0,1,81
EXACT_RANK_4,4,500,8000,16,0,4,1,1.0,1,0,1,5,0,1,4,1,1,81
EXACT_RANK_4,4,1000,16000,16,0,4,1,1.0,1,0,1,5,0,1,4,1,1,81
EXACT_RANK_4,4,5000,80000,16,0,4,1,1.0,4,1,1,5,0,1,4,1,1,81
EXACT_RANK_4,4,50,800,16,0,2,1,0.5,2,0,1,3,0,1,2,0,1,82
EXACT_RANK_4,4,100,1600,16,0,2,1,0.5,15,0,1,3,0,1,2,0,1,82
EXACT_RANK_4,4,200,3200,16,0,2,1,0.5,15,0,1,3,0,1,2,0,1,82
EXACT_RANK_4,4,500,8000,16,0,2,1,0.5,15,0,1,3,0,1,2,0,1,82
EXACT_RANK_4,4,1000,16000,16,0,3,1,0.75,2,0,1,3,0,1,2,0,1,82
EXACT_RANK_4,4,5000,80000,16,0,4,1,1.0,2,0,1,3,0,1,3,0,1,82
EXACT_RANK_4,4,50,800,16,0,3,1,0.75,15,0,1,4,1,1,2,0,1,83
EXACT_RANK_4,4,100,1600,16,0,3,1,0.75,15,0,1,4,1,1,3,0,1,83
EXACT_RANK_4,4,200,3200,16,0,3,1,0.75,15,0,1,4,1,1,3,0,1,83
EXACT_RANK_4,4,500,8000,16,0,3,1,0.75,14,0,1,4,1,1,3,0,1,83
EXACT_RANK_4,4,1000,16000,16,0,4,1,1.0,3,0,1,4,1,1,3,0,1,83
EXACT_RANK_4,4,5000,80000,16,0,4,1,1.0,3,0,1,4,1,1,4,1,1,83
EXACT_RANK_4,4,50,800,16,0,3,1,0.75,15,0,1,5,0,1,3,0,1,84
EXACT_RANK_4,4,100,1600,16,0,3,1,0.75,15,0,1,4,1,1,3,0,1,84
EXACT_RANK_4,4,200,3200,16,0,3,1,0.75,3,0,1,4,1,1,3,0,1,84
EXACT_RANK_4,4,500,8000,16,0,3,1,0.75,3,0,1,4,1,1,3,0,1,84
EXACT_RANK_4,4,1000,16000,16,0,3,1,0.75,15,0,1,4,1,1,3,0,1,84
EXACT_RANK_4,4,5000,80000,16,0,3,1,0.75,15,0,1,4,1,1,3,0,1,84
EXACT_RANK_4,4,50,800,16,0,3,1,0.75,13,0,1,4,1,1,3,0,1,85
EXACT_RANK_4,4,100,1600,16,0,3,1,0.75,14,0,1,4,1,1,3,0,1,85
EXACT_RANK_4,4,200,3200,16,0,3,1,0.75,3,0,1,4,1,1,3,0,1,85
EXACT_RANK_4,4,500,8000,16,0,3,1,0.75,3,0,1,4,1,1,3,0,1,85
EXACT_RANK_4,4,1000,16000,16,0,3,1,0.75,3,0,1,4,1,1,3,0,1,85
EXACT_RANK_4,4,5000,80000,16,0,3,1,0.75,3,0,1,4,1,1,3,0,1,85
EXACT_RANK_4,4,50,800,16,0,2,1,0.5,15,0,1,3,0,1,2,0,1,86
EXACT_RANK_4,4,100,1600,16,0,2,1,0.5,15,0,1,3,0,1,2,0,1,86
EXACT_RANK_4,4,200,3200,16,0,3,1,0.75,14,0,1,4,1,1,3,0,1,86
EXACT_RANK_4,4,500,8000,16,0,3,1,0.75,14,0,1,4,1,1,3,0,1,86
EXACT_RANK_4,4,1000,16000,16,0,3,1,0.75,3,0,1,4,1,1,3,0,1,86
EXACT_RANK_4,4,5000,80000,16,0,4,1,1.0,3,0,1,4,1,1,4,1,1,86
EXACT_RANK_4,4,50,800,16,0,1,1,0.25,15,0,1,2,0,1,1,0,1,87
EXACT_RANK_4,4,100,1600,16,0,2,1,0.5,15,0,1,2,0,1,1,0,1,87
EXACT_RANK_4,4,200,3200,16,0,3,1,0.75,1,0,1,2,0,1,2,0,1,87
EXACT_RANK_4,4,500,8000,16,0,3,1,0.75,1,0,1,2,0,1,3,0,1,87
EXACT_RANK_4,4,1000,16000,16,0,3,1,0.75,1,0,1,2,0,1,3,0,1,87
EXACT_RANK_4,4,5000,80000,16,0,4,1,1.0,1,0,1,2,0,1,4,1,1,87
EXACT_RANK_4,4,50,800,16,0,2,1,0.5,15,0,1,3,0,1,2,0,1,88
EXACT_RANK_4,4,100,1600,16,0,2,1,0.5,15,0,1,4,1,1,2,0,1,88
EXACT_RANK_4,4,200,3200,16,0,3,1,0.75,1,0,1,4,1,1,3,0,1,88
EXACT_RANK_4,4,500,8000,16,0,3,1,0.75,15,0,1,4,1,1,3,0,1,88
EXACT_RANK_4,4,1000,16000,16,0,3,1,0.75,3,0,1,4,1,1,3,0,1,88
EXACT_RANK_4,4,5000,80000,16,0,3,1,0.75,15,0,1,4,1,1,3,0,1,88
EXACT_RANK_4,4,50,800,16,0,3,1,0.75,1,0,1,4,1,1,3,0,1,89
EXACT_RANK_4,4,100,1600,16,0,3,1,0.75,15,0,1,4,1,1,3,0,1,89
EXACT_RANK_4,4,200,3200,16,0,4,1,1.0,15,0,1,5,0,1,4,1,1,89
EXACT_RANK_4,4,500,8000,16,0,4,1,1.0,15,0,1,5,0,1,4,1,1,89
EXACT_RANK_4,4,1000,16000,16,0,4,1,1.0,4,1,1,5,0,1,4,1,1,89
EXACT_RANK_4,4,5000,80000,16,0,4,1,1.0,4,1,1,5,0,1,4,1,1,89
EXACT_RANK_4,4,50,800,16,0,2,1,0.5,15,0,1,3,0,1,1,0,1,90
EXACT_RANK_4,4,100,1600,16,0,2,1,0.5,15,0,1,3,0,1,2,0,1,90
EXACT_RANK_4,4,200,3200,16,0,3,1,0.75,1,0,1,4,1,1,3,0,1,90
EXACT_RANK_4,4,500,8000,16,0,3,1,0.75,15,0,1,4,1,1,3,0,1,90
EXACT_RANK_4,4,1000,16000,16,0,4,1,1.0,15,0,1,4,1,1,4,1,1,90
EXACT_RANK_4,4,5000,80000,16,0,4,1,1.0,15,0,1,4,1,1,4,1,1,90
EXACT_RANK_4,4,50,800,16,0,2,1,0.5,15,0,1,4,1,1,2,0,1,91
EXACT_RANK_4,4,100,1600,16,0,3,1,0.75,15,0,1,4,1,1,3,0,1,91
EXACT_RANK_4,4,200,3200,16,0,3,1,0.75,15,0,1,4,1,1,3,0,1,91
EXACT_RANK_4,4,500,8000,16,0,3,1,0.75,15,0,1,4,1,1,3,0,1,91
EXACT_RANK_4,4,1000,16000,16,0,3,1,0.75,15,0,1,4,1,1,3,0,1,91
EXACT_RANK_4,4,5000,80000,16,0,4,1,1.0,15,0,1,4,1,1,4,1,1,91
EXACT_RANK_4,4,50,800,16,0,2,1,0.5,2,0,1,4,1,1,2,0,1,92
EXACT_RANK_4,4,100,1600,16,0,2,1,0.5,15,0,1,3,0,1,2,0,1,92
EXACT_RANK_4,4,200,3200,16,0,3,1,0.75,2,0,1,3,0,1,2,0,1,92
EXACT_RANK_4,4,500,8000,16,0,4,1,1.0,2,0,1,3,0,1,4,1,1,92
EXACT_RANK_4,4,1000,16000,16,0,4,1,1.0,2,0,1,3,0,1,4,1,1,92
EXACT_RANK_4,4,5000,80000,16,0,4,1,1.0,15,0,1,5,0,1,4,1,1,92
EXACT_RANK_4,4,50,800,16,0,3,1,0.75,15,0,1,4,1,1,2,0,1,93
EXACT_RANK_4,4,100,1600,16,0,3,1,0.75,1,0,1,4,1,1,3,0,1,93
EXACT_RANK_4,4,200,3200,16,0,3,1,0.75,1,0,1,4,1,1,3,0,1,93
EXACT_RANK_4,4,500,8000,16,0,3,1,0.75,1,0,1,4,1,1,3,0,1,93
EXACT_RANK_4,4,1000,16000,16,0,4,1,1.0,15,0,1,4,1,1,4,1,1,93
EXACT_RANK_4,4,5000,80000,16,0,4,1,1.0,15,0,1,4,1,1,4,1,1,93
EXACT_RANK_4,4,50,800,16,0,2,1,0.5,15,0,1,3,0,1,2,0,1,94
EXACT_RANK_4,4,100,1600,16,0,3,1,0.75,15,0,1,4,1,1,3,0,1,94
EXACT_RANK_4,4,200,3200,16,0,3,1,0.75,15,0,1,3,0,1,3,0,1,94
EXACT_RANK_4,4,500,8000,16,0,4,1,1.0,15,0,1,4,1,1,4,1,1,94
EXACT_RANK_4,4,1000,16000,16,0,4,1,1.0,15,0,1,5,0,1,4,1,1,94
EXACT_RANK_4,4,5000,80000,16,0,4,1,1.0,4,1,1,5,0,1,4,1,1,94
EXACT_RANK_4,4,50,800,16,0,3,1,0.75,1,0,1,2,0,1,3,0,1,95
EXACT_RANK_4,4,100,1600,16,0,3,1,0.75,1,0,1,4,1,1,2,0,1,95
EXACT_RANK_4,4,200,3200,16,0,3,1,0.75,15,0,1,4,1,1,3,0,1,95
EXACT_RANK_4,4,500,8000,16,0,3,1,0.75,3,0,1,4,1,1,3,0,1,95
EXACT_RANK_4,4,1000,16000,16,0,3,1,0.75,15,0,1,4,1,1,3,0,1,95
EXACT_RANK_4,4,5000,80000,16,0,3,1,0.75,3,0,1,4,1,1,3,0,1,95
EXACT_RANK_4,4,50,800,16,0,2,1,0.5,14,0,1,4,1,1,2,0,1,96
EXACT_RANK_4,4,100,1600,16,0,3,1,0.75,15,0,1,4,1,1,3,0,1,96
EXACT_RANK_4,4,200,3200,16,0,3,1,0.75,1,0,1,4,1,1,3,0,1,96
EXACT_RANK_4,4,500,8000,16,0,4,1,1.0,15,0,1,4,1,1,4,1,1,96
EXACT_RANK_4,4,1000,16000,16,0,4,1,1.0,3,0,1,4,1,1,4,1,1,96
EXACT_RANK_4,4,5000,80000,16,0,4,1,1.0,15,0,1,4,1,1,4,1,1,96
EXACT_RANK_4,4,50,800,16,0,3,1,0.75,14,0,1,5,0,1,3,0,1,97
EXACT_RANK_4,4,100,1600,16,0,3,1,0.75,15,0,1,4,1,1,3,0,1,97
EXACT_RANK_4,4,200,3200,16,0,3,1,0.75,15,0,1,4,1,1,3,0,1,97
EXACT_RANK_4,4,500,8000,16,0,3,1,0.75,3,0,1,4,1,1,3,0,1,97
EXACT_RANK_4,4,1000,16000,16,0,3,1,0.75,15,0,1,4,1,1,3,0,1,97
EXACT_RANK_4,4,5000,80000,16,0,4,1,1.0,3,0,1,4,1,1,4,1,1,97
EXACT_RANK_4,4,50,800,16,0,3,1,0.75,15,0,1,4,1,1,3,0,1,98
EXACT_RANK_4,4,100,1600,16,0,3,1,0.75,15,0,1,4,1,1,3,0,1,98
EXACT_RANK_4,4,200,3200,16,0,3,1,0.75,3,0,1,4,1,1,3,0,1,98
EXACT_RANK_4,4,500,8000,16,0,3,1,0.75,3,0,1,4,1,1,3,0,1,98
EXACT_RANK_4,4,1000,16000,16,0,4,1,1.0,15,0,1,4,1,1,3,0,1,98
EXACT_RANK_4,4,5000,80000,16,0,4,1,1.0,15,0,1,4,1,1,4,1,1,98
EXACT_RANK_4,4,50,800,16,0,3,1,0.75,15,0,1,4,1,1,3,0,1,99
EXACT_RANK_4,4,100,1600,16,0,3,1,0.75,3,0,1,4,1,1,3,0,1,99
EXACT_RANK_4,4,200,3200,16,0,3,1,0.75,14,0,1,4,1,1,3,0,1,99
EXACT_RANK_4,4,500,8000,16,0,3,1,0.75,3,0,1,4,1,1,3,0,1,99
EXACT_RANK_4,4,1000,16000,16,0,4,1,1.0,3,0,1,4,1,1,3,0,1,99
EXACT_RANK_4,4,5000,80000,16,0,4,1,1.0,15,0,1,4,1,1,4,1,1,99
EXACT_RANK_4,4,50,800,16,0,2,1,0.5,15,0,1,4,1,1,2,0,1,100
EXACT_RANK_4,4,100,1600,16,0,3,1,0.75,15,0,1,4,1,1,3,0,1,100
EXACT_RANK_4,4,200,3200,16,0,3,1,0.75,15,0,1,4,1,1,3,0,1,100
EXACT_RANK_4,4,500,8000,16,0,3,1,0.75,3,0,1,4,1,1,3,0,1,100
EXACT_RANK_4,4,1000,16000,16,0,3,1,0.75,15,0,1,4,1,1,3,0,1,100
EXACT_RANK_4,4,5000,80000,16,0,4,1,1.0,3,0,1,4,1,1,3,0,1,100
EXACT_RANK_4,4,50,800,16,0,3,1,0.75,15,0,1,4,1,1,3,0,1,101
EXACT_RANK_4,4,100,1600,16,0,3,1,0.75,15,0,1,4,1,1,3,0,1,101
EXACT_RANK_4,4,200,3200,16,0,3,1,0.75,1,0,1,4,1,1,3,0,1,101
EXACT_RANK_4,4,500,8000,16,0,4,1,1.0,1,0,1,4,1,1,3,0,1,101
EXACT_RANK_4,4,1000,16000,16,0,4,1,1.0,15,0,1,4,1,1,4,1,1,101
EXACT_RANK_4,4,5000,80000,16,0,4,1,1.0,4,1,1,5,0,1,4,1,1,101
EXACT_RANK_4,4,50,800,16,0,2,1,0.5,2,0,1,3,0,1,2,0,1,102
EXACT_RANK_4,4,100,1600,16,0,2,1,0.5,15,0,1,3,0,1,2,0,1,102
EXACT_RANK_4,4,200,3200,16,0,3,1,0.75,15,0,1,4,1,1,3,0,1,102
EXACT_RANK_4,4,500,8000,16,0,3,1,0.75,2,0,1,4,1,1,3,0,1,102
EXACT_RANK_4,4,1000,16000,16,0,4,1,1.0,15,0,1,4,1,1,3,0,1,102
EXACT_RANK_4,4,5000,80000,16,0,4,1,1.0,2,0,1,4,1,1,4,1,1,102
EXACT_RANK_4,4,50,800,16,0,2,1,0.5,15,0,1,4,1,1,2,0,1,103
EXACT_RANK_4,4,100,1600,16,0,3,1,0.75,2,0,1,4,1,1,2,0,1,103
EXACT_RANK_4,4,200,3200,16,0,3,1,0.75,15,0,1,4,1,1,3,0,1,103
EXACT_RANK_4,4,500,8000,16,0,3,1,0.75,15,0,1,4,1,1,3,0,1,103
EXACT_RANK_4,4,1000,16000,16,0,3,1,0.75,15,0,1,4,1,1,3,0,1,103
EXACT_RANK_4,4,5000,80000,16,0,4,1,1.0,15,0,1,4,1,1,4,1,1,103
EXACT_RANK_4,4,50,800,16,0,2,1,0.5,15,0,1,3,0,1,1,0,1,104
EXACT_RANK_4,4,100,1600,16,0,3,1,0.75,15,0,1,2,0,1,3,0,1,104
EXACT_RANK_4,4,200,3200,16,0,3,1,0.75,14,0,1,4,1,1,3,0,1,104
EXACT_RANK_4,4,500,8000,16,0,4,1,1.0,1,0,1,4,1,1,4,1,1,104
EXACT_RANK_4,4,1000,16000,16,0,4,1,1.0,1,0,1,5,0,1,4,1,1,104
EXACT_RANK_4,4,5000,80000,16,0,4,1,1.0,15,0,1,5,0,1,4,1,1,104
EXACT_RANK_4,4,50,800,16,0,2,1,0.5,15,0,1,4,1,1,2,0,1,105
EXACT_RANK_4,4,100,1600,16,0,3,1,0.75,15,0,1,4,1,1,3,0,1,105
EXACT_RANK_4,4,200,3200,16,0,3,1,0.75,15,0,1,4,1,1,3,0,1,105
EXACT_RANK_4,4,500,8000,16,0,3,1,0.75,15,0,1,4,1,1,3,0,1,105
EXACT_RANK_4,4,1000,16000,16,0,3,1,0.75,15,0,1,4,1,1,3,0,1,105
EXACT_RANK_4,4,5000,80000,16,0,3,1,0.75,3,0,1,4,1,1,3,0,1,105
EXACT_RANK_4,4,50,800,16,0,2,1,0.5,15,0,1,3,0,1,2,0,1,106
EXACT_RANK_4,4,100,1600,16,0,2,1,0.5,14,0,1,3,0,1,2,0,1,106
EXACT_RANK_4,4,200,3200,16,0,2,1,0.5,2,0,1,3,0,1,2,0,1,106
EXACT_RANK_4,4,500,8000,16,0,3,1,0.75,15,0,1,3,0,1,3,0,1,106
EXACT_RANK_4,4,1000,16000,16,0,3,1,0.75,15,0,1,4,1,1,3,0,1,106
EXACT_RANK_4,4,5000,80000,16,0,4,1,1.0,2,0,1,4,1,1,4,1,1,106
EXACT_RANK_4,4,50,800,16,0,2,1,0.5,2,0,1,3,0,1,2,0,1,107
EXACT_RANK_4,4,100,1600,16,0,2,1,0.5,2,0,1,3,0,1,2,0,1,107
EXACT_RANK_4,4,200,3200,16,0,3,1,0.75,2,0,1,3,0,1,3,0,1,107
EXACT_RANK_4,4,500,8000,16,0,4,1,1.0,15,0,1,3,0,1,4,1,1,107
EXACT_RANK_4,4,1000,16000,16,0,4,1,1.0,2,0,1,5,0,1,4,1,1,107
EXACT_RANK_4,4,5000,80000,16,0,4,1,1.0,4,1,1,5,0,1,4,1,1,107
EXACT_RANK_4,4,50,800,16,0,3,1,0.75,15,0,1,4,1,1,3,0,1,108
EXACT_RANK_4,4,100,1600,16,0,3,1,0.75,15,0,1,4,1,1,3,0,1,108
EXACT_RANK_4,4,200,3200,16,0,3,1,0.75,3,0,1,4,1,1,3,0,1,108
EXACT_RANK_4,4,500,8000,16,0,3,1,0.75,15,0,1,4,1,1,3,0,1,108
EXACT_RANK_4,4,1000,16000,16,0,3,1,0.75,3,0,1,4,1,1,3,0,1,108
EXACT_RANK_4,4,5000,80000,16,0,3,1,0.75,3,0,1,4,1,1,3,0,1,108
EXACT_RANK_4,4,50,800,16,0,3,1,0.75,1,0,1,4,1,1,3,0,1,109
EXACT_RANK_4,4,100,1600,16,0,3,1,0.75,3,0,1,4,1,1,3,0,1,109
EXACT_RANK_4,4,200,3200,16,0,3,1,0.75,15,0,1,4,1,1,3,0,1,109
EXACT_RANK_4,4,500,8000,16,0,3,1,0.75,3,0,1,4,1,1,3,0,1,109
EXACT_RANK_4,4,1000,16000,16,0,3,1,0.75,15,0,1,4,1,1,3,0,1,109
EXACT_RANK_4,4,5000,80000,16,0,4,1,1.0,15,0,1,4,1,1,3,0,1,109
EXACT_RANK_4,4,50,800,16,0,2,1,0.5,1,0,1,3,0,1,2,0,1,110
EXACT_RANK_4,4,100,1600,16,0,3,1,0.75,15,0,1,4,1,1,3,0,1,110
EXACT_RANK_4,4,200,3200,16,0,3,1,0.75,15,0,1,4,1,1,3,0,1,110
EXACT_RANK_4,4,500,8000,16,0,3,1,0.75,3,0,1,4,1,1,3,0,1,110
EXACT_RANK_4,4,1000,16000,16,0,3,1,0.75,3,0,1,4,1,1,3,0,1,110
EXACT_RANK_4,4,5000,80000,16,0,3,1,0.75,3,0,1,4,1,1,3,0,1,110
EXACT_RANK_4,4,50,800,16,0,3,1,0.75,13,0,1,4,1,1,3,0,1,111
EXACT_RANK_4,4,100,1600,16,0,3,1,0.75,15,0,1,4,1,1,3,0,1,111
EXACT_RANK_4,4,200,3200,16,0,3,1,0.75,15,0,1,4,1,1,3,0,1,111
EXACT_RANK_4,4,500,8000,16,0,3,1,0.75,15,0,1,4,1,1,3,0,1,111
EXACT_RANK_4,4,1000,16000,16,0,4,1,1.0,3,0,1,4,1,1,4,1,1,111
EXACT_RANK_4,4,5000,80000,16,0,4,1,1.0,15,0,1,4,1,1,4,1,1,111
EXACT_RANK_4,4,50,800,16,0,2,1,0.5,1,0,1,3,0,1,2,0,1,112
EXACT_RANK_4,4,100,1600,16,0,2,1,0.5,15,0,1,3,0,1,2,0,1,112
EXACT_RANK_4,4,200,3200,16,0,3,1,0.75,14,0,1,3,0,1,2,0,1,112
EXACT_RANK_4,4,500,8000,16,0,3,1,0.75,2,0,1,4,1,1,3,0,1,112
EXACT_RANK_4,4,1000,16000,16,0,3,1,0.75,14,0,1,4,1,1,3,0,1,112
EXACT_RANK_4,4,5000,80000,16,0,4,1,1.0,15,0,1,4,1,1,4,1,1,112
EXACT_RANK_4,4,50,800,16,0,2,1,0.5,1,0,1,3,0,1,2,0,1,113
EXACT_RANK_4,4,100,1600,16,0,2,1,0.5,2,0,1,3,0,1,2,0,1,113
EXACT_RANK_4,4,200,3200,16,0,3,1,0.75,15,0,1,3,0,1,2,0,1,113
EXACT_RANK_4,4,500,8000,16,0,3,1,0.75,2,0,1,4,1,1,3,0,1,113
EXACT_RANK_4,4,1000,16000,16,0,3,1,0.75,3,0,1,4,1,1,3,0,1,113
EXACT_RANK_4,4,5000,80000,16,0,3,1,0.75,3,0,1,4,1,1,3,0,1,113
EXACT_RANK_4,4,50,800,16,0,2,1,0.5,14,0,1,3,0,1,2,0,1,114
EXACT_RANK_4,4,100,1600,16,0,2,1,0.5,15,0,1,3,0,1,2,0,1,114
EXACT_RANK_4,4,200,3200,16,0,2,1,0.5,15,0,1,3,0,1,2,0,1,114
EXACT_RANK_4,4,500,8000,16,0,3,1,0.75,15,0,1,3,0,1,3,0,1,114
EXACT_RANK_4,4,1000,16000,16,0,3,1,0.75,15,0,1,4,1,1,3,0,1,114
EXACT_RANK_4,4,5000,80000,16,0,4,1,1.0,2,0,1,4,1,1,4,1,1,114
EXACT_RANK_4,4,50,800,16,0,2,1,0.5,15,0,1,4,1,1,2,0,1,115
EXACT_RANK_4,4,100,1600,16,0,2,1,0.5,1,0,1,3,0,1,2,0,1,115
EXACT_RANK_4,4,200,3200,16,0,3,1,0.75,15,0,1,4,1,1,3,0,1,115
EXACT_RANK_4,4,500,8000,16,0,3,1,0.75,15,0,1,4,1,1,3,0,1,115
EXACT_RANK_4,4,1000,16000,16,0,3,1,0.75,15,0,1,4,1,1,3,0,1,115
EXACT_RANK_4,4,5000,80000,16,0,3,1,0.75,15,0,1,4,1,1,3,0,1,115
EXACT_RANK_4,4,50,800,16,0,2,1,0.5,1,0,1,3,0,1,2,0,1,116
EXACT_RANK_4,4,100,1600,16,0,3,1,0.75,15,0,1,4,1,1,2,0,1,116
EXACT_RANK_4,4,200,3200,16,0,3,1,0.75,15,0,1,4,1,1,3,0,1,116
EXACT_RANK_4,4,500,8000,16,0,4,1,1.0,15,0,1,3,0,1,4,1,1,116
EXACT_RANK_4,4,1000,16000,16,0,4,1,1.0,15,0,1,5,0,1,4,1,1,116
EXACT_RANK_4,4,5000,80000,16,0,4,1,1.0,4,1,1,5,0,1,4,1,1,116
EXACT_RANK_4,4,50,800,16,0,2,1,0.5,1,0,1,4,1,1,2,0,1,117
EXACT_RANK_4,4,100,1600,16,0,3,1,0.75,15,0,1,3,0,1,2,0,1,117
EXACT_RANK_4,4,200,3200,16,0,3,1,0.75,14,0,1,4,1,1,3,0,1,117
EXACT_RANK_4,4,500,8000,16,0,3,1,0.75,15,0,1,4,1,1,3,0,1,117
EXACT_RANK_4,4,1000,16000,16,0,3,1,0.75,3,0,1,4,1,1,3,0,1,117
EXACT_RANK_4,4,5000,80000,16,0,4,1,1.0,15,0,1,4,1,1,4,1,1,117
EXACT_RANK_4,4,50,800,16,0,2,1,0.5,15,0,1,4,1,1,2,0,1,118
EXACT_RANK_4,4,100,1600,16,0,2,1,0.5,15,0,1,3,0,1,2,0,1,118
EXACT_RANK_4,4,200,3200,16,0,3,1,0.75,15,0,1,3,0,1,2,0,1,118
EXACT_RANK_4,4,500,8000,16,0,4,1,1.0,15,0,1,3,0,1,4,1,1,118
EXACT_RANK_4,4,1000,16000,16,0,4,1,1.0,15,0,1,3,0,1,4,1,1,118
EXACT_RANK_4,4,5000,80000,16,0,4,1,1.0,4,1,1,5,0,1,4,1,1,118
EXACT_RANK_4,4,50,800,16,0,2,1,0.5,14,0,1,3,0,1,2,0,1,119
EXACT_RANK_4,4,100,1600,16,0,2,1,0.5,15,0,1,3,0,1,2,0,1,119
EXACT_RANK_4,4,200,3200,16,0,3,1,0.75,2,0,1,4,1,1,3,0,1,119
EXACT_RANK_4,4,500,8000,16,0,3,1,0.75,15,0,1,4,1,1,3,0,1,119
EXACT_RANK_4,4,1000,16000,16,0,4,1,1.0,15,0,1,4,1,1,4,1,1,119
EXACT_RANK_4,4,5000,80000,16,0,4,1,1.0,4,1,1,4,1,1,4,1,1,119
EXACT_RANK_4,4,50,800,16,0,2,1,0.5,1,0,1,3,0,1,2,0,1,120
EXACT_RANK_4,4,100,1600,16,0,3,1,0.75,15,0,1,4,1,1,3,0,1,120
EXACT_RANK_4,4,200,3200,16,0,4,1,1.0,1,0,1,3,0,1,4,1,1,120
EXACT_RANK_4,4,500,8000,16,0,4,1,1.0,15,0,1,5,0,1,4,1,1,120
EXACT_RANK_4,4,1000,16000,16,0,4,1,1.0,4,1,1,5,0,1,4,1,1,120
EXACT_RANK_4,4,5000,80000,16,0,4,1,1.0,4,1,1,5,0,1,4,1,1,120
EXACT_RANK_4,4,50,800,16,0,2,1,0.5,15,0,1,4,1,1,2,0,1,121
EXACT_RANK_4,4,100,1600,16,0,2,1,0.5,15,0,1,3,0,1,2,0,1,121
EXACT_RANK_4,4,200,3200,16,0,3,1,0.75,1,0,1,4,1,1,3,0,1,121
EXACT_RANK_4,4,500,8000,16,0,3,1,0.75,15,0,1,4,1,1,3,0,1,121
EXACT_RANK_4,4,1000,16000,16,0,3,1,0.75,3,0,1,4,1,1,3,0,1,121
EXACT_RANK_4,4,5000,80000,16,0,3,1,0.75,15,0,1,4,1,1,3,0,1,121
EXACT_RANK_4,4,50,800,16,0,2,1,0.5,15,0,1,3,0,1,2,0,1,122
EXACT_RANK_4,4,100,1600,16,0,2,1,0.5,14,0,1,3,0,1,2,0,1,122
EXACT_RANK_4,4,200,3200,16,0,3,1,0.75,15,0,1,4,1,1,3,0,1,122
EXACT_RANK_4,4,500,8000,16,0,3,1,0.75,15,0,1,4,1,1,3,0,1,122
EXACT_RANK_4,4,1000,16000,16,0,4,1,1.0,2,0,1,4,1,1,3,0,1,122
EXACT_RANK_4,4,5000,80000,16,0,4,1,1.0,15,0,1,4,1,1,4,1,1,122
EXACT_RANK_4,4,50,800,16,0,2,1,0.5,2,0,1,3,0,1,2,0,1,123
EXACT_RANK_4,4,100,1600,16,0,2,1,0.5,15,0,1,3,0,1,2,0,1,123
EXACT_RANK_4,4,200,3200,16,0,4,1,1.0,15,0,1,3,0,1,4,1,1,123
EXACT_RANK_4,4,500,8000,16,0,4,1,1.0,2,0,1,5,0,1,4,1,1,123
EXACT_RANK_4,4,1000,16000,16,0,4,1,1.0,15,0,1,5,0,1,4,1,1,123
EXACT_RANK_4,4,5000,80000,16,0,4,1,1.0,4,1,1,5,0,1,4,1,1,123
EXACT_RANK_4,4,50,800,16,0,2,1,0.5,15,0,1,3,0,1,2,0,1,124
EXACT_RANK_4,4,100,1600,16,0,2,1,0.5,15,0,1,3,0,1,3,0,1,124
EXACT_RANK_4,4,200,3200,16,0,2,1,0.5,15,0,1,3,0,1,2,0,1,124
EXACT_RANK_4,4,500,8000,16,0,3,1,0.75,15,0,1,4,1,1,3,0,1,124
EXACT_RANK_4,4,1000,16000,16,0,3,1,0.75,15,0,1,4,1,1,3,0,1,124
EXACT_RANK_4,4,5000,80000,16,0,3,1,0.75,3,0,1,4,1,1,3,0,1,124
EXACT_RANK_4,4,50,800,16,0,2,1,0.5,1,0,1,3,0,1,2,0,1,125
EXACT_RANK_4,4,100,1600,16,0,2,1,0.5,1,0,1,3,0,1,2,0,1,125
EXACT_RANK_4,4,200,3200,16,0,2,1,0.5,1,0,1,3,0,1,2,0,1,125
EXACT_RANK_4,4,500,8000,16,0,3,1,0.75,15,0,1,4,1,1,3,0,1,125
EXACT_RANK_4,4,1000,16000,16,0,3,1,0.75,1,0,1,4,1,1,3,0,1,125
EXACT_RANK_4,4,5000,80000,16,0,4,1,1.0,1,0,1,4,1,1,4,1,1,125
EXACT_RANK_4,4,50,800,16,0,2,1,0.5,14,0,1,3,0,1,2,0,1,126
EXACT_RANK_4,4,100,1600,16,0,2,1,0.5,15,0,1,3,0,1,2,0,1,126
EXACT_RANK_4,4,200,3200,16,0,3,1,0.75,2,0,1,3,0,1,2,0,1,126
EXACT_RANK_4,4,500,8000,16,0,3,1,0.75,15,0,1,4,1,1,3,0,1,126
EXACT_RANK_4,4,1000,16000,16,0,4,1,1.0,2,0,1,3,0,1,4,1,1,126
EXACT_RANK_4,4,5000,80000,16,0,4,1,1.0,15,0,1,3,0,1,4,1,1,126
EXACT_RANK_4,4,50,800,16,0,3,1,0.75,14,0,1,4,1,1,3,0,1,127
EXACT_RANK_4,4,100,1600,16,0,3,1,0.75,15,0,1,4,1,1,3,0,1,127
EXACT_RANK_4,4,200,3200,16,0,3,1,0.75,3,0,1,4,1,1,3,0,1,127
EXACT_RANK_4,4,500,8000,16,0,3,1,0.75,15,0,1,4,1,1,3,0,1,127
EXACT_RANK_4,4,1000,16000,16,0,4,1,1.0,3,0,1,4,1,1,3,0,1,127
EXACT_RANK_4,4,5000,80000,16,0,4,1,1.0,3,0,1,4,1,1,4,1,1,127
EXACT_RANK_4,4,50,800,16,0,3,1,0.75,1,0,1,5,0,1,3,0,1,128
EXACT_RANK_4,4,100,1600,16,0,3,1,0.75,15,0,1,5,0,1,3,0,1,128
EXACT_RANK_4,4,200,3200,16,0,4,1,1.0,15,0,1,5,0,1,3,0,1,128
EXACT_RANK_4,4,500,8000,16,0,4,1,1.0,15,0,1,5,0,1,4,1,1,128
EXACT_RANK_4,4,1000,16000,16,0,4,1,1.0,4,1,1,5,0,1,4,1,1,128
EXACT_RANK_4,4,5000,80000,16,0,4,1,1.0,4,1,1,5,0,1,4,1,1,128
EXACT_RANK_4,4,50,800,16,0,3,1,0.75,15,0,1,5,0,1,3,0,1,129
EXACT_RANK_4,4,100,1600,16,0,3,1,0.75,15,0,1,4,1,1,3,0,1,129
EXACT_RANK_4,4,200,3200,16,0,4,1,1.0,15,0,1,5,0,1,4,1,1,129
EXACT_RANK_4,4,500,8000,16,0,4,1,1.0,1,0,1,5,0,1,4,1,1,129
EXACT_RANK_4,4,1000,16000,16,0,4,1,1.0,15,0,1,5,0,1,4,1,1,129
EXACT_RANK_4,4,5000,80000,16,0,4,1,1.0,15,0,1,5,0,1,4,1,1,129
EXACT_RANK_4,4,50,800,16,0,3,1,0.75,15,0,1,4,1,1,3,0,1,130
EXACT_RANK_4,4,100,1600,16,0,3,1,0.75,15,0,1,4,1,1,3,0,1,130
EXACT_RANK_4,4,200,3200,16,0,3,1,0.75,3,0,1,4,1,1,3,0,1,130
EXACT_RANK_4,4,500,8000,16,0,3,1,0.75,15,0,1,4,1,1,3,0,1,130
EXACT_RANK_4,4,1000,16000,16,0,4,1,1.0,15,0,1,4,1,1,4,1,1,130
EXACT_RANK_4,4,5000,80000,16,0,4,1,1.0,15,0,1,4,1,1,4,1,1,130
EXACT_RANK_4,4,50,800,16,0,3,1,0.75,15,0,1,4,1,1,3,0,1,131
EXACT_RANK_4,4,100,1600,16,0,3,1,0.75,15,0,1,4,1,1,3,0,1,131
EXACT_RANK_4,4,200,3200,16,0,3,1,0.75,15,0,1,4,1,1,3,0,1,131
EXACT_RANK_4,4,500,8000,16,0,3,1,0.75,15,0,1,4,1,1,3,0,1,131
EXACT_RANK_4,4,1000,16000,16,0,3,1,0.75,3,0,1,4,1,1,3,0,1,131
EXACT_RANK_4,4,5000,80000,16,0,4,1,1.0,15,0,1,4,1,1,4,1,1,131
EXACT_RANK_4,4,50,800,16,0,2,1,0.5,14,0,1,4,1,1,2,0,1,132
EXACT_RANK_4,4,100,1600,16,0,3,1,0.75,15,0,1,3,0,1,3,0,1,132
EXACT_RANK_4,4,200,3200,16,0,3,1,0.75,15,0,1,4,1,1,3,0,1,132
EXACT_RANK_4,4,500,8000,16,0,4,1,1.0,1,0,1,5,0,1,4,1,1,132
EXACT_RANK_4,4,1000,16000,16,0,4,1,1.0,15,0,1,5,0,1,4,1,1,132
EXACT_RANK_4,4,5000,80000,16,0,4,1,1.0,4,1,1,5,0,1,4,1,1,132
EXACT_RANK_4,4,50,800,16,0,2,1,0.5,15,0,1,4,1,1,2,0,1,133
EXACT_RANK_4,4,100,1600,16,0,2,1,0.5,14,0,1,4,1,1,2,0,1,133
EXACT_RANK_4,4,200,3200,16,0,3,1,0.75,15,0,1,4,1,1,3,0,1,133
EXACT_RANK_4,4,500,8000,16,0,4,1,1.0,1,0,1,4,1,1,3,0,1,133
EXACT_RANK_4,4,1000,16000,16,0,4,1,1.0,15,0,1,4,1,1,4,1,1,133
EXACT_RANK_4,4,5000,80000,16,0,4,1,1.0,4,1,1,5,0,1,4,1,1,133
EXACT_RANK_4,4,50,800,16,0,2,1,0.5,1,0,1,3,0,1,2,0,1,134
EXACT_RANK_4,4,100,1600,16,0,3,1,0.75,15,0,1,3,0,1,3,0,1,134
EXACT_RANK_4,4,200,3200,16,0,3,1,0.75,2,0,1,4,1,1,3,0,1,134
EXACT_RANK_4,4,500,8000,16,0,4,1,1.0,15,0,1,4,1,1,3,0,1,134
EXACT_RANK_4,4,1000,16000,16,0,4,1,1.0,15,0,1,4,1,1,4,1,1,134
EXACT_RANK_4,4,5000,80000,16,0,4,1,1.0,15,0,1,5,0,1,4,1,1,134
EXACT_RANK_4,4,50,800,16,0,2,1,0.5,1,0,1,4,1,1,2,0,1,135
EXACT_RANK_4,4,100,1600,16,0,3,1,0.75,1,0,1,4,1,1,3,0,1,135
EXACT_RANK_4,4,200,3200,16,0,4,1,1.0,1,0,1,3,0,1,3,0,1,135
EXACT_RANK_4,4,500,8000,16,0,4,1,1.0,15,0,1,5,0,1,4,1,1,135
EXACT_RANK_4,4,1000,16000,16,0,4,1,1.0,1,0,1,4,1,1,4,1,1,135
EXACT_RANK_4,4,5000,80000,16,0,4,1,1.0,4,1,1,5,0,1,4,1,1,135
EXACT_RANK_4,4,50,800,16,0,2,1,0.5,15,0,1,3,0,1,2,0,1,136
EXACT_RANK_4,4,100,1600,16,0,3,1,0.75,1,0,1,3,0,1,2,0,1,136
EXACT_RANK_4,4,200,3200,16,0,3,1,0.75,14,0,1,4,1,1,3,0,1,136
EXACT_RANK_4,4,500,8000,16,0,3,1,0.75,15,0,1,4,1,1,3,0,1,136
EXACT_RANK_4,4,1000,16000,16,0,3,1,0.75,15,0,1,4,1,1,3,0,1,136
EXACT_RANK_4,4,5000,80000,16,0,3,1,0.75,3,0,1,4,1,1,3,0,1,136
EXACT_RANK_4,4,50,800,16,0,1,1,0.25,15,0,1,3,0,1,2,0,1,137
EXACT_RANK_4,4,100,1600,16,0,3,1,0.75,15,0,1,4,1,1,3,0,1,137
EXACT_RANK_4,4,200,3200,16,0,4,1,1.0,15,0,1,4,1,1,4,1,1,137
EXACT_RANK_4,4,500,8000,16,0,4,1,1.0,15,0,1,5,0,1,4,1,1,137
EXACT_RANK_4,4,1000,16000,16,0,4,1,1.0,15,0,1,5,0,1,4,1,1,137
EXACT_RANK_4,4,5000,80000,16,0,4,1,1.0,4,1,1,5,0,1,4,1,1,137
EXACT_RANK_4,4,50,800,16,0,2,1,0.5,15,0,1,3,0,1,2,0,1,138
EXACT_RANK_4,4,100,1600,16,0,3,1,0.75,14,0,1,3,0,1,2,0,1,138
EXACT_RANK_4,4,200,3200,16,0,3,1,0.75,15,0,1,4,1,1,3,0,1,138
EXACT_RANK_4,4,500,8000,16,0,3,1,0.75,15,0,1,4,1,1,3,0,1,138
EXACT_RANK_4,4,1000,16000,16,0,4,1,1.0,14,0,1,4,1,1,3,0,1,138
EXACT_RANK_4,4,5000,80000,16,0,4,1,1.0,3,0,1,4,1,1,4,1,1,138
EXACT_RANK_4,4,50,800,16,0,3,1,0.75,15,0,1,4,1,1,3,0,1,139
EXACT_RANK_4,4,100,1600,16,0,3,1,0.75,15,0,1,4,1,1,3,0,1,139
EXACT_RANK_4,4,200,3200,16,0,4,1,1.0,1,0,1,5,0,1,4,1,1,139
EXACT_RANK_4,4,500,8000,16,0,4,1,1.0,15,0,1,5,0,1,4,1,1,139
EXACT_RANK_4,4,1000,16000,16,0,4,1,1.0,4,1,1,5,0,1,4,1,1,139
EXACT_RANK_4,4,5000,80000,16,0,4,1,1.0,4,1,1,5,0,1,4,1,1,139
EXACT_RANK_4,4,50,800,16,0,3,1,0.75,15,0,1,4,1,1,3,0,1,140
EXACT_RANK_4,4,100,1600,16,0,4,1,1.0,15,0,1,5,0,1,3,0,1,140
EXACT_RANK_4,4,200,3200,16,0,4,1,1.0,15,0,1,5,0,1,4,1,1,140
EXACT_RANK_4,4,500,8000,16,0,4,1,1.0,15,0,1,5,0,1,4,1,1,140
EXACT_RANK_4,4,1000,16000,16,0,4,1,1.0,15,0,1,5,0,1,4,1,1,140
EXACT_RANK_4,4,5000,80000,16,0,4,1,1.0,4,1,1,5,0,1,4,1,1,140
EXACT_RANK_4,4,50,800,16,0,3,1,0.75,15,0,1,4,1,1,3,0,1,141
EXACT_RANK_4,4,100,1600,16,0,3,1,0.75,15,0,1,5,0,1,3,0,1,141
EXACT_RANK_4,4,200,3200,16,0,4,1,1.0,15,0,1,4,1,1,4,1,1,141
EXACT_RANK_4,4,500,8000,16,0,4,1,1.0,15,0,1,5,0,1,4,1,1,141
EXACT_RANK_4,4,1000,16000,16,0,4,1,1.0,4,1,1,5,0,1,4,1,1,141
EXACT_RANK_4,4,5000,80000,16,0,4,1,1.0,4,1,1,5,0,1,4,1,1,141
EXACT_RANK_4,4,50,800,16,0,3,1,0.75,15,0,1,4,1,1,3,0,1,142
EXACT_RANK_4,4,100,1600,16,0,3,1,0.75,15,0,1,4,1,1,3,0,1,142
EXACT_RANK_4,4,200,3200,16,0,3,1,0.75,15,0,1,4,1,1,3,0,1,142
EXACT_RANK_4,4,500,8000,16,0,3,1,0.75,3,0,1,4,1,1,3,0,1,142
EXACT_RANK_4,4,1000,16000,16,0,4,1,1.0,3,0,1,4,1,1,4,1,1,142
EXACT_RANK_4,4,5000,80000,16,0,4,1,1.0,3,0,1,4,1,1,4,1,1,142
EXACT_RANK_4,4,50,800,16,0,3,1,0.75,13,0,1,4,1,1,3,0,1,143
EXACT_RANK_4,4,100,1600,16,0,4,1,1.0,1,0,1,5,0,1,4,1,1,143
EXACT_RANK_4,4,200,3200,16,0,4,1,1.0,15,0,1,5,0,1,4,1,1,143
EXACT_RANK_4,4,500,8000,16,0,4,1,1.0,15,0,1,5,0,1,4,1,1,143
EXACT_RANK_4,4,1000,16000,16,0,4,1,1.0,4,1,1,5,0,1,4,1,1,143
EXACT_RANK_4,4,5000,80000,16,0,4,1,1.0,4,1,1,5,0,1,4,1,1,143
EXACT_RANK_4,4,50,800,16,0,3,1,0.75,15,0,1,4,1,1,3,0,1,144
EXACT_RANK_4,4,100,1600,16,0,3,1,0.75,3,0,1,4,1,1,3,0,1,144
EXACT_RANK_4,4,200,3200,16,0,3,1,0.75,3,0,1,4,1,1,3,0,1,144
EXACT_RANK_4,4,500,8000,16,0,3,1,0.75,15,0,1,4,1,1,3,0,1,144
EXACT_RANK_4,4,1000,16000,16,0,3,1,0.75,15,0,1,4,1,1,3,0,1,144
EXACT_RANK_4,4,5000,80000,16,0,3,1,0.75,3,0,1,4,1,1,3,0,1,144
EXACT_RANK_4,4,50,800,16,0,3,1,0.75,15,0,1,3,0,1,2,0,1,145
EXACT_RANK_4,4,100,1600,16,0,3,1,0.75,15,0,1,4,1,1,2,0,1,145
EXACT_RANK_4,4,200,3200,16,0,4,1,1.0,14,0,1,5,0,1,4,1,1,145
EXACT_RANK_4,4,500,8000,16,0,4,1,1.0,4,1,1,5,0,1,4,1,1,145
EXACT_RANK_4,4,1000,16000,16,0,4,1,1.0,15,0,1,5,0,1,4,1,1,145
EXACT_RANK_4,4,5000,80000,16,0,4,1,1.0,4,1,1,5,0,1,4,1,1,145
EXACT_RANK_4,4,50,800,16,0,3,1,0.75,15,0,1,5,0,1,2,0,1,146
EXACT_RANK_4,4,100,1600,16,0,4,1,1.0,15,0,1,5,0,1,3,0,1,146
EXACT_RANK_4,4,200,3200,16,0,4,1,1.0,15,0,1,5,0,1,4,1,1,146
EXACT_RANK_4,4,500,8000,16,0,4,1,1.0,4,1,1,5,0,1,4,1,1,146
EXACT_RANK_4,4,1000,16000,16,0,4,1,1.0,4,1,1,5,0,1,4,1,1,146
EXACT_RANK_4,4,5000,80000,16,0,4,1,1.0,4,1,1,5,0,1,4,1,1,146
EXACT_RANK_4,4,50,800,16,0,2,1,0.5,14,0,1,3,0,1,2,0,1,147
EXACT_RANK_4,4,100,1600,16,0,2,1,0.5,1,0,1,3,0,1,2,0,1,147
EXACT_RANK_4,4,200,3200,16,0,2,1,0.5,15,0,1,3,0,1,2,0,1,147
EXACT_RANK_4,4,500,8000,16,0,3,1,0.75,15,0,1,3,0,1,3,0,1,147
EXACT_RANK_4,4,1000,16000,16,0,3,1,0.75,2,0,1,3,0,1,3,0,1,147
EXACT_RANK_4,4,5000,80000,16,0,4,1,1.0,2,0,1,3,0,1,4,1,1,147
EXACT_RANK_4,4,50,800,16,0,3,1,0.75,15,0,1,4,1,1,2,0,1,148
EXACT_RANK_4,4,100,1600,16,0,3,1,0.75,14,0,1,4,1,1,3,0,1,148
EXACT_RANK_4,4,200,3200,16,0,3,1,0.75,15,0,1,4,1,1,3,0,1,148
EXACT_RANK_4,4,500,8000,16,0,3,1,0.75,3,0,1,4,1,1,3,0,1,148
EXACT_RANK_4,4,1000,16000,16,0,4,1,1.0,15,0,1,4,1,1,4,1,1,148
EXACT_RANK_4,4,5000,80000,16,0,4,1,1.0,4,1,1,4,1,1,4,1,1,148
EXACT_RANK_4,4,50,800,16,0,1,1,0.25,15,0,1,2,0,1,1,0,1,149
EXACT_RANK_4,4,100,1600,16,0,2,1,0.5,1,0,1,2,0,1,1,0,1,149
EXACT_RANK_4,4,200,3200,16,0,2,1,0.5,1,0,1,3,0,1,2,0,1,149
EXACT_RANK_4,4,500,8000,16,0,3,1,0.75,1,0,1,2,0,1,3,0,1,149
EXACT_RANK_4,4,1000,16000,16,0,3,1,0.75,15,0,1,4,1,1,3,0,1,149
EXACT_RANK_4,4,5000,80000,16,0,4,1,1.0,1,0,1,4,1,1,4,1,1,149
EXACT_RANK_8,8,50,800,16,0,3,1,0.375,15,0,1,4,0,1,2,0,1,0
EXACT_RANK_8,8,100,1600,16,0,5,1,0.625,14,0,1,4,0,1,3,0,1,0
EXACT_RANK_8,8,200,3200,16,0,5,1,0.625,1,0,1,4,0,1,4,0,1,0
EXACT_RANK_8,8,500,8000,16,0,7,1,0.875,1,0,1,4,0,1,5,0,1,0
EXACT_RANK_8,8,1000,16000,16,0,7,1,0.875,1,0,1,4,0,1,6,0,1,0
EXACT_RANK_8,8,5000,80000,16,0,8,1,1.0,7,0,1,4,0,1,7,0,1,0
EXACT_RANK_8,8,50,800,16,0,4,1,0.5,15,0,1,3,0,1,2,0,1,1
EXACT_RANK_8,8,100,1600,16,0,4,1,0.5,15,0,1,5,0,1,3,0,1,1
EXACT_RANK_8,8,200,3200,16,0,5,1,0.625,15,0,1,6,0,1,4,0,1,1
EXACT_RANK_8,8,500,8000,16,0,6,1,0.75,15,0,1,6,0,1,5,0,1,1
EXACT_RANK_8,8,1000,16000,16,0,6,1,0.75,15,0,1,7,0,1,6,0,1,1
EXACT_RANK_8,8,5000,80000,16,0,7,1,0.875,15,0,1,6,0,1,7,0,1,1
EXACT_RANK_8,8,50,800,16,0,3,1,0.375,1,0,1,5,0,1,3,0,1,2
EXACT_RANK_8,8,100,1600,16,0,5,1,0.625,15,0,1,3,0,1,3,0,1,2
EXACT_RANK_8,8,200,3200,16,0,5,1,0.625,1,0,1,5,0,1,4,0,1,2
EXACT_RANK_8,8,500,8000,16,0,7,1,0.875,15,0,1,4,0,1,5,0,1,2
EXACT_RANK_8,8,1000,16000,16,0,7,1,0.875,1,0,1,4,0,1,6,0,1,2
EXACT_RANK_8,8,5000,80000,16,0,7,1,0.875,15,0,1,4,0,1,7,0,1,2
EXACT_RANK_8,8,50,800,16,0,4,1,0.5,15,0,1,2,0,1,4,0,1,3
EXACT_RANK_8,8,100,1600,16,0,5,1,0.625,1,0,1,3,0,1,4,0,1,3
EXACT_RANK_8,8,200,3200,16,0,5,1,0.625,15,0,1,3,0,1,5,0,1,3
EXACT_RANK_8,8,500,8000,16,0,6,1,0.75,15,0,1,3,0,1,5,0,1,3
EXACT_RANK_8,8,1000,16000,16,0,7,1,0.875,15,0,1,3,0,1,5,0,1,3
EXACT_RANK_8,8,5000,80000,16,0,7,1,0.875,14,0,1,3,0,1,6,0,1,3
EXACT_RANK_8,8,50,800,16,0,3,1,0.375,15,0,1,3,0,1,2,0,1,4
EXACT_RANK_8,8,100,1600,16,0,5,1,0.625,15,0,1,4,0,1,3,0,1,4
EXACT_RANK_8,8,200,3200,16,0,5,1,0.625,15,0,1,4,0,1,5,0,1,4
EXACT_RANK_8,8,500,8000,16,0,6,1,0.75,1,0,1,4,0,1,5,0,1,4
EXACT_RANK_8,8,1000,16000,16,0,7,1,0.875,15,0,1,4,0,1,5,0,1,4
EXACT_RANK_8,8,5000,80000,16,0,8,1,1.0,15,0,1,4,0,1,5,0,1,4
EXACT_RANK_8,8,50,800,16,0,3,1,0.375,15,0,1,4,0,1,2,0,1,5
EXACT_RANK_8,8,100,1600,16,0,5,1,0.625,15,0,1,3,0,1,2,0,1,5
EXACT_RANK_8,8,200,3200,16,0,5,1,0.625,15,0,1,5,0,1,4,0,1,5
EXACT_RANK_8,8,500,8000,16,0,6,1,0.75,1,0,1,3,0,1,6,0,1,5
EXACT_RANK_8,8,1000,16000,16,0,7,1,0.875,15,0,1,3,0,1,6,0,1,5
EXACT_RANK_8,8,5000,80000,16,0,8,1,1.0,14,0,1,3,0,1,6,0,1,5
EXACT_RANK_8,8,50,800,16,0,4,1,0.5,15,0,1,3,0,1,2,0,1,6
EXACT_RANK_8,8,100,1600,16,0,5,1,0.625,15,0,1,3,0,1,4,0,1,6
EXACT_RANK_8,8,200,3200,16,0,6,1,0.75,15,0,1,5,0,1,4,0,1,6
EXACT_RANK_8,8,500,8000,16,0,6,1,0.75,15,0,1,6,0,1,5,0,1,6
EXACT_RANK_8,8,1000,16000,16,0,8,1,1.0,15,0,1,6,0,1,5,0,1,6
EXACT_RANK_8,8,5000,80000,16,0,8,1,1.0,15,0,1,6,0,1,5,0,1,6
EXACT_RANK_8,8,50,800,16,0,3,1,0.375,15,0,1,5,0,1,3,0,1,7
EXACT_RANK_8,8,100,1600,16,0,5,1,0.625,14,0,1,5,0,1,3,0,1,7
EXACT_RANK_8,8,200,3200,16,0,6,1,0.75,15,0,1,4,0,1,4,0,1,7
EXACT_RANK_8,8,500,8000,16,0,7,1,0.875,15,0,1,4,0,1,5,0,1,7
EXACT_RANK_8,8,1000,16000,16,0,7,1,0.875,15,0,1,5,0,1,6,0,1,7
EXACT_RANK_8,8,5000,80000,16,0,8,1,1.0,15,0,1,5,0,1,7,0,1,7
EXACT_RANK_8,8,50,800,16,0,3,1,0.375,1,0,1,3,0,1,1,0,1,8
EXACT_RANK_8,8,100,1600,16,0,4,1,0.5,15,0,1,5,0,1,3,0,1,8
EXACT_RANK_8,8,200,3200,16,0,5,1,0.625,15,0,1,5,0,1,4,0,1,8
EXACT_RANK_8,8,500,8000,16,0,6,1,0.75,15,0,1,5,0,1,4,0,1,8
EXACT_RANK_8,8,1000,16000,16,0,7,1,0.875,15,0,1,5,0,1,6,0,1,8
EXACT_RANK_8,8,5000,80000,16,0,7,1,0.875,7,0,1,5,0,1,7,0,1,8
EXACT_RANK_8,8,50,800,16,0,5,1,0.625,14,0,1,6,0,1,4,0,1,9
EXACT_RANK_8,8,100,1600,16,0,4,1,0.5,15,0,1,5,0,1,4,0,1,9
EXACT_RANK_8,8,200,3200,16,0,5,1,0.625,1,0,1,6,0,1,5,0,1,9
EXACT_RANK_8,8,500,8000,16,0,7,1,0.875,1,0,1,6,0,1,5,0,1,9
EXACT_RANK_8,8,1000,16000,16,0,7,1,0.875,1,0,1,6,0,1,5,0,1,9
EXACT_RANK_8,8,5000,80000,16,0,8,1,1.0,8,1,1,6,0,1,7,0,1,9
EXACT_RANK_8,8,50,800,16,0,3,1,0.375,15,0,1,6,0,1,4,0,1,10
EXACT_RANK_8,8,100,1600,16,0,5,1,0.625,15,0,1,4,0,1,3,0,1,10
EXACT_RANK_8,8,200,3200,16,0,6,1,0.75,15,0,1,5,0,1,5,0,1,10
EXACT_RANK_8,8,500,8000,16,0,6,1,0.75,15,0,1,5,0,1,5,0,1,10
EXACT_RANK_8,8,1000,16000,16,0,6,1,0.75,15,0,1,5,0,1,6,0,1,10
EXACT_RANK_8,8,5000,80000,16,0,8,1,1.0,8,1,1,5,0,1,6,0,1,10
EXACT_RANK_8,8,50,800,16,0,3,1,0.375,1,0,1,4,0,1,2,0,1,11
EXACT_RANK_8,8,100,1600,16,0,4,1,0.5,1,0,1,4,0,1,3,0,1,11
EXACT_RANK_8,8,200,3200,16,0,6,1,0.75,15,0,1,3,0,1,4,0,1,11
EXACT_RANK_8,8,500,8000,16,0,7,1,0.875,1,0,1,3,0,1,5,0,1,11
EXACT_RANK_8,8,1000,16000,16,0,7,1,0.875,15,0,1,3,0,1,6,0,1,11
EXACT_RANK_8,8,5000,80000,16,0,8,1,1.0,8,1,1,3,0,1,7,0,1,11
EXACT_RANK_8,8,50,800,16,0,3,1,0.375,15,0,1,3,0,1,2,0,1,12
EXACT_RANK_8,8,100,1600,16,0,5,1,0.625,15,0,1,3,0,1,3,0,1,12
EXACT_RANK_8,8,200,3200,16,0,6,1,0.75,15,0,1,4,0,1,3,0,1,12
EXACT_RANK_8,8,500,8000,16,0,6,1,0.75,15,0,1,3,0,1,6,0,1,12
EXACT_RANK_8,8,1000,16000,16,0,7,1,0.875,15,0,1,3,0,1,6,0,1,12
EXACT_RANK_8,8,5000,80000,16,0,8,1,1.0,15,0,1,3,0,1,6,0,1,12
EXACT_RANK_8,8,50,800,16,0,3,1,0.375,1,0,1,2,0,1,1,0,1,13
EXACT_RANK_8,8,100,1600,16,0,4,1,0.5,1,0,1,2,0,1,3,0,1,13
EXACT_RANK_8,8,200,3200,16,0,5,1,0.625,1,0,1,2,0,1,4,0,1,13
EXACT_RANK_8,8,500,8000,16,0,5,1,0.625,15,0,1,2,0,1,5,0,1,13
EXACT_RANK_8,8,1000,16000,16,0,6,1,0.75,15,0,1,2,0,1,6,0,1,13
EXACT_RANK_8,8,5000,80000,16,0,7,1,0.875,1,0,1,2,0,1,6,0,1,13
EXACT_RANK_8,8,50,800,16,0,3,1,0.375,14,0,1,2,0,1,3,0,1,14
EXACT_RANK_8,8,100,1600,16,0,4,1,0.5,14,0,1,5,0,1,4,0,1,14
EXACT_RANK_8,8,200,3200,16,0,5,1,0.625,1,0,1,2,0,1,5,0,1,14
EXACT_RANK_8,8,500,8000,16,0,6,1,0.75,15,0,1,3,0,1,6,0,1,14
EXACT_RANK_8,8,1000,16000,16,0,6,1,0.75,6,0,1,2,0,1,6,0,1,14
EXACT_RANK_8,8,5000,80000,16,0,6,1,0.75,6,0,1,2,0,1,6,0,1,14
EXACT_RANK_8,8,50,800,16,0,4,1,0.5,14,0,1,2,0,1,2,0,1,15
EXACT_RANK_8,8,100,1600,16,0,5,1,0.625,15,0,1,3,0,1,3,0,1,15
EXACT_RANK_8,8,200,3200,16,0,6,1,0.75,15,0,1,2,0,1,5,0,1,15
EXACT_RANK_8,8,500,8000,16,0,6,1,0.75,15,0,1,3,0,1,6,0,1,15
EXACT_RANK_8,8,1000,16000,16,0,7,1,0.875,1,0,1,2,0,1,6,0,1,15
EXACT_RANK_8,8,5000,80000,16,0,7,1,0.875,7,0,1,2,0,1,7,0,1,15
EXACT_RANK_8,8,50,800,16,0,4,1,0.5,1,0,1,5,0,1,2,0,1,16
EXACT_RANK_8,8,100,1600,16,0,4,1,0.5,1,0,1,5,0,1,3,0,1,16
EXACT_RANK_8,8,200,3200,16,0,6,1,0.75,15,0,1,3,0,1,5,0,1,16
EXACT_RANK_8,8,500,8000,16,0,6,1,0.75,14,0,1,3,0,1,5,0,1,16
EXACT_RANK_8,8,1000,16000,16,0,7,1,0.875,15,0,1,3,0,1,6,0,1,16
EXACT_RANK_8,8,5000,80000,16,0,8,1,1.0,15,0,1,6,0,1,6,0,1,16
EXACT_RANK_8,8,50,800,16,0,4,1,0.5,15,0,1,5,0,1,4,0,1,17
EXACT_RANK_8,8,100,1600,16,0,5,1,0.625,14,0,1,4,0,1,3,0,1,17
EXACT_RANK_8,8,200,3200,16,0,6,1,0.75,15,0,1,4,0,1,5,0,1,17
EXACT_RANK_8,8,500,8000,16,0,6,1,0.75,15,0,1,7,0,1,6,0,1,17
EXACT_RANK_8,8,1000,16000,16,0,6,1,0.75,15,0,1,7,0,1,6,0,1,17
EXACT_RANK_8,8,5000,80000,16,0,7,1,0.875,15,0,1,7,0,1,7,0,1,17
EXACT_RANK_8,8,50,800,16,0,3,1,0.375,1,0,1,3,0,1,2,0,1,18
EXACT_RANK_8,8,100,1600,16,0,6,1,0.75,1,0,1,3,0,1,4,0,1,18
EXACT_RANK_8,8,200,3200,16,0,6,1,0.75,15,0,1,4,0,1,5,0,1,18
EXACT_RANK_8,8,500,8000,16,0,7,1,0.875,15,0,1,3,0,1,6,0,1,18
EXACT_RANK_8,8,1000,16000,16,0,7,1,0.875,15,0,1,4,0,1,6,0,1,18
EXACT_RANK_8,8,5000,80000,16,0,7,1,0.875,6,0,1,3,0,1,7,0,1,18
EXACT_RANK_8,8,50,800,16,0,4,1,0.5,15,0,1,4,0,1,2,0,1,19
EXACT_RANK_8,8,100,1600,16,0,5,1,0.625,15,0,1,5,0,1,3,0,1,19
EXACT_RANK_8,8,200,3200,16,0,6,1,0.75,15,0,1,6,0,1,5,0,1,19
EXACT_RANK_8,8,500,8000,16,0,6,1,0.75,15,0,1,7,0,1,6,0,1,19
EXACT_RANK_8,8,1000,16000,16,0,7,1,0.875,15,0,1,7,0,1,6,0,1,19
EXACT_RANK_8,8,5000,80000,16,0,7,1,0.875,7,0,1,7,0,1,7,0,1,19
EXACT_RANK_8,8,50,800,16,0,4,1,0.5,15,0,1,3,0,1,3,0,1,20
EXACT_RANK_8,8,100,1600,16,0,4,1,0.5,15,0,1,4,0,1,3,0,1,20
EXACT_RANK_8,8,200,3200,16,0,5,1,0.625,14,0,1,3,0,1,4,0,1,20
EXACT_RANK_8,8,500,8000,16,0,6,1,0.75,14,0,1,4,0,1,5,0,1,20
EXACT_RANK_8,8,1000,16000,16,0,6,1,0.75,15,0,1,6,0,1,5,0,1,20
EXACT_RANK_8,8,5000,80000,16,0,7,1,0.875,15,0,1,4,0,1,6,0,1,20
EXACT_RANK_8,8,50,800,16,0,4,1,0.5,1,0,1,5,0,1,2,0,1,21
EXACT_RANK_8,8,100,1600,16,0,6,1,0.75,14,0,1,7,0,1,4,0,1,21
EXACT_RANK_8,8,200,3200,16,0,6,1,0.75,15,0,1,7,0,1,5,0,1,21
EXACT_RANK_8,8,500,8000,16,0,6,1,0.75,6,0,1,7,0,1,6,0,1,21
EXACT_RANK_8,8,1000,16000,16,0,7,1,0.875,15,0,1,7,0,1,6,0,1,21
EXACT_RANK_8,8,5000,80000,16,0,7,1,0.875,7,0,1,8,1,1,7,0,1,21
EXACT_RANK_8,8,50,800,16,0,4,1,0.5,14,0,1,3,0,1,3,0,1,22
EXACT_RANK_8,8,100,1600,16,0,5,1,0.625,15,0,1,5,0,1,4,0,1,22
EXACT_RANK_8,8,200,3200,16,0,5,1,0.625,15,0,1,6,0,1,5,0,1,22
EXACT_RANK_8,8,500,8000,16,0,7,1,0.875,15,0,1,6,0,1,6,0,1,22
EXACT_RANK_8,8,1000,16000,16,0,7,1,0.875,15,0,1,6,0,1,6,0,1,22
EXACT_RANK_8,8,5000,80000,16,0,8,1,1.0,15,0,1,6,0,1,7,0,1,22
EXACT_RANK_8,8,50,800,16,0,4,1,0.5,15,0,1,4,0,1,3,0,1,23
EXACT_RANK_8,8,100,1600,16,0,5,1,0.625,15,0,1,5,0,1,4,0,1,23
EXACT_RANK_8,8,200,3200,16,0,6,1,0.75,15,0,1,3,0,1,5,0,1,23
EXACT_RANK_8,8,500,8000,16,0,7,1,0.875,13,0,1,3,0,1,6,0,1,23
EXACT_RANK_8,8,1000,16000,16,0,7,1,0.875,15,0,1,7,0,1,6,0,1,23
EXACT_RANK_8,8,5000,80000,16,0,7,1,0.875,7,0,1,3,0,1,7,0,1,23
EXACT_RANK_8,8,50,800,16,0,3,1,0.375,15,0,1,4,0,1,2,0,1,24
EXACT_RANK_8,8,100,1600,16,0,5,1,0.625,1,0,1,4,0,1,4,0,1,24
EXACT_RANK_8,8,200,3200,16,0,6,1,0.75,15,0,1,3,0,1,4,0,1,24
EXACT_RANK_8,8,500,8000,16,0,6,1,0.75,1,0,1,4,0,1,6,0,1,24
EXACT_RANK_8,8,1000,16000,16,0,7,1,0.875,15,0,1,3,0,1,6,0,1,24
EXACT_RANK_8,8,5000,80000,16,0,8,1,1.0,7,0,1,3,0,1,7,0,1,24
EXACT_RANK_8,8,50,800,16,0,3,1,0.375,15,0,1,3,0,1,2,0,1,25
EXACT_RANK_8,8,100,1600,16,0,5,1,0.625,14,0,1,3,0,1,3,0,1,25
EXACT_RANK_8,8,200,3200,16,0,5,1,0.625,15,0,1,3,0,1,4,0,1,25
EXACT_RANK_8,8,500,8000,16,0,6,1,0.75,15,0,1,3,0,1,5,0,1,25
EXACT_RANK_8,8,1000,16000,16,0,7,1,0.875,15,0,1,4,0,1,5,0,1,25
EXACT_RANK_8,8,5000,80000,16,0,8,1,1.0,15,0,1,4,0,1,6,0,1,25
EXACT_RANK_8,8,50,800,16,0,4,1,0.5,15,0,1,2,0,1,3,0,1,26
EXACT_RANK_8,8,100,1600,16,0,4,1,0.5,15,0,1,2,0,1,4,0,1,26
EXACT_RANK_8,8,200,3200,16,0,5,1,0.625,15,0,1,3,0,1,4,0,1,26
EXACT_RANK_8,8,500,8000,16,0,6,1,0.75,15,0,1,3,0,1,5,0,1,26
EXACT_RANK_8,8,1000,16000,16,0,6,1,0.75,15,0,1,3,0,1,5,0,1,26
EXACT_RANK_8,8,5000,80000,16,0,8,1,1.0,15,0,1,3,0,1,6,0,1,26
EXACT_RANK_8,8,50,800,16,0,3,1,0.375,15,0,1,3,0,1,2,0,1,27
EXACT_RANK_8,8,100,1600,16,0,5,1,0.625,15,0,1,2,0,1,3,0,1,27
EXACT_RANK_8,8,200,3200,16,0,4,1,0.5,15,0,1,5,0,1,4,0,1,27
EXACT_RANK_8,8,500,8000,16,0,6,1,0.75,15,0,1,5,0,1,4,0,1,27
EXACT_RANK_8,8,1000,16000,16,0,6,1,0.75,15,0,1,5,0,1,5,0,1,27
EXACT_RANK_8,8,5000,80000,16,0,7,1,0.875,15,0,1,6,0,1,7,0,1,27
EXACT_RANK_8,8,50,800,16,0,3,1,0.375,14,0,1,3,0,1,2,0,1,28
EXACT_RANK_8,8,100,1600,16,0,5,1,0.625,14,0,1,3,0,1,4,0,1,28
EXACT_RANK_8,8,200,3200,16,0,5,1,0.625,1,0,1,6,0,1,5,0,1,28
EXACT_RANK_8,8,500,8000,16,0,6,1,0.75,14,0,1,5,0,1,5,0,1,28
EXACT_RANK_8,8,1000,16000,16,0,6,1,0.75,15,0,1,6,0,1,5,0,1,28
EXACT_RANK_8,8,5000,80000,16,0,7,1,0.875,15,0,1,6,0,1,6,0,1,28
EXACT_RANK_8,8,50,800,16,0,3,1,0.375,15,0,1,2,0,1,1,0,1,29
EXACT_RANK_8,8,100,1600,16,0,4,1,0.5,15,0,1,3,0,1,2,0,1,29
EXACT_RANK_8,8,200,3200,16,0,5,1,0.625,15,0,1,5,0,1,4,0,1,29
EXACT_RANK_8,8,500,8000,16,0,6,1,0.75,15,0,1,4,0,1,5,0,1,29
EXACT_RANK_8,8,1000,16000,16,0,6,1,0.75,15,0,1,3,0,1,6,0,1,29
EXACT_RANK_8,8,5000,80000,16,0,6,1,0.75,6,0,1,4,0,1,6,0,1,29
EXACT_RANK_8,8,50,800,16,0,4,1,0.5,15,0,1,2,0,1,2,0,1,30
EXACT_RANK_8,8,100,1600,16,0,4,1,0.5,15,0,1,5,0,1,3,0,1,30
EXACT_RANK_8,8,200,3200,16,0,5,1,0.625,15,0,1,5,0,1,4,0,1,30
EXACT_RANK_8,8,500,8000,16,0,6,1,0.75,15,0,1,5,0,1,5,0,1,30
EXACT_RANK_8,8,1000,16000,16,0,7,1,0.875,15,0,1,5,0,1,6,0,1,30
EXACT_RANK_8,8,5000,80000,16,0,7,1,0.875,15,0,1,5,0,1,7,0,1,30
EXACT_RANK_8,8,50,800,16,0,4,1,0.5,15,0,1,5,0,1,2,0,1,31
EXACT_RANK_8,8,100,1600,16,0,6,1,0.75,15,0,1,2,0,1,4,0,1,31
EXACT_RANK_8,8,200,3200,16,0,6,1,0.75,15,0,1,2,0,1,4,0,1,31
EXACT_RANK_8,8,500,8000,16,0,7,1,0.875,15,0,1,2,0,1,5,0,1,31
EXACT_RANK_8,8,1000,16000,16,0,7,1,0.875,15,0,1,2,0,1,6,0,1,31
EXACT_RANK_8,8,5000,80000,16,0,8,1,1.0,8,1,1,2,0,1,7,0,1,31
EXACT_RANK_8,8,50,800,16,0,3,1,0.375,1,0,1,2,0,1,1,0,1,32
EXACT_RANK_8,8,100,1600,16,0,4,1,0.5,15,0,1,5,0,1,4,0,1,32
EXACT_RANK_8,8,200,3200,16,0,4,1,0.5,14,0,1,5,0,1,4,0,1,32
EXACT_RANK_8,8,500,8000,16,0,6,1,0.75,15,0,1,5,0,1,5,0,1,32
EXACT_RANK_8,8,1000,16000,16,0,6,1,0.75,15,0,1,5,0,1,5,0,1,32
EXACT_RANK_8,8,5000,80000,16,0,7,1,0.875,1,0,1,5,0,1,6,0,1,32
EXACT_RANK_8,8,50,800,16,0,3,1,0.375,15,0,1,4,0,1,3,0,1,33
EXACT_RANK_8,8,100,1600,16,0,5,1,0.625,15,0,1,3,0,1,4,0,1,33
EXACT_RANK_8,8,200,3200,16,0,5,1,0.625,15,0,1,3,0,1,5,0,1,33
EXACT_RANK_8,8,500,8000,16,0,7,1,0.875,15,0,1,3,0,1,6,0,1,33
EXACT_RANK_8,8,1000,16000,16,0,7,1,0.875,15,0,1,3,0,1,6,0,1,33
EXACT_RANK_8,8,5000,80000,16,0,8,1,1.0,15,0,1,3,0,1,7,0,1,33
EXACT_RANK_8,8,50,800,16,0,4,1,0.5,14,0,1,5,0,1,2,0,1,34
EXACT_RANK_8,8,100,1600,16,0,5,1,0.625,1,0,1,5,0,1,4,0,1,34
EXACT_RANK_8,8,200,3200,16,0,6,1,0.75,15,0,1,4,0,1,4,0,1,34
EXACT_RANK_8,8,500,8000,16,0,7,1,0.875,15,0,1,4,0,1,6,0,1,34
EXACT_RANK_8,8,1000,16000,16,0,7,1,0.875,14,0,1,4,0,1,6,0,1,34
EXACT_RANK_8,8,5000,80000,16,0,7,1,0.875,7,0,1,4,0,1,7,0,1,34
EXACT_RANK_8,8,50,800,16,0,4,1,0.5,15,0,1,5,0,1,2,0,1,35
EXACT_RANK_8,8,100,1600,16,0,4,1,0.5,15,0,1,5,0,1,3,0,1,35
EXACT_RANK_8,8,200,3200,16,0,6,1,0.75,15,0,1,5,0,1,5,0,1,35
EXACT_RANK_8,8,500,8000,16,0,7,1,0.875,14,0,1,5,0,1,6,0,1,35
EXACT_RANK_8,8,1000,16000,16,0,7,1,0.875,15,0,1,5,0,1,6,0,1,35
EXACT_RANK_8,8,5000,80000,16,0,8,1,1.0,15,0,1,5,0,1,7,0,1,35
EXACT_RANK_8,8,50,800,16,0,3,1,0.375,13,0,1,4,0,1,2,0,1,36
EXACT_RANK_8,8,100,1600,16,0,3,1,0.375,15,0,1,4,0,1,3,0,1,36
EXACT_RANK_8,8,200,3200,16,0,4,1,0.5,1,0,1,4,0,1,3,0,1,36
EXACT_RANK_8,8,500,8000,16,0,5,1,0.625,14,0,1,4,0,1,3,0,1,36
EXACT_RANK_8,8,1000,16000,16,0,6,1,0.75,15,0,1,4,0,1,5,0,1,36
EXACT_RANK_8,8,5000,80000,16,0,7,1,0.875,15,0,1,4,0,1,7,0,1,36
EXACT_RANK_8,8,50,800,16,0,4,1,0.5,15,0,1,5,0,1,3,0,1,37
EXACT_RANK_8,8,100,1600,16,0,5,1,0.625,15,0,1,6,0,1,3,0,1,37
EXACT_RANK_8,8,200,3200,16,0,5,1,0.625,15,0,1,6,0,1,4,0,1,37
EXACT_RANK_8,8,500,8000,16,0,7,1,0.875,1,0,1,6,0,1,5,0,1,37
EXACT_RANK_8,8,1000,16000,16,0,7,1,0.875,15,0,1,6,0,1,5,0,1,37
EXACT_RANK_8,8,5000,80000,16,0,7,1,0.875,7,0,1,6,0,1,7,0,1,37
EXACT_RANK_8,8,50,800,16,0,4,1,0.5,14,0,1,5,0,1,2,0,1,38
EXACT_RANK_8,8,100,1600,16,0,5,1,0.625,1,0,1,4,0,1,4,0,1,38
EXACT_RANK_8,8,200,3200,16,0,5,1,0.625,15,0,1,4,0,1,5,0,1,38
EXACT_RANK_8,8,500,8000,16,0,7,1,0.875,1,0,1,4,0,1,5,0,1,38
EXACT_RANK_8,8,1000,16000,16,0,6,1,0.75,1,0,1,4,0,1,6,0,1,38
EXACT_RANK_8,8,5000,80000,16,0,7,1,0.875,7,0,1,4,0,1,7,0,1,38
EXACT_RANK_8,8,50,800,16,0,4,1,0.5,15,0,1,6,0,1,4,0,1,39
EXACT_RANK_8,8,100,1600,16,0,5,1,0.625,15,0,1,5,0,1,4,0,1,39
EXACT_RANK_8,8,200,3200,16,0,6,1,0.75,15,0,1,6,0,1,5,0,1,39
EXACT_RANK_8,8,500,8000,16,0,7,1,0.875,1,0,1,5,0,1,6,0,1,39
EXACT_RANK_8,8,1000,16000,16,0,7,1,0.875,14,0,1,6,0,1,6,0,1,39
EXACT_RANK_8,8,5000,80000,16,0,8,1,1.0,8,1,1,6,0,1,6,0,1,39
EXACT_RANK_8,8,50,800,16,0,3,1,0.375,15,0,1,4,0,1,3,0,1,40
EXACT_RANK_8,8,100,1600,16,0,5,1,0.625,15,0,1,3,0,1,3,0,1,40
EXACT_RANK_8,8,200,3200,16,0,6,1,0.75,15,0,1,2,0,1,4,0,1,40
EXACT_RANK_8,8,500,8000,16,0,6,1,0.75,15,0,1,3,0,1,6,0,1,40
EXACT_RANK_8,8,1000,16000,16,0,7,1,0.875,14,0,1,3,0,1,6,0,1,40
EXACT_RANK_8,8,5000,80000,16,0,7,1,0.875,15,0,1,3,0,1,7,0,1,40
EXACT_RANK_8,8,50,800,16,0,3,1,0.375,15,0,1,2,0,1,2,0,1,41
EXACT_RANK_8,8,100,1600,16,0,3,1,0.375,1,0,1,4,0,1,2,0,1,41
EXACT_RANK_8,8,200,3200,16,0,5,1,0.625,15,0,1,3,0,1,4,0,1,41
EXACT_RANK_8,8,500,8000,16,0,6,1,0.75,1,0,1,3,0,1,6,0,1,41
EXACT_RANK_8,8,1000,16000,16,0,7,1,0.875,15,0,1,3,0,1,6,0,1,41
EXACT_RANK_8,8,5000,80000,16,0,8,1,1.0,8,1,1,3,0,1,7,0,1,41
EXACT_RANK_8,8,50,800,16,0,3,1,0.375,15,0,1,4,0,1,2,0,1,42
EXACT_RANK_8,8,100,1600,16,0,4,1,0.5,15,0,1,4,0,1,3,0,1,42
EXACT_RANK_8,8,200,3200,16,0,5,1,0.625,15,0,1,4,0,1,3,0,1,42
EXACT_RANK_8,8,500,8000,16,0,6,1,0.75,14,0,1,4,0,1,5,0,1,42
EXACT_RANK_8,8,1000,16000,16,0,7,1,0.875,15,0,1,4,0,1,5,0,1,42
EXACT_RANK_8,8,5000,80000,16,0,7,1,0.875,7,0,1,4,0,1,7,0,1,42
EXACT_RANK_8,8,50,800,16,0,4,1,0.5,15,0,1,2,0,1,2,0,1,43
EXACT_RANK_8,8,100,1600,16,0,5,1,0.625,15,0,1,2,0,1,3,0,1,43
EXACT_RANK_8,8,200,3200,16,0,5,1,0.625,15,0,1,2,0,1,4,0,1,43
EXACT_RANK_8,8,500,8000,16,0,6,1,0.75,15,0,1,2,0,1,5,0,1,43
EXACT_RANK_8,8,1000,16000,16,0,6,1,0.75,15,0,1,2,0,1,6,0,1,43
EXACT_RANK_8,8,5000,80000,16,0,8,1,1.0,15,0,1,2,0,1,6,0,1,43
EXACT_RANK_8,8,50,800,16,0,3,1,0.375,15,0,1,2,0,1,1,0,1,44
EXACT_RANK_8,8,100,1600,16,0,5,1,0.625,14,0,1,3,0,1,3,0,1,44
EXACT_RANK_8,8,200,3200,16,0,6,1,0.75,15,0,1,4,0,1,3,0,1,44
EXACT_RANK_8,8,500,8000,16,0,6,1,0.75,15,0,1,3,0,1,5,0,1,44
EXACT_RANK_8,8,1000,16000,16,0,7,1,0.875,15,0,1,3,0,1,5,0,1,44
EXACT_RANK_8,8,5000,80000,16,0,8,1,1.0,15,0,1,3,0,1,6,0,1,44
EXACT_RANK_8,8,50,800,16,0,3,1,0.375,13,0,1,4,0,1,2,0,1,45
EXACT_RANK_8,8,100,1600,16,0,4,1,0.5,15,0,1,5,0,1,3,0,1,45
EXACT_RANK_8,8,200,3200,16,0,5,1,0.625,14,0,1,4,0,1,4,0,1,45
EXACT_RANK_8,8,500,8000,16,0,6,1,0.75,15,0,1,5,0,1,5,0,1,45
EXACT_RANK_8,8,1000,16000,16,0,6,1,0.75,14,0,1,4,0,1,6,0,1,45
EXACT_RANK_8,8,5000,80000,16,0,7,1,0.875,15,0,1,4,0,1,6,0,1,45
EXACT_RANK_8,8,50,800,16,0,4,1,0.5,15,0,1,4,0,1,2,0,1,46
EXACT_RANK_8,8,100,1600,16,0,5,1,0.625,15,0,1,2,0,1,4,0,1,46
EXACT_RANK_8,8,200,3200,16,0,5,1,0.625,1,0,1,3,0,1,5,0,1,46
EXACT_RANK_8,8,500,8000,16,0,7,1,0.875,1,0,1,3,0,1,5,0,1,46
EXACT_RANK_8,8,1000,16000,16,0,7,1,0.875,15,0,1,4,0,1,7,0,1,46
EXACT_RANK_8,8,5000,80000,16,0,7,1,0.875,7,0,1,4,0,1,7,0,1,46
EXACT_RANK_8,8,50,800,16,0,2,1,0.25,15,0,1,3,0,1,2,0,1,47
EXACT_RANK_8,8,100,1600,16,0,4,1,0.5,15,0,1,3,0,1,3,0,1,47
EXACT_RANK_8,8,200,3200,16,0,5,1,0.625,15,0,1,3,0,1,4,0,1,47
EXACT_RANK_8,8,500,8000,16,0,6,1,0.75,15,0,1,3,0,1,6,0,1,47
EXACT_RANK_8,8,1000,16000,16,0,7,1,0.875,15,0,1,3,0,1,5,0,1,47
EXACT_RANK_8,8,5000,80000,16,0,7,1,0.875,15,0,1,3,0,1,7,0,1,47
EXACT_RANK_8,8,50,800,16,0,3,1,0.375,1,0,1,2,0,1,1,0,1,48
EXACT_RANK_8,8,100,1600,16,0,4,1,0.5,13,0,1,2,0,1,4,0,1,48
EXACT_RANK_8,8,200,3200,16,0,6,1,0.75,1,0,1,3,0,1,4,0,1,48
EXACT_RANK_8,8,500,8000,16,0,6,1,0.75,1,0,1,2,0,1,5,0,1,48
EXACT_RANK_8,8,1000,16000,16,0,7,1,0.875,7,0,1,2,0,1,7,0,1,48
EXACT_RANK_8,8,5000,80000,16,0,7,1,0.875,7,0,1,2,0,1,7,0,1,48
EXACT_RANK_8,8,50,800,16,0,4,1,0.5,15,0,1,6,0,1,2,0,1,49
EXACT_RANK_8,8,100,1600,16,0,5,1,0.625,11,0,1,5,0,1,4,0,1,49
EXACT_RANK_8,8,200,3200,16,0,5,1,0.625,1,0,1,6,0,1,5,0,1,49
EXACT_RANK_8,8,500,8000,16,0,6,1,0.75,15,0,1,6,0,1,5,0,1,49
EXACT_RANK_8,8,1000,16000,16,0,7,1,0.875,15,0,1,6,0,1,5,0,1,49
EXACT_RANK_8,8,5000,80000,16,0,7,1,0.875,7,0,1,6,0,1,7,0,1,49
EXACT_RANK_8,8,50,800,16,0,3,1,0.375,15,0,1,2,0,1,2,0,1,50
EXACT_RANK_8,8,100,1600,16,0,4,1,0.5,1,0,1,5,0,1,3,0,1,50
EXACT_RANK_8,8,200,3200,16,0,5,1,0.625,15,0,1,2,0,1,4,0,1,50
EXACT_RANK_8,8,500,8000,16,0,6,1,0.75,1,0,1,5,0,1,4,0,1,50
EXACT_RANK_8,8,1000,16000,16,0,7,1,0.875,15,0,1,5,0,1,5,0,1,50
EXACT_RANK_8,8,5000,80000,16,0,8,1,1.0,1,0,1,5,0,1,7,0,1,50
EXACT_RANK_8,8,50,800,16,0,3,1,0.375,15,0,1,4,0,1,2,0,1,51
EXACT_RANK_8,8,100,1600,16,0,4,1,0.5,15,0,1,5,0,1,3,0,1,51
EXACT_RANK_8,8,200,3200,16,0,4,1,0.5,15,0,1,5,0,1,4,0,1,51
EXACT_RANK_8,8,500,8000,16,0,5,1,0.625,15,0,1,5,0,1,4,0,1,51
EXACT_RANK_8,8,1000,16000,16,0,6,1,0.75,15,0,1,5,0,1,5,0,1,51
EXACT_RANK_8,8,5000,80000,16,0,7,1,0.875,15,0,1,5,0,1,7,0,1,51
EXACT_RANK_8,8,50,800,16,0,3,1,0.375,15,0,1,3,0,1,2,0,1,52
EXACT_RANK_8,8,100,1600,16,0,4,1,0.5,15,0,1,3,0,1,3,0,1,52
EXACT_RANK_8,8,200,3200,16,0,4,1,0.5,1,0,1,5,0,1,4,0,1,52
EXACT_RANK_8,8,500,8000,16,0,6,1,0.75,15,0,1,5,0,1,4,0,1,52
EXACT_RANK_8,8,1000,16000,16,0,6,1,0.75,15,0,1,5,0,1,5,0,1,52
EXACT_RANK_8,8,5000,80000,16,0,8,1,1.0,15,0,1,5,0,1,6,0,1,52
EXACT_RANK_8,8,50,800,16,0,3,1,0.375,15,0,1,3,0,1,2,0,1,53
EXACT_RANK_8,8,100,1600,16,0,4,1,0.5,15,0,1,2,0,1,3,0,1,53
EXACT_RANK_8,8,200,3200,16,0,5,1,0.625,14,0,1,3,0,1,3,0,1,53
EXACT_RANK_8,8,500,8000,16,0,6,1,0.75,15,0,1,4,0,1,5,0,1,53
EXACT_RANK_8,8,1000,16000,16,0,7,1,0.875,13,0,1,4,0,1,5,0,1,53
EXACT_RANK_8,8,5000,80000,16,0,7,1,0.875,15,0,1,4,0,1,7,0,1,53
EXACT_RANK_8,8,50,800,16,0,4,1,0.5,15,0,1,2,0,1,3,0,1,54
EXACT_RANK_8,8,100,1600,16,0,5,1,0.625,1,0,1,3,0,1,2,0,1,54
EXACT_RANK_8,8,200,3200,16,0,5,1,0.625,15,0,1,2,0,1,5,0,1,54
EXACT_RANK_8,8,500,8000,16,0,6,1,0.75,15,0,1,3,0,1,5,0,1,54
EXACT_RANK_8,8,1000,16000,16,0,6,1,0.75,15,0,1,6,0,1,5,0,1,54
EXACT_RANK_8,8,5000,80000,16,0,6,1,0.75,6,0,1,7,0,1,6,0,1,54
EXACT_RANK_8,8,50,800,16,0,3,1,0.375,15,0,1,4,0,1,1,0,1,55
EXACT_RANK_8,8,100,1600,16,0,4,1,0.5,15,0,1,3,0,1,2,0,1,55
EXACT_RANK_8,8,200,3200,16,0,5,1,0.625,1,0,1,3,0,1,4,0,1,55
EXACT_RANK_8,8,500,8000,16,0,6,1,0.75,14,0,1,3,0,1,5,0,1,55
EXACT_RANK_8,8,1000,16000,16,0,7,1,0.875,1,0,1,3,0,1,6,0,1,55
EXACT_RANK_8,8,5000,80000,16,0,8,1,1.0,15,0,1,3,0,1,6,0,1,55
EXACT_RANK_8,8,50,800,16,0,4,1,0.5,15,0,1,5,0,1,3,0,1,56
EXACT_RANK_8,8,100,1600,16,0,4,1,0.5,1,0,1,2,0,1,4,0,1,56
EXACT_RANK_8,8,200,3200,16,0,5,1,0.625,1,0,1,5,0,1,4,0,1,56
EXACT_RANK_8,8,500,8000,16,0,6,1,0.75,15,0,1,5,0,1,6,0,1,56
EXACT_RANK_8,8,1000,16000,16,0,6,1,0.75,6,0,1,7,0,1,6,0,1,56
EXACT_RANK_8,8,5000,80000,16,0,6,1,0.75,6,0,1,7,0,1,6,0,1,56
EXACT_RANK_8,8,50,800,16,0,3,1,0.375,15,0,1,3,0,1,1,0,1,57
EXACT_RANK_8,8,100,1600,16,0,4,1,0.5,15,0,1,2,0,1,1,0,1,57
EXACT_RANK_8,8,200,3200,16,0,5,1,0.625,15,0,1,2,0,1,4,0,1,57
EXACT_RANK_8,8,500,8000,16,0,6,1,0.75,15,0,1,2,0,1,6,0,1,57
EXACT_RANK_8,8,1000,16000,16,0,6,1,0.75,15,0,1,2,0,1,6,0,1,57
EXACT_RANK_8,8,5000,80000,16,0,7,1,0.875,1,0,1,2,0,1,6,0,1,57
EXACT_RANK_8,8,50,800,16,0,4,1,0.5,15,0,1,5,0,1,2,0,1,58
EXACT_RANK_8,8,100,1600,16,0,5,1,0.625,14,0,1,5,0,1,4,0,1,58
EXACT_RANK_8,8,200,3200,16,0,5,1,0.625,15,0,1,3,0,1,4,0,1,58
EXACT_RANK_8,8,500,8000,16,0,7,1,0.875,14,0,1,5,0,1,5,0,1,58
EXACT_RANK_8,8,1000,16000,16,0,7,1,0.875,14,0,1,5,0,1,6,0,1,58
EXACT_RANK_8,8,5000,80000,16,0,7,1,0.875,7,0,1,5,0,1,7,0,1,58
EXACT_RANK_8,8,50,800,16,0,4,1,0.5,15,0,1,5,0,1,3,0,1,59
EXACT_RANK_8,8,100,1600,16,0,5,1,0.625,1,0,1,2,0,1,4,0,1,59
EXACT_RANK_8,8,200,3200,16,0,5,1,0.625,15,0,1,6,0,1,5,0,1,59
EXACT_RANK_8,8,500,8000,16,0,6,1,0.75,15,0,1,6,0,1,5,0,1,59
EXACT_RANK_8,8,1000,16000,16,0,6,1,0.75,5,0,1,6,0,1,5,0,1,59
EXACT_RANK_8,8,5000,80000,16,0,7,1,0.875,7,0,1,6,0,1,7,0,1,59
EXACT_RANK_8,8,50,800,16,0,4,1,0.5,14,0,1,3,0,1,2,0,1,60
EXACT_RANK_8,8,100,1600,16,0,5,1,0.625,15,0,1,6,0,1,4,0,1,60
EXACT_RANK_8,8,200,3200,16,0,5,1,0.625,15,0,1,3,0,1,5,0,1,60
EXACT_RANK_8,8,500,8000,16,0,6,1,0.75,15,0,1,3,0,1,5,0,1,60
EXACT_RANK_8,8,1000,16000,16,0,6,1,0.75,15,0,1,3,0,1,6,0,1,60
EXACT_RANK_8,8,5000,80000,16,0,8,1,1.0,15,0,1,3,0,1,6,0,1,60
EXACT_RANK_8,8,50,800,16,0,4,1,0.5,15,0,1,5,0,1,3,0,1,61
EXACT_RANK_8,8,100,1600,16,0,4,1,0.5,15,0,1,5,0,1,3,0,1,61
EXACT_RANK_8,8,200,3200,16,0,6,1,0.75,14,0,1,5,0,1,4,0,1,61
EXACT_RANK_8,8,500,8000,16,0,6,1,0.75,15,0,1,5,0,1,5,0,1,61
EXACT_RANK_8,8,1000,16000,16,0,7,1,0.875,1,0,1,5,0,1,6,0,1,61
EXACT_RANK_8,8,5000,80000,16,0,7,1,0.875,15,0,1,5,0,1,7,0,1,61
EXACT_RANK_8,8,50,800,16,0,3,1,0.375,15,0,1,3,0,1,2,0,1,62
EXACT_RANK_8,8,100,1600,16,0,5,1,0.625,15,0,1,3,0,1,4,0,1,62
EXACT_RANK_8,8,200,3200,16,0,5,1,0.625,15,0,1,4,0,1,4,0,1,62
EXACT_RANK_8,8,500,8000,16,0,7,1,0.875,15,0,1,4,0,1,6,0,1,62
EXACT_RANK_8,8,1000,16000,16,0,7,1,0.875,15,0,1,4,0,1,6,0,1,62
EXACT_RANK_8,8,5000,80000,16,0,7,1,0.875,15,0,1,4,0,1,7,0,1,62
EXACT_RANK_8,8,50,800,16,0,3,1,0.375,15,0,1,4,0,1,2,0,1,63
EXACT_RANK_8,8,100,1600,16,0,5,1,0.625,1,0,1,4,0,1,3,0,1,63
EXACT_RANK_8,8,200,3200,16,0,5,1,0.625,1,0,1,4,0,1,4,0,1,63
EXACT_RANK_8,8,500,8000,16,0,6,1,0.75,14,0,1,4,0,1,5,0,1,63
EXACT_RANK_8,8,1000,16000,16,0,6,1,0.75,1,0,1,4,0,1,6,0,1,63
EXACT_RANK_8,8,5000,80000,16,0,7,1,0.875,1,0,1,4,0,1,7,0,1,63
EXACT_RANK_8,8,50,800,16,0,4,1,0.5,1,0,1,5,0,1,3,0,1,64
EXACT_RANK_8,8,100,1600,16,0,5,1,0.625,14,0,1,6,0,1,4,0,1,64
EXACT_RANK_8,8,200,3200,16,0,6,1,0.75,13,0,1,6,0,1,5,0,1,64
EXACT_RANK_8,8,500,8000,16,0,7,1,0.875,15,0,1,6,0,1,6,0,1,64
EXACT_RANK_8,8,1000,16000,16,0,7,1,0.875,15,0,1,6,0,1,7,0,1,64
EXACT_RANK_8,8,5000,80000,16,0,7,1,0.875,7,0,1,6,0,1,7,0,1,64
EXACT_RANK_8,8,50,800,16,0,3,1,0.375,15,0,1,3,0,1,1,0,1,65
EXACT_RANK_8,8,100,1600,16,0,6,1,0.75,15,0,1,2,0,1,1,0,1,65
EXACT_RANK_8,8,200,3200,16,0,6,1,0.75,1,0,1,3,0,1,3,0,1,65
EXACT_RANK_8,8,500,8000,16,0,7,1,0.875,1,0,1,2,0,1,6,0,1,65
EXACT_RANK_8,8,1000,16000,16,0,8,1,1.0,15,0,1,2,0,1,5,0,1,65
EXACT_RANK_8,8,5000,80000,16,0,8,1,1.0,15,0,1,2,0,1,6,0,1,65
EXACT_RANK_8,8,50,800,16,0,5,1,0.625,15,0,1,6,0,1,3,0,1,66
EXACT_RANK_8,8,100,1600,16,0,5,1,0.625,15,0,1,5,0,1,4,0,1,66
EXACT_RANK_8,8,200,3200,16,0,6,1,0.75,15,0,1,4,0,1,5,0,1,66
EXACT_RANK_8,8,500,8000,16,0,6,1,0.75,15,0,1,7,0,1,6,0,1,66
EXACT_RANK_8,8,1000,16000,16,0,7,1,0.875,6,0,1,7,0,1,6,0,1,66
EXACT_RANK_8,8,5000,80000,16,0,8,1,1.0,7,0,1,7,0,1,7,0,1,66
EXACT_RANK_8,8,50,800,16,0,3,1,0.375,15,0,1,2,0,1,1,0,1,67
EXACT_RANK_8,8,100,1600,16,0,4,1,0.5,15,0,1,2,0,1,3,0,1,67
EXACT_RANK_8,8,200,3200,16,0,5,1,0.625,15,0,1,2,0,1,5,0,1,67
EXACT_RANK_8,8,500,8000,16,0,6,1,0.75,15,0,1,2,0,1,4,0,1,67
EXACT_RANK_8,8,1000,16000,16,0,7,1,0.875,15,0,1,2,0,1,5,0,1,67
EXACT_RANK_8,8,5000,80000,16,0,8,1,1.0,15,0,1,2,0,1,6,0,1,67
EXACT_RANK_8,8,50,800,16,0,4,1,0.5,15,0,1,5,0,1,3,0,1,68
EXACT_RANK_8,8,100,1600,16,0,5,1,0.625,15,0,1,3,0,1,4,0,1,68
EXACT_RANK_8,8,200,3200,16,0,6,1,0.75,15,0,1,7,0,1,5,0,1,68
EXACT_RANK_8,8,500,8000,16,0,6,1,0.75,15,0,1,7,0,1,6,0,1,68
EXACT_RANK_8,8,1000,16000,16,0,6,1,0.75,15,0,1,7,0,1,6,0,1,68
EXACT_RANK_8,8,5000,80000,16,0,7,1,0.875,6,0,1,7,0,1,7,0,1,68
EXACT_RANK_8,8,50,800,16,0,3,1,0.375,1,0,1,2,0,1,2,0,1,69
EXACT_RANK_8,8,100,1600,16,0,4,1,0.5,15,0,1,4,0,1,3,0,1,69
EXACT_RANK_8,8,200,3200,16,0,6,1,0.75,1,0,1,3,0,1,4,0,1,69
EXACT_RANK_8,8,500,8000,16,0,6,1,0.75,15,0,1,3,0,1,6,0,1,69
EXACT_RANK_8,8,1000,16000,16,0,7,1,0.875,14,0,1,3,0,1,6,0,1,69
EXACT_RANK_8,8,5000,80000,16,0,8,1,1.0,8,1,1,3,0,1,6,0,1,69
EXACT_RANK_8,8,50,800,16,0,3,1,0.375,1,0,1,4,0,1,2,0,1,70
EXACT_RANK_8,8,100,1600,16,0,4,1,0.5,15,0,1,4,0,1,3,0,1,70
EXACT_RANK_8,8,200,3200,16,0,5,1,0.625,15,0,1,3,0,1,4,0,1,70
EXACT_RANK_8,8,500,8000,16,0,5,1,0.625,15,0,1,6,0,1,5,0,1,70
EXACT_RANK_8,8,1000,16000,16,0,7,1,0.875,14,0,1,6,0,1,5,0,1,70
EXACT_RANK_8,8,5000,80000,16,0,7,1,0.875,7,0,1,6,0,1,7,0,1,70
EXACT_RANK_8,8,50,800,16,0,3,1,0.375,1,0,1,4,0,1,3,0,1,71
EXACT_RANK_8,8,100,1600,16,0,4,1,0.5,15,0,1,3,0,1,3,0,1,71
EXACT_RANK_8,8,200,3200,16,0,5,1,0.625,1,0,1,6,0,1,4,0,1,71
EXACT_RANK_8,8,500,8000,16,0,6,1,0.75,1,0,1,6,0,1,5,0,1,71
EXACT_RANK_8,8,1000,16000,16,0,6,1,0.75,1,0,1,6,0,1,5,0,1,71
EXACT_RANK_8,8,5000,80000,16,0,7,1,0.875,15,0,1,6,0,1,6,0,1,71
EXACT_RANK_8,8,50,800,16,0,3,1,0.375,15,0,1,4,0,1,3,0,1,72
EXACT_RANK_8,8,100,1600,16,0,5,1,0.625,15,0,1,5,0,1,4,0,1,72
EXACT_RANK_8,8,200,3200,16,0,5,1,0.625,15,0,1,4,0,1,5,0,1,72
EXACT_RANK_8,8,500,8000,16,0,6,1,0.75,14,0,1,5,0,1,6,0,1,72
EXACT_RANK_8,8,1000,16000,16,0,7,1,0.875,1,0,1,5,0,1,6,0,1,72
EXACT_RANK_8,8,5000,80000,16,0,7,1,0.875,7,0,1,5,0,1,7,0,1,72
EXACT_RANK_8,8,50,800,16,0,2,1,0.25,1,0,1,3,0,1,2,0,1,73
EXACT_RANK_8,8,100,1600,16,0,4,1,0.5,15,0,1,3,0,1,3,0,1,73
EXACT_RANK_8,8,200,3200,16,0,5,1,0.625,15,0,1,3,0,1,5,0,1,73
EXACT_RANK_8,8,500,8000,16,0,6,1,0.75,15,0,1,3,0,1,5,0,1,73
EXACT_RANK_8,8,1000,16000,16,0,6,1,0.75,15,0,1,3,0,1,6,0,1,73
EXACT_RANK_8,8,5000,80000,16,0,8,1,1.0,6,0,1,3,0,1,6,0,1,73
EXACT_RANK_8,8,50,800,16,0,3,1,0.375,1,0,1,3,0,1,1,0,1,74
EXACT_RANK_8,8,100,1600,16,0,5,1,0.625,15,0,1,3,0,1,2,0,1,74
EXACT_RANK_8,8,200,3200,16,0,5,1,0.625,1,0,1,3,0,1,4,0,1,74
EXACT_RANK_8,8,500,8000,16,0,7,1,0.875,1,0,1,3,0,1,5,0,1,74
EXACT_RANK_8,8,1000,16000,16,0,7,1,0.875,15,0,1,3,0,1,6,0,1,74
EXACT_RANK_8,8,5000,80000,16,0,7,1,0.875,7,0,1,3,0,1,7,0,1,74
EXACT_RANK_8,8,50,800,16,0,3,1,0.375,15,0,1,3,0,1,2,0,1,75
EXACT_RANK_8,8,100,1600,16,0,4,1,0.5,13,0,1,6,0,1,4,0,1,75
EXACT_RANK_8,8,200,3200,16,0,5,1,0.625,15,0,1,3,0,1,5,0,1,75
EXACT_RANK_8,8,500,8000,16,0,6,1,0.75,13,0,1,3,0,1,5,0,1,75
EXACT_RANK_8,8,1000,16000,16,0,6,1,0.75,15,0,1,3,0,1,6,0,1,75
EXACT_RANK_8,8,5000,80000,16,0,7,1,0.875,15,0,1,3,0,1,6,0,1,75
EXACT_RANK_8,8,50,800,16,0,4,1,0.5,15,0,1,2,0,1,1,0,1,76
EXACT_RANK_8,8,100,1600,16,0,4,1,0.5,15,0,1,2,0,1,3,0,1,76
EXACT_RANK_8,8,200,3200,16,0,5,1,0.625,15,0,1,3,0,1,4,0,1,76
EXACT_RANK_8,8,500,8000,16,0,6,1,0.75,1,0,1,2,0,1,5,0,1,76
EXACT_RANK_8,8,1000,16000,16,0,6,1,0.75,15,0,1,4,0,1,6,0,1,76
EXACT_RANK_8,8,5000,80000,16,0,7,1,0.875,1,0,1,4,0,1,6,0,1,76
EXACT_RANK_8,8,50,800,16,0,4,1,0.5,1,0,1,2,0,1,3,0,1,77
EXACT_RANK_8,8,100,1600,16,0,5,1,0.625,15,0,1,4,0,1,3,0,1,77
EXACT_RANK_8,8,200,3200,16,0,6,1,0.75,15,0,1,2,0,1,4,0,1,77
EXACT_RANK_8,8,500,8000,16,0,7,1,0.875,14,0,1,4,0,1,5,0,1,77
EXACT_RANK_8,8,1000,16000,16,0,7,1,0.875,15,0,1,4,0,1,6,0,1,77
EXACT_RANK_8,8,5000,80000,16,0,8,1,1.0,8,1,1,4,0,1,6,0,1,77
EXACT_RANK_8,8,50,800,16,0,3,1,0.375,15,0,1,4,0,1,3,0,1,78
EXACT_RANK_8,8,100,1600,16,0,5,1,0.625,15,0,1,4,0,1,3,0,1,78
EXACT_RANK_8,8,200,3200,16,0,5,1,0.625,15,0,1,4,0,1,3,0,1,78
EXACT_RANK_8,8,500,8000,16,0,6,1,0.75,1,0,1,4,0,1,5,0,1,78
EXACT_RANK_8,8,1000,16000,16,0,6,1,0.75,15,0,1,6,0,1,5,0,1,78
EXACT_RANK_8,8,5000,80000,16,0,8,1,1.0,14,0,1,4,0,1,6,0,1,78
EXACT_RANK_8,8,50,800,16,0,4,1,0.5,15,0,1,3,0,1,2,0,1,79
EXACT_RANK_8,8,100,1600,16,0,5,1,0.625,15,0,1,4,0,1,2,0,1,79
EXACT_RANK_8,8,200,3200,16,0,6,1,0.75,15,0,1,3,0,1,4,0,1,79
EXACT_RANK_8,8,500,8000,16,0,6,1,0.75,14,0,1,3,0,1,5,0,1,79
EXACT_RANK_8,8,1000,16000,16,0,6,1,0.75,1,0,1,3,0,1,6,0,1,79
EXACT_RANK_8,8,5000,80000,16,0,8,1,1.0,12,0,1,3,0,1,6,0,1,79
EXACT_RANK_8,8,50,800,16,0,2,1,0.25,15,0,1,2,0,1,1,0,1,80
EXACT_RANK_8,8,100,1600,16,0,4,1,0.5,15,0,1,2,0,1,2,0,1,80
EXACT_RANK_8,8,200,3200,16,0,6,1,0.75,15,0,1,2,0,1,4,0,1,80
EXACT_RANK_8,8,500,8000,16,0,7,1,0.875,15,0,1,2,0,1,6,0,1,80
EXACT_RANK_8,8,1000,16000,16,0,7,1,0.875,15,0,1,2,0,1,6,0,1,80
EXACT_RANK_8,8,5000,80000,16,0,7,1,0.875,7,0,1,2,0,1,7,0,1,80
EXACT_RANK_8,8,50,800,16,0,3,1,0.375,15,0,1,4,0,1,3,0,1,81
EXACT_RANK_8,8,100,1600,16,0,4,1,0.5,15,0,1,4,0,1,3,0,1,81
EXACT_RANK_8,8,200,3200,16,0,5,1,0.625,15,0,1,4,0,1,3,0,1,81
EXACT_RANK_8,8,500,8000,16,0,6,1,0.75,15,0,1,4,0,1,5,0,1,81
EXACT_RANK_8,8,1000,16000,16,0,8,1,1.0,15,0,1,4,0,1,5,0,1,81
EXACT_RANK_8,8,5000,80000,16,0,8,1,1.0,15,0,1,4,0,1,6,0,1,81
EXACT_RANK_8,8,50,800,16,0,4,1,0.5,14,0,1,3,0,1,2,0,1,82
EXACT_RANK_8,8,100,1600,16,0,5,1,0.625,15,0,1,3,0,1,3,0,1,82
EXACT_RANK_8,8,200,3200,16,0,6,1,0.75,15,0,1,4,0,1,5,0,1,82
EXACT_RANK_8,8,500,8000,16,0,6,1,0.75,15,0,1,7,0,1,6,0,1,82
EXACT_RANK_8,8,1000,16000,16,0,7,1,0.875,14,0,1,3,0,1,6,0,1,82
EXACT_RANK_8,8,5000,80000,16,0,7,1,0.875,15,0,1,7,0,1,6,0,1,82
EXACT_RANK_8,8,50,800,16,0,3,1,0.375,15,0,1,4,0,1,2,0,1,83
EXACT_RANK_8,8,100,1600,16,0,3,1,0.375,15,0,1,4,0,1,3,0,1,83
EXACT_RANK_8,8,200,3200,16,0,4,1,0.5,15,0,1,4,0,1,4,0,1,83
EXACT_RANK_8,8,500,8000,16,0,6,1,0.75,15,0,1,5,0,1,4,0,1,83
EXACT_RANK_8,8,1000,16000,16,0,6,1,0.75,15,0,1,5,0,1,6,0,1,83
EXACT_RANK_8,8,5000,80000,16,0,8,1,1.0,1,0,1,4,0,1,6,0,1,83
EXACT_RANK_8,8,50,800,16,0,3,1,0.375,15,0,1,2,0,1,2,0,1,84
EXACT_RANK_8,8,100,1600,16,0,4,1,0.5,1,0,1,2,0,1,2,0,1,84
EXACT_RANK_8,8,200,3200,16,0,5,1,0.625,15,0,1,3,0,1,3,0,1,84
EXACT_RANK_8,8,500,8000,16,0,6,1,0.75,15,0,1,2,0,1,5,0,1,84
EXACT_RANK_8,8,1000,16000,16,0,7,1,0.875,1,0,1,2,0,1,6,0,1,84
EXACT_RANK_8,8,5000,80000,16,0,7,1,0.875,1,0,1,2,0,1,7,0,1,84
EXACT_RANK_8,8,50,800,16,0,3,1,0.375,15,0,1,3,0,1,1,0,1,85
EXACT_RANK_8,8,100,1600,16,0,3,1,0.375,15,0,1,4,0,1,3,0,1,85
EXACT_RANK_8,8,200,3200,16,0,5,1,0.625,15,0,1,4,0,1,3,0,1,85
EXACT_RANK_8,8,500,8000,16,0,6,1,0.75,14,0,1,4,0,1,5,0,1,85
EXACT_RANK_8,8,1000,16000,16,0,6,1,0.75,14,0,1,5,0,1,6,0,1,85
EXACT_RANK_8,8,5000,80000,16,0,7,1,0.875,15,0,1,4,0,1,6,0,1,85
EXACT_RANK_8,8,50,800,16,0,4,1,0.5,15,0,1,5,0,1,2,0,1,86
EXACT_RANK_8,8,100,1600,16,0,4,1,0.5,15,0,1,5,0,1,4,0,1,86
EXACT_RANK_8,8,200,3200,16,0,5,1,0.625,14,0,1,6,0,1,4,0,1,86
EXACT_RANK_8,8,500,8000,16,0,6,1,0.75,15,0,1,5,0,1,5,0,1,86
EXACT_RANK_8,8,1000,16000,16,0,6,1,0.75,15,0,1,5,0,1,6,0,1,86
EXACT_RANK_8,8,5000,80000,16,0,7,1,0.875,14,0,1,5,0,1,6,0,1,86
EXACT_RANK_8,8,50,800,16,0,5,1,0.625,15,0,1,6,0,1,3,0,1,87
EXACT_RANK_8,8,100,1600,16,0,5,1,0.625,15,0,1,6,0,1,4,0,1,87
EXACT_RANK_8,8,200,3200,16,0,6,1,0.75,1,0,1,6,0,1,5,0,1,87
EXACT_RANK_8,8,500,8000,16,0,7,1,0.875,14,0,1,6,0,1,6,0,1,87
EXACT_RANK_8,8,1000,16000,16,0,7,1,0.875,15,0,1,7,0,1,6,0,1,87
EXACT_RANK_8,8,5000,80000,16,0,7,1,0.875,7,0,1,8,1,1,7,0,1,87
EXACT_RANK_8,8,50,800,16,0,3,1,0.375,15,0,1,2,0,1,2,0,1,88
EXACT_RANK_8,8,100,1600,16,0,4,1,0.5,15,0,1,5,0,1,4,0,1,88
EXACT_RANK_8,8,200,3200,16,0,6,1,0.75,15,0,1,4,0,1,5,0,1,88
EXACT_RANK_8,8,500,8000,16,0,6,1,0.75,1,0,1,2,0,1,5,0,1,88
EXACT_RANK_8,8,1000,16000,16,0,6,1,0.75,1,0,1,2,0,1,6,0,1,88
EXACT_RANK_8,8,5000,80000,16,0,7,1,0.875,7,0,1,2,0,1,7,0,1,88
EXACT_RANK_8,8,50,800,16,0,3,1,0.375,15,0,1,4,0,1,2,0,1,89
EXACT_RANK_8,8,100,1600,16,0,4,1,0.5,14,0,1,5,0,1,4,0,1,89
EXACT_RANK_8,8,200,3200,16,0,6,1,0.75,15,0,1,4,0,1,3,0,1,89
EXACT_RANK_8,8,500,8000,16,0,6,1,0.75,15,0,1,5,0,1,5,0,1,89
EXACT_RANK_8,8,1000,16000,16,0,6,1,0.75,15,0,1,5,0,1,6,0,1,89
EXACT_RANK_8,8,5000,80000,16,0,7,1,0.875,14,0,1,5,0,1,7,0,1,89
EXACT_RANK_8,8,50,800,16,0,4,1,0.5,14,0,1,6,0,1,3,0,1,90
EXACT_RANK_8,8,100,1600,16,0,5,1,0.625,1,0,1,6,0,1,4,0,1,90
EXACT_RANK_8,8,200,3200,16,0,5,1,0.625,15,0,1,6,0,1,5,0,1,90
EXACT_RANK_8,8,500,8000,16,0,6,1,0.75,14,0,1,6,0,1,5,0,1,90
EXACT_RANK_8,8,1000,16000,16,0,7,1,0.875,15,0,1,6,0,1,5,0,1,90
EXACT_RANK_8,8,5000,80000,16,0,7,1,0.875,15,0,1,6,0,1,6,0,1,90
EXACT_RANK_8,8,50,800,16,0,3,1,0.375,15,0,1,3,0,1,1,0,1,91
EXACT_RANK_8,8,100,1600,16,0,5,1,0.625,15,0,1,3,0,1,2,0,1,91
EXACT_RANK_8,8,200,3200,16,0,6,1,0.75,15,0,1,4,0,1,5,0,1,91
EXACT_RANK_8,8,500,8000,16,0,6,1,0.75,15,0,1,3,0,1,6,0,1,91
EXACT_RANK_8,8,1000,16000,16,0,7,1,0.875,15,0,1,3,0,1,6,0,1,91
EXACT_RANK_8,8,5000,80000,16,0,7,1,0.875,7,0,1,3,0,1,7,0,1,91
EXACT_RANK_8,8,50,800,16,0,4,1,0.5,15,0,1,2,0,1,3,0,1,92
EXACT_RANK_8,8,100,1600,16,0,5,1,0.625,15,0,1,3,0,1,4,0,1,92
EXACT_RANK_8,8,200,3200,16,0,5,1,0.625,1,0,1,5,0,1,4,0,1,92
EXACT_RANK_8,8,500,8000,16,0,6,1,0.75,1,0,1,5,0,1,5,0,1,92
EXACT_RANK_8,8,1000,16000,16,0,6,1,0.75,14,0,1,5,0,1,5,0,1,92
EXACT_RANK_8,8,5000,80000,16,0,7,1,0.875,7,0,1,5,0,1,7,0,1,92
EXACT_RANK_8,8,50,800,16,0,3,1,0.375,15,0,1,3,0,1,2,0,1,93
EXACT_RANK_8,8,100,1600,16,0,4,1,0.5,15,0,1,3,0,1,3,0,1,93
EXACT_RANK_8,8,200,3200,16,0,5,1,0.625,15,0,1,3,0,1,3,0,1,93
EXACT_RANK_8,8,500,8000,16,0,6,1,0.75,15,0,1,3,0,1,4,0,1,93
EXACT_RANK_8,8,1000,16000,16,0,6,1,0.75,15,0,1,3,0,1,6,0,1,93
EXACT_RANK_8,8,5000,80000,16,0,7,1,0.875,15,0,1,3,0,1,7,0,1,93
EXACT_RANK_8,8,50,800,16,0,3,1,0.375,15,0,1,3,0,1,2,0,1,94
EXACT_RANK_8,8,100,1600,16,0,5,1,0.625,15,0,1,3,0,1,3,0,1,94
EXACT_RANK_8,8,200,3200,16,0,6,1,0.75,15,0,1,2,0,1,4,0,1,94
EXACT_RANK_8,8,500,8000,16,0,6,1,0.75,15,0,1,2,0,1,6,0,1,94
EXACT_RANK_8,8,1000,16000,16,0,7,1,0.875,15,0,1,2,0,1,7,0,1,94
EXACT_RANK_8,8,5000,80000,16,0,7,1,0.875,7,0,1,2,0,1,7,0,1,94
EXACT_RANK_8,8,50,800,16,0,3,1,0.375,15,0,1,3,0,1,2,0,1,95
EXACT_RANK_8,8,100,1600,16,0,5,1,0.625,14,0,1,3,0,1,2,0,1,95
EXACT_RANK_8,8,200,3200,16,0,5,1,0.625,15,0,1,3,0,1,5,0,1,95
EXACT_RANK_8,8,500,8000,16,0,6,1,0.75,1,0,1,3,0,1,5,0,1,95
EXACT_RANK_8,8,1000,16000,16,0,6,1,0.75,15,0,1,3,0,1,6,0,1,95
EXACT_RANK_8,8,5000,80000,16,0,7,1,0.875,7,0,1,6,0,1,7,0,1,95
EXACT_RANK_8,8,50,800,16,0,3,1,0.375,1,0,1,5,0,1,3,0,1,96
EXACT_RANK_8,8,100,1600,16,0,4,1,0.5,14,0,1,5,0,1,4,0,1,96
EXACT_RANK_8,8,200,3200,16,0,6,1,0.75,15,0,1,6,0,1,5,0,1,96
EXACT_RANK_8,8,500,8000,16,0,6,1,0.75,1,0,1,5,0,1,5,0,1,96
EXACT_RANK_8,8,1000,16000,16,0,6,1,0.75,13,0,1,7,0,1,6,0,1,96
EXACT_RANK_8,8,5000,80000,16,0,7,1,0.875,15,0,1,5,0,1,7,0,1,96
EXACT_RANK_8,8,50,800,16,0,3,1,0.375,13,0,1,4,0,1,2,0,1,97
EXACT_RANK_8,8,100,1600,16,0,4,1,0.5,15,0,1,5,0,1,3,0,1,97
EXACT_RANK_8,8,200,3200,16,0,5,1,0.625,15,0,1,4,0,1,3,0,1,97
EXACT_RANK_8,8,500,8000,16,0,6,1,0.75,15,0,1,4,0,1,5,0,1,97
EXACT_RANK_8,8,1000,16000,16,0,6,1,0.75,15,0,1,4,0,1,6,0,1,97
EXACT_RANK_8,8,5000,80000,16,0,7,1,0.875,6,0,1,4,0,1,6,0,1,97
EXACT_RANK_8,8,50,800,16,0,2,1,0.25,15,0,1,3,0,1,2,0,1,98
EXACT_RANK_8,8,100,1600,16,0,4,1,0.5,15,0,1,5,0,1,3,0,1,98
EXACT_RANK_8,8,200,3200,16,0,4,1,0.5,15,0,1,5,0,1,4,0,1,98
EXACT_RANK_8,8,500,8000,16,0,5,1,0.625,15,0,1,5,0,1,4,0,1,98
EXACT_RANK_8,8,1000,16000,16,0,5,1,0.625,15,0,1,5,0,1,5,0,1,98
EXACT_RANK_8,8,5000,80000,16,0,7,1,0.875,15,0,1,5,0,1,5,0,1,98
EXACT_RANK_8,8,50,800,16,0,3,1,0.375,14,0,1,4,0,1,1,0,1,99
EXACT_RANK_8,8,100,1600,16,0,5,1,0.625,1,0,1,3,0,1,2,0,1,99
EXACT_RANK_8,8,200,3200,16,0,6,1,0.75,1,0,1,3,0,1,5,0,1,99
EXACT_RANK_8,8,500,8000,16,0,7,1,0.875,15,0,1,2,0,1,7,0,1,99
EXACT_RANK_8,8,1000,16000,16,0,7,1,0.875,15,0,1,2,0,1,7,0,1,99
EXACT_RANK_8,8,5000,80000,16,0,7,1,0.875,7,0,1,2,0,1,7,0,1,99
EXACT_RANK_8,8,50,800,16,0,4,1,0.5,1,0,1,2,0,1,4,0,1,100
EXACT_RANK_8,8,100,1600,16,0,5,1,0.625,15,0,1,6,0,1,4,0,1,100
EXACT_RANK_8,8,200,3200,16,0,6,1,0.75,1,0,1,5,0,1,4,0,1,100
EXACT_RANK_8,8,500,8000,16,0,6,1,0.75,15,0,1,7,0,1,6,0,1,100
EXACT_RANK_8,8,1000,16000,16,0,6,1,0.75,6,0,1,7,0,1,6,0,1,100
EXACT_RANK_8,8,5000,80000,16,0,8,1,1.0,15,0,1,7,0,1,6,0,1,100
EXACT_RANK_8,8,50,800,16,0,4,1,0.5,15,0,1,2,0,1,2,0,1,101
EXACT_RANK_8,8,100,1600,16,0,5,1,0.625,14,0,1,4,0,1,3,0,1,101
EXACT_RANK_8,8,200,3200,16,0,6,1,0.75,15,0,1,2,0,1,4,0,1,101
EXACT_RANK_8,8,500,8000,16,0,6,1,0.75,1,0,1,4,0,1,5,0,1,101
EXACT_RANK_8,8,1000,16000,16,0,7,1,0.875,1,0,1,4,0,1,6,0,1,101
EXACT_RANK_8,8,5000,80000,16,0,8,1,1.0,15,0,1,2,0,1,6,0,1,101
EXACT_RANK_8,8,50,800,16,0,3,1,0.375,1,0,1,2,0,1,2,0,1,102
EXACT_RANK_8,8,100,1600,16,0,4,1,0.5,15,0,1,2,0,1,3,0,1,102
EXACT_RANK_8,8,200,3200,16,0,6,1,0.75,15,0,1,2,0,1,5,0,1,102
EXACT_RANK_8,8,500,8000,16,0,6,1,0.75,1,0,1,2,0,1,6,0,1,102
EXACT_RANK_8,8,1000,16000,16,0,7,1,0.875,14,0,1,3,0,1,6,0,1,102
EXACT_RANK_8,8,5000,80000,16,0,8,1,1.0,6,0,1,2,0,1,6,0,1,102
EXACT_RANK_8,8,50,800,16,0,3,1,0.375,14,0,1,5,0,1,2,0,1,103
EXACT_RANK_8,8,100,1600,16,0,4,1,0.5,15,0,1,4,0,1,3,0,1,103
EXACT_RANK_8,8,200,3200,16,0,5,1,0.625,14,0,1,4,0,1,3,0,1,103
EXACT_RANK_8,8,500,8000,16,0,6,1,0.75,13,0,1,4,0,1,5,0,1,103
EXACT_RANK_8,8,1000,16000,16,0,6,1,0.75,14,0,1,6,0,1,5,0,1,103
EXACT_RANK_8,8,5000,80000,16,0,7,1,0.875,15,0,1,6,0,1,6,0,1,103
EXACT_RANK_8,8,50,800,16,0,4,1,0.5,15,0,1,3,0,1,2,0,1,104
EXACT_RANK_8,8,100,1600,16,0,5,1,0.625,15,0,1,2,0,1,3,0,1,104
EXACT_RANK_8,8,200,3200,16,0,5,1,0.625,15,0,1,3,0,1,5,0,1,104
EXACT_RANK_8,8,500,8000,16,0,6,1,0.75,15,0,1,2,0,1,5,0,1,104
EXACT_RANK_8,8,1000,16000,16,0,6,1,0.75,15,0,1,2,0,1,6,0,1,104
EXACT_RANK_8,8,5000,80000,16,0,7,1,0.875,15,0,1,2,0,1,7,0,1,104
EXACT_RANK_8,8,50,800,16,0,4,1,0.5,14,0,1,4,0,1,2,0,1,105
EXACT_RANK_8,8,100,1600,16,0,5,1,0.625,15,0,1,5,0,1,3,0,1,105
EXACT_RANK_8,8,200,3200,16,0,6,1,0.75,15,0,1,5,0,1,5,0,1,105
EXACT_RANK_8,8,500,8000,16,0,7,1,0.875,15,0,1,5,0,1,6,0,1,105
EXACT_RANK_8,8,1000,16000,16,0,7,1,0.875,15,0,1,5,0,1,7,0,1,105
EXACT_RANK_8,8,5000,80000,16,0,7,1,0.875,15,0,1,5,0,1,7,0,1,105
EXACT_RANK_8,8,50,800,16,0,4,1,0.5,15,0,1,2,0,1,2,0,1,106
EXACT_RANK_8,8,100,1600,16,0,5,1,0.625,15,0,1,5,0,1,3,0,1,106
EXACT_RANK_8,8,200,3200,16,0,6,1,0.75,15,0,1,3,0,1,4,0,1,106
EXACT_RANK_8,8,500,8000,16,0,7,1,0.875,15,0,1,3,0,1,6,0,1,106
EXACT_RANK_8,8,1000,16000,16,0,7,1,0.875,1,0,1,4,0,1,6,0,1,106
EXACT_RANK_8,8,5000,80000,16,0,7,1,0.875,7,0,1,4,0,1,7,0,1,106
EXACT_RANK_8,8,50,800,16,0,3,1,0.375,15,0,1,3,0,1,1,0,1,107
EXACT_RANK_8,8,100,1600,16,0,4,1,0.5,14,0,1,3,0,1,2,0,1,107
EXACT_RANK_8,8,200,3200,16,0,5,1,0.625,15,0,1,4,0,1,4,0,1,107
EXACT_RANK_8,8,500,8000,16,0,6,1,0.75,15,0,1,4,0,1,6,0,1,107
EXACT_RANK_8,8,1000,16000,16,0,7,1,0.875,15,0,1,3,0,1,6,0,1,107
EXACT_RANK_8,8,5000,80000,16,0,7,1,0.875,15,0,1,3,0,1,7,0,1,107
EXACT_RANK_8,8,50,800,16,0,5,1,0.625,1,0,1,6,0,1,4,0,1,108
EXACT_RANK_8,8,100,1600,16,0,5,1,0.625,1,0,1,6,0,1,4,0,1,108
EXACT_RANK_8,8,200,3200,16,0,5,1,0.625,1,0,1,6,0,1,5,0,1,108
EXACT_RANK_8,8,500,8000,16,0,5,1,0.625,5,0,1,6,0,1,5,0,1,108
EXACT_RANK_8,8,1000,16000,16,0,5,1,0.625,15,0,1,6,0,1,5,0,1,108
EXACT_RANK_8,8,5000,80000,16,0,7,1,0.875,15,0,1,6,0,1,6,0,1,108
EXACT_RANK_8,8,50,800,16,0,3,1,0.375,15,0,1,3,0,1,2,0,1,109
EXACT_RANK_8,8,100,1600,16,0,4,1,0.5,1,0,1,4,0,1,3,0,1,109
EXACT_RANK_8,8,200,3200,16,0,5,1,0.625,15,0,1,3,0,1,4,0,1,109
EXACT_RANK_8,8,500,8000,16,0,6,1,0.75,1,0,1,3,0,1,4,0,1,109
EXACT_RANK_8,8,1000,16000,16,0,7,1,0.875,14,0,1,3,0,1,6,0,1,109
EXACT_RANK_8,8,5000,80000,16,0,7,1,0.875,7,0,1,3,0,1,7,0,1,109
EXACT_RANK_8,8,50,800,16,0,3,1,0.375,15,0,1,3,0,1,3,0,1,110
EXACT_RANK_8,8,100,1600,16,0,4,1,0.5,15,0,1,3,0,1,3,0,1,110
EXACT_RANK_8,8,200,3200,16,0,5,1,0.625,14,0,1,3,0,1,4,0,1,110
EXACT_RANK_8,8,500,8000,16,0,6,1,0.75,15,0,1,3,0,1,6,0,1,110
EXACT_RANK_8,8,1000,16000,16,0,7,1,0.875,15,0,1,3,0,1,6,0,1,110
EXACT_RANK_8,8,5000,80000,16,0,8,1,1.0,1,0,1,3,0,1,7,0,1,110
EXACT_RANK_8,8,50,800,16,0,3,1,0.375,15,0,1,3,0,1,2,0,1,111
EXACT_RANK_8,8,100,1600,16,0,4,1,0.5,15,0,1,3,0,1,3,0,1,111
EXACT_RANK_8,8,200,3200,16,0,5,1,0.625,15,0,1,3,0,1,4,0,1,111
EXACT_RANK_8,8,500,8000,16,0,5,1,0.625,15,0,1,6,0,1,5,0,1,111
EXACT_RANK_8,8,1000,16000,16,0,6,1,0.75,15,0,1,3,0,1,5,0,1,111
EXACT_RANK_8,8,5000,80000,16,0,7,1,0.875,1,0,1,6,0,1,6,0,1,111
EXACT_RANK_8,8,50,800,16,0,4,1,0.5,15,0,1,3,0,1,2,0,1,112
EXACT_RANK_8,8,100,1600,16,0,5,1,0.625,15,0,1,4,0,1,3,0,1,112
EXACT_RANK_8,8,200,3200,16,0,6,1,0.75,14,0,1,7,0,1,5,0,1,112
EXACT_RANK_8,8,500,8000,16,0,7,1,0.875,6,0,1,4,0,1,6,0,1,112
EXACT_RANK_8,8,1000,16000,16,0,7,1,0.875,15,0,1,7,0,1,6,0,1,112
EXACT_RANK_8,8,5000,80000,16,0,7,1,0.875,7,0,1,8,1,1,7,0,1,112
EXACT_RANK_8,8,50,800,16,0,4,1,0.5,14,0,1,5,0,1,3,0,1,113
EXACT_RANK_8,8,100,1600,16,0,4,1,0.5,14,0,1,5,0,1,4,0,1,113
EXACT_RANK_8,8,200,3200,16,0,5,1,0.625,15,0,1,5,0,1,4,0,1,113
EXACT_RANK_8,8,500,8000,16,0,6,1,0.75,15,0,1,6,0,1,5,0,1,113
EXACT_RANK_8,8,1000,16000,16,0,7,1,0.875,14,0,1,6,0,1,5,0,1,113
EXACT_RANK_8,8,5000,80000,16,0,7,1,0.875,7,0,1,6,0,1,7,0,1,113
EXACT_RANK_8,8,50,800,16,0,4,1,0.5,15,0,1,3,0,1,3,0,1,114
EXACT_RANK_8,8,100,1600,16,0,6,1,0.75,15,0,1,7,0,1,4,0,1,114
EXACT_RANK_8,8,200,3200,16,0,6,1,0.75,15,0,1,3,0,1,5,0,1,114
EXACT_RANK_8,8,500,8000,16,0,6,1,0.75,6,0,1,3,0,1,6,0,1,114
EXACT_RANK_8,8,1000,16000,16,0,7,1,0.875,15,0,1,3,0,1,6,0,1,114
EXACT_RANK_8,8,5000,80000,16,0,7,1,0.875,15,0,1,3,0,1,7,0,1,114
EXACT_RANK_8,8,50,800,16,0,3,1,0.375,1,0,1,5,0,1,3,0,1,115
EXACT_RANK_8,8,100,1600,16,0,4,1,0.5,15,0,1,4,0,1,4,0,1,115
EXACT_RANK_8,8,200,3200,16,0,5,1,0.625,14,0,1,5,0,1,4,0,1,115
EXACT_RANK_8,8,500,8000,16,0,6,1,0.75,1,0,1,5,0,1,6,0,1,115
EXACT_RANK_8,8,1000,16000,16,0,6,1,0.75,1,0,1,5,0,1,6,0,1,115
EXACT_RANK_8,8,5000,80000,16,0,8,1,1.0,15,0,1,5,0,1,6,0,1,115
EXACT_RANK_8,8,50,800,16,0,3,1,0.375,15,0,1,3,0,1,2,0,1,116
EXACT_RANK_8,8,100,1600,16,0,5,1,0.625,15,0,1,3,0,1,2,0,1,116
EXACT_RANK_8,8,200,3200,16,0,5,1,0.625,15,0,1,4,0,1,5,0,1,116
EXACT_RANK_8,8,500,8000,16,0,6,1,0.75,1,0,1,6,0,1,5,0,1,116
EXACT_RANK_8,8,1000,16000,16,0,6,1,0.75,15,0,1,6,0,1,6,0,1,116
EXACT_RANK_8,8,5000,80000,16,0,7,1,0.875,14,0,1,7,0,1,7,0,1,116
EXACT_RANK_8,8,50,800,16,0,3,1,0.375,15,0,1,3,0,1,2,0,1,117
EXACT_RANK_8,8,100,1600,16,0,4,1,0.5,15,0,1,3,0,1,3,0,1,117
EXACT_RANK_8,8,200,3200,16,0,5,1,0.625,15,0,1,3,0,1,5,0,1,117
EXACT_RANK_8,8,500,8000,16,0,5,1,0.625,1,0,1,6,0,1,5,0,1,117
EXACT_RANK_8,8,1000,16000,16,0,6,1,0.75,15,0,1,6,0,1,5,0,1,117
EXACT_RANK_8,8,5000,80000,16,0,7,1,0.875,5,0,1,6,0,1,6,0,1,117
EXACT_RANK_8,8,50,800,16,0,3,1,0.375,15,0,1,4,0,1,2,0,1,118
EXACT_RANK_8,8,100,1600,16,0,5,1,0.625,15,0,1,3,0,1,4,0,1,118
EXACT_RANK_8,8,200,3200,16,0,6,1,0.75,1,0,1,5,0,1,4,0,1,118
EXACT_RANK_8,8,500,8000,16,0,6,1,0.75,15,0,1,5,0,1,6,0,1,118
EXACT_RANK_8,8,1000,16000,16,0,7,1,0.875,15,0,1,7,0,1,6,0,1,118
EXACT_RANK_8,8,5000,80000,16,0,7,1,0.875,15,0,1,7,0,1,7,0,1,118
EXACT_RANK_8,8,50,800,16,0,3,1,0.375,15,0,1,4,0,1,3,0,1,119
EXACT_RANK_8,8,100,1600,16,0,4,1,0.5,15,0,1,5,0,1,4,0,1,119
EXACT_RANK_8,8,200,3200,16,0,4,1,0.5,15,0,1,5,0,1,4,0,1,119
EXACT_RANK_8,8,500,8000,16,0,6,1,0.75,15,0,1,5,0,1,4,0,1,119
EXACT_RANK_8,8,1000,16000,16,0,7,1,0.875,15,0,1,5,0,1,5,0,1,119
EXACT_RANK_8,8,5000,80000,16,0,8,1,1.0,15,0,1,5,0,1,7,0,1,119
EXACT_RANK_8,8,50,800,16,0,3,1,0.375,13,0,1,4,0,1,2,0,1,120
EXACT_RANK_8,8,100,1600,16,0,4,1,0.5,15,0,1,5,0,1,3,0,1,120
EXACT_RANK_8,8,200,3200,16,0,5,1,0.625,15,0,1,4,0,1,4,0,1,120
EXACT_RANK_8,8,500,8000,16,0,7,1,0.875,1,0,1,6,0,1,5,0,1,120
EXACT_RANK_8,8,1000,16000,16,0,7,1,0.875,15,0,1,6,0,1,6,0,1,120
EXACT_RANK_8,8,5000,80000,16,0,7,1,0.875,15,0,1,6,0,1,7,0,1,120
EXACT_RANK_8,8,50,800,16,0,3,1,0.375,15,0,1,3,0,1,3,0,1,121
EXACT_RANK_8,8,100,1600,16,0,4,1,0.5,15,0,1,3,0,1,2,0,1,121
EXACT_RANK_8,8,200,3200,16,0,6,1,0.75,14,0,1,3,0,1,4,0,1,121
EXACT_RANK_8,8,500,8000,16,0,7,1,0.875,15,0,1,3,0,1,5,0,1,121
EXACT_RANK_8,8,1000,16000,16,0,7,1,0.875,15,0,1,5,0,1,6,0,1,121
EXACT_RANK_8,8,5000,80000,16,0,8,1,1.0,15,0,1,5,0,1,7,0,1,121
EXACT_RANK_8,8,50,800,16,0,3,1,0.375,1,0,1,2,0,1,1,0,1,122
EXACT_RANK_8,8,100,1600,16,0,5,1,0.625,15,0,1,3,0,1,3,0,1,122
EXACT_RANK_8,8,200,3200,16,0,6,1,0.75,1,0,1,3,0,1,2,0,1,122
EXACT_RANK_8,8,500,8000,16,0,6,1,0.75,14,0,1,3,0,1,5,0,1,122
EXACT_RANK_8,8,1000,16000,16,0,7,1,0.875,1,0,1,3,0,1,6,0,1,122
EXACT_RANK_8,8,5000,80000,16,0,7,1,0.875,7,0,1,3,0,1,7,0,1,122
EXACT_RANK_8,8,50,800,16,0,4,1,0.5,15,0,1,4,0,1,2,0,1,123
EXACT_RANK_8,8,100,1600,16,0,5,1,0.625,1,0,1,3,0,1,3,0,1,123
EXACT_RANK_8,8,200,3200,16,0,5,1,0.625,15,0,1,5,0,1,4,0,1,123
EXACT_RANK_8,8,500,8000,16,0,7,1,0.875,15,0,1,4,0,1,5,0,1,123
EXACT_RANK_8,8,1000,16000,16,0,7,1,0.875,7,0,1,6,0,1,7,0,1,123
EXACT_RANK_8,8,5000,80000,16,0,8,1,1.0,15,0,1,6,0,1,7,0,1,123
EXACT_RANK_8,8,50,800,16,0,4,1,0.5,15,0,1,3,0,1,2,0,1,124
EXACT_RANK_8,8,100,1600,16,0,5,1,0.625,13,0,1,6,0,1,3,0,1,124
EXACT_RANK_8,8,200,3200,16,0,5,1,0.625,15,0,1,6,0,1,5,0,1,124
EXACT_RANK_8,8,500,8000,16,0,7,1,0.875,15,0,1,6,0,1,5,0,1,124
EXACT_RANK_8,8,1000,16000,16,0,7,1,0.875,15,0,1,6,0,1,5,0,1,124
EXACT_RANK_8,8,5000,80000,16,0,8,1,1.0,15,0,1,6,0,1,7,0,1,124
EXACT_RANK_8,8,50,800,16,0,4,1,0.5,15,0,1,5,0,1,3,0,1,125
EXACT_RANK_8,8,100,1600,16,0,6,1,0.75,15,0,1,4,0,1,5,0,1,125
EXACT_RANK_8,8,200,3200,16,0,5,1,0.625,15,0,1,2,0,1,5,0,1,125
EXACT_RANK_8,8,500,8000,16,0,7,1,0.875,15,0,1,5,0,1,5,0,1,125
EXACT_RANK_8,8,1000,16000,16,0,7,1,0.875,15,0,1,4,0,1,7,0,1,125
EXACT_RANK_8,8,5000,80000,16,0,7,1,0.875,7,0,1,4,0,1,7,0,1,125
EXACT_RANK_8,8,50,800,16,0,4,1,0.5,15,0,1,5,0,1,3,0,1,126
EXACT_RANK_8,8,100,1600,16,0,4,1,0.5,15,0,1,5,0,1,4,0,1,126
EXACT_RANK_8,8,200,3200,16,0,6,1,0.75,15,0,1,5,0,1,4,0,1,126
EXACT_RANK_8,8,500,8000,16,0,6,1,0.75,15,0,1,5,0,1,6,0,1,126
EXACT_RANK_8,8,1000,16000,16,0,7,1,0.875,15,0,1,5,0,1,6,0,1,126
EXACT_RANK_8,8,5000,80000,16,0,7,1,0.875,15,0,1,5,0,1,7,0,1,126
EXACT_RANK_8,8,50,800,16,0,2,1,0.25,15,0,1,3,0,1,2,0,1,127
EXACT_RANK_8,8,100,1600,16,0,4,1,0.5,1,0,1,3,0,1,2,0,1,127
EXACT_RANK_8,8,200,3200,16,0,5,1,0.625,15,0,1,3,0,1,4,0,1,127
EXACT_RANK_8,8,500,8000,16,0,6,1,0.75,15,0,1,3,0,1,4,0,1,127
EXACT_RANK_8,8,1000,16000,16,0,7,1,0.875,15,0,1,3,0,1,5,0,1,127
EXACT_RANK_8,8,5000,80000,16,0,7,1,0.875,7,0,1,3,0,1,7,0,1,127
EXACT_RANK_8,8,50,800,16,0,3,1,0.375,14,0,1,5,0,1,3,0,1,128
EXACT_RANK_8,8,100,1600,16,0,4,1,0.5,15,0,1,5,0,1,4,0,1,128
EXACT_RANK_8,8,200,3200,16,0,5,1,0.625,1,0,1,4,0,1,4,0,1,128
EXACT_RANK_8,8,500,8000,16,0,6,1,0.75,15,0,1,4,0,1,5,0,1,128
EXACT_RANK_8,8,1000,16000,16,0,6,1,0.75,15,0,1,2,0,1,6,0,1,128
EXACT_RANK_8,8,5000,80000,16,0,7,1,0.875,1,0,1,2,0,1,6,0,1,128
EXACT_RANK_8,8,50,800,16,0,4,1,0.5,15,0,1,5,0,1,2,0,1,129
EXACT_RANK_8,8,100,1600,16,0,5,1,0.625,15,0,1,2,0,1,3,0,1,129
EXACT_RANK_8,8,200,3200,16,0,5,1,0.625,15,0,1,5,0,1,4,0,1,129
EXACT_RANK_8,8,500,8000,16,0,6,1,0.75,15,0,1,5,0,1,6,0,1,129
EXACT_RANK_8,8,1000,16000,16,0,7,1,0.875,1,0,1,6,0,1,6,0,1,129
EXACT_RANK_8,8,5000,80000,16,0,7,1,0.875,7,0,1,2,0,1,7,0,1,129
EXACT_RANK_8,8,50,800,16,0,3,1,0.375,15,0,1,3,0,1,2,0,1,130
EXACT_RANK_8,8,100,1600,16,0,4,1,0.5,15,0,1,2,0,1,3,0,1,130
EXACT_RANK_8,8,200,3200,16,0,4,1,0.5,1,0,1,5,0,1,4,0,1,130
EXACT_RANK_8,8,500,8000,16,0,5,1,0.625,1,0,1,5,0,1,5,0,1,130
EXACT_RANK_8,8,1000,16000,16,0,6,1,0.75,13,0,1,5,0,1,5,0,1,130
EXACT_RANK_8,8,5000,80000,16,0,8,1,1.0,8,1,1,5,0,1,6,0,1,130
EXACT_RANK_8,8,50,800,16,0,4,1,0.5,14,0,1,5,0,1,3,0,1,131
EXACT_RANK_8,8,100,1600,16,0,5,1,0.625,15,0,1,6,0,1,4,0,1,131
EXACT_RANK_8,8,200,3200,16,0,5,1,0.625,1,0,1,6,0,1,4,0,1,131
EXACT_RANK_8,8,500,8000,16,0,7,1,0.875,1,0,1,6,0,1,5,0,1,131
EXACT_RANK_8,8,1000,16000,16,0,7,1,0.875,14,0,1,6,0,1,5,0,1,131
EXACT_RANK_8,8,5000,80000,16,0,8,1,1.0,8,1,1,6,0,1,5,0,1,131
EXACT_RANK_8,8,50,800,16,0,4,1,0.5,1,0,1,6,0,1,3,0,1,132
EXACT_RANK_8,8,100,1600,16,0,5,1,0.625,15,0,1,6,0,1,4,0,1,132
EXACT_RANK_8,8,200,3200,16,0,5,1,0.625,14,0,1,5,0,1,4,0,1,132
EXACT_RANK_8,8,500,8000,16,0,6,1,0.75,6,0,1,7,0,1,5,0,1,132
EXACT_RANK_8,8,1000,16000,16,0,6,1,0.75,15,0,1,7,0,1,6,0,1,132
EXACT_RANK_8,8,5000,80000,16,0,7,1,0.875,15,0,1,7,0,1,6,0,1,132
EXACT_RANK_8,8,50,800,16,0,4,1,0.5,15,0,1,4,0,1,2,0,1,133
EXACT_RANK_8,8,100,1600,16,0,5,1,0.625,15,0,1,4,0,1,3,0,1,133
EXACT_RANK_8,8,200,3200,16,0,6,1,0.75,15,0,1,4,0,1,5,0,1,133
EXACT_RANK_8,8,500,8000,16,0,6,1,0.75,15,0,1,4,0,1,5,0,1,133
EXACT_RANK_8,8,1000,16000,16,0,7,1,0.875,1,0,1,4,0,1,6,0,1,133
EXACT_RANK_8,8,5000,80000,16,0,8,1,1.0,8,1,1,4,0,1,6,0,1,133
EXACT_RANK_8,8,50,800,16,0,2,1,0.25,15,0,1,3,0,1,2,0,1,134
EXACT_RANK_8,8,100,1600,16,0,4,1,0.5,15,0,1,5,0,1,2,0,1,134
EXACT_RANK_8,8,200,3200,16,0,5,1,0.625,15,0,1,3,0,1,4,0,1,134
EXACT_RANK_8,8,500,8000,16,0,6,1,0.75,13,0,1,5,0,1,4,0,1,134
EXACT_RANK_8,8,1000,16000,16,0,7,1,0.875,14,0,1,5,0,1,4,0,1,134
EXACT_RANK_8,8,5000,80000,16,0,8,1,1.0,8,1,1,5,0,1,6,0,1,134
EXACT_RANK_8,8,50,800,16,0,4,1,0.5,15,0,1,4,0,1,2,0,1,135
EXACT_RANK_8,8,100,1600,16,0,5,1,0.625,15,0,1,4,0,1,4,0,1,135
EXACT_RANK_8,8,200,3200,16,0,6,1,0.75,15,0,1,5,0,1,5,0,1,135
EXACT_RANK_8,8,500,8000,16,0,7,1,0.875,15,0,1,5,0,1,7,0,1,135
EXACT_RANK_8,8,1000,16000,16,0,7,1,0.875,15,0,1,5,0,1,7,0,1,135
EXACT_RANK_8,8,5000,80000,16,0,7,1,0.875,7,0,1,5,0,1,7,0,1,135
EXACT_RANK_8,8,50,800,16,0,3,1,0.375,14,0,1,4,0,1,2,0,1,136
EXACT_RANK_8,8,100,1600,16,0,4,1,0.5,14,0,1,3,0,1,2,0,1,136
EXACT_RANK_8,8,200,3200,16,0,5,1,0.625,1,0,1,3,0,1,4,0,1,136
EXACT_RANK_8,8,500,8000,16,0,7,1,0.875,1,0,1,4,0,1,5,0,1,136
EXACT_RANK_8,8,1000,16000,16,0,7,1,0.875,7,0,1,3,0,1,6,0,1,136
EXACT_RANK_8,8,5000,80000,16,0,7,1,0.875,14,0,1,3,0,1,7,0,1,136
EXACT_RANK_8,8,50,800,16,0,3,1,0.375,15,0,1,3,0,1,2,0,1,137
EXACT_RANK_8,8,100,1600,16,0,5,1,0.625,15,0,1,3,0,1,3,0,1,137
EXACT_RANK_8,8,200,3200,16,0,6,1,0.75,15,0,1,3,0,1,4,0,1,137
EXACT_RANK_8,8,500,8000,16,0,7,1,0.875,15,0,1,3,0,1,6,0,1,137
EXACT_RANK_8,8,1000,16000,16,0,8,1,1.0,15,0,1,3,0,1,6,0,1,137
EXACT_RANK_8,8,5000,80000,16,0,8,1,1.0,15,0,1,3,0,1,6,0,1,137
EXACT_RANK_8,8,50,800,16,0,3,1,0.375,15,0,1,4,0,1,3,0,1,138
EXACT_RANK_8,8,100,1600,16,0,4,1,0.5,15,0,1,4,0,1,3,0,1,138
EXACT_RANK_8,8,200,3200,16,0,5,1,0.625,15,0,1,5,0,1,4,0,1,138
EXACT_RANK_8,8,500,8000,16,0,6,1,0.75,1,0,1,5,0,1,5,0,1,138
EXACT_RANK_8,8,1000,16000,16,0,6,1,0.75,1,0,1,4,0,1,6,0,1,138
EXACT_RANK_8,8,5000,80000,16,0,8,1,1.0,13,0,1,5,0,1,6,0,1,138
EXACT_RANK_8,8,50,800,16,0,3,1,0.375,14,0,1,4,0,1,3,0,1,139
EXACT_RANK_8,8,100,1600,16,0,4,1,0.5,15,0,1,4,0,1,3,0,1,139
EXACT_RANK_8,8,200,3200,16,0,5,1,0.625,15,0,1,4,0,1,3,0,1,139
EXACT_RANK_8,8,500,8000,16,0,7,1,0.875,1,0,1,4,0,1,5,0,1,139
EXACT_RANK_8,8,1000,16000,16,0,7,1,0.875,14,0,1,4,0,1,6,0,1,139
EXACT_RANK_8,8,5000,80000,16,0,8,1,1.0,15,0,1,4,0,1,7,0,1,139
EXACT_RANK_8,8,50,800,16,0,3,1,0.375,15,0,1,3,0,1,2,0,1,140
EXACT_RANK_8,8,100,1600,16,0,5,1,0.625,15,0,1,2,0,1,2,0,1,140
EXACT_RANK_8,8,200,3200,16,0,6,1,0.75,15,0,1,4,0,1,6,0,1,140
EXACT_RANK_8,8,500,8000,16,0,7,1,0.875,14,0,1,3,0,1,6,0,1,140
EXACT_RANK_8,8,1000,16000,16,0,7,1,0.875,1,0,1,3,0,1,6,0,1,140
EXACT_RANK_8,8,5000,80000,16,0,7,1,0.875,15,0,1,3,0,1,7,0,1,140
EXACT_RANK_8,8,50,800,16,0,3,1,0.375,15,0,1,5,0,1,3,0,1,141
EXACT_RANK_8,8,100,1600,16,0,5,1,0.625,15,0,1,4,0,1,3,0,1,141
EXACT_RANK_8,8,200,3200,16,0,5,1,0.625,15,0,1,4,0,1,5,0,1,141
EXACT_RANK_8,8,500,8000,16,0,6,1,0.75,15,0,1,4,0,1,6,0,1,141
EXACT_RANK_8,8,1000,16000,16,0,6,1,0.75,15,0,1,4,0,1,6,0,1,141
EXACT_RANK_8,8,5000,80000,16,0,7,1,0.875,14,0,1,4,0,1,7,0,1,141
EXACT_RANK_8,8,50,800,16,0,4,1,0.5,15,0,1,5,0,1,2,0,1,142
EXACT_RANK_8,8,100,1600,16,0,4,1,0.5,15,0,1,5,0,1,4,0,1,142
EXACT_RANK_8,8,200,3200,16,0,5,1,0.625,15,0,1,5,0,1,4,0,1,142
EXACT_RANK_8,8,500,8000,16,0,5,1,0.625,15,0,1,6,0,1,5,0,1,142
EXACT_RANK_8,8,1000,16000,16,0,7,1,0.875,14,0,1,5,0,1,6,0,1,142
EXACT_RANK_8,8,5000,80000,16,0,7,1,0.875,1,0,1,6,0,1,7,0,1,142
EXACT_RANK_8,8,50,800,16,0,4,1,0.5,1,0,1,5,0,1,2,0,1,143
EXACT_RANK_8,8,100,1600,16,0,5,1,0.625,15,0,1,4,0,1,3,0,1,143
EXACT_RANK_8,8,200,3200,16,0,6,1,0.75,15,0,1,6,0,1,4,0,1,143
EXACT_RANK_8,8,500,8000,16,0,6,1,0.75,15,0,1,7,0,1,6,0,1,143
EXACT_RANK_8,8,1000,16000,16,0,7,1,0.875,15,0,1,6,0,1,6,0,1,143
EXACT_RANK_8,8,5000,80000,16,0,7,1,0.875,15,0,1,7,0,1,7,0,1,143
EXACT_RANK_8,8,50,800,16,0,3,1,0.375,15,0,1,4,0,1,3,0,1,144
EXACT_RANK_8,8,100,1600,16,0,4,1,0.5,1,0,1,4,0,1,3,0,1,144
EXACT_RANK_8,8,200,3200,16,0,4,1,0.5,1,0,1,5,0,1,4,0,1,144
EXACT_RANK_8,8,500,8000,16,0,6,1,0.75,15,0,1,5,0,1,4,0,1,144
EXACT_RANK_8,8,1000,16000,16,0,7,1,0.875,15,0,1,5,0,1,6,0,1,144
EXACT_RANK_8,8,5000,80000,16,0,7,1,0.875,15,0,1,5,0,1,7,0,1,144
EXACT_RANK_8,8,50,800,16,0,4,1,0.5,15,0,1,4,0,1,3,0,1,145
EXACT_RANK_8,8,100,1600,16,0,6,1,0.75,15,0,1,2,0,1,4,0,1,145
EXACT_RANK_8,8,200,3200,16,0,6,1,0.75,15,0,1,2,0,1,6,0,1,145
EXACT_RANK_8,8,500,8000,16,0,7,1,0.875,1,0,1,2,0,1,6,0,1,145
EXACT_RANK_8,8,1000,16000,16,0,7,1,0.875,15,0,1,2,0,1,7,0,1,145
EXACT_RANK_8,8,5000,80000,16,0,8,1,1.0,7,0,1,2,0,1,7,0,1,145
EXACT_RANK_8,8,50,800,16,0,3,1,0.375,15,0,1,2,0,1,2,0,1,146
EXACT_RANK_8,8,100,1600,16,0,5,1,0.625,15,0,1,4,0,1,3,0,1,146
EXACT_RANK_8,8,200,3200,16,0,5,1,0.625,14,0,1,6,0,1,5,0,1,146
EXACT_RANK_8,8,500,8000,16,0,6,1,0.75,1,0,1,6,0,1,5,0,1,146
EXACT_RANK_8,8,1000,16000,16,0,7,1,0.875,1,0,1,6,0,1,5,0,1,146
EXACT_RANK_8,8,5000,80000,16,0,7,1,0.875,7,0,1,6,0,1,7,0,1,146
EXACT_RANK_8,8,50,800,16,0,4,1,0.5,14,0,1,5,0,1,4,0,1,147
EXACT_RANK_8,8,100,1600,16,0,5,1,0.625,14,0,1,3,0,1,5,0,1,147
EXACT_RANK_8,8,200,3200,16,0,6,1,0.75,15,0,1,4,0,1,5,0,1,147
EXACT_RANK_8,8,500,8000,16,0,6,1,0.75,15,0,1,7,0,1,6,0,1,147
EXACT_RANK_8,8,1000,16000,16,0,6,1,0.75,15,0,1,7,0,1,6,0,1,147
EXACT_RANK_8,8,5000,80000,16,0,8,1,1.0,8,1,1,7,0,1,6,0,1,147
EXACT_RANK_8,8,50,800,16,0,4,1,0.5,15,0,1,2,0,1,2,0,1,148
EXACT_RANK_8,8,100,1600,16,0,5,1,0.625,15,0,1,4,0,1,3,0,1,148
EXACT_RANK_8,8,200,3200,16,0,5,1,0.625,15,0,1,4,0,1,5,0,1,148
EXACT_RANK_8,8,500,8000,16,0,6,1,0.75,1,0,1,4,0,1,5,0,1,148
EXACT_RANK_8,8,1000,16000,16,0,6,1,0.75,15,0,1,6,0,1,5,0,1,148
EXACT_RANK_8,8,5000,80000,16,0,7,1,0.875,14,0,1,6,0,1,7,0,1,148
EXACT_RANK_8,8,50,800,16,0,3,1,0.375,15,0,1,3,0,1,2,0,1,149
EXACT_RANK_8,8,100,1600,16,0,5,1,0.625,15,0,1,4,0,1,3,0,1,149
EXACT_RANK_8,8,200,3200,16,0,5,1,0.625,15,0,1,4,0,1,4,0,1,149
EXACT_RANK_8,8,500,8000,16,0,6,1,0.75,15,0,1,4,0,1,6,0,1,149
EXACT_RANK_8,8,1000,16000,16,0,7,1,0.875,15,0,1,4,0,1,6,0,1,149
EXACT_RANK_8,8,5000,80000,16,0,7,1,0.875,15,0,1,5,0,1,7,0,1,149
FULL_RANK_WELL_a0.2,16,50,800,16,0,16,1,1.0,1,0,1,2,0,1,0,0,1,0
FULL_RANK_WELL_a0.2,16,100,1600,16,0,16,1,1.0,1,0,1,3,0,1,0,0,1,0
FULL_RANK_WELL_a0.2,16,200,3200,16,0,16,1,1.0,1,0,1,3,0,1,0,0,1,0
FULL_RANK_WELL_a0.2,16,500,8000,16,0,16,1,1.0,1,0,1,2,0,1,0,0,1,0
FULL_RANK_WELL_a0.2,16,1000,16000,16,0,16,1,1.0,1,0,1,2,0,1,0,0,1,0
FULL_RANK_WELL_a0.2,16,5000,80000,16,0,16,1,1.0,1,0,1,2,0,1,0,0,1,0
FULL_RANK_WELL_a0.2,16,50,800,16,0,16,1,1.0,15,0,1,3,0,1,0,0,1,1
FULL_RANK_WELL_a0.2,16,100,1600,16,0,16,1,1.0,1,0,1,2,0,1,0,0,1,1
FULL_RANK_WELL_a0.2,16,200,3200,16,0,16,1,1.0,1,0,1,2,0,1,0,0,1,1
FULL_RANK_WELL_a0.2,16,500,8000,16,0,16,1,1.0,1,0,1,2,0,1,0,0,1,1
FULL_RANK_WELL_a0.2,16,1000,16000,16,0,16,1,1.0,1,0,1,2,0,1,0,0,1,1
FULL_RANK_WELL_a0.2,16,5000,80000,16,0,16,1,1.0,1,0,1,2,0,1,0,0,1,1
FULL_RANK_WELL_a0.2,16,50,800,16,0,16,1,1.0,1,0,1,3,0,1,0,0,1,2
FULL_RANK_WELL_a0.2,16,100,1600,16,0,16,1,1.0,1,0,1,2,0,1,0,0,1,2
FULL_RANK_WELL_a0.2,16,200,3200,16,0,16,1,1.0,1,0,1,2,0,1,0,0,1,2
FULL_RANK_WELL_a0.2,16,500,8000,16,0,16,1,1.0,1,0,1,2,0,1,0,0,1,2
FULL_RANK_WELL_a0.2,16,1000,16000,16,0,16,1,1.0,1,0,1,2,0,1,0,0,1,2
FULL_RANK_WELL_a0.2,16,5000,80000,16,0,16,1,1.0,1,0,1,2,0,1,0,0,1,2
FULL_RANK_WELL_a0.2,16,50,800,16,0,16,1,1.0,1,0,1,2,0,1,0,0,1,3
FULL_RANK_WELL_a0.2,16,100,1600,16,0,16,1,1.0,1,0,1,2,0,1,0,0,1,3
FULL_RANK_WELL_a0.2,16,200,3200,16,0,16,1,1.0,1,0,1,2,0,1,0,0,1,3
FULL_RANK_WELL_a0.2,16,500,8000,16,0,16,1,1.0,1,0,1,2,0,1,0,0,1,3
FULL_RANK_WELL_a0.2,16,1000,16000,16,0,16,1,1.0,1,0,1,2,0,1,0,0,1,3
FULL_RANK_WELL_a0.2,16,5000,80000,16,0,16,1,1.0,1,0,1,2,0,1,0,0,1,3
FULL_RANK_WELL_a0.2,16,50,800,16,0,16,1,1.0,1,0,1,2,0,1,0,0,1,4
FULL_RANK_WELL_a0.2,16,100,1600,16,0,16,1,1.0,1,0,1,3,0,1,0,0,1,4
FULL_RANK_WELL_a0.2,16,200,3200,16,0,16,1,1.0,1,0,1,2,0,1,0,0,1,4
FULL_RANK_WELL_a0.2,16,500,8000,16,0,16,1,1.0,1,0,1,2,0,1,0,0,1,4
FULL_RANK_WELL_a0.2,16,1000,16000,16,0,16,1,1.0,1,0,1,2,0,1,0,0,1,4
FULL_RANK_WELL_a0.2,16,5000,80000,16,0,16,1,1.0,1,0,1,2,0,1,0,0,1,4
FULL_RANK_WELL_a0.2,16,50,800,16,0,16,1,1.0,1,0,1,2,0,1,0,0,1,5
FULL_RANK_WELL_a0.2,16,100,1600,16,0,16,1,1.0,1,0,1,2,0,1,0,0,1,5
FULL_RANK_WELL_a0.2,16,200,3200,16,0,16,1,1.0,1,0,1,2,0,1,0,0,1,5
FULL_RANK_WELL_a0.2,16,500,8000,16,0,16,1,1.0,1,0,1,2,0,1,0,0,1,5
FULL_RANK_WELL_a0.2,16,1000,16000,16,0,16,1,1.0,1,0,1,2,0,1,0,0,1,5
FULL_RANK_WELL_a0.2,16,5000,80000,16,0,16,1,1.0,1,0,1,2,0,1,0,0,1,5
FULL_RANK_WELL_a0.2,16,50,800,16,0,16,1,1.0,1,0,1,2,0,1,0,0,1,6
FULL_RANK_WELL_a0.2,16,100,1600,16,0,16,1,1.0,1,0,1,2,0,1,0,0,1,6
FULL_RANK_WELL_a0.2,16,200,3200,16,0,16,1,1.0,1,0,1,2,0,1,0,0,1,6
FULL_RANK_WELL_a0.2,16,500,8000,16,0,16,1,1.0,1,0,1,2,0,1,0,0,1,6
FULL_RANK_WELL_a0.2,16,1000,16000,16,0,16,1,1.0,1,0,1,2,0,1,0,0,1,6
FULL_RANK_WELL_a0.2,16,5000,80000,16,0,16,1,1.0,1,0,1,2,0,1,0,0,1,6
FULL_RANK_WELL_a0.2,16,50,800,16,0,16,1,1.0,1,0,1,7,0,1,0,0,1,7
FULL_RANK_WELL_a0.2,16,100,1600,16,0,16,1,1.0,1,0,1,3,0,1,0,0,1,7
FULL_RANK_WELL_a0.2,16,200,3200,16,0,16,1,1.0,1,0,1,2,0,1,0,0,1,7
FULL_RANK_WELL_a0.2,16,500,8000,16,0,16,1,1.0,1,0,1,2,0,1,0,0,1,7
FULL_RANK_WELL_a0.2,16,1000,16000,16,0,16,1,1.0,1,0,1,2,0,1,0,0,1,7
FULL_RANK_WELL_a0.2,16,5000,80000,16,0,16,1,1.0,1,0,1,2,0,1,0,0,1,7
FULL_RANK_WELL_a0.2,16,50,800,16,0,16,1,1.0,1,0,1,2,0,1,0,0,1,8
FULL_RANK_WELL_a0.2,16,100,1600,16,0,16,1,1.0,1,0,1,3,0,1,0,0,1,8
FULL_RANK_WELL_a0.2,16,200,3200,16,0,16,1,1.0,1,0,1,2,0,1,0,0,1,8
FULL_RANK_WELL_a0.2,16,500,8000,16,0,16,1,1.0,1,0,1,2,0,1,0,0,1,8
FULL_RANK_WELL_a0.2,16,1000,16000,16,0,16,1,1.0,1,0,1,2,0,1,0,0,1,8
FULL_RANK_WELL_a0.2,16,5000,80000,16,0,16,1,1.0,1,0,1,2,0,1,0,0,1,8
FULL_RANK_WELL_a0.2,16,50,800,16,0,16,1,1.0,15,0,1,3,0,1,0,0,1,9
FULL_RANK_WELL_a0.2,16,100,1600,16,0,16,1,1.0,1,0,1,2,0,1,0,0,1,9
FULL_RANK_WELL_a0.2,16,200,3200,16,0,16,1,1.0,1,0,1,2,0,1,0,0,1,9
FULL_RANK_WELL_a0.2,16,500,8000,16,0,16,1,1.0,1,0,1,2,0,1,0,0,1,9
FULL_RANK_WELL_a0.2,16,1000,16000,16,0,16,1,1.0,1,0,1,2,0,1,0,0,1,9
FULL_RANK_WELL_a0.2,16,5000,80000,16,0,16,1,1.0,1,0,1,2,0,1,0,0,1,9
FULL_RANK_WELL_a0.2,16,50,800,16,0,16,1,1.0,1,0,1,4,0,1,0,0,1,10
FULL_RANK_WELL_a0.2,16,100,1600,16,0,16,1,1.0,1,0,1,3,0,1,0,0,1,10
FULL_RANK_WELL_a0.2,16,200,3200,16,0,16,1,1.0,1,0,1,2,0,1,0,0,1,10
FULL_RANK_WELL_a0.2,16,500,8000,16,0,16,1,1.0,1,0,1,2,0,1,0,0,1,10
FULL_RANK_WELL_a0.2,16,1000,16000,16,0,16,1,1.0,1,0,1,2,0,1,0,0,1,10
FULL_RANK_WELL_a0.2,16,5000,80000,16,0,16,1,1.0,1,0,1,2,0,1,0,0,1,10
FULL_RANK_WELL_a0.2,16,50,800,16,0,16,1,1.0,1,0,1,2,0,1,0,0,1,11
FULL_RANK_WELL_a0.2,16,100,1600,16,0,16,1,1.0,1,0,1,2,0,1,0,0,1,11
FULL_RANK_WELL_a0.2,16,200,3200,16,0,16,1,1.0,1,0,1,3,0,1,0,0,1,11
FULL_RANK_WELL_a0.2,16,500,8000,16,0,16,1,1.0,1,0,1,2,0,1,0,0,1,11
FULL_RANK_WELL_a0.2,16,1000,16000,16,0,16,1,1.0,1,0,1,2,0,1,0,0,1,11
FULL_RANK_WELL_a0.2,16,5000,80000,16,0,16,1,1.0,1,0,1,2,0,1,0,0,1,11
FULL_RANK_WELL_a0.2,16,50,800,16,0,16,1,1.0,1,0,1,3,0,1,0,0,1,12
FULL_RANK_WELL_a0.2,16,100,1600,16,0,16,1,1.0,1,0,1,2,0,1,0,0,1,12
FULL_RANK_WELL_a0.2,16,200,3200,16,0,16,1,1.0,1,0,1,3,0,1,0,0,1,12
FULL_RANK_WELL_a0.2,16,500,8000,16,0,16,1,1.0,1,0,1,2,0,1,0,0,1,12
FULL_RANK_WELL_a0.2,16,1000,16000,16,0,16,1,1.0,1,0,1,2,0,1,0,0,1,12
FULL_RANK_WELL_a0.2,16,5000,80000,16,0,16,1,1.0,1,0,1,2,0,1,0,0,1,12
FULL_RANK_WELL_a0.2,16,50,800,16,0,16,1,1.0,1,0,1,3,0,1,0,0,1,13
FULL_RANK_WELL_a0.2,16,100,1600,16,0,16,1,1.0,1,0,1,2,0,1,0,0,1,13
FULL_RANK_WELL_a0.2,16,200,3200,16,0,16,1,1.0,1,0,1,2,0,1,0,0,1,13
FULL_RANK_WELL_a0.2,16,500,8000,16,0,16,1,1.0,1,0,1,3,0,1,0,0,1,13
FULL_RANK_WELL_a0.2,16,1000,16000,16,0,16,1,1.0,1,0,1,2,0,1,0,0,1,13
FULL_RANK_WELL_a0.2,16,5000,80000,16,0,16,1,1.0,1,0,1,2,0,1,0,0,1,13
FULL_RANK_WELL_a0.2,16,50,800,16,0,16,1,1.0,1,0,1,4,0,1,0,0,1,14
FULL_RANK_WELL_a0.2,16,100,1600,16,0,16,1,1.0,1,0,1,3,0,1,0,0,1,14
FULL_RANK_WELL_a0.2,16,200,3200,16,0,16,1,1.0,1,0,1,3,0,1,0,0,1,14
FULL_RANK_WELL_a0.2,16,500,8000,16,0,16,1,1.0,1,0,1,2,0,1,0,0,1,14
FULL_RANK_WELL_a0.2,16,1000,16000,16,0,16,1,1.0,1,0,1,2,0,1,0,0,1,14
FULL_RANK_WELL_a0.2,16,5000,80000,16,0,16,1,1.0,1,0,1,2,0,1,0,0,1,14
FULL_RANK_WELL_a0.2,16,50,800,16,0,16,1,1.0,1,0,1,2,0,1,0,0,1,15
FULL_RANK_WELL_a0.2,16,100,1600,16,0,16,1,1.0,1,0,1,2,0,1,0,0,1,15
FULL_RANK_WELL_a0.2,16,200,3200,16,0,16,1,1.0,1,0,1,2,0,1,0,0,1,15
FULL_RANK_WELL_a0.2,16,500,8000,16,0,16,1,1.0,1,0,1,2,0,1,0,0,1,15
FULL_RANK_WELL_a0.2,16,1000,16000,16,0,16,1,1.0,1,0,1,2,0,1,0,0,1,15
FULL_RANK_WELL_a0.2,16,5000,80000,16,0,16,1,1.0,1,0,1,2,0,1,0,0,1,15
FULL_RANK_WELL_a0.2,16,50,800,16,0,16,1,1.0,15,0,1,12,0,1,0,0,1,16
FULL_RANK_WELL_a0.2,16,100,1600,16,0,16,1,1.0,1,0,1,2,0,1,0,0,1,16
FULL_RANK_WELL_a0.2,16,200,3200,16,0,16,1,1.0,1,0,1,2,0,1,0,0,1,16
FULL_RANK_WELL_a0.2,16,500,8000,16,0,16,1,1.0,1,0,1,2,0,1,0,0,1,16
FULL_RANK_WELL_a0.2,16,1000,16000,16,0,16,1,1.0,1,0,1,2,0,1,0,0,1,16
FULL_RANK_WELL_a0.2,16,5000,80000,16,0,16,1,1.0,1,0,1,2,0,1,0,0,1,16
FULL_RANK_WELL_a0.2,16,50,800,16,0,16,1,1.0,1,0,1,3,0,1,0,0,1,17
FULL_RANK_WELL_a0.2,16,100,1600,16,0,16,1,1.0,1,0,1,2,0,1,0,0,1,17
FULL_RANK_WELL_a0.2,16,200,3200,16,0,16,1,1.0,1,0,1,2,0,1,0,0,1,17
FULL_RANK_WELL_a0.2,16,500,8000,16,0,16,1,1.0,1,0,1,2,0,1,0,0,1,17
FULL_RANK_WELL_a0.2,16,1000,16000,16,0,16,1,1.0,1,0,1,2,0,1,0,0,1,17
FULL_RANK_WELL_a0.2,16,5000,80000,16,0,16,1,1.0,1,0,1,2,0,1,0,0,1,17
FULL_RANK_WELL_a0.2,16,50,800,16,0,16,1,1.0,1,0,1,2,0,1,0,0,1,18
FULL_RANK_WELL_a0.2,16,100,1600,16,0,16,1,1.0,1,0,1,2,0,1,0,0,1,18
FULL_RANK_WELL_a0.2,16,200,3200,16,0,16,1,1.0,1,0,1,2,0,1,0,0,1,18
FULL_RANK_WELL_a0.2,16,500,8000,16,0,16,1,1.0,1,0,1,2,0,1,0,0,1,18
FULL_RANK_WELL_a0.2,16,1000,16000,16,0,16,1,1.0,1,0,1,2,0,1,0,0,1,18
FULL_RANK_WELL_a0.2,16,5000,80000,16,0,16,1,1.0,1,0,1,2,0,1,0,0,1,18
FULL_RANK_WELL_a0.2,16,50,800,16,0,16,1,1.0,1,0,1,2,0,1,0,0,1,19
FULL_RANK_WELL_a0.2,16,100,1600,16,0,16,1,1.0,1,0,1,2,0,1,0,0,1,19
FULL_RANK_WELL_a0.2,16,200,3200,16,0,16,1,1.0,1,0,1,2,0,1,0,0,1,19
FULL_RANK_WELL_a0.2,16,500,8000,16,0,16,1,1.0,1,0,1,2,0,1,0,0,1,19
FULL_RANK_WELL_a0.2,16,1000,16000,16,0,16,1,1.0,1,0,1,2,0,1,0,0,1,19
FULL_RANK_WELL_a0.2,16,5000,80000,16,0,16,1,1.0,1,0,1,2,0,1,0,0,1,19
FULL_RANK_WELL_a0.2,16,50,800,16,0,16,1,1.0,1,0,1,3,0,1,0,0,1,20
FULL_RANK_WELL_a0.2,16,100,1600,16,0,16,1,1.0,1,0,1,3,0,1,0,0,1,20
FULL_RANK_WELL_a0.2,16,200,3200,16,0,16,1,1.0,1,0,1,2,0,1,0,0,1,20
FULL_RANK_WELL_a0.2,16,500,8000,16,0,16,1,1.0,1,0,1,2,0,1,0,0,1,20
FULL_RANK_WELL_a0.2,16,1000,16000,16,0,16,1,1.0,1,0,1,2,0,1,0,0,1,20
FULL_RANK_WELL_a0.2,16,5000,80000,16,0,16,1,1.0,1,0,1,2,0,1,0,0,1,20
FULL_RANK_WELL_a0.2,16,50,800,16,0,16,1,1.0,1,0,1,3,0,1,0,0,1,21
FULL_RANK_WELL_a0.2,16,100,1600,16,0,16,1,1.0,1,0,1,3,0,1,0,0,1,21
FULL_RANK_WELL_a0.2,16,200,3200,16,0,16,1,1.0,1,0,1,3,0,1,0,0,1,21
FULL_RANK_WELL_a0.2,16,500,8000,16,0,16,1,1.0,1,0,1,2,0,1,0,0,1,21
FULL_RANK_WELL_a0.2,16,1000,16000,16,0,16,1,1.0,1,0,1,2,0,1,0,0,1,21
FULL_RANK_WELL_a0.2,16,5000,80000,16,0,16,1,1.0,1,0,1,2,0,1,0,0,1,21
FULL_RANK_WELL_a0.2,16,50,800,16,0,16,1,1.0,1,0,1,2,0,1,0,0,1,22
FULL_RANK_WELL_a0.2,16,100,1600,16,0,16,1,1.0,1,0,1,2,0,1,0,0,1,22
FULL_RANK_WELL_a0.2,16,200,3200,16,0,16,1,1.0,1,0,1,2,0,1,0,0,1,22
FULL_RANK_WELL_a0.2,16,500,8000,16,0,16,1,1.0,1,0,1,3,0,1,0,0,1,22
FULL_RANK_WELL_a0.2,16,1000,16000,16,0,16,1,1.0,1,0,1,2,0,1,0,0,1,22
FULL_RANK_WELL_a0.2,16,5000,80000,16,0,16,1,1.0,1,0,1,2,0,1,0,0,1,22
FULL_RANK_WELL_a0.2,16,50,800,16,0,16,1,1.0,1,0,1,3,0,1,0,0,1,23
FULL_RANK_WELL_a0.2,16,100,1600,16,0,16,1,1.0,1,0,1,3,0,1,0,0,1,23
FULL_RANK_WELL_a0.2,16,200,3200,16,0,16,1,1.0,1,0,1,2,0,1,0,0,1,23
FULL_RANK_WELL_a0.2,16,500,8000,16,0,16,1,1.0,1,0,1,3,0,1,0,0,1,23
FULL_RANK_WELL_a0.2,16,1000,16000,16,0,16,1,1.0,1,0,1,2,0,1,0,0,1,23
FULL_RANK_WELL_a0.2,16,5000,80000,16,0,16,1,1.0,1,0,1,2,0,1,0,0,1,23
FULL_RANK_WELL_a0.2,16,50,800,16,0,16,1,1.0,1,0,1,3,0,1,0,0,1,24
FULL_RANK_WELL_a0.2,16,100,1600,16,0,16,1,1.0,1,0,1,2,0,1,0,0,1,24
FULL_RANK_WELL_a0.2,16,200,3200,16,0,16,1,1.0,1,0,1,3,0,1,0,0,1,24
FULL_RANK_WELL_a0.2,16,500,8000,16,0,16,1,1.0,1,0,1,2,0,1,0,0,1,24
FULL_RANK_WELL_a0.2,16,1000,16000,16,0,16,1,1.0,1,0,1,2,0,1,0,0,1,24
FULL_RANK_WELL_a0.2,16,5000,80000,16,0,16,1,1.0,1,0,1,2,0,1,0,0,1,24
FULL_RANK_WELL_a0.2,16,50,800,16,0,16,1,1.0,1,0,1,2,0,1,0,0,1,25
FULL_RANK_WELL_a0.2,16,100,1600,16,0,16,1,1.0,1,0,1,2,0,1,0,0,1,25
FULL_RANK_WELL_a0.2,16,200,3200,16,0,16,1,1.0,1,0,1,2,0,1,0,0,1,25
FULL_RANK_WELL_a0.2,16,500,8000,16,0,16,1,1.0,1,0,1,2,0,1,0,0,1,25
FULL_RANK_WELL_a0.2,16,1000,16000,16,0,16,1,1.0,1,0,1,2,0,1,0,0,1,25
FULL_RANK_WELL_a0.2,16,5000,80000,16,0,16,1,1.0,1,0,1,2,0,1,0,0,1,25
FULL_RANK_WELL_a0.2,16,50,800,16,0,16,1,1.0,14,0,1,4,0,1,0,0,1,26
FULL_RANK_WELL_a0.2,16,100,1600,16,0,16,1,1.0,1,0,1,2,0,1,0,0,1,26
FULL_RANK_WELL_a0.2,16,200,3200,16,0,16,1,1.0,1,0,1,2,0,1,0,0,1,26
FULL_RANK_WELL_a0.2,16,500,8000,16,0,16,1,1.0,1,0,1,2,0,1,0,0,1,26
FULL_RANK_WELL_a0.2,16,1000,16000,16,0,16,1,1.0,1,0,1,2,0,1,0,0,1,26
FULL_RANK_WELL_a0.2,16,5000,80000,16,0,16,1,1.0,1,0,1,2,0,1,0,0,1,26
FULL_RANK_WELL_a0.2,16,50,800,16,0,16,1,1.0,1,0,1,4,0,1,0,0,1,27
FULL_RANK_WELL_a0.2,16,100,1600,16,0,16,1,1.0,1,0,1,3,0,1,0,0,1,27
FULL_RANK_WELL_a0.2,16,200,3200,16,0,16,1,1.0,1,0,1,2,0,1,0,0,1,27
FULL_RANK_WELL_a0.2,16,500,8000,16,0,16,1,1.0,1,0,1,2,0,1,0,0,1,27
FULL_RANK_WELL_a0.2,16,1000,16000,16,0,16,1,1.0,1,0,1,2,0,1,0,0,1,27
FULL_RANK_WELL_a0.2,16,5000,80000,16,0,16,1,1.0,1,0,1,2,0,1,0,0,1,27
FULL_RANK_WELL_a0.2,16,50,800,16,0,16,1,1.0,1,0,1,4,0,1,0,0,1,28
FULL_RANK_WELL_a0.2,16,100,1600,16,0,16,1,1.0,1,0,1,3,0,1,0,0,1,28
FULL_RANK_WELL_a0.2,16,200,3200,16,0,16,1,1.0,1,0,1,2,0,1,0,0,1,28
FULL_RANK_WELL_a0.2,16,500,8000,16,0,16,1,1.0,1,0,1,2,0,1,0,0,1,28
FULL_RANK_WELL_a0.2,16,1000,16000,16,0,16,1,1.0,1,0,1,2,0,1,0,0,1,28
FULL_RANK_WELL_a0.2,16,5000,80000,16,0,16,1,1.0,1,0,1,2,0,1,0,0,1,28
FULL_RANK_WELL_a0.2,16,50,800,16,0,16,1,1.0,1,0,1,2,0,1,0,0,1,29
FULL_RANK_WELL_a0.2,16,100,1600,16,0,16,1,1.0,1,0,1,2,0,1,0,0,1,29
FULL_RANK_WELL_a0.2,16,200,3200,16,0,16,1,1.0,1,0,1,2,0,1,0,0,1,29
FULL_RANK_WELL_a0.2,16,500,8000,16,0,16,1,1.0,1,0,1,2,0,1,0,0,1,29
FULL_RANK_WELL_a0.2,16,1000,16000,16,0,16,1,1.0,1,0,1,2,0,1,0,0,1,29
FULL_RANK_WELL_a0.2,16,5000,80000,16,0,16,1,1.0,1,0,1,2,0,1,0,0,1,29
FULL_RANK_WELL_a0.2,16,50,800,16,0,16,1,1.0,1,0,1,2,0,1,0,0,1,30
FULL_RANK_WELL_a0.2,16,100,1600,16,0,16,1,1.0,1,0,1,2,0,1,0,0,1,30
FULL_RANK_WELL_a0.2,16,200,3200,16,0,16,1,1.0,1,0,1,2,0,1,0,0,1,30
FULL_RANK_WELL_a0.2,16,500,8000,16,0,16,1,1.0,1,0,1,2,0,1,0,0,1,30
FULL_RANK_WELL_a0.2,16,1000,16000,16,0,16,1,1.0,1,0,1,2,0,1,0,0,1,30
FULL_RANK_WELL_a0.2,16,5000,80000,16,0,16,1,1.0,1,0,1,2,0,1,0,0,1,30
FULL_RANK_WELL_a0.2,16,50,800,16,0,16,1,1.0,1,0,1,3,0,1,0,0,1,31
FULL_RANK_WELL_a0.2,16,100,1600,16,0,16,1,1.0,1,0,1,3,0,1,0,0,1,31
FULL_RANK_WELL_a0.2,16,200,3200,16,0,16,1,1.0,1,0,1,2,0,1,0,0,1,31
FULL_RANK_WELL_a0.2,16,500,8000,16,0,16,1,1.0,1,0,1,2,0,1,0,0,1,31
FULL_RANK_WELL_a0.2,16,1000,16000,16,0,16,1,1.0,1,0,1,2,0,1,0,0,1,31
FULL_RANK_WELL_a0.2,16,5000,80000,16,0,16,1,1.0,1,0,1,2,0,1,0,0,1,31
FULL_RANK_WELL_a0.2,16,50,800,16,0,16,1,1.0,1,0,1,3,0,1,0,0,1,32
FULL_RANK_WELL_a0.2,16,100,1600,16,0,16,1,1.0,1,0,1,2,0,1,0,0,1,32
FULL_RANK_WELL_a0.2,16,200,3200,16,0,16,1,1.0,1,0,1,2,0,1,0,0,1,32
FULL_RANK_WELL_a0.2,16,500,8000,16,0,16,1,1.0,1,0,1,2,0,1,0,0,1,32
FULL_RANK_WELL_a0.2,16,1000,16000,16,0,16,1,1.0,1,0,1,2,0,1,0,0,1,32
FULL_RANK_WELL_a0.2,16,5000,80000,16,0,16,1,1.0,1,0,1,2,0,1,0,0,1,32
FULL_RANK_WELL_a0.2,16,50,800,16,0,16,1,1.0,1,0,1,3,0,1,0,0,1,33
FULL_RANK_WELL_a0.2,16,100,1600,16,0,16,1,1.0,1,0,1,2,0,1,0,0,1,33
FULL_RANK_WELL_a0.2,16,200,3200,16,0,16,1,1.0,1,0,1,2,0,1,0,0,1,33
FULL_RANK_WELL_a0.2,16,500,8000,16,0,16,1,1.0,1,0,1,2,0,1,0,0,1,33
FULL_RANK_WELL_a0.2,16,1000,16000,16,0,16,1,1.0,1,0,1,2,0,1,0,0,1,33
FULL_RANK_WELL_a0.2,16,5000,80000,16,0,16,1,1.0,1,0,1,2,0,1,0,0,1,33
FULL_RANK_WELL_a0.2,16,50,800,16,0,16,1,1.0,1,0,1,2,0,1,0,0,1,34
FULL_RANK_WELL_a0.2,16,100,1600,16,0,16,1,1.0,1,0,1,2,0,1,0,0,1,34
FULL_RANK_WELL_a0.2,16,200,3200,16,0,16,1,1.0,1,0,1,2,0,1,0,0,1,34
FULL_RANK_WELL_a0.2,16,500,8000,16,0,16,1,1.0,1,0,1,2,0,1,0,0,1,34
FULL_RANK_WELL_a0.2,16,1000,16000,16,0,16,1,1.0,1,0,1,2,0,1,0,0,1,34
FULL_RANK_WELL_a0.2,16,5000,80000,16,0,16,1,1.0,1,0,1,2,0,1,0,0,1,34
FULL_RANK_WELL_a0.2,16,50,800,16,0,16,1,1.0,1,0,1,2,0,1,0,0,1,35
FULL_RANK_WELL_a0.2,16,100,1600,16,0,16,1,1.0,1,0,1,3,0,1,0,0,1,35
FULL_RANK_WELL_a0.2,16,200,3200,16,0,16,1,1.0,1,0,1,2,0,1,0,0,1,35
FULL_RANK_WELL_a0.2,16,500,8000,16,0,16,1,1.0,1,0,1,3,0,1,0,0,1,35
FULL_RANK_WELL_a0.2,16,1000,16000,16,0,16,1,1.0,1,0,1,2,0,1,0,0,1,35
FULL_RANK_WELL_a0.2,16,5000,80000,16,0,16,1,1.0,1,0,1,2,0,1,0,0,1,35
FULL_RANK_WELL_a0.2,16,50,800,16,0,16,1,1.0,1,0,1,4,0,1,0,0,1,36
FULL_RANK_WELL_a0.2,16,100,1600,16,0,16,1,1.0,1,0,1,3,0,1,0,0,1,36
FULL_RANK_WELL_a0.2,16,200,3200,16,0,16,1,1.0,1,0,1,2,0,1,0,0,1,36
FULL_RANK_WELL_a0.2,16,500,8000,16,0,16,1,1.0,1,0,1,2,0,1,0,0,1,36
FULL_RANK_WELL_a0.2,16,1000,16000,16,0,16,1,1.0,1,0,1,2,0,1,0,0,1,36
FULL_RANK_WELL_a0.2,16,5000,80000,16,0,16,1,1.0,1,0,1,2,0,1,0,0,1,36
FULL_RANK_WELL_a0.2,16,50,800,16,0,16,1,1.0,1,0,1,2,0,1,0,0,1,37
FULL_RANK_WELL_a0.2,16,100,1600,16,0,16,1,1.0,1,0,1,2,0,1,0,0,1,37
FULL_RANK_WELL_a0.2,16,200,3200,16,0,16,1,1.0,1,0,1,3,0,1,0,0,1,37
FULL_RANK_WELL_a0.2,16,500,8000,16,0,16,1,1.0,1,0,1,2,0,1,0,0,1,37
FULL_RANK_WELL_a0.2,16,1000,16000,16,0,16,1,1.0,1,0,1,2,0,1,0,0,1,37
FULL_RANK_WELL_a0.2,16,5000,80000,16,0,16,1,1.0,1,0,1,2,0,1,0,0,1,37
FULL_RANK_WELL_a0.2,16,50,800,16,0,16,1,1.0,2,0,1,3,0,1,0,0,1,38
FULL_RANK_WELL_a0.2,16,100,1600,16,0,16,1,1.0,1,0,1,3,0,1,0,0,1,38
FULL_RANK_WELL_a0.2,16,200,3200,16,0,16,1,1.0,1,0,1,2,0,1,0,0,1,38
FULL_RANK_WELL_a0.2,16,500,8000,16,0,16,1,1.0,1,0,1,2,0,1,0,0,1,38
FULL_RANK_WELL_a0.2,16,1000,16000,16,0,16,1,1.0,1,0,1,2,0,1,0,0,1,38
FULL_RANK_WELL_a0.2,16,5000,80000,16,0,16,1,1.0,1,0,1,2,0,1,0,0,1,38
FULL_RANK_WELL_a0.2,16,50,800,16,0,16,1,1.0,1,0,1,3,0,1,0,0,1,39
FULL_RANK_WELL_a0.2,16,100,1600,16,0,16,1,1.0,1,0,1,2,0,1,0,0,1,39
FULL_RANK_WELL_a0.2,16,200,3200,16,0,16,1,1.0,1,0,1,2,0,1,0,0,1,39
FULL_RANK_WELL_a0.2,16,500,8000,16,0,16,1,1.0,1,0,1,2,0,1,0,0,1,39
FULL_RANK_WELL_a0.2,16,1000,16000,16,0,16,1,1.0,1,0,1,2,0,1,0,0,1,39
FULL_RANK_WELL_a0.2,16,5000,80000,16,0,16,1,1.0,1,0,1,2,0,1,0,0,1,39
FULL_RANK_WELL_a0.2,16,50,800,16,0,16,1,1.0,1,0,1,3,0,1,0,0,1,40
FULL_RANK_WELL_a0.2,16,100,1600,16,0,16,1,1.0,1,0,1,3,0,1,0,0,1,40
FULL_RANK_WELL_a0.2,16,200,3200,16,0,16,1,1.0,1,0,1,3,0,1,0,0,1,40
FULL_RANK_WELL_a0.2,16,500,8000,16,0,16,1,1.0,1,0,1,3,0,1,0,0,1,40
FULL_RANK_WELL_a0.2,16,1000,16000,16,0,16,1,1.0,1,0,1,2,0,1,0,0,1,40
FULL_RANK_WELL_a0.2,16,5000,80000,16,0,16,1,1.0,1,0,1,2,0,1,0,0,1,40
FULL_RANK_WELL_a0.2,16,50,800,16,0,16,1,1.0,1,0,1,2,0,1,0,0,1,41
FULL_RANK_WELL_a0.2,16,100,1600,16,0,16,1,1.0,1,0,1,2,0,1,0,0,1,41
FULL_RANK_WELL_a0.2,16,200,3200,16,0,16,1,1.0,1,0,1,2,0,1,0,0,1,41
FULL_RANK_WELL_a0.2,16,500,8000,16,0,16,1,1.0,1,0,1,2,0,1,0,0,1,41
FULL_RANK_WELL_a0.2,16,1000,16000,16,0,16,1,1.0,1,0,1,2,0,1,0,0,1,41
FULL_RANK_WELL_a0.2,16,5000,80000,16,0,16,1,1.0,1,0,1,2,0,1,0,0,1,41
FULL_RANK_WELL_a0.2,16,50,800,16,0,16,1,1.0,2,0,1,3,0,1,0,0,1,42
FULL_RANK_WELL_a0.2,16,100,1600,16,0,16,1,1.0,1,0,1,3,0,1,0,0,1,42
FULL_RANK_WELL_a0.2,16,200,3200,16,0,16,1,1.0,1,0,1,2,0,1,0,0,1,42
FULL_RANK_WELL_a0.2,16,500,8000,16,0,16,1,1.0,1,0,1,2,0,1,0,0,1,42
FULL_RANK_WELL_a0.2,16,1000,16000,16,0,16,1,1.0,1,0,1,2,0,1,0,0,1,42
FULL_RANK_WELL_a0.2,16,5000,80000,16,0,16,1,1.0,1,0,1,2,0,1,0,0,1,42
FULL_RANK_WELL_a0.2,16,50,800,16,0,16,1,1.0,1,0,1,3,0,1,0,0,1,43
FULL_RANK_WELL_a0.2,16,100,1600,16,0,16,1,1.0,1,0,1,2,0,1,0,0,1,43
FULL_RANK_WELL_a0.2,16,200,3200,16,0,16,1,1.0,1,0,1,2,0,1,0,0,1,43
FULL_RANK_WELL_a0.2,16,500,8000,16,0,16,1,1.0,1,0,1,2,0,1,0,0,1,43
FULL_RANK_WELL_a0.2,16,1000,16000,16,0,16,1,1.0,1,0,1,2,0,1,0,0,1,43
FULL_RANK_WELL_a0.2,16,5000,80000,16,0,16,1,1.0,1,0,1,2,0,1,0,0,1,43
FULL_RANK_WELL_a0.2,16,50,800,16,0,16,1,1.0,1,0,1,4,0,1,0,0,1,44
FULL_RANK_WELL_a0.2,16,100,1600,16,0,16,1,1.0,1,0,1,2,0,1,0,0,1,44
FULL_RANK_WELL_a0.2,16,200,3200,16,0,16,1,1.0,1,0,1,3,0,1,0,0,1,44
FULL_RANK_WELL_a0.2,16,500,8000,16,0,16,1,1.0,1,0,1,2,0,1,0,0,1,44
FULL_RANK_WELL_a0.2,16,1000,16000,16,0,16,1,1.0,1,0,1,2,0,1,0,0,1,44
FULL_RANK_WELL_a0.2,16,5000,80000,16,0,16,1,1.0,1,0,1,2,0,1,0,0,1,44
FULL_RANK_WELL_a0.2,16,50,800,16,0,16,1,1.0,1,0,1,2,0,1,0,0,1,45
FULL_RANK_WELL_a0.2,16,100,1600,16,0,16,1,1.0,1,0,1,2,0,1,0,0,1,45
FULL_RANK_WELL_a0.2,16,200,3200,16,0,16,1,1.0,1,0,1,3,0,1,0,0,1,45
FULL_RANK_WELL_a0.2,16,500,8000,16,0,16,1,1.0,1,0,1,2,0,1,0,0,1,45
FULL_RANK_WELL_a0.2,16,1000,16000,16,0,16,1,1.0,1,0,1,2,0,1,0,0,1,45
FULL_RANK_WELL_a0.2,16,5000,80000,16,0,16,1,1.0,1,0,1,2,0,1,0,0,1,45
FULL_RANK_WELL_a0.2,16,50,800,16,0,16,1,1.0,1,0,1,3,0,1,0,0,1,46
FULL_RANK_WELL_a0.2,16,100,1600,16,0,16,1,1.0,1,0,1,2,0,1,0,0,1,46
FULL_RANK_WELL_a0.2,16,200,3200,16,0,16,1,1.0,1,0,1,2,0,1,0,0,1,46
FULL_RANK_WELL_a0.2,16,500,8000,16,0,16,1,1.0,1,0,1,2,0,1,0,0,1,46
FULL_RANK_WELL_a0.2,16,1000,16000,16,0,16,1,1.0,1,0,1,2,0,1,0,0,1,46
FULL_RANK_WELL_a0.2,16,5000,80000,16,0,16,1,1.0,1,0,1,2,0,1,0,0,1,46
FULL_RANK_WELL_a0.2,16,50,800,16,0,16,1,1.0,1,0,1,13,0,1,0,0,1,47
FULL_RANK_WELL_a0.2,16,100,1600,16,0,16,1,1.0,1,0,1,2,0,1,0,0,1,47
FULL_RANK_WELL_a0.2,16,200,3200,16,0,16,1,1.0,1,0,1,2,0,1,0,0,1,47
FULL_RANK_WELL_a0.2,16,500,8000,16,0,16,1,1.0,1,0,1,2,0,1,0,0,1,47
FULL_RANK_WELL_a0.2,16,1000,16000,16,0,16,1,1.0,1,0,1,2,0,1,0,0,1,47
FULL_RANK_WELL_a0.2,16,5000,80000,16,0,16,1,1.0,1,0,1,2,0,1,0,0,1,47
FULL_RANK_WELL_a0.2,16,50,800,16,0,16,1,1.0,1,0,1,2,0,1,0,0,1,48
FULL_RANK_WELL_a0.2,16,100,1600,16,0,16,1,1.0,1,0,1,2,0,1,0,0,1,48
FULL_RANK_WELL_a0.2,16,200,3200,16,0,16,1,1.0,1,0,1,2,0,1,0,0,1,48
FULL_RANK_WELL_a0.2,16,500,8000,16,0,16,1,1.0,1,0,1,2,0,1,0,0,1,48
FULL_RANK_WELL_a0.2,16,1000,16000,16,0,16,1,1.0,1,0,1,2,0,1,0,0,1,48
FULL_RANK_WELL_a0.2,16,5000,80000,16,0,16,1,1.0,1,0,1,2,0,1,0,0,1,48
FULL_RANK_WELL_a0.2,16,50,800,16,0,16,1,1.0,1,0,1,4,0,1,0,0,1,49
FULL_RANK_WELL_a0.2,16,100,1600,16,0,16,1,1.0,1,0,1,3,0,1,0,0,1,49
FULL_RANK_WELL_a0.2,16,200,3200,16,0,16,1,1.0,1,0,1,2,0,1,0,0,1,49
FULL_RANK_WELL_a0.2,16,500,8000,16,0,16,1,1.0,1,0,1,2,0,1,0,0,1,49
FULL_RANK_WELL_a0.2,16,1000,16000,16,0,16,1,1.0,1,0,1,2,0,1,0,0,1,49
FULL_RANK_WELL_a0.2,16,5000,80000,16,0,16,1,1.0,1,0,1,2,0,1,0,0,1,49
FULL_RANK_WELL_a0.2,16,50,800,16,0,16,1,1.0,1,0,1,2,0,1,0,0,1,50
FULL_RANK_WELL_a0.2,16,100,1600,16,0,16,1,1.0,1,0,1,3,0,1,0,0,1,50
FULL_RANK_WELL_a0.2,16,200,3200,16,0,16,1,1.0,1,0,1,2,0,1,0,0,1,50
FULL_RANK_WELL_a0.2,16,500,8000,16,0,16,1,1.0,1,0,1,2,0,1,0,0,1,50
FULL_RANK_WELL_a0.2,16,1000,16000,16,0,16,1,1.0,1,0,1,2,0,1,0,0,1,50
FULL_RANK_WELL_a0.2,16,5000,80000,16,0,16,1,1.0,1,0,1,2,0,1,0,0,1,50
FULL_RANK_WELL_a0.2,16,50,800,16,0,16,1,1.0,1,0,1,3,0,1,0,0,1,51
FULL_RANK_WELL_a0.2,16,100,1600,16,0,16,1,1.0,1,0,1,3,0,1,0,0,1,51
FULL_RANK_WELL_a0.2,16,200,3200,16,0,16,1,1.0,1,0,1,2,0,1,0,0,1,51
FULL_RANK_WELL_a0.2,16,500,8000,16,0,16,1,1.0,1,0,1,2,0,1,0,0,1,51
FULL_RANK_WELL_a0.2,16,1000,16000,16,0,16,1,1.0,1,0,1,2,0,1,0,0,1,51
FULL_RANK_WELL_a0.2,16,5000,80000,16,0,16,1,1.0,1,0,1,2,0,1,0,0,1,51
FULL_RANK_WELL_a0.2,16,50,800,16,0,16,1,1.0,1,0,1,2,0,1,0,0,1,52
FULL_RANK_WELL_a0.2,16,100,1600,16,0,16,1,1.0,1,0,1,2,0,1,0,0,1,52
FULL_RANK_WELL_a0.2,16,200,3200,16,0,16,1,1.0,1,0,1,3,0,1,0,0,1,52
FULL_RANK_WELL_a0.2,16,500,8000,16,0,16,1,1.0,1,0,1,2,0,1,0,0,1,52
FULL_RANK_WELL_a0.2,16,1000,16000,16,0,16,1,1.0,1,0,1,2,0,1,0,0,1,52
FULL_RANK_WELL_a0.2,16,5000,80000,16,0,16,1,1.0,1,0,1,2,0,1,0,0,1,52
FULL_RANK_WELL_a0.2,16,50,800,16,0,16,1,1.0,1,0,1,3,0,1,0,0,1,53
FULL_RANK_WELL_a0.2,16,100,1600,16,0,16,1,1.0,1,0,1,3,0,1,0,0,1,53
FULL_RANK_WELL_a0.2,16,200,3200,16,0,16,1,1.0,1,0,1,2,0,1,0,0,1,53
FULL_RANK_WELL_a0.2,16,500,8000,16,0,16,1,1.0,1,0,1,2,0,1,0,0,1,53
FULL_RANK_WELL_a0.2,16,1000,16000,16,0,16,1,1.0,1,0,1,2,0,1,0,0,1,53
FULL_RANK_WELL_a0.2,16,5000,80000,16,0,16,1,1.0,1,0,1,2,0,1,0,0,1,53
FULL_RANK_WELL_a0.2,16,50,800,16,0,16,1,1.0,1,0,1,3,0,1,0,0,1,54
FULL_RANK_WELL_a0.2,16,100,1600,16,0,16,1,1.0,1,0,1,2,0,1,0,0,1,54
FULL_RANK_WELL_a0.2,16,200,3200,16,0,16,1,1.0,1,0,1,2,0,1,0,0,1,54
FULL_RANK_WELL_a0.2,16,500,8000,16,0,16,1,1.0,1,0,1,2,0,1,0,0,1,54
FULL_RANK_WELL_a0.2,16,1000,16000,16,0,16,1,1.0,1,0,1,2,0,1,0,0,1,54
FULL_RANK_WELL_a0.2,16,5000,80000,16,0,16,1,1.0,1,0,1,2,0,1,0,0,1,54
FULL_RANK_WELL_a0.2,16,50,800,16,0,16,1,1.0,1,0,1,2,0,1,0,0,1,55
FULL_RANK_WELL_a0.2,16,100,1600,16,0,16,1,1.0,1,0,1,3,0,1,0,0,1,55
FULL_RANK_WELL_a0.2,16,200,3200,16,0,16,1,1.0,1,0,1,4,0,1,0,0,1,55
FULL_RANK_WELL_a0.2,16,500,8000,16,0,16,1,1.0,1,0,1,2,0,1,0,0,1,55
FULL_RANK_WELL_a0.2,16,1000,16000,16,0,16,1,1.0,1,0,1,2,0,1,0,0,1,55
FULL_RANK_WELL_a0.2,16,5000,80000,16,0,16,1,1.0,1,0,1,2,0,1,0,0,1,55
FULL_RANK_WELL_a0.2,16,50,800,16,0,16,1,1.0,1,0,1,2,0,1,0,0,1,56
FULL_RANK_WELL_a0.2,16,100,1600,16,0,16,1,1.0,1,0,1,2,0,1,0,0,1,56
FULL_RANK_WELL_a0.2,16,200,3200,16,0,16,1,1.0,1,0,1,2,0,1,0,0,1,56
FULL_RANK_WELL_a0.2,16,500,8000,16,0,16,1,1.0,1,0,1,2,0,1,0,0,1,56
FULL_RANK_WELL_a0.2,16,1000,16000,16,0,16,1,1.0,1,0,1,2,0,1,0,0,1,56
FULL_RANK_WELL_a0.2,16,5000,80000,16,0,16,1,1.0,1,0,1,2,0,1,0,0,1,56
FULL_RANK_WELL_a0.2,16,50,800,16,0,16,1,1.0,1,0,1,2,0,1,0,0,1,57
FULL_RANK_WELL_a0.2,16,100,1600,16,0,16,1,1.0,1,0,1,2,0,1,0,0,1,57
FULL_RANK_WELL_a0.2,16,200,3200,16,0,16,1,1.0,1,0,1,2,0,1,0,0,1,57
FULL_RANK_WELL_a0.2,16,500,8000,16,0,16,1,1.0,1,0,1,2,0,1,0,0,1,57
FULL_RANK_WELL_a0.2,16,1000,16000,16,0,16,1,1.0,1,0,1,2,0,1,0,0,1,57
FULL_RANK_WELL_a0.2,16,5000,80000,16,0,16,1,1.0,1,0,1,2,0,1,0,0,1,57
FULL_RANK_WELL_a0.2,16,50,800,16,0,16,1,1.0,1,0,1,3,0,1,0,0,1,58
FULL_RANK_WELL_a0.2,16,100,1600,16,0,16,1,1.0,1,0,1,3,0,1,0,0,1,58
FULL_RANK_WELL_a0.2,16,200,3200,16,0,16,1,1.0,1,0,1,3,0,1,0,0,1,58
FULL_RANK_WELL_a0.2,16,500,8000,16,0,16,1,1.0,1,0,1,2,0,1,0,0,1,58
FULL_RANK_WELL_a0.2,16,1000,16000,16,0,16,1,1.0,1,0,1,2,0,1,0,0,1,58
FULL_RANK_WELL_a0.2,16,5000,80000,16,0,16,1,1.0,1,0,1,2,0,1,0,0,1,58
FULL_RANK_WELL_a0.2,16,50,800,16,0,16,1,1.0,1,0,1,2,0,1,0,0,1,59
FULL_RANK_WELL_a0.2,16,100,1600,16,0,16,1,1.0,1,0,1,2,0,1,0,0,1,59
FULL_RANK_WELL_a0.2,16,200,3200,16,0,16,1,1.0,1,0,1,2,0,1,0,0,1,59
FULL_RANK_WELL_a0.2,16,500,8000,16,0,16,1,1.0,1,0,1,3,0,1,0,0,1,59
FULL_RANK_WELL_a0.2,16,1000,16000,16,0,16,1,1.0,1,0,1,2,0,1,0,0,1,59
FULL_RANK_WELL_a0.2,16,5000,80000,16,0,16,1,1.0,1,0,1,2,0,1,0,0,1,59
FULL_RANK_WELL_a0.2,16,50,800,16,0,16,1,1.0,1,0,1,2,0,1,0,0,1,60
FULL_RANK_WELL_a0.2,16,100,1600,16,0,16,1,1.0,1,0,1,2,0,1,0,0,1,60
FULL_RANK_WELL_a0.2,16,200,3200,16,0,16,1,1.0,1,0,1,3,0,1,0,0,1,60
FULL_RANK_WELL_a0.2,16,500,8000,16,0,16,1,1.0,1,0,1,2,0,1,0,0,1,60
FULL_RANK_WELL_a0.2,16,1000,16000,16,0,16,1,1.0,1,0,1,2,0,1,0,0,1,60
FULL_RANK_WELL_a0.2,16,5000,80000,16,0,16,1,1.0,1,0,1,2,0,1,0,0,1,60
FULL_RANK_WELL_a0.2,16,50,800,16,0,16,1,1.0,1,0,1,2,0,1,0,0,1,61
FULL_RANK_WELL_a0.2,16,100,1600,16,0,16,1,1.0,1,0,1,2,0,1,0,0,1,61
FULL_RANK_WELL_a0.2,16,200,3200,16,0,16,1,1.0,1,0,1,2,0,1,0,0,1,61
FULL_RANK_WELL_a0.2,16,500,8000,16,0,16,1,1.0,1,0,1,2,0,1,0,0,1,61
FULL_RANK_WELL_a0.2,16,1000,16000,16,0,16,1,1.0,1,0,1,2,0,1,0,0,1,61
FULL_RANK_WELL_a0.2,16,5000,80000,16,0,16,1,1.0,1,0,1,2,0,1,0,0,1,61
FULL_RANK_WELL_a0.2,16,50,800,16,0,16,1,1.0,1,0,1,2,0,1,0,0,1,62
FULL_RANK_WELL_a0.2,16,100,1600,16,0,16,1,1.0,1,0,1,3,0,1,0,0,1,62
FULL_RANK_WELL_a0.2,16,200,3200,16,0,16,1,1.0,1,0,1,2,0,1,0,0,1,62
FULL_RANK_WELL_a0.2,16,500,8000,16,0,16,1,1.0,1,0,1,2,0,1,0,0,1,62
FULL_RANK_WELL_a0.2,16,1000,16000,16,0,16,1,1.0,1,0,1,2,0,1,0,0,1,62
FULL_RANK_WELL_a0.2,16,5000,80000,16,0,16,1,1.0,1,0,1,2,0,1,0,0,1,62
FULL_RANK_WELL_a0.2,16,50,800,16,0,16,1,1.0,1,0,1,2,0,1,0,0,1,63
FULL_RANK_WELL_a0.2,16,100,1600,16,0,16,1,1.0,1,0,1,2,0,1,0,0,1,63
FULL_RANK_WELL_a0.2,16,200,3200,16,0,16,1,1.0,1,0,1,2,0,1,0,0,1,63
FULL_RANK_WELL_a0.2,16,500,8000,16,0,16,1,1.0,1,0,1,2,0,1,0,0,1,63
FULL_RANK_WELL_a0.2,16,1000,16000,16,0,16,1,1.0,1,0,1,2,0,1,0,0,1,63
FULL_RANK_WELL_a0.2,16,5000,80000,16,0,16,1,1.0,1,0,1,2,0,1,0,0,1,63
FULL_RANK_WELL_a0.2,16,50,800,16,0,16,1,1.0,1,0,1,3,0,1,0,0,1,64
FULL_RANK_WELL_a0.2,16,100,1600,16,0,16,1,1.0,1,0,1,3,0,1,0,0,1,64
FULL_RANK_WELL_a0.2,16,200,3200,16,0,16,1,1.0,1,0,1,2,0,1,0,0,1,64
FULL_RANK_WELL_a0.2,16,500,8000,16,0,16,1,1.0,1,0,1,3,0,1,0,0,1,64
FULL_RANK_WELL_a0.2,16,1000,16000,16,0,16,1,1.0,1,0,1,2,0,1,0,0,1,64
FULL_RANK_WELL_a0.2,16,5000,80000,16,0,16,1,1.0,1,0,1,2,0,1,0,0,1,64
FULL_RANK_WELL_a0.2,16,50,800,16,0,16,1,1.0,1,0,1,2,0,1,0,0,1,65
FULL_RANK_WELL_a0.2,16,100,1600,16,0,16,1,1.0,1,0,1,2,0,1,0,0,1,65
FULL_RANK_WELL_a0.2,16,200,3200,16,0,16,1,1.0,1,0,1,2,0,1,0,0,1,65
FULL_RANK_WELL_a0.2,16,500,8000,16,0,16,1,1.0,1,0,1,2,0,1,0,0,1,65
FULL_RANK_WELL_a0.2,16,1000,16000,16,0,16,1,1.0,1,0,1,2,0,1,0,0,1,65
FULL_RANK_WELL_a0.2,16,5000,80000,16,0,16,1,1.0,1,0,1,2,0,1,0,0,1,65
FULL_RANK_WELL_a0.2,16,50,800,16,0,16,1,1.0,15,0,1,3,0,1,0,0,1,66
FULL_RANK_WELL_a0.2,16,100,1600,16,0,16,1,1.0,1,0,1,2,0,1,0,0,1,66
FULL_RANK_WELL_a0.2,16,200,3200,16,0,16,1,1.0,1,0,1,2,0,1,0,0,1,66
FULL_RANK_WELL_a0.2,16,500,8000,16,0,16,1,1.0,1,0,1,2,0,1,0,0,1,66
FULL_RANK_WELL_a0.2,16,1000,16000,16,0,16,1,1.0,1,0,1,2,0,1,0,0,1,66
FULL_RANK_WELL_a0.2,16,5000,80000,16,0,16,1,1.0,1,0,1,2,0,1,0,0,1,66
FULL_RANK_WELL_a0.2,16,50,800,16,0,16,1,1.0,2,0,1,3,0,1,0,0,1,67
FULL_RANK_WELL_a0.2,16,100,1600,16,0,16,1,1.0,1,0,1,4,0,1,0,0,1,67
FULL_RANK_WELL_a0.2,16,200,3200,16,0,16,1,1.0,1,0,1,4,0,1,0,0,1,67
FULL_RANK_WELL_a0.2,16,500,8000,16,0,16,1,1.0,1,0,1,2,0,1,0,0,1,67
FULL_RANK_WELL_a0.2,16,1000,16000,16,0,16,1,1.0,1,0,1,2,0,1,0,0,1,67
FULL_RANK_WELL_a0.2,16,5000,80000,16,0,16,1,1.0,1,0,1,2,0,1,0,0,1,67
FULL_RANK_WELL_a0.2,16,50,800,16,0,16,1,1.0,1,0,1,3,0,1,0,0,1,68
FULL_RANK_WELL_a0.2,16,100,1600,16,0,16,1,1.0,1,0,1,2,0,1,0,0,1,68
FULL_RANK_WELL_a0.2,16,200,3200,16,0,16,1,1.0,1,0,1,3,0,1,0,0,1,68
FULL_RANK_WELL_a0.2,16,500,8000,16,0,16,1,1.0,1,0,1,2,0,1,0,0,1,68
FULL_RANK_WELL_a0.2,16,1000,16000,16,0,16,1,1.0,1,0,1,2,0,1,0,0,1,68
FULL_RANK_WELL_a0.2,16,5000,80000,16,0,16,1,1.0,1,0,1,2,0,1,0,0,1,68
FULL_RANK_WELL_a0.2,16,50,800,16,0,16,1,1.0,1,0,1,2,0,1,0,0,1,69
FULL_RANK_WELL_a0.2,16,100,1600,16,0,16,1,1.0,1,0,1,2,0,1,0,0,1,69
FULL_RANK_WELL_a0.2,16,200,3200,16,0,16,1,1.0,1,0,1,2,0,1,0,0,1,69
FULL_RANK_WELL_a0.2,16,500,8000,16,0,16,1,1.0,1,0,1,2,0,1,0,0,1,69
FULL_RANK_WELL_a0.2,16,1000,16000,16,0,16,1,1.0,1,0,1,2,0,1,0,0,1,69
FULL_RANK_WELL_a0.2,16,5000,80000,16,0,16,1,1.0,1,0,1,2,0,1,0,0,1,69
FULL_RANK_WELL_a0.2,16,50,800,16,0,16,1,1.0,15,0,1,5,0,1,0,0,1,70
FULL_RANK_WELL_a0.2,16,100,1600,16,0,16,1,1.0,1,0,1,3,0,1,0,0,1,70
FULL_RANK_WELL_a0.2,16,200,3200,16,0,16,1,1.0,1,0,1,2,0,1,0,0,1,70
FULL_RANK_WELL_a0.2,16,500,8000,16,0,16,1,1.0,1,0,1,2,0,1,0,0,1,70
FULL_RANK_WELL_a0.2,16,1000,16000,16,0,16,1,1.0,1,0,1,2,0,1,0,0,1,70
FULL_RANK_WELL_a0.2,16,5000,80000,16,0,16,1,1.0,1,0,1,2,0,1,0,0,1,70
FULL_RANK_WELL_a0.2,16,50,800,16,0,16,1,1.0,15,0,1,2,0,1,0,0,1,71
FULL_RANK_WELL_a0.2,16,100,1600,16,0,16,1,1.0,1,0,1,3,0,1,0,0,1,71
FULL_RANK_WELL_a0.2,16,200,3200,16,0,16,1,1.0,1,0,1,2,0,1,0,0,1,71
FULL_RANK_WELL_a0.2,16,500,8000,16,0,16,1,1.0,1,0,1,2,0,1,0,0,1,71
FULL_RANK_WELL_a0.2,16,1000,16000,16,0,16,1,1.0,1,0,1,2,0,1,0,0,1,71
FULL_RANK_WELL_a0.2,16,5000,80000,16,0,16,1,1.0,1,0,1,2,0,1,0,0,1,71
FULL_RANK_WELL_a0.2,16,50,800,16,0,16,1,1.0,1,0,1,2,0,1,0,0,1,72
FULL_RANK_WELL_a0.2,16,100,1600,16,0,16,1,1.0,1,0,1,2,0,1,0,0,1,72
FULL_RANK_WELL_a0.2,16,200,3200,16,0,16,1,1.0,1,0,1,2,0,1,0,0,1,72
FULL_RANK_WELL_a0.2,16,500,8000,16,0,16,1,1.0,1,0,1,2,0,1,0,0,1,72
FULL_RANK_WELL_a0.2,16,1000,16000,16,0,16,1,1.0,1,0,1,2,0,1,0,0,1,72
FULL_RANK_WELL_a0.2,16,5000,80000,16,0,16,1,1.0,1,0,1,2,0,1,0,0,1,72
FULL_RANK_WELL_a0.2,16,50,800,16,0,16,1,1.0,15,0,1,3,0,1,0,0,1,73
FULL_RANK_WELL_a0.2,16,100,1600,16,0,16,1,1.0,1,0,1,4,0,1,0,0,1,73
FULL_RANK_WELL_a0.2,16,200,3200,16,0,16,1,1.0,1,0,1,4,0,1,0,0,1,73
FULL_RANK_WELL_a0.2,16,500,8000,16,0,16,1,1.0,1,0,1,2,0,1,0,0,1,73
FULL_RANK_WELL_a0.2,16,1000,16000,16,0,16,1,1.0,1,0,1,2,0,1,0,0,1,73
FULL_RANK_WELL_a0.2,16,5000,80000,16,0,16,1,1.0,1,0,1,2,0,1,0,0,1,73
FULL_RANK_WELL_a0.2,16,50,800,16,0,16,1,1.0,15,0,1,3,0,1,0,0,1,74
FULL_RANK_WELL_a0.2,16,100,1600,16,0,16,1,1.0,1,0,1,4,0,1,0,0,1,74
FULL_RANK_WELL_a0.2,16,200,3200,16,0,16,1,1.0,1,0,1,2,0,1,0,0,1,74
FULL_RANK_WELL_a0.2,16,500,8000,16,0,16,1,1.0,1,0,1,2,0,1,0,0,1,74
FULL_RANK_WELL_a0.2,16,1000,16000,16,0,16,1,1.0,1,0,1,2,0,1,0,0,1,74
FULL_RANK_WELL_a0.2,16,5000,80000,16,0,16,1,1.0,1,0,1,2,0,1,0,0,1,74
FULL_RANK_WELL_a0.2,16,50,800,16,0,16,1,1.0,15,0,1,3,0,1,0,0,1,75
FULL_RANK_WELL_a0.2,16,100,1600,16,0,16,1,1.0,1,0,1,3,0,1,0,0,1,75
FULL_RANK_WELL_a0.2,16,200,3200,16,0,16,1,1.0,1,0,1,2,0,1,0,0,1,75
FULL_RANK_WELL_a0.2,16,500,8000,16,0,16,1,1.0,1,0,1,2,0,1,0,0,1,75
FULL_RANK_WELL_a0.2,16,1000,16000,16,0,16,1,1.0,1,0,1,2,0,1,0,0,1,75
FULL_RANK_WELL_a0.2,16,5000,80000,16,0,16,1,1.0,1,0,1,2,0,1,0,0,1,75
FULL_RANK_WELL_a0.2,16,50,800,16,0,16,1,1.0,1,0,1,4,0,1,0,0,1,76
FULL_RANK_WELL_a0.2,16,100,1600,16,0,16,1,1.0,1,0,1,2,0,1,0,0,1,76
FULL_RANK_WELL_a0.2,16,200,3200,16,0,16,1,1.0,1,0,1,2,0,1,0,0,1,76
FULL_RANK_WELL_a0.2,16,500,8000,16,0,16,1,1.0,1,0,1,2,0,1,0,0,1,76
FULL_RANK_WELL_a0.2,16,1000,16000,16,0,16,1,1.0,1,0,1,2,0,1,0,0,1,76
FULL_RANK_WELL_a0.2,16,5000,80000,16,0,16,1,1.0,1,0,1,2,0,1,0,0,1,76
FULL_RANK_WELL_a0.2,16,50,800,16,0,16,1,1.0,1,0,1,3,0,1,0,0,1,77
FULL_RANK_WELL_a0.2,16,100,1600,16,0,16,1,1.0,1,0,1,2,0,1,0,0,1,77
FULL_RANK_WELL_a0.2,16,200,3200,16,0,16,1,1.0,1,0,1,2,0,1,0,0,1,77
FULL_RANK_WELL_a0.2,16,500,8000,16,0,16,1,1.0,1,0,1,2,0,1,0,0,1,77
FULL_RANK_WELL_a0.2,16,1000,16000,16,0,16,1,1.0,1,0,1,2,0,1,0,0,1,77
FULL_RANK_WELL_a0.2,16,5000,80000,16,0,16,1,1.0,1,0,1,2,0,1,0,0,1,77
FULL_RANK_WELL_a0.2,16,50,800,16,0,16,1,1.0,1,0,1,3,0,1,0,0,1,78
FULL_RANK_WELL_a0.2,16,100,1600,16,0,16,1,1.0,1,0,1,2,0,1,0,0,1,78
FULL_RANK_WELL_a0.2,16,200,3200,16,0,16,1,1.0,1,0,1,2,0,1,0,0,1,78
FULL_RANK_WELL_a0.2,16,500,8000,16,0,16,1,1.0,1,0,1,2,0,1,0,0,1,78
FULL_RANK_WELL_a0.2,16,1000,16000,16,0,16,1,1.0,1,0,1,2,0,1,0,0,1,78
FULL_RANK_WELL_a0.2,16,5000,80000,16,0,16,1,1.0,1,0,1,2,0,1,0,0,1,78
FULL_RANK_WELL_a0.2,16,50,800,16,0,16,1,1.0,1,0,1,3,0,1,0,0,1,79
FULL_RANK_WELL_a0.2,16,100,1600,16,0,16,1,1.0,1,0,1,2,0,1,0,0,1,79
FULL_RANK_WELL_a0.2,16,200,3200,16,0,16,1,1.0,1,0,1,2,0,1,0,0,1,79
FULL_RANK_WELL_a0.2,16,500,8000,16,0,16,1,1.0,1,0,1,2,0,1,0,0,1,79
FULL_RANK_WELL_a0.2,16,1000,16000,16,0,16,1,1.0,1,0,1,2,0,1,0,0,1,79
FULL_RANK_WELL_a0.2,16,5000,80000,16,0,16,1,1.0,1,0,1,2,0,1,0,0,1,79
FULL_RANK_WELL_a0.2,16,50,800,16,0,16,1,1.0,1,0,1,2,0,1,0,0,1,80
FULL_RANK_WELL_a0.2,16,100,1600,16,0,16,1,1.0,1,0,1,2,0,1,0,0,1,80
FULL_RANK_WELL_a0.2,16,200,3200,16,0,16,1,1.0,1,0,1,2,0,1,0,0,1,80
FULL_RANK_WELL_a0.2,16,500,8000,16,0,16,1,1.0,1,0,1,2,0,1,0,0,1,80
FULL_RANK_WELL_a0.2,16,1000,16000,16,0,16,1,1.0,1,0,1,2,0,1,0,0,1,80
FULL_RANK_WELL_a0.2,16,5000,80000,16,0,16,1,1.0,1,0,1,2,0,1,0,0,1,80
FULL_RANK_WELL_a0.2,16,50,800,16,0,16,1,1.0,1,0,1,3,0,1,0,0,1,81
FULL_RANK_WELL_a0.2,16,100,1600,16,0,16,1,1.0,1,0,1,3,0,1,0,0,1,81
FULL_RANK_WELL_a0.2,16,200,3200,16,0,16,1,1.0,1,0,1,2,0,1,0,0,1,81
FULL_RANK_WELL_a0.2,16,500,8000,16,0,16,1,1.0,1,0,1,2,0,1,0,0,1,81
FULL_RANK_WELL_a0.2,16,1000,16000,16,0,16,1,1.0,1,0,1,2,0,1,0,0,1,81
FULL_RANK_WELL_a0.2,16,5000,80000,16,0,16,1,1.0,1,0,1,2,0,1,0,0,1,81
FULL_RANK_WELL_a0.2,16,50,800,16,0,16,1,1.0,1,0,1,2,0,1,0,0,1,82
FULL_RANK_WELL_a0.2,16,100,1600,16,0,16,1,1.0,1,0,1,3,0,1,0,0,1,82
FULL_RANK_WELL_a0.2,16,200,3200,16,0,16,1,1.0,1,0,1,2,0,1,0,0,1,82
FULL_RANK_WELL_a0.2,16,500,8000,16,0,16,1,1.0,1,0,1,2,0,1,0,0,1,82
FULL_RANK_WELL_a0.2,16,1000,16000,16,0,16,1,1.0,1,0,1,2,0,1,0,0,1,82
FULL_RANK_WELL_a0.2,16,5000,80000,16,0,16,1,1.0,1,0,1,2,0,1,0,0,1,82
FULL_RANK_WELL_a0.2,16,50,800,16,0,16,1,1.0,2,0,1,3,0,1,0,0,1,83
FULL_RANK_WELL_a0.2,16,100,1600,16,0,16,1,1.0,1,0,1,2,0,1,0,0,1,83
FULL_RANK_WELL_a0.2,16,200,3200,16,0,16,1,1.0,1,0,1,2,0,1,0,0,1,83
FULL_RANK_WELL_a0.2,16,500,8000,16,0,16,1,1.0,1,0,1,2,0,1,0,0,1,83
FULL_RANK_WELL_a0.2,16,1000,16000,16,0,16,1,1.0,1,0,1,3,0,1,0,0,1,83
FULL_RANK_WELL_a0.2,16,5000,80000,16,0,16,1,1.0,1,0,1,2,0,1,0,0,1,83
FULL_RANK_WELL_a0.2,16,50,800,16,0,16,1,1.0,1,0,1,5,0,1,0,0,1,84
FULL_RANK_WELL_a0.2,16,100,1600,16,0,16,1,1.0,1,0,1,3,0,1,0,0,1,84
FULL_RANK_WELL_a0.2,16,200,3200,16,0,16,1,1.0,1,0,1,4,0,1,0,0,1,84
FULL_RANK_WELL_a0.2,16,500,8000,16,0,16,1,1.0,1,0,1,2,0,1,0,0,1,84
FULL_RANK_WELL_a0.2,16,1000,16000,16,0,16,1,1.0,1,0,1,2,0,1,0,0,1,84
FULL_RANK_WELL_a0.2,16,5000,80000,16,0,16,1,1.0,1,0,1,2,0,1,0,0,1,84
FULL_RANK_WELL_a0.2,16,50,800,16,0,16,1,1.0,1,0,1,3,0,1,0,0,1,85
FULL_RANK_WELL_a0.2,16,100,1600,16,0,16,1,1.0,1,0,1,2,0,1,0,0,1,85
FULL_RANK_WELL_a0.2,16,200,3200,16,0,16,1,1.0,1,0,1,2,0,1,0,0,1,85
FULL_RANK_WELL_a0.2,16,500,8000,16,0,16,1,1.0,1,0,1,2,0,1,0,0,1,85
FULL_RANK_WELL_a0.2,16,1000,16000,16,0,16,1,1.0,1,0,1,2,0,1,0,0,1,85
FULL_RANK_WELL_a0.2,16,5000,80000,16,0,16,1,1.0,1,0,1,2,0,1,0,0,1,85
FULL_RANK_WELL_a0.2,16,50,800,16,0,16,1,1.0,1,0,1,2,0,1,0,0,1,86
FULL_RANK_WELL_a0.2,16,100,1600,16,0,16,1,1.0,1,0,1,2,0,1,0,0,1,86
FULL_RANK_WELL_a0.2,16,200,3200,16,0,16,1,1.0,1,0,1,2,0,1,0,0,1,86
FULL_RANK_WELL_a0.2,16,500,8000,16,0,16,1,1.0,1,0,1,2,0,1,0,0,1,86
FULL_RANK_WELL_a0.2,16,1000,16000,16,0,16,1,1.0,1,0,1,2,0,1,0,0,1,86
FULL_RANK_WELL_a0.2,16,5000,80000,16,0,16,1,1.0,1,0,1,2,0,1,0,0,1,86
FULL_RANK_WELL_a0.2,16,50,800,16,0,16,1,1.0,1,0,1,2,0,1,0,0,1,87
FULL_RANK_WELL_a0.2,16,100,1600,16,0,16,1,1.0,1,0,1,2,0,1,0,0,1,87
FULL_RANK_WELL_a0.2,16,200,3200,16,0,16,1,1.0,1,0,1,2,0,1,0,0,1,87
FULL_RANK_WELL_a0.2,16,500,8000,16,0,16,1,1.0,1,0,1,2,0,1,0,0,1,87
FULL_RANK_WELL_a0.2,16,1000,16000,16,0,16,1,1.0,1,0,1,2,0,1,0,0,1,87
FULL_RANK_WELL_a0.2,16,5000,80000,16,0,16,1,1.0,1,0,1,2,0,1,0,0,1,87
FULL_RANK_WELL_a0.2,16,50,800,16,0,16,1,1.0,1,0,1,5,0,1,0,0,1,88
FULL_RANK_WELL_a0.2,16,100,1600,16,0,16,1,1.0,1,0,1,3,0,1,0,0,1,88
FULL_RANK_WELL_a0.2,16,200,3200,16,0,16,1,1.0,1,0,1,4,0,1,0,0,1,88
FULL_RANK_WELL_a0.2,16,500,8000,16,0,16,1,1.0,1,0,1,2,0,1,0,0,1,88
FULL_RANK_WELL_a0.2,16,1000,16000,16,0,16,1,1.0,1,0,1,2,0,1,0,0,1,88
FULL_RANK_WELL_a0.2,16,5000,80000,16,0,16,1,1.0,1,0,1,2,0,1,0,0,1,88
FULL_RANK_WELL_a0.2,16,50,800,16,0,16,1,1.0,1,0,1,2,0,1,0,0,1,89
FULL_RANK_WELL_a0.2,16,100,1600,16,0,16,1,1.0,1,0,1,2,0,1,0,0,1,89
FULL_RANK_WELL_a0.2,16,200,3200,16,0,16,1,1.0,1,0,1,3,0,1,0,0,1,89
FULL_RANK_WELL_a0.2,16,500,8000,16,0,16,1,1.0,1,0,1,2,0,1,0,0,1,89
FULL_RANK_WELL_a0.2,16,1000,16000,16,0,16,1,1.0,1,0,1,2,0,1,0,0,1,89
FULL_RANK_WELL_a0.2,16,5000,80000,16,0,16,1,1.0,1,0,1,2,0,1,0,0,1,89
FULL_RANK_WELL_a0.2,16,50,800,16,0,16,1,1.0,1,0,1,2,0,1,0,0,1,90
FULL_RANK_WELL_a0.2,16,100,1600,16,0,16,1,1.0,1,0,1,2,0,1,0,0,1,90
FULL_RANK_WELL_a0.2,16,200,3200,16,0,16,1,1.0,1,0,1,2,0,1,0,0,1,90
FULL_RANK_WELL_a0.2,16,500,8000,16,0,16,1,1.0,1,0,1,2,0,1,0,0,1,90
FULL_RANK_WELL_a0.2,16,1000,16000,16,0,16,1,1.0,1,0,1,2,0,1,0,0,1,90
FULL_RANK_WELL_a0.2,16,5000,80000,16,0,16,1,1.0,1,0,1,2,0,1,0,0,1,90
FULL_RANK_WELL_a0.2,16,50,800,16,0,16,1,1.0,1,0,1,3,0,1,0,0,1,91
FULL_RANK_WELL_a0.2,16,100,1600,16,0,16,1,1.0,1,0,1,2,0,1,0,0,1,91
FULL_RANK_WELL_a0.2,16,200,3200,16,0,16,1,1.0,1,0,1,3,0,1,0,0,1,91
FULL_RANK_WELL_a0.2,16,500,8000,16,0,16,1,1.0,1,0,1,2,0,1,0,0,1,91
FULL_RANK_WELL_a0.2,16,1000,16000,16,0,16,1,1.0,1,0,1,2,0,1,0,0,1,91
FULL_RANK_WELL_a0.2,16,5000,80000,16,0,16,1,1.0,1,0,1,2,0,1,0,0,1,91
FULL_RANK_WELL_a0.2,16,50,800,16,0,16,1,1.0,1,0,1,2,0,1,0,0,1,92
FULL_RANK_WELL_a0.2,16,100,1600,16,0,16,1,1.0,1,0,1,2,0,1,0,0,1,92
FULL_RANK_WELL_a0.2,16,200,3200,16,0,16,1,1.0,1,0,1,3,0,1,0,0,1,92
FULL_RANK_WELL_a0.2,16,500,8000,16,0,16,1,1.0,1,0,1,2,0,1,0,0,1,92
FULL_RANK_WELL_a0.2,16,1000,16000,16,0,16,1,1.0,1,0,1,2,0,1,0,0,1,92
FULL_RANK_WELL_a0.2,16,5000,80000,16,0,16,1,1.0,1,0,1,2,0,1,0,0,1,92
FULL_RANK_WELL_a0.2,16,50,800,16,0,16,1,1.0,1,0,1,2,0,1,0,0,1,93
FULL_RANK_WELL_a0.2,16,100,1600,16,0,16,1,1.0,1,0,1,2,0,1,0,0,1,93
FULL_RANK_WELL_a0.2,16,200,3200,16,0,16,1,1.0,1,0,1,3,0,1,0,0,1,93
FULL_RANK_WELL_a0.2,16,500,8000,16,0,16,1,1.0,1,0,1,2,0,1,0,0,1,93
FULL_RANK_WELL_a0.2,16,1000,16000,16,0,16,1,1.0,1,0,1,2,0,1,0,0,1,93
FULL_RANK_WELL_a0.2,16,5000,80000,16,0,16,1,1.0,1,0,1,2,0,1,0,0,1,93
FULL_RANK_WELL_a0.2,16,50,800,16,0,16,1,1.0,1,0,1,2,0,1,0,0,1,94
FULL_RANK_WELL_a0.2,16,100,1600,16,0,16,1,1.0,1,0,1,3,0,1,0,0,1,94
FULL_RANK_WELL_a0.2,16,200,3200,16,0,16,1,1.0,1,0,1,2,0,1,0,0,1,94
FULL_RANK_WELL_a0.2,16,500,8000,16,0,16,1,1.0,1,0,1,2,0,1,0,0,1,94
FULL_RANK_WELL_a0.2,16,1000,16000,16,0,16,1,1.0,1,0,1,2,0,1,0,0,1,94
FULL_RANK_WELL_a0.2,16,5000,80000,16,0,16,1,1.0,1,0,1,2,0,1,0,0,1,94
FULL_RANK_WELL_a0.2,16,50,800,16,0,16,1,1.0,1,0,1,2,0,1,0,0,1,95
FULL_RANK_WELL_a0.2,16,100,1600,16,0,16,1,1.0,1,0,1,2,0,1,0,0,1,95
FULL_RANK_WELL_a0.2,16,200,3200,16,0,16,1,1.0,1,0,1,2,0,1,0,0,1,95
FULL_RANK_WELL_a0.2,16,500,8000,16,0,16,1,1.0,1,0,1,2,0,1,0,0,1,95
FULL_RANK_WELL_a0.2,16,1000,16000,16,0,16,1,1.0,1,0,1,2,0,1,0,0,1,95
FULL_RANK_WELL_a0.2,16,5000,80000,16,0,16,1,1.0,1,0,1,2,0,1,0,0,1,95
FULL_RANK_WELL_a0.2,16,50,800,16,0,16,1,1.0,1,0,1,2,0,1,0,0,1,96
FULL_RANK_WELL_a0.2,16,100,1600,16,0,16,1,1.0,1,0,1,2,0,1,0,0,1,96
FULL_RANK_WELL_a0.2,16,200,3200,16,0,16,1,1.0,1,0,1,2,0,1,0,0,1,96
FULL_RANK_WELL_a0.2,16,500,8000,16,0,16,1,1.0,1,0,1,2,0,1,0,0,1,96
FULL_RANK_WELL_a0.2,16,1000,16000,16,0,16,1,1.0,1,0,1,2,0,1,0,0,1,96
FULL_RANK_WELL_a0.2,16,5000,80000,16,0,16,1,1.0,1,0,1,2,0,1,0,0,1,96
FULL_RANK_WELL_a0.2,16,50,800,16,0,16,1,1.0,15,0,1,5,0,1,0,0,1,97
FULL_RANK_WELL_a0.2,16,100,1600,16,0,16,1,1.0,1,0,1,2,0,1,0,0,1,97
FULL_RANK_WELL_a0.2,16,200,3200,16,0,16,1,1.0,1,0,1,2,0,1,0,0,1,97
FULL_RANK_WELL_a0.2,16,500,8000,16,0,16,1,1.0,1,0,1,2,0,1,0,0,1,97
FULL_RANK_WELL_a0.2,16,1000,16000,16,0,16,1,1.0,1,0,1,2,0,1,0,0,1,97
FULL_RANK_WELL_a0.2,16,5000,80000,16,0,16,1,1.0,1,0,1,2,0,1,0,0,1,97
FULL_RANK_WELL_a0.2,16,50,800,16,0,16,1,1.0,1,0,1,2,0,1,0,0,1,98
FULL_RANK_WELL_a0.2,16,100,1600,16,0,16,1,1.0,1,0,1,3,0,1,0,0,1,98
FULL_RANK_WELL_a0.2,16,200,3200,16,0,16,1,1.0,1,0,1,3,0,1,0,0,1,98
FULL_RANK_WELL_a0.2,16,500,8000,16,0,16,1,1.0,1,0,1,3,0,1,0,0,1,98
FULL_RANK_WELL_a0.2,16,1000,16000,16,0,16,1,1.0,1,0,1,2,0,1,0,0,1,98
FULL_RANK_WELL_a0.2,16,5000,80000,16,0,16,1,1.0,1,0,1,2,0,1,0,0,1,98
FULL_RANK_WELL_a0.2,16,50,800,16,0,16,1,1.0,1,0,1,2,0,1,0,0,1,99
FULL_RANK_WELL_a0.2,16,100,1600,16,0,16,1,1.0,1,0,1,2,0,1,0,0,1,99
FULL_RANK_WELL_a0.2,16,200,3200,16,0,16,1,1.0,1,0,1,2,0,1,0,0,1,99
FULL_RANK_WELL_a0.2,16,500,8000,16,0,16,1,1.0,1,0,1,2,0,1,0,0,1,99
FULL_RANK_WELL_a0.2,16,1000,16000,16,0,16,1,1.0,1,0,1,2,0,1,0,0,1,99
FULL_RANK_WELL_a0.2,16,5000,80000,16,0,16,1,1.0,1,0,1,2,0,1,0,0,1,99
FULL_RANK_WELL_a0.2,16,50,800,16,0,16,1,1.0,1,0,1,3,0,1,0,0,1,100
FULL_RANK_WELL_a0.2,16,100,1600,16,0,16,1,1.0,1,0,1,3,0,1,0,0,1,100
FULL_RANK_WELL_a0.2,16,200,3200,16,0,16,1,1.0,1,0,1,2,0,1,0,0,1,100
FULL_RANK_WELL_a0.2,16,500,8000,16,0,16,1,1.0,1,0,1,2,0,1,0,0,1,100
FULL_RANK_WELL_a0.2,16,1000,16000,16,0,16,1,1.0,1,0,1,2,0,1,0,0,1,100
FULL_RANK_WELL_a0.2,16,5000,80000,16,0,16,1,1.0,1,0,1,2,0,1,0,0,1,100
FULL_RANK_WELL_a0.2,16,50,800,16,0,16,1,1.0,1,0,1,2,0,1,0,0,1,101
FULL_RANK_WELL_a0.2,16,100,1600,16,0,16,1,1.0,1,0,1,2,0,1,0,0,1,101
FULL_RANK_WELL_a0.2,16,200,3200,16,0,16,1,1.0,1,0,1,3,0,1,0,0,1,101
FULL_RANK_WELL_a0.2,16,500,8000,16,0,16,1,1.0,1,0,1,2,0,1,0,0,1,101
FULL_RANK_WELL_a0.2,16,1000,16000,16,0,16,1,1.0,1,0,1,2,0,1,0,0,1,101
FULL_RANK_WELL_a0.2,16,5000,80000,16,0,16,1,1.0,1,0,1,2,0,1,0,0,1,101
FULL_RANK_WELL_a0.2,16,50,800,16,0,16,1,1.0,1,0,1,4,0,1,0,0,1,102
FULL_RANK_WELL_a0.2,16,100,1600,16,0,16,1,1.0,1,0,1,2,0,1,0,0,1,102
FULL_RANK_WELL_a0.2,16,200,3200,16,0,16,1,1.0,1,0,1,2,0,1,0,0,1,102
FULL_RANK_WELL_a0.2,16,500,8000,16,0,16,1,1.0,1,0,1,2,0,1,0,0,1,102
FULL_RANK_WELL_a0.2,16,1000,16000,16,0,16,1,1.0,1,0,1,2,0,1,0,0,1,102
FULL_RANK_WELL_a0.2,16,5000,80000,16,0,16,1,1.0,1,0,1,2,0,1,0,0,1,102
FULL_RANK_WELL_a0.2,16,50,800,16,0,16,1,1.0,1,0,1,3,0,1,0,0,1,103
FULL_RANK_WELL_a0.2,16,100,1600,16,0,16,1,1.0,1,0,1,2,0,1,0,0,1,103
FULL_RANK_WELL_a0.2,16,200,3200,16,0,16,1,1.0,1,0,1,2,0,1,0,0,1,103
FULL_RANK_WELL_a0.2,16,500,8000,16,0,16,1,1.0,1,0,1,2,0,1,0,0,1,103
FULL_RANK_WELL_a0.2,16,1000,16000,16,0,16,1,1.0,1,0,1,2,0,1,0,0,1,103
FULL_RANK_WELL_a0.2,16,5000,80000,16,0,16,1,1.0,1,0,1,2,0,1,0,0,1,103
FULL_RANK_WELL_a0.2,16,50,800,16,0,16,1,1.0,1,0,1,8,0,1,0,0,1,104
FULL_RANK_WELL_a0.2,16,100,1600,16,0,16,1,1.0,1,0,1,3,0,1,0,0,1,104
FULL_RANK_WELL_a0.2,16,200,3200,16,0,16,1,1.0,1,0,1,2,0,1,0,0,1,104
FULL_RANK_WELL_a0.2,16,500,8000,16,0,16,1,1.0,1,0,1,2,0,1,0,0,1,104
FULL_RANK_WELL_a0.2,16,1000,16000,16,0,16,1,1.0,1,0,1,2,0,1,0,0,1,104
FULL_RANK_WELL_a0.2,16,5000,80000,16,0,16,1,1.0,1,0,1,2,0,1,0,0,1,104
FULL_RANK_WELL_a0.2,16,50,800,16,0,16,1,1.0,1,0,1,2,0,1,0,0,1,105
FULL_RANK_WELL_a0.2,16,100,1600,16,0,16,1,1.0,1,0,1,2,0,1,0,0,1,105
FULL_RANK_WELL_a0.2,16,200,3200,16,0,16,1,1.0,1,0,1,2,0,1,0,0,1,105
FULL_RANK_WELL_a0.2,16,500,8000,16,0,16,1,1.0,1,0,1,2,0,1,0,0,1,105
FULL_RANK_WELL_a0.2,16,1000,16000,16,0,16,1,1.0,1,0,1,2,0,1,0,0,1,105
FULL_RANK_WELL_a0.2,16,5000,80000,16,0,16,1,1.0,1,0,1,2,0,1,0,0,1,105
FULL_RANK_WELL_a0.2,16,50,800,16,0,16,1,1.0,1,0,1,3,0,1,0,0,1,106
FULL_RANK_WELL_a0.2,16,100,1600,16,0,16,1,1.0,1,0,1,2,0,1,0,0,1,106
FULL_RANK_WELL_a0.2,16,200,3200,16,0,16,1,1.0,1,0,1,2,0,1,0,0,1,106
FULL_RANK_WELL_a0.2,16,500,8000,16,0,16,1,1.0,1,0,1,2,0,1,0,0,1,106
FULL_RANK_WELL_a0.2,16,1000,16000,16,0,16,1,1.0,1,0,1,2,0,1,0,0,1,106
FULL_RANK_WELL_a0.2,16,5000,80000,16,0,16,1,1.0,1,0,1,2,0,1,0,0,1,106
FULL_RANK_WELL_a0.2,16,50,800,16,0,16,1,1.0,1,0,1,3,0,1,0,0,1,107
FULL_RANK_WELL_a0.2,16,100,1600,16,0,16,1,1.0,1,0,1,2,0,1,0,0,1,107
FULL_RANK_WELL_a0.2,16,200,3200,16,0,16,1,1.0,1,0,1,2,0,1,0,0,1,107
FULL_RANK_WELL_a0.2,16,500,8000,16,0,16,1,1.0,1,0,1,2,0,1,0,0,1,107
FULL_RANK_WELL_a0.2,16,1000,16000,16,0,16,1,1.0,1,0,1,3,0,1,0,0,1,107
FULL_RANK_WELL_a0.2,16,5000,80000,16,0,16,1,1.0,1,0,1,2,0,1,0,0,1,107
FULL_RANK_WELL_a0.2,16,50,800,16,0,16,1,1.0,15,0,1,2,0,1,0,0,1,108
FULL_RANK_WELL_a0.2,16,100,1600,16,0,16,1,1.0,1,0,1,2,0,1,0,0,1,108
FULL_RANK_WELL_a0.2,16,200,3200,16,0,16,1,1.0,1,0,1,2,0,1,0,0,1,108
FULL_RANK_WELL_a0.2,16,500,8000,16,0,16,1,1.0,1,0,1,2,0,1,0,0,1,108
FULL_RANK_WELL_a0.2,16,1000,16000,16,0,16,1,1.0,1,0,1,2,0,1,0,0,1,108
FULL_RANK_WELL_a0.2,16,5000,80000,16,0,16,1,1.0,1,0,1,2,0,1,0,0,1,108
FULL_RANK_WELL_a0.2,16,50,800,16,0,16,1,1.0,1,0,1,3,0,1,0,0,1,109
FULL_RANK_WELL_a0.2,16,100,1600,16,0,16,1,1.0,1,0,1,2,0,1,0,0,1,109
FULL_RANK_WELL_a0.2,16,200,3200,16,0,16,1,1.0,1,0,1,2,0,1,0,0,1,109
FULL_RANK_WELL_a0.2,16,500,8000,16,0,16,1,1.0,1,0,1,2,0,1,0,0,1,109
FULL_RANK_WELL_a0.2,16,1000,16000,16,0,16,1,1.0,1,0,1,2,0,1,0,0,1,109
FULL_RANK_WELL_a0.2,16,5000,80000,16,0,16,1,1.0,1,0,1,2,0,1,0,0,1,109
FULL_RANK_WELL_a0.2,16,50,800,16,0,16,1,1.0,1,0,1,2,0,1,0,0,1,110
FULL_RANK_WELL_a0.2,16,100,1600,16,0,16,1,1.0,1,0,1,4,0,1,0,0,1,110
FULL_RANK_WELL_a0.2,16,200,3200,16,0,16,1,1.0,1,0,1,2,0,1,0,0,1,110
FULL_RANK_WELL_a0.2,16,500,8000,16,0,16,1,1.0,1,0,1,2,0,1,0,0,1,110
FULL_RANK_WELL_a0.2,16,1000,16000,16,0,16,1,1.0,1,0,1,2,0,1,0,0,1,110
FULL_RANK_WELL_a0.2,16,5000,80000,16,0,16,1,1.0,1,0,1,2,0,1,0,0,1,110
FULL_RANK_WELL_a0.2,16,50,800,16,0,16,1,1.0,1,0,1,2,0,1,0,0,1,111
FULL_RANK_WELL_a0.2,16,100,1600,16,0,16,1,1.0,1,0,1,2,0,1,0,0,1,111
FULL_RANK_WELL_a0.2,16,200,3200,16,0,16,1,1.0,1,0,1,3,0,1,0,0,1,111
FULL_RANK_WELL_a0.2,16,500,8000,16,0,16,1,1.0,1,0,1,2,0,1,0,0,1,111
FULL_RANK_WELL_a0.2,16,1000,16000,16,0,16,1,1.0,1,0,1,2,0,1,0,0,1,111
FULL_RANK_WELL_a0.2,16,5000,80000,16,0,16,1,1.0,1,0,1,2,0,1,0,0,1,111
FULL_RANK_WELL_a0.2,16,50,800,16,0,16,1,1.0,1,0,1,3,0,1,0,0,1,112
FULL_RANK_WELL_a0.2,16,100,1600,16,0,16,1,1.0,1,0,1,2,0,1,0,0,1,112
FULL_RANK_WELL_a0.2,16,200,3200,16,0,16,1,1.0,1,0,1,3,0,1,0,0,1,112
FULL_RANK_WELL_a0.2,16,500,8000,16,0,16,1,1.0,1,0,1,2,0,1,0,0,1,112
FULL_RANK_WELL_a0.2,16,1000,16000,16,0,16,1,1.0,1,0,1,2,0,1,0,0,1,112
FULL_RANK_WELL_a0.2,16,5000,80000,16,0,16,1,1.0,1,0,1,2,0,1,0,0,1,112
FULL_RANK_WELL_a0.2,16,50,800,16,0,16,1,1.0,1,0,1,2,0,1,0,0,1,113
FULL_RANK_WELL_a0.2,16,100,1600,16,0,16,1,1.0,1,0,1,3,0,1,0,0,1,113
FULL_RANK_WELL_a0.2,16,200,3200,16,0,16,1,1.0,1,0,1,2,0,1,0,0,1,113
FULL_RANK_WELL_a0.2,16,500,8000,16,0,16,1,1.0,1,0,1,2,0,1,0,0,1,113
FULL_RANK_WELL_a0.2,16,1000,16000,16,0,16,1,1.0,1,0,1,2,0,1,0,0,1,113
FULL_RANK_WELL_a0.2,16,5000,80000,16,0,16,1,1.0,1,0,1,2,0,1,0,0,1,113
FULL_RANK_WELL_a0.2,16,50,800,16,0,16,1,1.0,1,0,1,3,0,1,0,0,1,114
FULL_RANK_WELL_a0.2,16,100,1600,16,0,16,1,1.0,1,0,1,3,0,1,0,0,1,114
FULL_RANK_WELL_a0.2,16,200,3200,16,0,16,1,1.0,1,0,1,2,0,1,0,0,1,114
FULL_RANK_WELL_a0.2,16,500,8000,16,0,16,1,1.0,1,0,1,2,0,1,0,0,1,114
FULL_RANK_WELL_a0.2,16,1000,16000,16,0,16,1,1.0,1,0,1,2,0,1,0,0,1,114
FULL_RANK_WELL_a0.2,16,5000,80000,16,0,16,1,1.0,1,0,1,2,0,1,0,0,1,114
FULL_RANK_WELL_a0.2,16,50,800,16,0,16,1,1.0,1,0,1,2,0,1,0,0,1,115
FULL_RANK_WELL_a0.2,16,100,1600,16,0,16,1,1.0,1,0,1,2,0,1,0,0,1,115
FULL_RANK_WELL_a0.2,16,200,3200,16,0,16,1,1.0,1,0,1,2,0,1,0,0,1,115
FULL_RANK_WELL_a0.2,16,500,8000,16,0,16,1,1.0,1,0,1,2,0,1,0,0,1,115
FULL_RANK_WELL_a0.2,16,1000,16000,16,0,16,1,1.0,1,0,1,2,0,1,0,0,1,115
FULL_RANK_WELL_a0.2,16,5000,80000,16,0,16,1,1.0,1,0,1,2,0,1,0,0,1,115
FULL_RANK_WELL_a0.2,16,50,800,16,0,16,1,1.0,1,0,1,3,0,1,0,0,1,116
FULL_RANK_WELL_a0.2,16,100,1600,16,0,16,1,1.0,1,0,1,2,0,1,0,0,1,116
FULL_RANK_WELL_a0.2,16,200,3200,16,0,16,1,1.0,1,0,1,3,0,1,0,0,1,116
FULL_RANK_WELL_a0.2,16,500,8000,16,0,16,1,1.0,1,0,1,2,0,1,0,0,1,116
FULL_RANK_WELL_a0.2,16,1000,16000,16,0,16,1,1.0,1,0,1,2,0,1,0,0,1,116
FULL_RANK_WELL_a0.2,16,5000,80000,16,0,16,1,1.0,1,0,1,2,0,1,0,0,1,116
FULL_RANK_WELL_a0.2,16,50,800,16,0,16,1,1.0,15,0,1,2,0,1,0,0,1,117
FULL_RANK_WELL_a0.2,16,100,1600,16,0,16,1,1.0,1,0,1,3,0,1,0,0,1,117
FULL_RANK_WELL_a0.2,16,200,3200,16,0,16,1,1.0,1,0,1,2,0,1,0,0,1,117
FULL_RANK_WELL_a0.2,16,500,8000,16,0,16,1,1.0,1,0,1,2,0,1,0,0,1,117
FULL_RANK_WELL_a0.2,16,1000,16000,16,0,16,1,1.0,1,0,1,2,0,1,0,0,1,117
FULL_RANK_WELL_a0.2,16,5000,80000,16,0,16,1,1.0,1,0,1,2,0,1,0,0,1,117
FULL_RANK_WELL_a0.2,16,50,800,16,0,16,1,1.0,1,0,1,5,0,1,0,0,1,118
FULL_RANK_WELL_a0.2,16,100,1600,16,0,16,1,1.0,1,0,1,2,0,1,0,0,1,118
FULL_RANK_WELL_a0.2,16,200,3200,16,0,16,1,1.0,1,0,1,2,0,1,0,0,1,118
FULL_RANK_WELL_a0.2,16,500,8000,16,0,16,1,1.0,1,0,1,2,0,1,0,0,1,118
FULL_RANK_WELL_a0.2,16,1000,16000,16,0,16,1,1.0,1,0,1,2,0,1,0,0,1,118
FULL_RANK_WELL_a0.2,16,5000,80000,16,0,16,1,1.0,1,0,1,2,0,1,0,0,1,118
FULL_RANK_WELL_a0.2,16,50,800,16,0,16,1,1.0,1,0,1,2,0,1,0,0,1,119
FULL_RANK_WELL_a0.2,16,100,1600,16,0,16,1,1.0,1,0,1,3,0,1,0,0,1,119
FULL_RANK_WELL_a0.2,16,200,3200,16,0,16,1,1.0,1,0,1,2,0,1,0,0,1,119
FULL_RANK_WELL_a0.2,16,500,8000,16,0,16,1,1.0,1,0,1,2,0,1,0,0,1,119
FULL_RANK_WELL_a0.2,16,1000,16000,16,0,16,1,1.0,1,0,1,2,0,1,0,0,1,119
FULL_RANK_WELL_a0.2,16,5000,80000,16,0,16,1,1.0,1,0,1,2,0,1,0,0,1,119
FULL_RANK_WELL_a0.2,16,50,800,16,0,16,1,1.0,1,0,1,5,0,1,0,0,1,120
FULL_RANK_WELL_a0.2,16,100,1600,16,0,16,1,1.0,1,0,1,2,0,1,0,0,1,120
FULL_RANK_WELL_a0.2,16,200,3200,16,0,16,1,1.0,1,0,1,2,0,1,0,0,1,120
FULL_RANK_WELL_a0.2,16,500,8000,16,0,16,1,1.0,1,0,1,2,0,1,0,0,1,120
FULL_RANK_WELL_a0.2,16,1000,16000,16,0,16,1,1.0,1,0,1,2,0,1,0,0,1,120
FULL_RANK_WELL_a0.2,16,5000,80000,16,0,16,1,1.0,1,0,1,2,0,1,0,0,1,120
FULL_RANK_WELL_a0.2,16,50,800,16,0,16,1,1.0,1,0,1,2,0,1,0,0,1,121
FULL_RANK_WELL_a0.2,16,100,1600,16,0,16,1,1.0,1,0,1,3,0,1,0,0,1,121
FULL_RANK_WELL_a0.2,16,200,3200,16,0,16,1,1.0,1,0,1,3,0,1,0,0,1,121
FULL_RANK_WELL_a0.2,16,500,8000,16,0,16,1,1.0,1,0,1,2,0,1,0,0,1,121
FULL_RANK_WELL_a0.2,16,1000,16000,16,0,16,1,1.0,1,0,1,2,0,1,0,0,1,121
FULL_RANK_WELL_a0.2,16,5000,80000,16,0,16,1,1.0,1,0,1,2,0,1,0,0,1,121
FULL_RANK_WELL_a0.2,16,50,800,16,0,16,1,1.0,1,0,1,4,0,1,0,0,1,122
FULL_RANK_WELL_a0.2,16,100,1600,16,0,16,1,1.0,1,0,1,3,0,1,0,0,1,122
FULL_RANK_WELL_a0.2,16,200,3200,16,0,16,1,1.0,1,0,1,2,0,1,0,0,1,122
FULL_RANK_WELL_a0.2,16,500,8000,16,0,16,1,1.0,1,0,1,2,0,1,0,0,1,122
FULL_RANK_WELL_a0.2,16,1000,16000,16,0,16,1,1.0,1,0,1,2,0,1,0,0,1,122
FULL_RANK_WELL_a0.2,16,5000,80000,16,0,16,1,1.0,1,0,1,2,0,1,0,0,1,122
FULL_RANK_WELL_a0.2,16,50,800,16,0,16,1,1.0,1,0,1,2,0,1,0,0,1,123
FULL_RANK_WELL_a0.2,16,100,1600,16,0,16,1,1.0,1,0,1,2,0,1,0,0,1,123
FULL_RANK_WELL_a0.2,16,200,3200,16,0,16,1,1.0,1,0,1,3,0,1,0,0,1,123
FULL_RANK_WELL_a0.2,16,500,8000,16,0,16,1,1.0,1,0,1,2,0,1,0,0,1,123
FULL_RANK_WELL_a0.2,16,1000,16000,16,0,16,1,1.0,1,0,1,2,0,1,0,0,1,123
FULL_RANK_WELL_a0.2,16,5000,80000,16,0,16,1,1.0,1,0,1,2,0,1,0,0,1,123
FULL_RANK_WELL_a0.2,16,50,800,16,0,16,1,1.0,1,0,1,2,0,1,0,0,1,124
FULL_RANK_WELL_a0.2,16,100,1600,16,0,16,1,1.0,1,0,1,2,0,1,0,0,1,124
FULL_RANK_WELL_a0.2,16,200,3200,16,0,16,1,1.0,1,0,1,2,0,1,0,0,1,124
FULL_RANK_WELL_a0.2,16,500,8000,16,0,16,1,1.0,1,0,1,2,0,1,0,0,1,124
FULL_RANK_WELL_a0.2,16,1000,16000,16,0,16,1,1.0,1,0,1,2,0,1,0,0,1,124
FULL_RANK_WELL_a0.2,16,5000,80000,16,0,16,1,1.0,1,0,1,2,0,1,0,0,1,124
FULL_RANK_WELL_a0.2,16,50,800,16,0,16,1,1.0,1,0,1,3,0,1,0,0,1,125
FULL_RANK_WELL_a0.2,16,100,1600,16,0,16,1,1.0,1,0,1,2,0,1,0,0,1,125
FULL_RANK_WELL_a0.2,16,200,3200,16,0,16,1,1.0,1,0,1,2,0,1,0,0,1,125
FULL_RANK_WELL_a0.2,16,500,8000,16,0,16,1,1.0,1,0,1,2,0,1,0,0,1,125
FULL_RANK_WELL_a0.2,16,1000,16000,16,0,16,1,1.0,1,0,1,2,0,1,0,0,1,125
FULL_RANK_WELL_a0.2,16,5000,80000,16,0,16,1,1.0,1,0,1,2,0,1,0,0,1,125
FULL_RANK_WELL_a0.2,16,50,800,16,0,16,1,1.0,1,0,1,2,0,1,0,0,1,126
FULL_RANK_WELL_a0.2,16,100,1600,16,0,16,1,1.0,1,0,1,3,0,1,0,0,1,126
FULL_RANK_WELL_a0.2,16,200,3200,16,0,16,1,1.0,1,0,1,2,0,1,0,0,1,126
FULL_RANK_WELL_a0.2,16,500,8000,16,0,16,1,1.0,1,0,1,2,0,1,0,0,1,126
FULL_RANK_WELL_a0.2,16,1000,16000,16,0,16,1,1.0,1,0,1,2,0,1,0,0,1,126
FULL_RANK_WELL_a0.2,16,5000,80000,16,0,16,1,1.0,1,0,1,2,0,1,0,0,1,126
FULL_RANK_WELL_a0.2,16,50,800,16,0,16,1,1.0,1,0,1,5,0,1,0,0,1,127
FULL_RANK_WELL_a0.2,16,100,1600,16,0,16,1,1.0,1,0,1,3,0,1,0,0,1,127
FULL_RANK_WELL_a0.2,16,200,3200,16,0,16,1,1.0,1,0,1,3,0,1,0,0,1,127
FULL_RANK_WELL_a0.2,16,500,8000,16,0,16,1,1.0,1,0,1,2,0,1,0,0,1,127
FULL_RANK_WELL_a0.2,16,1000,16000,16,0,16,1,1.0,1,0,1,2,0,1,0,0,1,127
FULL_RANK_WELL_a0.2,16,5000,80000,16,0,16,1,1.0,1,0,1,2,0,1,0,0,1,127
FULL_RANK_WELL_a0.2,16,50,800,16,0,16,1,1.0,1,0,1,3,0,1,0,0,1,128
FULL_RANK_WELL_a0.2,16,100,1600,16,0,16,1,1.0,1,0,1,2,0,1,0,0,1,128
FULL_RANK_WELL_a0.2,16,200,3200,16,0,16,1,1.0,1,0,1,2,0,1,0,0,1,128
FULL_RANK_WELL_a0.2,16,500,8000,16,0,16,1,1.0,1,0,1,2,0,1,0,0,1,128
FULL_RANK_WELL_a0.2,16,1000,16000,16,0,16,1,1.0,1,0,1,2,0,1,0,0,1,128
FULL_RANK_WELL_a0.2,16,5000,80000,16,0,16,1,1.0,1,0,1,2,0,1,0,0,1,128
FULL_RANK_WELL_a0.2,16,50,800,16,0,16,1,1.0,1,0,1,3,0,1,0,0,1,129
FULL_RANK_WELL_a0.2,16,100,1600,16,0,16,1,1.0,1,0,1,2,0,1,0,0,1,129
FULL_RANK_WELL_a0.2,16,200,3200,16,0,16,1,1.0,1,0,1,2,0,1,0,0,1,129
FULL_RANK_WELL_a0.2,16,500,8000,16,0,16,1,1.0,1,0,1,2,0,1,0,0,1,129
FULL_RANK_WELL_a0.2,16,1000,16000,16,0,16,1,1.0,1,0,1,2,0,1,0,0,1,129
FULL_RANK_WELL_a0.2,16,5000,80000,16,0,16,1,1.0,1,0,1,2,0,1,0,0,1,129
FULL_RANK_WELL_a0.2,16,50,800,16,0,16,1,1.0,1,0,1,2,0,1,0,0,1,130
FULL_RANK_WELL_a0.2,16,100,1600,16,0,16,1,1.0,1,0,1,2,0,1,0,0,1,130
FULL_RANK_WELL_a0.2,16,200,3200,16,0,16,1,1.0,1,0,1,2,0,1,0,0,1,130
FULL_RANK_WELL_a0.2,16,500,8000,16,0,16,1,1.0,1,0,1,2,0,1,0,0,1,130
FULL_RANK_WELL_a0.2,16,1000,16000,16,0,16,1,1.0,1,0,1,2,0,1,0,0,1,130
FULL_RANK_WELL_a0.2,16,5000,80000,16,0,16,1,1.0,1,0,1,2,0,1,0,0,1,130
FULL_RANK_WELL_a0.2,16,50,800,16,0,16,1,1.0,1,0,1,2,0,1,0,0,1,131
FULL_RANK_WELL_a0.2,16,100,1600,16,0,16,1,1.0,1,0,1,3,0,1,0,0,1,131
FULL_RANK_WELL_a0.2,16,200,3200,16,0,16,1,1.0,1,0,1,2,0,1,0,0,1,131
FULL_RANK_WELL_a0.2,16,500,8000,16,0,16,1,1.0,1,0,1,2,0,1,0,0,1,131
FULL_RANK_WELL_a0.2,16,1000,16000,16,0,16,1,1.0,1,0,1,2,0,1,0,0,1,131
FULL_RANK_WELL_a0.2,16,5000,80000,16,0,16,1,1.0,1,0,1,2,0,1,0,0,1,131
FULL_RANK_WELL_a0.2,16,50,800,16,0,16,1,1.0,1,0,1,2,0,1,0,0,1,132
FULL_RANK_WELL_a0.2,16,100,1600,16,0,16,1,1.0,1,0,1,2,0,1,0,0,1,132
FULL_RANK_WELL_a0.2,16,200,3200,16,0,16,1,1.0,1,0,1,3,0,1,0,0,1,132
FULL_RANK_WELL_a0.2,16,500,8000,16,0,16,1,1.0,1,0,1,2,0,1,0,0,1,132
FULL_RANK_WELL_a0.2,16,1000,16000,16,0,16,1,1.0,1,0,1,2,0,1,0,0,1,132
FULL_RANK_WELL_a0.2,16,5000,80000,16,0,16,1,1.0,1,0,1,2,0,1,0,0,1,132
FULL_RANK_WELL_a0.2,16,50,800,16,0,16,1,1.0,1,0,1,2,0,1,0,0,1,133
FULL_RANK_WELL_a0.2,16,100,1600,16,0,16,1,1.0,1,0,1,2,0,1,0,0,1,133
FULL_RANK_WELL_a0.2,16,200,3200,16,0,16,1,1.0,1,0,1,2,0,1,0,0,1,133
FULL_RANK_WELL_a0.2,16,500,8000,16,0,16,1,1.0,1,0,1,2,0,1,0,0,1,133
FULL_RANK_WELL_a0.2,16,1000,16000,16,0,16,1,1.0,1,0,1,2,0,1,0,0,1,133
FULL_RANK_WELL_a0.2,16,5000,80000,16,0,16,1,1.0,1,0,1,2,0,1,0,0,1,133
FULL_RANK_WELL_a0.2,16,50,800,16,0,16,1,1.0,1,0,1,2,0,1,0,0,1,134
FULL_RANK_WELL_a0.2,16,100,1600,16,0,16,1,1.0,1,0,1,3,0,1,0,0,1,134
FULL_RANK_WELL_a0.2,16,200,3200,16,0,16,1,1.0,1,0,1,3,0,1,0,0,1,134
FULL_RANK_WELL_a0.2,16,500,8000,16,0,16,1,1.0,1,0,1,2,0,1,0,0,1,134
FULL_RANK_WELL_a0.2,16,1000,16000,16,0,16,1,1.0,1,0,1,2,0,1,0,0,1,134
FULL_RANK_WELL_a0.2,16,5000,80000,16,0,16,1,1.0,1,0,1,2,0,1,0,0,1,134
FULL_RANK_WELL_a0.2,16,50,800,16,0,16,1,1.0,1,0,1,2,0,1,0,0,1,135
FULL_RANK_WELL_a0.2,16,100,1600,16,0,16,1,1.0,1,0,1,2,0,1,0,0,1,135
FULL_RANK_WELL_a0.2,16,200,3200,16,0,16,1,1.0,1,0,1,3,0,1,0,0,1,135
FULL_RANK_WELL_a0.2,16,500,8000,16,0,16,1,1.0,1,0,1,2,0,1,0,0,1,135
FULL_RANK_WELL_a0.2,16,1000,16000,16,0,16,1,1.0,1,0,1,2,0,1,0,0,1,135
FULL_RANK_WELL_a0.2,16,5000,80000,16,0,16,1,1.0,1,0,1,2,0,1,0,0,1,135
FULL_RANK_WELL_a0.2,16,50,800,16,0,16,1,1.0,1,0,1,2,0,1,0,0,1,136
FULL_RANK_WELL_a0.2,16,100,1600,16,0,16,1,1.0,1,0,1,2,0,1,0,0,1,136
FULL_RANK_WELL_a0.2,16,200,3200,16,0,16,1,1.0,1,0,1,2,0,1,0,0,1,136
FULL_RANK_WELL_a0.2,16,500,8000,16,0,16,1,1.0,1,0,1,2,0,1,0,0,1,136
FULL_RANK_WELL_a0.2,16,1000,16000,16,0,16,1,1.0,1,0,1,2,0,1,0,0,1,136
FULL_RANK_WELL_a0.2,16,5000,80000,16,0,16,1,1.0,1,0,1,2,0,1,0,0,1,136
FULL_RANK_WELL_a0.2,16,50,800,16,0,16,1,1.0,1,0,1,5,0,1,0,0,1,137
FULL_RANK_WELL_a0.2,16,100,1600,16,0,16,1,1.0,1,0,1,3,0,1,0,0,1,137
FULL_RANK_WELL_a0.2,16,200,3200,16,0,16,1,1.0,1,0,1,2,0,1,0,0,1,137
FULL_RANK_WELL_a0.2,16,500,8000,16,0,16,1,1.0,1,0,1,2,0,1,0,0,1,137
FULL_RANK_WELL_a0.2,16,1000,16000,16,0,16,1,1.0,1,0,1,2,0,1,0,0,1,137
FULL_RANK_WELL_a0.2,16,5000,80000,16,0,16,1,1.0,1,0,1,2,0,1,0,0,1,137
FULL_RANK_WELL_a0.2,16,50,800,16,0,16,1,1.0,1,0,1,2,0,1,0,0,1,138
FULL_RANK_WELL_a0.2,16,100,1600,16,0,16,1,1.0,1,0,1,2,0,1,0,0,1,138
FULL_RANK_WELL_a0.2,16,200,3200,16,0,16,1,1.0,1,0,1,2,0,1,0,0,1,138
FULL_RANK_WELL_a0.2,16,500,8000,16,0,16,1,1.0,1,0,1,2,0,1,0,0,1,138
FULL_RANK_WELL_a0.2,16,1000,16000,16,0,16,1,1.0,1,0,1,2,0,1,0,0,1,138
FULL_RANK_WELL_a0.2,16,5000,80000,16,0,16,1,1.0,1,0,1,2,0,1,0,0,1,138
FULL_RANK_WELL_a0.2,16,50,800,16,0,16,1,1.0,1,0,1,3,0,1,0,0,1,139
FULL_RANK_WELL_a0.2,16,100,1600,16,0,16,1,1.0,1,0,1,2,0,1,0,0,1,139
FULL_RANK_WELL_a0.2,16,200,3200,16,0,16,1,1.0,1,0,1,2,0,1,0,0,1,139
FULL_RANK_WELL_a0.2,16,500,8000,16,0,16,1,1.0,1,0,1,2,0,1,0,0,1,139
FULL_RANK_WELL_a0.2,16,1000,16000,16,0,16,1,1.0,1,0,1,2,0,1,0,0,1,139
FULL_RANK_WELL_a0.2,16,5000,80000,16,0,16,1,1.0,1,0,1,2,0,1,0,0,1,139
FULL_RANK_WELL_a0.2,16,50,800,16,0,16,1,1.0,1,0,1,4,0,1,0,0,1,140
FULL_RANK_WELL_a0.2,16,100,1600,16,0,16,1,1.0,1,0,1,3,0,1,0,0,1,140
FULL_RANK_WELL_a0.2,16,200,3200,16,0,16,1,1.0,1,0,1,3,0,1,0,0,1,140
FULL_RANK_WELL_a0.2,16,500,8000,16,0,16,1,1.0,1,0,1,2,0,1,0,0,1,140
FULL_RANK_WELL_a0.2,16,1000,16000,16,0,16,1,1.0,1,0,1,2,0,1,0,0,1,140
FULL_RANK_WELL_a0.2,16,5000,80000,16,0,16,1,1.0,1,0,1,2,0,1,0,0,1,140
FULL_RANK_WELL_a0.2,16,50,800,16,0,16,1,1.0,1,0,1,2,0,1,0,0,1,141
FULL_RANK_WELL_a0.2,16,100,1600,16,0,16,1,1.0,1,0,1,2,0,1,0,0,1,141
FULL_RANK_WELL_a0.2,16,200,3200,16,0,16,1,1.0,1,0,1,2,0,1,0,0,1,141
FULL_RANK_WELL_a0.2,16,500,8000,16,0,16,1,1.0,1,0,1,2,0,1,0,0,1,141
FULL_RANK_WELL_a0.2,16,1000,16000,16,0,16,1,1.0,1,0,1,2,0,1,0,0,1,141
FULL_RANK_WELL_a0.2,16,5000,80000,16,0,16,1,1.0,1,0,1,2,0,1,0,0,1,141
FULL_RANK_WELL_a0.2,16,50,800,16,0,16,1,1.0,1,0,1,3,0,1,0,0,1,142
FULL_RANK_WELL_a0.2,16,100,1600,16,0,16,1,1.0,1,0,1,2,0,1,0,0,1,142
FULL_RANK_WELL_a0.2,16,200,3200,16,0,16,1,1.0,1,0,1,2,0,1,0,0,1,142
FULL_RANK_WELL_a0.2,16,500,8000,16,0,16,1,1.0,1,0,1,3,0,1,0,0,1,142
FULL_RANK_WELL_a0.2,16,1000,16000,16,0,16,1,1.0,1,0,1,2,0,1,0,0,1,142
FULL_RANK_WELL_a0.2,16,5000,80000,16,0,16,1,1.0,1,0,1,2,0,1,0,0,1,142
FULL_RANK_WELL_a0.2,16,50,800,16,0,16,1,1.0,1,0,1,2,0,1,0,0,1,143
FULL_RANK_WELL_a0.2,16,100,1600,16,0,16,1,1.0,1,0,1,3,0,1,0,0,1,143
FULL_RANK_WELL_a0.2,16,200,3200,16,0,16,1,1.0,1,0,1,2,0,1,0,0,1,143
FULL_RANK_WELL_a0.2,16,500,8000,16,0,16,1,1.0,1,0,1,2,0,1,0,0,1,143
FULL_RANK_WELL_a0.2,16,1000,16000,16,0,16,1,1.0,1,0,1,2,0,1,0,0,1,143
FULL_RANK_WELL_a0.2,16,5000,80000,16,0,16,1,1.0,1,0,1,2,0,1,0,0,1,143
FULL_RANK_WELL_a0.2,16,50,800,16,0,16,1,1.0,15,0,1,2,0,1,0,0,1,144
FULL_RANK_WELL_a0.2,16,100,1600,16,0,16,1,1.0,1,0,1,2,0,1,0,0,1,144
FULL_RANK_WELL_a0.2,16,200,3200,16,0,16,1,1.0,1,0,1,2,0,1,0,0,1,144
FULL_RANK_WELL_a0.2,16,500,8000,16,0,16,1,1.0,1,0,1,2,0,1,0,0,1,144
FULL_RANK_WELL_a0.2,16,1000,16000,16,0,16,1,1.0,1,0,1,2,0,1,0,0,1,144
FULL_RANK_WELL_a0.2,16,5000,80000,16,0,16,1,1.0,1,0,1,2,0,1,0,0,1,144
FULL_RANK_WELL_a0.2,16,50,800,16,0,16,1,1.0,1,0,1,4,0,1,0,0,1,145
FULL_RANK_WELL_a0.2,16,100,1600,16,0,16,1,1.0,1,0,1,2,0,1,0,0,1,145
FULL_RANK_WELL_a0.2,16,200,3200,16,0,16,1,1.0,1,0,1,2,0,1,0,0,1,145
FULL_RANK_WELL_a0.2,16,500,8000,16,0,16,1,1.0,1,0,1,2,0,1,0,0,1,145
FULL_RANK_WELL_a0.2,16,1000,16000,16,0,16,1,1.0,1,0,1,2,0,1,0,0,1,145
FULL_RANK_WELL_a0.2,16,5000,80000,16,0,16,1,1.0,1,0,1,2,0,1,0,0,1,145
FULL_RANK_WELL_a0.2,16,50,800,16,0,16,1,1.0,1,0,1,2,0,1,0,0,1,146
FULL_RANK_WELL_a0.2,16,100,1600,16,0,16,1,1.0,1,0,1,4,0,1,0,0,1,146
FULL_RANK_WELL_a0.2,16,200,3200,16,0,16,1,1.0,1,0,1,2,0,1,0,0,1,146
FULL_RANK_WELL_a0.2,16,500,8000,16,0,16,1,1.0,1,0,1,2,0,1,0,0,1,146
FULL_RANK_WELL_a0.2,16,1000,16000,16,0,16,1,1.0,1,0,1,2,0,1,0,0,1,146
FULL_RANK_WELL_a0.2,16,5000,80000,16,0,16,1,1.0,1,0,1,2,0,1,0,0,1,146
FULL_RANK_WELL_a0.2,16,50,800,16,0,16,1,1.0,1,0,1,4,0,1,0,0,1,147
FULL_RANK_WELL_a0.2,16,100,1600,16,0,16,1,1.0,1,0,1,2,0,1,0,0,1,147
FULL_RANK_WELL_a0.2,16,200,3200,16,0,16,1,1.0,1,0,1,3,0,1,0,0,1,147
FULL_RANK_WELL_a0.2,16,500,8000,16,0,16,1,1.0,1,0,1,3,0,1,0,0,1,147
FULL_RANK_WELL_a0.2,16,1000,16000,16,0,16,1,1.0,1,0,1,2,0,1,0,0,1,147
FULL_RANK_WELL_a0.2,16,5000,80000,16,0,16,1,1.0,1,0,1,2,0,1,0,0,1,147
FULL_RANK_WELL_a0.2,16,50,800,16,0,16,1,1.0,1,0,1,2,0,1,0,0,1,148
FULL_RANK_WELL_a0.2,16,100,1600,16,0,16,1,1.0,1,0,1,2,0,1,0,0,1,148
FULL_RANK_WELL_a0.2,16,200,3200,16,0,16,1,1.0,1,0,1,2,0,1,0,0,1,148
FULL_RANK_WELL_a0.2,16,500,8000,16,0,16,1,1.0,1,0,1,2,0,1,0,0,1,148
FULL_RANK_WELL_a0.2,16,1000,16000,16,0,16,1,1.0,1,0,1,2,0,1,0,0,1,148
FULL_RANK_WELL_a0.2,16,5000,80000,16,0,16,1,1.0,1,0,1,2,0,1,0,0,1,148
FULL_RANK_WELL_a0.2,16,50,800,16,0,16,1,1.0,1,0,1,4,0,1,0,0,1,149
FULL_RANK_WELL_a0.2,16,100,1600,16,0,16,1,1.0,1,0,1,3,0,1,0,0,1,149
FULL_RANK_WELL_a0.2,16,200,3200,16,0,16,1,1.0,1,0,1,3,0,1,0,0,1,149
FULL_RANK_WELL_a0.2,16,500,8000,16,0,16,1,1.0,1,0,1,2,0,1,0,0,1,149
FULL_RANK_WELL_a0.2,16,1000,16000,16,0,16,1,1.0,1,0,1,2,0,1,0,0,1,149
FULL_RANK_WELL_a0.2,16,5000,80000,16,0,16,1,1.0,1,0,1,2,0,1,0,0,1,149
FULL_RANK_WELL_a0.4,16,50,800,16,0,16,1,1.0,1,0,1,2,0,1,0,0,1,0
FULL_RANK_WELL_a0.4,16,100,1600,16,0,16,1,1.0,1,0,1,2,0,1,0,0,1,0
FULL_RANK_WELL_a0.4,16,200,3200,16,0,16,1,1.0,1,0,1,2,0,1,0,0,1,0
FULL_RANK_WELL_a0.4,16,500,8000,16,0,16,1,1.0,1,0,1,2,0,1,0,0,1,0
FULL_RANK_WELL_a0.4,16,1000,16000,16,0,16,1,1.0,1,0,1,2,0,1,0,0,1,0
FULL_RANK_WELL_a0.4,16,5000,80000,16,0,16,1,1.0,1,0,1,2,0,1,0,0,1,0
FULL_RANK_WELL_a0.4,16,50,800,16,0,16,1,1.0,15,0,1,2,0,1,0,0,1,1
FULL_RANK_WELL_a0.4,16,100,1600,16,0,16,1,1.0,1,0,1,2,0,1,0,0,1,1
FULL_RANK_WELL_a0.4,16,200,3200,16,0,16,1,1.0,1,0,1,2,0,1,0,0,1,1
FULL_RANK_WELL_a0.4,16,500,8000,16,0,16,1,1.0,1,0,1,2,0,1,0,0,1,1
FULL_RANK_WELL_a0.4,16,1000,16000,16,0,16,1,1.0,1,0,1,2,0,1,0,0,1,1
FULL_RANK_WELL_a0.4,16,5000,80000,16,0,16,1,1.0,1,0,1,2,0,1,0,0,1,1
FULL_RANK_WELL_a0.4,16,50,800,16,0,16,1,1.0,1,0,1,2,0,1,0,0,1,2
FULL_RANK_WELL_a0.4,16,100,1600,16,0,16,1,1.0,1,0,1,2,0,1,0,0,1,2
FULL_RANK_WELL_a0.4,16,200,3200,16,0,16,1,1.0,1,0,1,3,0,1,0,0,1,2
FULL_RANK_WELL_a0.4,16,500,8000,16,0,16,1,1.0,1,0,1,3,0,1,0,0,1,2
FULL_RANK_WELL_a0.4,16,1000,16000,16,0,16,1,1.0,1,0,1,2,0,1,0,0,1,2
FULL_RANK_WELL_a0.4,16,5000,80000,16,0,16,1,1.0,1,0,1,2,0,1,0,0,1,2
FULL_RANK_WELL_a0.4,16,50,800,16,0,16,1,1.0,1,0,1,3,0,1,0,0,1,3
FULL_RANK_WELL_a0.4,16,100,1600,16,0,16,1,1.0,1,0,1,2,0,1,0,0,1,3
FULL_RANK_WELL_a0.4,16,200,3200,16,0,16,1,1.0,1,0,1,2,0,1,0,0,1,3
FULL_RANK_WELL_a0.4,16,500,8000,16,0,16,1,1.0,1,0,1,2,0,1,0,0,1,3
FULL_RANK_WELL_a0.4,16,1000,16000,16,0,16,1,1.0,1,0,1,2,0,1,0,0,1,3
FULL_RANK_WELL_a0.4,16,5000,80000,16,0,16,1,1.0,1,0,1,2,0,1,0,0,1,3
FULL_RANK_WELL_a0.4,16,50,800,16,0,16,1,1.0,1,0,1,2,0,1,0,0,1,4
FULL_RANK_WELL_a0.4,16,100,1600,16,0,16,1,1.0,1,0,1,2,0,1,0,0,1,4
FULL_RANK_WELL_a0.4,16,200,3200,16,0,16,1,1.0,1,0,1,2,0,1,0,0,1,4
FULL_RANK_WELL_a0.4,16,500,8000,16,0,16,1,1.0,1,0,1,2,0,1,0,0,1,4
FULL_RANK_WELL_a0.4,16,1000,16000,16,0,16,1,1.0,1,0,1,2,0,1,0,0,1,4
FULL_RANK_WELL_a0.4,16,5000,80000,16,0,16,1,1.0,1,0,1,2,0,1,0,0,1,4
FULL_RANK_WELL_a0.4,16,50,800,16,0,16,1,1.0,1,0,1,2,0,1,0,0,1,5
FULL_RANK_WELL_a0.4,16,100,1600,16,0,16,1,1.0,1,0,1,3,0,1,0,0,1,5
FULL_RANK_WELL_a0.4,16,200,3200,16,0,16,1,1.0,1,0,1,2,0,1,0,0,1,5
FULL_RANK_WELL_a0.4,16,500,8000,16,0,16,1,1.0,1,0,1,2,0,1,0,0,1,5
FULL_RANK_WELL_a0.4,16,1000,16000,16,0,16,1,1.0,1,0,1,2,0,1,0,0,1,5
FULL_RANK_WELL_a0.4,16,5000,80000,16,0,16,1,1.0,1,0,1,2,0,1,0,0,1,5
FULL_RANK_WELL_a0.4,16,50,800,16,0,16,1,1.0,1,0,1,3,0,1,0,0,1,6
FULL_RANK_WELL_a0.4,16,100,1600,16,0,16,1,1.0,1,0,1,2,0,1,0,0,1,6
FULL_RANK_WELL_a0.4,16,200,3200,16,0,16,1,1.0,1,0,1,2,0,1,0,0,1,6
FULL_RANK_WELL_a0.4,16,500,8000,16,0,16,1,1.0,1,0,1,2,0,1,0,0,1,6
FULL_RANK_WELL_a0.4,16,1000,16000,16,0,16,1,1.0,1,0,1,2,0,1,0,0,1,6
FULL_RANK_WELL_a0.4,16,5000,80000,16,0,16,1,1.0,1,0,1,2,0,1,0,0,1,6
FULL_RANK_WELL_a0.4,16,50,800,16,0,16,1,1.0,15,0,1,2,0,1,0,0,1,7
FULL_RANK_WELL_a0.4,16,100,1600,16,0,16,1,1.0,1,0,1,3,0,1,0,0,1,7
FULL_RANK_WELL_a0.4,16,200,3200,16,0,16,1,1.0,1,0,1,2,0,1,0,0,1,7
FULL_RANK_WELL_a0.4,16,500,8000,16,0,16,1,1.0,1,0,1,2,0,1,0,0,1,7
FULL_RANK_WELL_a0.4,16,1000,16000,16,0,16,1,1.0,1,0,1,2,0,1,0,0,1,7
FULL_RANK_WELL_a0.4,16,5000,80000,16,0,16,1,1.0,1,0,1,2,0,1,0,0,1,7
FULL_RANK_WELL_a0.4,16,50,800,16,0,16,1,1.0,1,0,1,3,0,1,0,0,1,8
FULL_RANK_WELL_a0.4,16,100,1600,16,0,16,1,1.0,1,0,1,2,0,1,0,0,1,8
FULL_RANK_WELL_a0.4,16,200,3200,16,0,16,1,1.0,1,0,1,2,0,1,0,0,1,8
FULL_RANK_WELL_a0.4,16,500,8000,16,0,16,1,1.0,1,0,1,2,0,1,0,0,1,8
FULL_RANK_WELL_a0.4,16,1000,16000,16,0,16,1,1.0,1,0,1,2,0,1,0,0,1,8
FULL_RANK_WELL_a0.4,16,5000,80000,16,0,16,1,1.0,1,0,1,2,0,1,0,0,1,8
FULL_RANK_WELL_a0.4,16,50,800,16,0,16,1,1.0,1,0,1,2,0,1,0,0,1,9
FULL_RANK_WELL_a0.4,16,100,1600,16,0,16,1,1.0,1,0,1,2,0,1,0,0,1,9
FULL_RANK_WELL_a0.4,16,200,3200,16,0,16,1,1.0,1,0,1,2,0,1,0,0,1,9
FULL_RANK_WELL_a0.4,16,500,8000,16,0,16,1,1.0,1,0,1,2,0,1,0,0,1,9
FULL_RANK_WELL_a0.4,16,1000,16000,16,0,16,1,1.0,1,0,1,2,0,1,0,0,1,9
FULL_RANK_WELL_a0.4,16,5000,80000,16,0,16,1,1.0,1,0,1,2,0,1,0,0,1,9
FULL_RANK_WELL_a0.4,16,50,800,16,0,16,1,1.0,1,0,1,2,0,1,0,0,1,10
FULL_RANK_WELL_a0.4,16,100,1600,16,0,16,1,1.0,1,0,1,2,0,1,0,0,1,10
FULL_RANK_WELL_a0.4,16,200,3200,16,0,16,1,1.0,1,0,1,2,0,1,0,0,1,10
FULL_RANK_WELL_a0.4,16,500,8000,16,0,16,1,1.0,1,0,1,2,0,1,0,0,1,10
FULL_RANK_WELL_a0.4,16,1000,16000,16,0,16,1,1.0,1,0,1,2,0,1,0,0,1,10
FULL_RANK_WELL_a0.4,16,5000,80000,16,0,16,1,1.0,1,0,1,2,0,1,0,0,1,10
FULL_RANK_WELL_a0.4,16,50,800,16,0,16,1,1.0,1,0,1,2,0,1,0,0,1,11
FULL_RANK_WELL_a0.4,16,100,1600,16,0,16,1,1.0,1,0,1,2,0,1,0,0,1,11
FULL_RANK_WELL_a0.4,16,200,3200,16,0,16,1,1.0,1,0,1,2,0,1,0,0,1,11
FULL_RANK_WELL_a0.4,16,500,8000,16,0,16,1,1.0,1,0,1,2,0,1,0,0,1,11
FULL_RANK_WELL_a0.4,16,1000,16000,16,0,16,1,1.0,1,0,1,2,0,1,0,0,1,11
FULL_RANK_WELL_a0.4,16,5000,80000,16,0,16,1,1.0,1,0,1,2,0,1,0,0,1,11
FULL_RANK_WELL_a0.4,16,50,800,16,0,16,1,1.0,1,0,1,2,0,1,0,0,1,12
FULL_RANK_WELL_a0.4,16,100,1600,16,0,16,1,1.0,1,0,1,2,0,1,0,0,1,12
FULL_RANK_WELL_a0.4,16,200,3200,16,0,16,1,1.0,1,0,1,2,0,1,0,0,1,12
FULL_RANK_WELL_a0.4,16,500,8000,16,0,16,1,1.0,1,0,1,2,0,1,0,0,1,12
FULL_RANK_WELL_a0.4,16,1000,16000,16,0,16,1,1.0,1,0,1,2,0,1,0,0,1,12
FULL_RANK_WELL_a0.4,16,5000,80000,16,0,16,1,1.0,1,0,1,2,0,1,0,0,1,12
FULL_RANK_WELL_a0.4,16,50,800,16,0,16,1,1.0,1,0,1,3,0,1,0,0,1,13
FULL_RANK_WELL_a0.4,16,100,1600,16,0,16,1,1.0,1,0,1,2,0,1,0,0,1,13
FULL_RANK_WELL_a0.4,16,200,3200,16,0,16,1,1.0,1,0,1,2,0,1,0,0,1,13
FULL_RANK_WELL_a0.4,16,500,8000,16,0,16,1,1.0,1,0,1,2,0,1,0,0,1,13
FULL_RANK_WELL_a0.4,16,1000,16000,16,0,16,1,1.0,1,0,1,2,0,1,0,0,1,13
FULL_RANK_WELL_a0.4,16,5000,80000,16,0,16,1,1.0,1,0,1,2,0,1,0,0,1,13
FULL_RANK_WELL_a0.4,16,50,800,16,0,16,1,1.0,1,0,1,3,0,1,0,0,1,14
FULL_RANK_WELL_a0.4,16,100,1600,16,0,16,1,1.0,1,0,1,3,0,1,0,0,1,14
FULL_RANK_WELL_a0.4,16,200,3200,16,0,16,1,1.0,1,0,1,3,0,1,0,0,1,14
FULL_RANK_WELL_a0.4,16,500,8000,16,0,16,1,1.0,1,0,1,2,0,1,0,0,1,14
FULL_RANK_WELL_a0.4,16,1000,16000,16,0,16,1,1.0,1,0,1,2,0,1,0,0,1,14
FULL_RANK_WELL_a0.4,16,5000,80000,16,0,16,1,1.0,1,0,1,2,0,1,0,0,1,14
FULL_RANK_WELL_a0.4,16,50,800,16,0,16,1,1.0,1,0,1,3,0,1,0,0,1,15
FULL_RANK_WELL_a0.4,16,100,1600,16,0,16,1,1.0,1,0,1,3,0,1,0,0,1,15
FULL_RANK_WELL_a0.4,16,200,3200,16,0,16,1,1.0,1,0,1,2,0,1,0,0,1,15
FULL_RANK_WELL_a0.4,16,500,8000,16,0,16,1,1.0,1,0,1,2,0,1,0,0,1,15
FULL_RANK_WELL_a0.4,16,1000,16000,16,0,16,1,1.0,1,0,1,2,0,1,0,0,1,15
FULL_RANK_WELL_a0.4,16,5000,80000,16,0,16,1,1.0,1,0,1,2,0,1,0,0,1,15
FULL_RANK_WELL_a0.4,16,50,800,16,0,16,1,1.0,1,0,1,3,0,1,0,0,1,16
FULL_RANK_WELL_a0.4,16,100,1600,16,0,16,1,1.0,1,0,1,2,0,1,0,0,1,16
FULL_RANK_WELL_a0.4,16,200,3200,16,0,16,1,1.0,1,0,1,2,0,1,0,0,1,16
FULL_RANK_WELL_a0.4,16,500,8000,16,0,16,1,1.0,1,0,1,2,0,1,0,0,1,16
FULL_RANK_WELL_a0.4,16,1000,16000,16,0,16,1,1.0,1,0,1,2,0,1,0,0,1,16
FULL_RANK_WELL_a0.4,16,5000,80000,16,0,16,1,1.0,1,0,1,2,0,1,0,0,1,16
FULL_RANK_WELL_a0.4,16,50,800,16,0,16,1,1.0,1,0,1,3,0,1,0,0,1,17
FULL_RANK_WELL_a0.4,16,100,1600,16,0,16,1,1.0,1,0,1,3,0,1,0,0,1,17
FULL_RANK_WELL_a0.4,16,200,3200,16,0,16,1,1.0,1,0,1,2,0,1,0,0,1,17
FULL_RANK_WELL_a0.4,16,500,8000,16,0,16,1,1.0,1,0,1,2,0,1,0,0,1,17
FULL_RANK_WELL_a0.4,16,1000,16000,16,0,16,1,1.0,1,0,1,2,0,1,0,0,1,17
FULL_RANK_WELL_a0.4,16,5000,80000,16,0,16,1,1.0,1,0,1,2,0,1,0,0,1,17
FULL_RANK_WELL_a0.4,16,50,800,16,0,16,1,1.0,1,0,1,3,0,1,0,0,1,18
FULL_RANK_WELL_a0.4,16,100,1600,16,0,16,1,1.0,1,0,1,3,0,1,0,0,1,18
FULL_RANK_WELL_a0.4,16,200,3200,16,0,16,1,1.0,1,0,1,2,0,1,0,0,1,18
FULL_RANK_WELL_a0.4,16,500,8000,16,0,16,1,1.0,1,0,1,2,0,1,0,0,1,18
FULL_RANK_WELL_a0.4,16,1000,16000,16,0,16,1,1.0,1,0,1,2,0,1,0,0,1,18
FULL_RANK_WELL_a0.4,16,5000,80000,16,0,16,1,1.0,1,0,1,2,0,1,0,0,1,18
FULL_RANK_WELL_a0.4,16,50,800,16,0,16,1,1.0,1,0,1,2,0,1,0,0,1,19
FULL_RANK_WELL_a0.4,16,100,1600,16,0,16,1,1.0,1,0,1,2,0,1,0,0,1,19
FULL_RANK_WELL_a0.4,16,200,3200,16,0,16,1,1.0,1,0,1,2,0,1,0,0,1,19
FULL_RANK_WELL_a0.4,16,500,8000,16,0,16,1,1.0,1,0,1,2,0,1,0,0,1,19
FULL_RANK_WELL_a0.4,16,1000,16000,16,0,16,1,1.0,1,0,1,2,0,1,0,0,1,19
FULL_RANK_WELL_a0.4,16,5000,80000,16,0,16,1,1.0,1,0,1,2,0,1,0,0,1,19
FULL_RANK_WELL_a0.4,16,50,800,16,0,16,1,1.0,1,0,1,3,0,1,0,0,1,20
FULL_RANK_WELL_a0.4,16,100,1600,16,0,16,1,1.0,1,0,1,2,0,1,0,0,1,20
FULL_RANK_WELL_a0.4,16,200,3200,16,0,16,1,1.0,1,0,1,2,0,1,0,0,1,20
FULL_RANK_WELL_a0.4,16,500,8000,16,0,16,1,1.0,1,0,1,2,0,1,0,0,1,20
FULL_RANK_WELL_a0.4,16,1000,16000,16,0,16,1,1.0,1,0,1,2,0,1,0,0,1,20
FULL_RANK_WELL_a0.4,16,5000,80000,16,0,16,1,1.0,1,0,1,2,0,1,0,0,1,20
FULL_RANK_WELL_a0.4,16,50,800,16,0,16,1,1.0,1,0,1,2,0,1,0,0,1,21
FULL_RANK_WELL_a0.4,16,100,1600,16,0,16,1,1.0,1,0,1,2,0,1,0,0,1,21
FULL_RANK_WELL_a0.4,16,200,3200,16,0,16,1,1.0,1,0,1,2,0,1,0,0,1,21
FULL_RANK_WELL_a0.4,16,500,8000,16,0,16,1,1.0,1,0,1,2,0,1,0,0,1,21
FULL_RANK_WELL_a0.4,16,1000,16000,16,0,16,1,1.0,1,0,1,2,0,1,0,0,1,21
FULL_RANK_WELL_a0.4,16,5000,80000,16,0,16,1,1.0,1,0,1,2,0,1,0,0,1,21
FULL_RANK_WELL_a0.4,16,50,800,16,0,16,1,1.0,1,0,1,2,0,1,0,0,1,22
FULL_RANK_WELL_a0.4,16,100,1600,16,0,16,1,1.0,1,0,1,2,0,1,0,0,1,22
FULL_RANK_WELL_a0.4,16,200,3200,16,0,16,1,1.0,1,0,1,2,0,1,0,0,1,22
FULL_RANK_WELL_a0.4,16,500,8000,16,0,16,1,1.0,1,0,1,2,0,1,0,0,1,22
FULL_RANK_WELL_a0.4,16,1000,16000,16,0,16,1,1.0,1,0,1,2,0,1,0,0,1,22
FULL_RANK_WELL_a0.4,16,5000,80000,16,0,16,1,1.0,1,0,1,2,0,1,0,0,1,22
FULL_RANK_WELL_a0.4,16,50,800,16,0,16,1,1.0,1,0,1,2,0,1,0,0,1,23
FULL_RANK_WELL_a0.4,16,100,1600,16,0,16,1,1.0,1,0,1,2,0,1,0,0,1,23
FULL_RANK_WELL_a0.4,16,200,3200,16,0,16,1,1.0,1,0,1,2,0,1,0,0,1,23
FULL_RANK_WELL_a0.4,16,500,8000,16,0,16,1,1.0,1,0,1,2,0,1,0,0,1,23
FULL_RANK_WELL_a0.4,16,1000,16000,16,0,16,1,1.0,1,0,1,2,0,1,0,0,1,23
FULL_RANK_WELL_a0.4,16,5000,80000,16,0,16,1,1.0,1,0,1,2,0,1,0,0,1,23
FULL_RANK_WELL_a0.4,16,50,800,16,0,16,1,1.0,1,0,1,2,0,1,0,0,1,24
FULL_RANK_WELL_a0.4,16,100,1600,16,0,16,1,1.0,1,0,1,2,0,1,0,0,1,24
FULL_RANK_WELL_a0.4,16,200,3200,16,0,16,1,1.0,1,0,1,2,0,1,0,0,1,24
FULL_RANK_WELL_a0.4,16,500,8000,16,0,16,1,1.0,1,0,1,2,0,1,0,0,1,24
FULL_RANK_WELL_a0.4,16,1000,16000,16,0,16,1,1.0,1,0,1,2,0,1,0,0,1,24
FULL_RANK_WELL_a0.4,16,5000,80000,16,0,16,1,1.0,1,0,1,2,0,1,0,0,1,24
FULL_RANK_WELL_a0.4,16,50,800,16,0,16,1,1.0,1,0,1,2,0,1,0,0,1,25
FULL_RANK_WELL_a0.4,16,100,1600,16,0,16,1,1.0,1,0,1,2,0,1,0,0,1,25
FULL_RANK_WELL_a0.4,16,200,3200,16,0,16,1,1.0,1,0,1,2,0,1,0,0,1,25
FULL_RANK_WELL_a0.4,16,500,8000,16,0,16,1,1.0,1,0,1,2,0,1,0,0,1,25
FULL_RANK_WELL_a0.4,16,1000,16000,16,0,16,1,1.0,1,0,1,2,0,1,0,0,1,25
FULL_RANK_WELL_a0.4,16,5000,80000,16,0,16,1,1.0,1,0,1,2,0,1,0,0,1,25
FULL_RANK_WELL_a0.4,16,50,800,16,0,16,1,1.0,1,0,1,4,0,1,0,0,1,26
FULL_RANK_WELL_a0.4,16,100,1600,16,0,16,1,1.0,1,0,1,2,0,1,0,0,1,26
FULL_RANK_WELL_a0.4,16,200,3200,16,0,16,1,1.0,1,0,1,2,0,1,0,0,1,26
FULL_RANK_WELL_a0.4,16,500,8000,16,0,16,1,1.0,1,0,1,2,0,1,0,0,1,26
FULL_RANK_WELL_a0.4,16,1000,16000,16,0,16,1,1.0,1,0,1,2,0,1,0,0,1,26
FULL_RANK_WELL_a0.4,16,5000,80000,16,0,16,1,1.0,1,0,1,2,0,1,0,0,1,26
FULL_RANK_WELL_a0.4,16,50,800,16,0,16,1,1.0,1,0,1,2,0,1,0,0,1,27
FULL_RANK_WELL_a0.4,16,100,1600,16,0,16,1,1.0,1,0,1,2,0,1,0,0,1,27
FULL_RANK_WELL_a0.4,16,200,3200,16,0,16,1,1.0,1,0,1,2,0,1,0,0,1,27
FULL_RANK_WELL_a0.4,16,500,8000,16,0,16,1,1.0,1,0,1,2,0,1,0,0,1,27
FULL_RANK_WELL_a0.4,16,1000,16000,16,0,16,1,1.0,1,0,1,2,0,1,0,0,1,27
FULL_RANK_WELL_a0.4,16,5000,80000,16,0,16,1,1.0,1,0,1,2,0,1,0,0,1,27
FULL_RANK_WELL_a0.4,16,50,800,16,0,16,1,1.0,1,0,1,2,0,1,0,0,1,28
FULL_RANK_WELL_a0.4,16,100,1600,16,0,16,1,1.0,1,0,1,2,0,1,0,0,1,28
FULL_RANK_WELL_a0.4,16,200,3200,16,0,16,1,1.0,1,0,1,3,0,1,0,0,1,28
FULL_RANK_WELL_a0.4,16,500,8000,16,0,16,1,1.0,1,0,1,2,0,1,0,0,1,28
FULL_RANK_WELL_a0.4,16,1000,16000,16,0,16,1,1.0,1,0,1,2,0,1,0,0,1,28
FULL_RANK_WELL_a0.4,16,5000,80000,16,0,16,1,1.0,1,0,1,2,0,1,0,0,1,28
FULL_RANK_WELL_a0.4,16,50,800,16,0,16,1,1.0,1,0,1,2,0,1,0,0,1,29
FULL_RANK_WELL_a0.4,16,100,1600,16,0,16,1,1.0,1,0,1,2,0,1,0,0,1,29
FULL_RANK_WELL_a0.4,16,200,3200,16,0,16,1,1.0,1,0,1,2,0,1,0,0,1,29
FULL_RANK_WELL_a0.4,16,500,8000,16,0,16,1,1.0,1,0,1,2,0,1,0,0,1,29
FULL_RANK_WELL_a0.4,16,1000,16000,16,0,16,1,1.0,1,0,1,2,0,1,0,0,1,29
FULL_RANK_WELL_a0.4,16,5000,80000,16,0,16,1,1.0,1,0,1,2,0,1,0,0,1,29
FULL_RANK_WELL_a0.4,16,50,800,16,0,16,1,1.0,1,0,1,2,0,1,0,0,1,30
FULL_RANK_WELL_a0.4,16,100,1600,16,0,16,1,1.0,1,0,1,3,0,1,0,0,1,30
FULL_RANK_WELL_a0.4,16,200,3200,16,0,16,1,1.0,1,0,1,2,0,1,0,0,1,30
FULL_RANK_WELL_a0.4,16,500,8000,16,0,16,1,1.0,1,0,1,2,0,1,0,0,1,30
FULL_RANK_WELL_a0.4,16,1000,16000,16,0,16,1,1.0,1,0,1,2,0,1,0,0,1,30
FULL_RANK_WELL_a0.4,16,5000,80000,16,0,16,1,1.0,1,0,1,2,0,1,0,0,1,30
FULL_RANK_WELL_a0.4,16,50,800,16,0,16,1,1.0,1,0,1,2,0,1,0,0,1,31
FULL_RANK_WELL_a0.4,16,100,1600,16,0,16,1,1.0,1,0,1,4,0,1,0,0,1,31
FULL_RANK_WELL_a0.4,16,200,3200,16,0,16,1,1.0,1,0,1,2,0,1,0,0,1,31
FULL_RANK_WELL_a0.4,16,500,8000,16,0,16,1,1.0,1,0,1,2,0,1,0,0,1,31
FULL_RANK_WELL_a0.4,16,1000,16000,16,0,16,1,1.0,1,0,1,2,0,1,0,0,1,31
FULL_RANK_WELL_a0.4,16,5000,80000,16,0,16,1,1.0,1,0,1,2,0,1,0,0,1,31
FULL_RANK_WELL_a0.4,16,50,800,16,0,16,1,1.0,1,0,1,2,0,1,0,0,1,32
FULL_RANK_WELL_a0.4,16,100,1600,16,0,16,1,1.0,1,0,1,2,0,1,0,0,1,32
FULL_RANK_WELL_a0.4,16,200,3200,16,0,16,1,1.0,1,0,1,2,0,1,0,0,1,32
FULL_RANK_WELL_a0.4,16,500,8000,16,0,16,1,1.0,1,0,1,2,0,1,0,0,1,32
FULL_RANK_WELL_a0.4,16,1000,16000,16,0,16,1,1.0,1,0,1,2,0,1,0,0,1,32
FULL_RANK_WELL_a0.4,16,5000,80000,16,0,16,1,1.0,1,0,1,2,0,1,0,0,1,32
FULL_RANK_WELL_a0.4,16,50,800,16,0,16,1,1.0,1,0,1,2,0,1,0,0,1,33
FULL_RANK_WELL_a0.4,16,100,1600,16,0,16,1,1.0,1,0,1,3,0,1,0,0,1,33
FULL_RANK_WELL_a0.4,16,200,3200,16,0,16,1,1.0,1,0,1,2,0,1,0,0,1,33
FULL_RANK_WELL_a0.4,16,500,8000,16,0,16,1,1.0,1,0,1,2,0,1,0,0,1,33
FULL_RANK_WELL_a0.4,16,1000,16000,16,0,16,1,1.0,1,0,1,2,0,1,0,0,1,33
FULL_RANK_WELL_a0.4,16,5000,80000,16,0,16,1,1.0,1,0,1,2,0,1,0,0,1,33
FULL_RANK_WELL_a0.4,16,50,800,16,0,16,1,1.0,1,0,1,2,0,1,0,0,1,34
FULL_RANK_WELL_a0.4,16,100,1600,16,0,16,1,1.0,1,0,1,2,0,1,0,0,1,34
FULL_RANK_WELL_a0.4,16,200,3200,16,0,16,1,1.0,1,0,1,2,0,1,0,0,1,34
FULL_RANK_WELL_a0.4,16,500,8000,16,0,16,1,1.0,1,0,1,2,0,1,0,0,1,34
FULL_RANK_WELL_a0.4,16,1000,16000,16,0,16,1,1.0,1,0,1,2,0,1,0,0,1,34
FULL_RANK_WELL_a0.4,16,5000,80000,16,0,16,1,1.0,1,0,1,2,0,1,0,0,1,34
FULL_RANK_WELL_a0.4,16,50,800,16,0,16,1,1.0,1,0,1,2,0,1,0,0,1,35
FULL_RANK_WELL_a0.4,16,100,1600,16,0,16,1,1.0,1,0,1,2,0,1,0,0,1,35
FULL_RANK_WELL_a0.4,16,200,3200,16,0,16,1,1.0,1,0,1,2,0,1,0,0,1,35
FULL_RANK_WELL_a0.4,16,500,8000,16,0,16,1,1.0,1,0,1,2,0,1,0,0,1,35
FULL_RANK_WELL_a0.4,16,1000,16000,16,0,16,1,1.0,1,0,1,2,0,1,0,0,1,35
FULL_RANK_WELL_a0.4,16,5000,80000,16,0,16,1,1.0,1,0,1,2,0,1,0,0,1,35
FULL_RANK_WELL_a0.4,16,50,800,16,0,16,1,1.0,1,0,1,2,0,1,0,0,1,36
FULL_RANK_WELL_a0.4,16,100,1600,16,0,16,1,1.0,1,0,1,2,0,1,0,0,1,36
FULL_RANK_WELL_a0.4,16,200,3200,16,0,16,1,1.0,1,0,1,2,0,1,0,0,1,36
FULL_RANK_WELL_a0.4,16,500,8000,16,0,16,1,1.0,1,0,1,2,0,1,0,0,1,36
FULL_RANK_WELL_a0.4,16,1000,16000,16,0,16,1,1.0,1,0,1,2,0,1,0,0,1,36
FULL_RANK_WELL_a0.4,16,5000,80000,16,0,16,1,1.0,1,0,1,2,0,1,0,0,1,36
FULL_RANK_WELL_a0.4,16,50,800,16,0,16,1,1.0,1,0,1,2,0,1,0,0,1,37
FULL_RANK_WELL_a0.4,16,100,1600,16,0,16,1,1.0,1,0,1,3,0,1,0,0,1,37
FULL_RANK_WELL_a0.4,16,200,3200,16,0,16,1,1.0,1,0,1,2,0,1,0,0,1,37
FULL_RANK_WELL_a0.4,16,500,8000,16,0,16,1,1.0,1,0,1,2,0,1,0,0,1,37
FULL_RANK_WELL_a0.4,16,1000,16000,16,0,16,1,1.0,1,0,1,2,0,1,0,0,1,37
FULL_RANK_WELL_a0.4,16,5000,80000,16,0,16,1,1.0,1,0,1,2,0,1,0,0,1,37
FULL_RANK_WELL_a0.4,16,50,800,16,0,16,1,1.0,1,0,1,3,0,1,0,0,1,38
FULL_RANK_WELL_a0.4,16,100,1600,16,0,16,1,1.0,1,0,1,3,0,1,0,0,1,38
FULL_RANK_WELL_a0.4,16,200,3200,16,0,16,1,1.0,1,0,1,2,0,1,0,0,1,38
FULL_RANK_WELL_a0.4,16,500,8000,16,0,16,1,1.0,1,0,1,2,0,1,0,0,1,38
FULL_RANK_WELL_a0.4,16,1000,16000,16,0,16,1,1.0,1,0,1,2,0,1,0,0,1,38
FULL_RANK_WELL_a0.4,16,5000,80000,16,0,16,1,1.0,1,0,1,2,0,1,0,0,1,38
FULL_RANK_WELL_a0.4,16,50,800,16,0,16,1,1.0,1,0,1,3,0,1,0,0,1,39
FULL_RANK_WELL_a0.4,16,100,1600,16,0,16,1,1.0,1,0,1,2,0,1,0,0,1,39
FULL_RANK_WELL_a0.4,16,200,3200,16,0,16,1,1.0,1,0,1,2,0,1,0,0,1,39
FULL_RANK_WELL_a0.4,16,500,8000,16,0,16,1,1.0,1,0,1,2,0,1,0,0,1,39
FULL_RANK_WELL_a0.4,16,1000,16000,16,0,16,1,1.0,1,0,1,2,0,1,0,0,1,39
FULL_RANK_WELL_a0.4,16,5000,80000,16,0,16,1,1.0,1,0,1,2,0,1,0,0,1,39
FULL_RANK_WELL_a0.4,16,50,800,16,0,16,1,1.0,1,0,1,2,0,1,0,0,1,40
FULL_RANK_WELL_a0.4,16,100,1600,16,0,16,1,1.0,1,0,1,2,0,1,0,0,1,40
FULL_RANK_WELL_a0.4,16,200,3200,16,0,16,1,1.0,1,0,1,2,0,1,0,0,1,40
FULL_RANK_WELL_a0.4,16,500,8000,16,0,16,1,1.0,1,0,1,2,0,1,0,0,1,40
FULL_RANK_WELL_a0.4,16,1000,16000,16,0,16,1,1.0,1,0,1,2,0,1,0,0,1,40
FULL_RANK_WELL_a0.4,16,5000,80000,16,0,16,1,1.0,1,0,1,2,0,1,0,0,1,40
FULL_RANK_WELL_a0.4,16,50,800,16,0,16,1,1.0,1,0,1,2,0,1,0,0,1,41
FULL_RANK_WELL_a0.4,16,100,1600,16,0,16,1,1.0,1,0,1,2,0,1,0,0,1,41
FULL_RANK_WELL_a0.4,16,200,3200,16,0,16,1,1.0,1,0,1,3,0,1,0,0,1,41
FULL_RANK_WELL_a0.4,16,500,8000,16,0,16,1,1.0,1,0,1,2,0,1,0,0,1,41
FULL_RANK_WELL_a0.4,16,1000,16000,16,0,16,1,1.0,1,0,1,2,0,1,0,0,1,41
FULL_RANK_WELL_a0.4,16,5000,80000,16,0,16,1,1.0,1,0,1,2,0,1,0,0,1,41
FULL_RANK_WELL_a0.4,16,50,800,16,0,16,1,1.0,1,0,1,3,0,1,0,0,1,42
FULL_RANK_WELL_a0.4,16,100,1600,16,0,16,1,1.0,1,0,1,2,0,1,0,0,1,42
FULL_RANK_WELL_a0.4,16,200,3200,16,0,16,1,1.0,1,0,1,2,0,1,0,0,1,42
FULL_RANK_WELL_a0.4,16,500,8000,16,0,16,1,1.0,1,0,1,2,0,1,0,0,1,42
FULL_RANK_WELL_a0.4,16,1000,16000,16,0,16,1,1.0,1,0,1,2,0,1,0,0,1,42
FULL_RANK_WELL_a0.4,16,5000,80000,16,0,16,1,1.0,1,0,1,2,0,1,0,0,1,42
FULL_RANK_WELL_a0.4,16,50,800,16,0,16,1,1.0,1,0,1,2,0,1,0,0,1,43
FULL_RANK_WELL_a0.4,16,100,1600,16,0,16,1,1.0,1,0,1,2,0,1,0,0,1,43
FULL_RANK_WELL_a0.4,16,200,3200,16,0,16,1,1.0,1,0,1,2,0,1,0,0,1,43
FULL_RANK_WELL_a0.4,16,500,8000,16,0,16,1,1.0,1,0,1,2,0,1,0,0,1,43
FULL_RANK_WELL_a0.4,16,1000,16000,16,0,16,1,1.0,1,0,1,2,0,1,0,0,1,43
FULL_RANK_WELL_a0.4,16,5000,80000,16,0,16,1,1.0,1,0,1,2,0,1,0,0,1,43
FULL_RANK_WELL_a0.4,16,50,800,16,0,16,1,1.0,1,0,1,3,0,1,0,0,1,44
FULL_RANK_WELL_a0.4,16,100,1600,16,0,16,1,1.0,1,0,1,2,0,1,0,0,1,44
FULL_RANK_WELL_a0.4,16,200,3200,16,0,16,1,1.0,1,0,1,2,0,1,0,0,1,44
FULL_RANK_WELL_a0.4,16,500,8000,16,0,16,1,1.0,1,0,1,2,0,1,0,0,1,44
FULL_RANK_WELL_a0.4,16,1000,16000,16,0,16,1,1.0,1,0,1,2,0,1,0,0,1,44
FULL_RANK_WELL_a0.4,16,5000,80000,16,0,16,1,1.0,1,0,1,2,0,1,0,0,1,44
FULL_RANK_WELL_a0.4,16,50,800,16,0,16,1,1.0,1,0,1,2,0,1,0,0,1,45
FULL_RANK_WELL_a0.4,16,100,1600,16,0,16,1,1.0,1,0,1,2,0,1,0,0,1,45
FULL_RANK_WELL_a0.4,16,200,3200,16,0,16,1,1.0,1,0,1,2,0,1,0,0,1,45
FULL_RANK_WELL_a0.4,16,500,8000,16,0,16,1,1.0,1,0,1,2,0,1,0,0,1,45
FULL_RANK_WELL_a0.4,16,1000,16000,16,0,16,1,1.0,1,0,1,2,0,1,0,0,1,45
FULL_RANK_WELL_a0.4,16,5000,80000,16,0,16,1,1.0,1,0,1,2,0,1,0,0,1,45
FULL_RANK_WELL_a0.4,16,50,800,16,0,16,1,1.0,1,0,1,3,0,1,0,0,1,46
FULL_RANK_WELL_a0.4,16,100,1600,16,0,16,1,1.0,1,0,1,2,0,1,0,0,1,46
FULL_RANK_WELL_a0.4,16,200,3200,16,0,16,1,1.0,1,0,1,2,0,1,0,0,1,46
FULL_RANK_WELL_a0.4,16,500,8000,16,0,16,1,1.0,1,0,1,2,0,1,0,0,1,46
FULL_RANK_WELL_a0.4,16,1000,16000,16,0,16,1,1.0,1,0,1,2,0,1,0,0,1,46
FULL_RANK_WELL_a0.4,16,5000,80000,16,0,16,1,1.0,1,0,1,2,0,1,0,0,1,46
FULL_RANK_WELL_a0.4,16,50,800,16,0,16,1,1.0,1,0,1,2,0,1,0,0,1,47
FULL_RANK_WELL_a0.4,16,100,1600,16,0,16,1,1.0,1,0,1,2,0,1,0,0,1,47
FULL_RANK_WELL_a0.4,16,200,3200,16,0,16,1,1.0,1,0,1,2,0,1,0,0,1,47
FULL_RANK_WELL_a0.4,16,500,8000,16,0,16,1,1.0,1,0,1,2,0,1,0,0,1,47
FULL_RANK_WELL_a0.4,16,1000,16000,16,0,16,1,1.0,1,0,1,2,0,1,0,0,1,47
FULL_RANK_WELL_a0.4,16,5000,80000,16,0,16,1,1.0,1,0,1,2,0,1,0,0,1,47
FULL_RANK_WELL_a0.4,16,50,800,16,0,16,1,1.0,1,0,1,2,0,1,0,0,1,48
FULL_RANK_WELL_a0.4,16,100,1600,16,0,16,1,1.0,1,0,1,2,0,1,0,0,1,48
FULL_RANK_WELL_a0.4,16,200,3200,16,0,16,1,1.0,1,0,1,2,0,1,0,0,1,48
FULL_RANK_WELL_a0.4,16,500,8000,16,0,16,1,1.0,1,0,1,2,0,1,0,0,1,48
FULL_RANK_WELL_a0.4,16,1000,16000,16,0,16,1,1.0,1,0,1,2,0,1,0,0,1,48
FULL_RANK_WELL_a0.4,16,5000,80000,16,0,16,1,1.0,1,0,1,2,0,1,0,0,1,48
FULL_RANK_WELL_a0.4,16,50,800,16,0,16,1,1.0,1,0,1,2,0,1,0,0,1,49
FULL_RANK_WELL_a0.4,16,100,1600,16,0,16,1,1.0,1,0,1,2,0,1,0,0,1,49
FULL_RANK_WELL_a0.4,16,200,3200,16,0,16,1,1.0,1,0,1,2,0,1,0,0,1,49
FULL_RANK_WELL_a0.4,16,500,8000,16,0,16,1,1.0,1,0,1,2,0,1,0,0,1,49
FULL_RANK_WELL_a0.4,16,1000,16000,16,0,16,1,1.0,1,0,1,2,0,1,0,0,1,49
FULL_RANK_WELL_a0.4,16,5000,80000,16,0,16,1,1.0,1,0,1,2,0,1,0,0,1,49
FULL_RANK_WELL_a0.4,16,50,800,16,0,16,1,1.0,1,0,1,2,0,1,0,0,1,50
FULL_RANK_WELL_a0.4,16,100,1600,16,0,16,1,1.0,1,0,1,3,0,1,0,0,1,50
FULL_RANK_WELL_a0.4,16,200,3200,16,0,16,1,1.0,1,0,1,2,0,1,0,0,1,50
FULL_RANK_WELL_a0.4,16,500,8000,16,0,16,1,1.0,1,0,1,2,0,1,0,0,1,50
FULL_RANK_WELL_a0.4,16,1000,16000,16,0,16,1,1.0,1,0,1,2,0,1,0,0,1,50
FULL_RANK_WELL_a0.4,16,5000,80000,16,0,16,1,1.0,1,0,1,2,0,1,0,0,1,50
FULL_RANK_WELL_a0.4,16,50,800,16,0,16,1,1.0,1,0,1,2,0,1,0,0,1,51
FULL_RANK_WELL_a0.4,16,100,1600,16,0,16,1,1.0,1,0,1,3,0,1,0,0,1,51
FULL_RANK_WELL_a0.4,16,200,3200,16,0,16,1,1.0,1,0,1,2,0,1,0,0,1,51
FULL_RANK_WELL_a0.4,16,500,8000,16,0,16,1,1.0,1,0,1,2,0,1,0,0,1,51
FULL_RANK_WELL_a0.4,16,1000,16000,16,0,16,1,1.0,1,0,1,2,0,1,0,0,1,51
FULL_RANK_WELL_a0.4,16,5000,80000,16,0,16,1,1.0,1,0,1,2,0,1,0,0,1,51
FULL_RANK_WELL_a0.4,16,50,800,16,0,16,1,1.0,1,0,1,2,0,1,0,0,1,52
FULL_RANK_WELL_a0.4,16,100,1600,16,0,16,1,1.0,1,0,1,2,0,1,0,0,1,52
FULL_RANK_WELL_a0.4,16,200,3200,16,0,16,1,1.0,1,0,1,2,0,1,0,0,1,52
FULL_RANK_WELL_a0.4,16,500,8000,16,0,16,1,1.0,1,0,1,2,0,1,0,0,1,52
FULL_RANK_WELL_a0.4,16,1000,16000,16,0,16,1,1.0,1,0,1,2,0,1,0,0,1,52
FULL_RANK_WELL_a0.4,16,5000,80000,16,0,16,1,1.0,1,0,1,2,0,1,0,0,1,52
FULL_RANK_WELL_a0.4,16,50,800,16,0,16,1,1.0,1,0,1,3,0,1,0,0,1,53
FULL_RANK_WELL_a0.4,16,100,1600,16,0,16,1,1.0,1,0,1,3,0,1,0,0,1,53
FULL_RANK_WELL_a0.4,16,200,3200,16,0,16,1,1.0,1,0,1,2,0,1,0,0,1,53
FULL_RANK_WELL_a0.4,16,500,8000,16,0,16,1,1.0,1,0,1,2,0,1,0,0,1,53
FULL_RANK_WELL_a0.4,16,1000,16000,16,0,16,1,1.0,1,0,1,2,0,1,0,0,1,53
FULL_RANK_WELL_a0.4,16,5000,80000,16,0,16,1,1.0,1,0,1,2,0,1,0,0,1,53
FULL_RANK_WELL_a0.4,16,50,800,16,0,16,1,1.0,1,0,1,2,0,1,0,0,1,54
FULL_RANK_WELL_a0.4,16,100,1600,16,0,16,1,1.0,1,0,1,2,0,1,0,0,1,54
FULL_RANK_WELL_a0.4,16,200,3200,16,0,16,1,1.0,1,0,1,2,0,1,0,0,1,54
FULL_RANK_WELL_a0.4,16,500,8000,16,0,16,1,1.0,1,0,1,2,0,1,0,0,1,54
FULL_RANK_WELL_a0.4,16,1000,16000,16,0,16,1,1.0,1,0,1,2,0,1,0,0,1,54
FULL_RANK_WELL_a0.4,16,5000,80000,16,0,16,1,1.0,1,0,1,2,0,1,0,0,1,54
FULL_RANK_WELL_a0.4,16,50,800,16,0,16,1,1.0,1,0,1,2,0,1,0,0,1,55
FULL_RANK_WELL_a0.4,16,100,1600,16,0,16,1,1.0,1,0,1,4,0,1,0,0,1,55
FULL_RANK_WELL_a0.4,16,200,3200,16,0,16,1,1.0,1,0,1,2,0,1,0,0,1,55
FULL_RANK_WELL_a0.4,16,500,8000,16,0,16,1,1.0,1,0,1,2,0,1,0,0,1,55
FULL_RANK_WELL_a0.4,16,1000,16000,16,0,16,1,1.0,1,0,1,2,0,1,0,0,1,55
FULL_RANK_WELL_a0.4,16,5000,80000,16,0,16,1,1.0,1,0,1,2,0,1,0,0,1,55
FULL_RANK_WELL_a0.4,16,50,800,16,0,16,1,1.0,1,0,1,3,0,1,0,0,1,56
FULL_RANK_WELL_a0.4,16,100,1600,16,0,16,1,1.0,1,0,1,3,0,1,0,0,1,56
FULL_RANK_WELL_a0.4,16,200,3200,16,0,16,1,1.0,1,0,1,3,0,1,0,0,1,56
FULL_RANK_WELL_a0.4,16,500,8000,16,0,16,1,1.0,1,0,1,2,0,1,0,0,1,56
FULL_RANK_WELL_a0.4,16,1000,16000,16,0,16,1,1.0,1,0,1,2,0,1,0,0,1,56
FULL_RANK_WELL_a0.4,16,5000,80000,16,0,16,1,1.0,1,0,1,2,0,1,0,0,1,56
FULL_RANK_WELL_a0.4,16,50,800,16,0,16,1,1.0,1,0,1,3,0,1,0,0,1,57
FULL_RANK_WELL_a0.4,16,100,1600,16,0,16,1,1.0,1,0,1,2,0,1,0,0,1,57
FULL_RANK_WELL_a0.4,16,200,3200,16,0,16,1,1.0,1,0,1,2,0,1,0,0,1,57
FULL_RANK_WELL_a0.4,16,500,8000,16,0,16,1,1.0,1,0,1,2,0,1,0,0,1,57
FULL_RANK_WELL_a0.4,16,1000,16000,16,0,16,1,1.0,1,0,1,2,0,1,0,0,1,57
FULL_RANK_WELL_a0.4,16,5000,80000,16,0,16,1,1.0,1,0,1,2,0,1,0,0,1,57
FULL_RANK_WELL_a0.4,16,50,800,16,0,16,1,1.0,1,0,1,3,0,1,0,0,1,58
FULL_RANK_WELL_a0.4,16,100,1600,16,0,16,1,1.0,1,0,1,2,0,1,0,0,1,58
FULL_RANK_WELL_a0.4,16,200,3200,16,0,16,1,1.0,1,0,1,2,0,1,0,0,1,58
FULL_RANK_WELL_a0.4,16,500,8000,16,0,16,1,1.0,1,0,1,2,0,1,0,0,1,58
FULL_RANK_WELL_a0.4,16,1000,16000,16,0,16,1,1.0,1,0,1,2,0,1,0,0,1,58
FULL_RANK_WELL_a0.4,16,5000,80000,16,0,16,1,1.0,1,0,1,2,0,1,0,0,1,58
FULL_RANK_WELL_a0.4,16,50,800,16,0,16,1,1.0,1,0,1,3,0,1,0,0,1,59
FULL_RANK_WELL_a0.4,16,100,1600,16,0,16,1,1.0,1,0,1,2,0,1,0,0,1,59
FULL_RANK_WELL_a0.4,16,200,3200,16,0,16,1,1.0,1,0,1,2,0,1,0,0,1,59
FULL_RANK_WELL_a0.4,16,500,8000,16,0,16,1,1.0,1,0,1,2,0,1,0,0,1,59
FULL_RANK_WELL_a0.4,16,1000,16000,16,0,16,1,1.0,1,0,1,2,0,1,0,0,1,59
FULL_RANK_WELL_a0.4,16,5000,80000,16,0,16,1,1.0,1,0,1,2,0,1,0,0,1,59
FULL_RANK_WELL_a0.4,16,50,800,16,0,16,1,1.0,1,0,1,2,0,1,0,0,1,60
FULL_RANK_WELL_a0.4,16,100,1600,16,0,16,1,1.0,1,0,1,2,0,1,0,0,1,60
FULL_RANK_WELL_a0.4,16,200,3200,16,0,16,1,1.0,1,0,1,2,0,1,0,0,1,60
FULL_RANK_WELL_a0.4,16,500,8000,16,0,16,1,1.0,1,0,1,2,0,1,0,0,1,60
FULL_RANK_WELL_a0.4,16,1000,16000,16,0,16,1,1.0,1,0,1,2,0,1,0,0,1,60
FULL_RANK_WELL_a0.4,16,5000,80000,16,0,16,1,1.0,1,0,1,2,0,1,0,0,1,60
FULL_RANK_WELL_a0.4,16,50,800,16,0,16,1,1.0,1,0,1,2,0,1,0,0,1,61
FULL_RANK_WELL_a0.4,16,100,1600,16,0,16,1,1.0,1,0,1,2,0,1,0,0,1,61
FULL_RANK_WELL_a0.4,16,200,3200,16,0,16,1,1.0,1,0,1,3,0,1,0,0,1,61
FULL_RANK_WELL_a0.4,16,500,8000,16,0,16,1,1.0,1,0,1,2,0,1,0,0,1,61
FULL_RANK_WELL_a0.4,16,1000,16000,16,0,16,1,1.0,1,0,1,2,0,1,0,0,1,61
FULL_RANK_WELL_a0.4,16,5000,80000,16,0,16,1,1.0,1,0,1,2,0,1,0,0,1,61
FULL_RANK_WELL_a0.4,16,50,800,16,0,16,1,1.0,1,0,1,2,0,1,0,0,1,62
FULL_RANK_WELL_a0.4,16,100,1600,16,0,16,1,1.0,1,0,1,3,0,1,0,0,1,62
FULL_RANK_WELL_a0.4,16,200,3200,16,0,16,1,1.0,1,0,1,2,0,1,0,0,1,62
FULL_RANK_WELL_a0.4,16,500,8000,16,0,16,1,1.0,1,0,1,2,0,1,0,0,1,62
FULL_RANK_WELL_a0.4,16,1000,16000,16,0,16,1,1.0,1,0,1,2,0,1,0,0,1,62
FULL_RANK_WELL_a0.4,16,5000,80000,16,0,16,1,1.0,1,0,1,2,0,1,0,0,1,62
FULL_RANK_WELL_a0.4,16,50,800,16,0,16,1,1.0,1,0,1,2,0,1,0,0,1,63
FULL_RANK_WELL_a0.4,16,100,1600,16,0,16,1,1.0,1,0,1,2,0,1,0,0,1,63
FULL_RANK_WELL_a0.4,16,200,3200,16,0,16,1,1.0,1,0,1,2,0,1,0,0,1,63
FULL_RANK_WELL_a0.4,16,500,8000,16,0,16,1,1.0,1,0,1,2,0,1,0,0,1,63
FULL_RANK_WELL_a0.4,16,1000,16000,16,0,16,1,1.0,1,0,1,2,0,1,0,0,1,63
FULL_RANK_WELL_a0.4,16,5000,80000,16,0,16,1,1.0,1,0,1,2,0,1,0,0,1,63
FULL_RANK_WELL_a0.4,16,50,800,16,0,16,1,1.0,1,0,1,2,0,1,0,0,1,64
FULL_RANK_WELL_a0.4,16,100,1600,16,0,16,1,1.0,1,0,1,3,0,1,0,0,1,64
FULL_RANK_WELL_a0.4,16,200,3200,16,0,16,1,1.0,1,0,1,2,0,1,0,0,1,64
FULL_RANK_WELL_a0.4,16,500,8000,16,0,16,1,1.0,1,0,1,2,0,1,0,0,1,64
FULL_RANK_WELL_a0.4,16,1000,16000,16,0,16,1,1.0,1,0,1,2,0,1,0,0,1,64
FULL_RANK_WELL_a0.4,16,5000,80000,16,0,16,1,1.0,1,0,1,2,0,1,0,0,1,64
FULL_RANK_WELL_a0.4,16,50,800,16,0,16,1,1.0,1,0,1,2,0,1,0,0,1,65
FULL_RANK_WELL_a0.4,16,100,1600,16,0,16,1,1.0,1,0,1,2,0,1,0,0,1,65
FULL_RANK_WELL_a0.4,16,200,3200,16,0,16,1,1.0,1,0,1,2,0,1,0,0,1,65
FULL_RANK_WELL_a0.4,16,500,8000,16,0,16,1,1.0,1,0,1,2,0,1,0,0,1,65
FULL_RANK_WELL_a0.4,16,1000,16000,16,0,16,1,1.0,1,0,1,2,0,1,0,0,1,65
FULL_RANK_WELL_a0.4,16,5000,80000,16,0,16,1,1.0,1,0,1,2,0,1,0,0,1,65
FULL_RANK_WELL_a0.4,16,50,800,16,0,16,1,1.0,1,0,1,2,0,1,0,0,1,66
FULL_RANK_WELL_a0.4,16,100,1600,16,0,16,1,1.0,1,0,1,2,0,1,0,0,1,66
FULL_RANK_WELL_a0.4,16,200,3200,16,0,16,1,1.0,1,0,1,2,0,1,0,0,1,66
FULL_RANK_WELL_a0.4,16,500,8000,16,0,16,1,1.0,1,0,1,2,0,1,0,0,1,66
FULL_RANK_WELL_a0.4,16,1000,16000,16,0,16,1,1.0,1,0,1,2,0,1,0,0,1,66
FULL_RANK_WELL_a0.4,16,5000,80000,16,0,16,1,1.0,1,0,1,2,0,1,0,0,1,66
FULL_RANK_WELL_a0.4,16,50,800,16,0,16,1,1.0,1,0,1,2,0,1,0,0,1,67
FULL_RANK_WELL_a0.4,16,100,1600,16,0,16,1,1.0,1,0,1,2,0,1,0,0,1,67
FULL_RANK_WELL_a0.4,16,200,3200,16,0,16,1,1.0,1,0,1,2,0,1,0,0,1,67
FULL_RANK_WELL_a0.4,16,500,8000,16,0,16,1,1.0,1,0,1,2,0,1,0,0,1,67
FULL_RANK_WELL_a0.4,16,1000,16000,16,0,16,1,1.0,1,0,1,2,0,1,0,0,1,67
FULL_RANK_WELL_a0.4,16,5000,80000,16,0,16,1,1.0,1,0,1,2,0,1,0,0,1,67
FULL_RANK_WELL_a0.4,16,50,800,16,0,16,1,1.0,1,0,1,3,0,1,0,0,1,68
FULL_RANK_WELL_a0.4,16,100,1600,16,0,16,1,1.0,1,0,1,2,0,1,0,0,1,68
FULL_RANK_WELL_a0.4,16,200,3200,16,0,16,1,1.0,1,0,1,2,0,1,0,0,1,68
FULL_RANK_WELL_a0.4,16,500,8000,16,0,16,1,1.0,1,0,1,2,0,1,0,0,1,68
FULL_RANK_WELL_a0.4,16,1000,16000,16,0,16,1,1.0,1,0,1,2,0,1,0,0,1,68
FULL_RANK_WELL_a0.4,16,5000,80000,16,0,16,1,1.0,1,0,1,2,0,1,0,0,1,68
FULL_RANK_WELL_a0.4,16,50,800,16,0,16,1,1.0,1,0,1,2,0,1,0,0,1,69
FULL_RANK_WELL_a0.4,16,100,1600,16,0,16,1,1.0,1,0,1,2,0,1,0,0,1,69
FULL_RANK_WELL_a0.4,16,200,3200,16,0,16,1,1.0,1,0,1,2,0,1,0,0,1,69
FULL_RANK_WELL_a0.4,16,500,8000,16,0,16,1,1.0,1,0,1,2,0,1,0,0,1,69
FULL_RANK_WELL_a0.4,16,1000,16000,16,0,16,1,1.0,1,0,1,2,0,1,0,0,1,69
FULL_RANK_WELL_a0.4,16,5000,80000,16,0,16,1,1.0,1,0,1,2,0,1,0,0,1,69
FULL_RANK_WELL_a0.4,16,50,800,16,0,16,1,1.0,1,0,1,2,0,1,0,0,1,70
FULL_RANK_WELL_a0.4,16,100,1600,16,0,16,1,1.0,1,0,1,2,0,1,0,0,1,70
FULL_RANK_WELL_a0.4,16,200,3200,16,0,16,1,1.0,1,0,1,3,0,1,0,0,1,70
FULL_RANK_WELL_a0.4,16,500,8000,16,0,16,1,1.0,1,0,1,2,0,1,0,0,1,70
FULL_RANK_WELL_a0.4,16,1000,16000,16,0,16,1,1.0,1,0,1,2,0,1,0,0,1,70
FULL_RANK_WELL_a0.4,16,5000,80000,16,0,16,1,1.0,1,0,1,2,0,1,0,0,1,70
FULL_RANK_WELL_a0.4,16,50,800,16,0,16,1,1.0,1,0,1,3,0,1,0,0,1,71
FULL_RANK_WELL_a0.4,16,100,1600,16,0,16,1,1.0,1,0,1,2,0,1,0,0,1,71
FULL_RANK_WELL_a0.4,16,200,3200,16,0,16,1,1.0,1,0,1,2,0,1,0,0,1,71
FULL_RANK_WELL_a0.4,16,500,8000,16,0,16,1,1.0,1,0,1,2,0,1,0,0,1,71
FULL_RANK_WELL_a0.4,16,1000,16000,16,0,16,1,1.0,1,0,1,2,0,1,0,0,1,71
FULL_RANK_WELL_a0.4,16,5000,80000,16,0,16,1,1.0,1,0,1,2,0,1,0,0,1,71
FULL_RANK_WELL_a0.4,16,50,800,16,0,16,1,1.0,1,0,1,3,0,1,0,0,1,72
FULL_RANK_WELL_a0.4,16,100,1600,16,0,16,1,1.0,1,0,1,2,0,1,0,0,1,72
FULL_RANK_WELL_a0.4,16,200,3200,16,0,16,1,1.0,1,0,1,3,0,1,0,0,1,72
FULL_RANK_WELL_a0.4,16,500,8000,16,0,16,1,1.0,1,0,1,2,0,1,0,0,1,72
FULL_RANK_WELL_a0.4,16,1000,16000,16,0,16,1,1.0,1,0,1,2,0,1,0,0,1,72
FULL_RANK_WELL_a0.4,16,5000,80000,16,0,16,1,1.0,1,0,1,2,0,1,0,0,1,72
FULL_RANK_WELL_a0.4,16,50,800,16,0,16,1,1.0,1,0,1,3,0,1,0,0,1,73
FULL_RANK_WELL_a0.4,16,100,1600,16,0,16,1,1.0,1,0,1,2,0,1,0,0,1,73
FULL_RANK_WELL_a0.4,16,200,3200,16,0,16,1,1.0,1,0,1,2,0,1,0,0,1,73
FULL_RANK_WELL_a0.4,16,500,8000,16,0,16,1,1.0,1,0,1,2,0,1,0,0,1,73
FULL_RANK_WELL_a0.4,16,1000,16000,16,0,16,1,1.0,1,0,1,2,0,1,0,0,1,73
FULL_RANK_WELL_a0.4,16,5000,80000,16,0,16,1,1.0,1,0,1,2,0,1,0,0,1,73
FULL_RANK_WELL_a0.4,16,50,800,16,0,16,1,1.0,1,0,1,2,0,1,0,0,1,74
FULL_RANK_WELL_a0.4,16,100,1600,16,0,16,1,1.0,1,0,1,2,0,1,0,0,1,74
FULL_RANK_WELL_a0.4,16,200,3200,16,0,16,1,1.0,1,0,1,2,0,1,0,0,1,74
FULL_RANK_WELL_a0.4,16,500,8000,16,0,16,1,1.0,1,0,1,2,0,1,0,0,1,74
FULL_RANK_WELL_a0.4,16,1000,16000,16,0,16,1,1.0,1,0,1,2,0,1,0,0,1,74
FULL_RANK_WELL_a0.4,16,5000,80000,16,0,16,1,1.0,1,0,1,2,0,1,0,0,1,74
FULL_RANK_WELL_a0.4,16,50,800,16,0,16,1,1.0,1,0,1,4,0,1,0,0,1,75
FULL_RANK_WELL_a0.4,16,100,1600,16,0,16,1,1.0,1,0,1,2,0,1,0,0,1,75
FULL_RANK_WELL_a0.4,16,200,3200,16,0,16,1,1.0,1,0,1,2,0,1,0,0,1,75
FULL_RANK_WELL_a0.4,16,500,8000,16,0,16,1,1.0,1,0,1,2,0,1,0,0,1,75
FULL_RANK_WELL_a0.4,16,1000,16000,16,0,16,1,1.0,1,0,1,2,0,1,0,0,1,75
FULL_RANK_WELL_a0.4,16,5000,80000,16,0,16,1,1.0,1,0,1,2,0,1,0,0,1,75
FULL_RANK_WELL_a0.4,16,50,800,16,0,16,1,1.0,1,0,1,3,0,1,0,0,1,76
FULL_RANK_WELL_a0.4,16,100,1600,16,0,16,1,1.0,1,0,1,4,0,1,0,0,1,76
FULL_RANK_WELL_a0.4,16,200,3200,16,0,16,1,1.0,1,0,1,2,0,1,0,0,1,76
FULL_RANK_WELL_a0.4,16,500,8000,16,0,16,1,1.0,1,0,1,2,0,1,0,0,1,76
FULL_RANK_WELL_a0.4,16,1000,16000,16,0,16,1,1.0,1,0,1,2,0,1,0,0,1,76
FULL_RANK_WELL_a0.4,16,5000,80000,16,0,16,1,1.0,1,0,1,2,0,1,0,0,1,76
FULL_RANK_WELL_a0.4,16,50,800,16,0,16,1,1.0,1,0,1,2,0,1,0,0,1,77
FULL_RANK_WELL_a0.4,16,100,1600,16,0,16,1,1.0,1,0,1,2,0,1,0,0,1,77
FULL_RANK_WELL_a0.4,16,200,3200,16,0,16,1,1.0,1,0,1,2,0,1,0,0,1,77
FULL_RANK_WELL_a0.4,16,500,8000,16,0,16,1,1.0,1,0,1,3,0,1,0,0,1,77
FULL_RANK_WELL_a0.4,16,1000,16000,16,0,16,1,1.0,1,0,1,2,0,1,0,0,1,77
FULL_RANK_WELL_a0.4,16,5000,80000,16,0,16,1,1.0,1,0,1,2,0,1,0,0,1,77
FULL_RANK_WELL_a0.4,16,50,800,16,0,16,1,1.0,1,0,1,2,0,1,0,0,1,78
FULL_RANK_WELL_a0.4,16,100,1600,16,0,16,1,1.0,1,0,1,2,0,1,0,0,1,78
FULL_RANK_WELL_a0.4,16,200,3200,16,0,16,1,1.0,1,0,1,2,0,1,0,0,1,78
FULL_RANK_WELL_a0.4,16,500,8000,16,0,16,1,1.0,1,0,1,2,0,1,0,0,1,78
FULL_RANK_WELL_a0.4,16,1000,16000,16,0,16,1,1.0,1,0,1,2,0,1,0,0,1,78
FULL_RANK_WELL_a0.4,16,5000,80000,16,0,16,1,1.0,1,0,1,2,0,1,0,0,1,78
FULL_RANK_WELL_a0.4,16,50,800,16,0,16,1,1.0,1,0,1,3,0,1,0,0,1,79
FULL_RANK_WELL_a0.4,16,100,1600,16,0,16,1,1.0,1,0,1,2,0,1,0,0,1,79
FULL_RANK_WELL_a0.4,16,200,3200,16,0,16,1,1.0,1,0,1,2,0,1,0,0,1,79
FULL_RANK_WELL_a0.4,16,500,8000,16,0,16,1,1.0,1,0,1,2,0,1,0,0,1,79
FULL_RANK_WELL_a0.4,16,1000,16000,16,0,16,1,1.0,1,0,1,2,0,1,0,0,1,79
FULL_RANK_WELL_a0.4,16,5000,80000,16,0,16,1,1.0,1,0,1,2,0,1,0,0,1,79
FULL_RANK_WELL_a0.4,16,50,800,16,0,16,1,1.0,1,0,1,2,0,1,0,0,1,80
FULL_RANK_WELL_a0.4,16,100,1600,16,0,16,1,1.0,1,0,1,2,0,1,0,0,1,80
FULL_RANK_WELL_a0.4,16,200,3200,16,0,16,1,1.0,1,0,1,2,0,1,0,0,1,80
FULL_RANK_WELL_a0.4,16,500,8000,16,0,16,1,1.0,1,0,1,2,0,1,0,0,1,80
FULL_RANK_WELL_a0.4,16,1000,16000,16,0,16,1,1.0,1,0,1,2,0,1,0,0,1,80
FULL_RANK_WELL_a0.4,16,5000,80000,16,0,16,1,1.0,1,0,1,2,0,1,0,0,1,80
FULL_RANK_WELL_a0.4,16,50,800,16,0,16,1,1.0,1,0,1,2,0,1,0,0,1,81
FULL_RANK_WELL_a0.4,16,100,1600,16,0,16,1,1.0,1,0,1,2,0,1,0,0,1,81
FULL_RANK_WELL_a0.4,16,200,3200,16,0,16,1,1.0,1,0,1,2,0,1,0,0,1,81
FULL_RANK_WELL_a0.4,16,500,8000,16,0,16,1,1.0,1,0,1,2,0,1,0,0,1,81
FULL_RANK_WELL_a0.4,16,1000,16000,16,0,16,1,1.0,1,0,1,2,0,1,0,0,1,81
FULL_RANK_WELL_a0.4,16,5000,80000,16,0,16,1,1.0,1,0,1,2,0,1,0,0,1,81
FULL_RANK_WELL_a0.4,16,50,800,16,0,16,1,1.0,1,0,1,2,0,1,0,0,1,82
FULL_RANK_WELL_a0.4,16,100,1600,16,0,16,1,1.0,1,0,1,3,0,1,0,0,1,82
FULL_RANK_WELL_a0.4,16,200,3200,16,0,16,1,1.0,1,0,1,2,0,1,0,0,1,82
FULL_RANK_WELL_a0.4,16,500,8000,16,0,16,1,1.0,1,0,1,2,0,1,0,0,1,82
FULL_RANK_WELL_a0.4,16,1000,16000,16,0,16,1,1.0,1,0,1,2,0,1,0,0,1,82
FULL_RANK_WELL_a0.4,16,5000,80000,16,0,16,1,1.0,1,0,1,2,0,1,0,0,1,82
FULL_RANK_WELL_a0.4,16,50,800,16,0,16,1,1.0,1,0,1,2,0,1,0,0,1,83
FULL_RANK_WELL_a0.4,16,100,1600,16,0,16,1,1.0,1,0,1,2,0,1,0,0,1,83
FULL_RANK_WELL_a0.4,16,200,3200,16,0,16,1,1.0,1,0,1,2,0,1,0,0,1,83
FULL_RANK_WELL_a0.4,16,500,8000,16,0,16,1,1.0,1,0,1,2,0,1,0,0,1,83
FULL_RANK_WELL_a0.4,16,1000,16000,16,0,16,1,1.0,1,0,1,2,0,1,0,0,1,83
FULL_RANK_WELL_a0.4,16,5000,80000,16,0,16,1,1.0,1,0,1,2,0,1,0,0,1,83
FULL_RANK_WELL_a0.4,16,50,800,16,0,16,1,1.0,1,0,1,2,0,1,0,0,1,84
FULL_RANK_WELL_a0.4,16,100,1600,16,0,16,1,1.0,1,0,1,2,0,1,0,0,1,84
FULL_RANK_WELL_a0.4,16,200,3200,16,0,16,1,1.0,1,0,1,2,0,1,0,0,1,84
FULL_RANK_WELL_a0.4,16,500,8000,16,0,16,1,1.0,1,0,1,2,0,1,0,0,1,84
FULL_RANK_WELL_a0.4,16,1000,16000,16,0,16,1,1.0,1,0,1,2,0,1,0,0,1,84
FULL_RANK_WELL_a0.4,16,5000,80000,16,0,16,1,1.0,1,0,1,2,0,1,0,0,1,84
FULL_RANK_WELL_a0.4,16,50,800,16,0,16,1,1.0,1,0,1,3,0,1,0,0,1,85
FULL_RANK_WELL_a0.4,16,100,1600,16,0,16,1,1.0,1,0,1,2,0,1,0,0,1,85
FULL_RANK_WELL_a0.4,16,200,3200,16,0,16,1,1.0,1,0,1,3,0,1,0,0,1,85
FULL_RANK_WELL_a0.4,16,500,8000,16,0,16,1,1.0,1,0,1,2,0,1,0,0,1,85
FULL_RANK_WELL_a0.4,16,1000,16000,16,0,16,1,1.0,1,0,1,2,0,1,0,0,1,85
FULL_RANK_WELL_a0.4,16,5000,80000,16,0,16,1,1.0,1,0,1,2,0,1,0,0,1,85
FULL_RANK_WELL_a0.4,16,50,800,16,0,16,1,1.0,1,0,1,3,0,1,0,0,1,86
FULL_RANK_WELL_a0.4,16,100,1600,16,0,16,1,1.0,1,0,1,2,0,1,0,0,1,86
FULL_RANK_WELL_a0.4,16,200,3200,16,0,16,1,1.0,1,0,1,2,0,1,0,0,1,86
FULL_RANK_WELL_a0.4,16,500,8000,16,0,16,1,1.0,1,0,1,2,0,1,0,0,1,86
FULL_RANK_WELL_a0.4,16,1000,16000,16,0,16,1,1.0,1,0,1,2,0,1,0,0,1,86
FULL_RANK_WELL_a0.4,16,5000,80000,16,0,16,1,1.0,1,0,1,2,0,1,0,0,1,86
FULL_RANK_WELL_a0.4,16,50,800,16,0,16,1,1.0,1,0,1,3,0,1,0,0,1,87
FULL_RANK_WELL_a0.4,16,100,1600,16,0,16,1,1.0,1,0,1,2,0,1,0,0,1,87
FULL_RANK_WELL_a0.4,16,200,3200,16,0,16,1,1.0,1,0,1,2,0,1,0,0,1,87
FULL_RANK_WELL_a0.4,16,500,8000,16,0,16,1,1.0,1,0,1,2,0,1,0,0,1,87
FULL_RANK_WELL_a0.4,16,1000,16000,16,0,16,1,1.0,1,0,1,2,0,1,0,0,1,87
FULL_RANK_WELL_a0.4,16,5000,80000,16,0,16,1,1.0,1,0,1,2,0,1,0,0,1,87
FULL_RANK_WELL_a0.4,16,50,800,16,0,16,1,1.0,1,0,1,3,0,1,0,0,1,88
FULL_RANK_WELL_a0.4,16,100,1600,16,0,16,1,1.0,1,0,1,2,0,1,0,0,1,88
FULL_RANK_WELL_a0.4,16,200,3200,16,0,16,1,1.0,1,0,1,2,0,1,0,0,1,88
FULL_RANK_WELL_a0.4,16,500,8000,16,0,16,1,1.0,1,0,1,2,0,1,0,0,1,88
FULL_RANK_WELL_a0.4,16,1000,16000,16,0,16,1,1.0,1,0,1,2,0,1,0,0,1,88
FULL_RANK_WELL_a0.4,16,5000,80000,16,0,16,1,1.0,1,0,1,2,0,1,0,0,1,88
FULL_RANK_WELL_a0.4,16,50,800,16,0,16,1,1.0,1,0,1,4,0,1,0,0,1,89
FULL_RANK_WELL_a0.4,16,100,1600,16,0,16,1,1.0,1,0,1,2,0,1,0,0,1,89
FULL_RANK_WELL_a0.4,16,200,3200,16,0,16,1,1.0,1,0,1,2,0,1,0,0,1,89
FULL_RANK_WELL_a0.4,16,500,8000,16,0,16,1,1.0,1,0,1,2,0,1,0,0,1,89
FULL_RANK_WELL_a0.4,16,1000,16000,16,0,16,1,1.0,1,0,1,2,0,1,0,0,1,89
FULL_RANK_WELL_a0.4,16,5000,80000,16,0,16,1,1.0,1,0,1,2,0,1,0,0,1,89
FULL_RANK_WELL_a0.4,16,50,800,16,0,16,1,1.0,1,0,1,2,0,1,0,0,1,90
FULL_RANK_WELL_a0.4,16,100,1600,16,0,16,1,1.0,1,0,1,2,0,1,0,0,1,90
FULL_RANK_WELL_a0.4,16,200,3200,16,0,16,1,1.0,1,0,1,2,0,1,0,0,1,90
FULL_RANK_WELL_a0.4,16,500,8000,16,0,16,1,1.0,1,0,1,2,0,1,0,0,1,90
FULL_RANK_WELL_a0.4,16,1000,16000,16,0,16,1,1.0,1,0,1,2,0,1,0,0,1,90
FULL_RANK_WELL_a0.4,16,5000,80000,16,0,16,1,1.0,1,0,1,2,0,1,0,0,1,90
FULL_RANK_WELL_a0.4,16,50,800,16,0,16,1,1.0,1,0,1,3,0,1,0,0,1,91
FULL_RANK_WELL_a0.4,16,100,1600,16,0,16,1,1.0,1,0,1,2,0,1,0,0,1,91
FULL_RANK_WELL_a0.4,16,200,3200,16,0,16,1,1.0,1,0,1,2,0,1,0,0,1,91
FULL_RANK_WELL_a0.4,16,500,8000,16,0,16,1,1.0,1,0,1,2,0,1,0,0,1,91
FULL_RANK_WELL_a0.4,16,1000,16000,16,0,16,1,1.0,1,0,1,2,0,1,0,0,1,91
FULL_RANK_WELL_a0.4,16,5000,80000,16,0,16,1,1.0,1,0,1,2,0,1,0,0,1,91
FULL_RANK_WELL_a0.4,16,50,800,16,0,16,1,1.0,1,0,1,4,0,1,0,0,1,92
FULL_RANK_WELL_a0.4,16,100,1600,16,0,16,1,1.0,1,0,1,2,0,1,0,0,1,92
FULL_RANK_WELL_a0.4,16,200,3200,16,0,16,1,1.0,1,0,1,2,0,1,0,0,1,92
FULL_RANK_WELL_a0.4,16,500,8000,16,0,16,1,1.0,1,0,1,2,0,1,0,0,1,92
FULL_RANK_WELL_a0.4,16,1000,16000,16,0,16,1,1.0,1,0,1,2,0,1,0,0,1,92
FULL_RANK_WELL_a0.4,16,5000,80000,16,0,16,1,1.0,1,0,1,2,0,1,0,0,1,92
FULL_RANK_WELL_a0.4,16,50,800,16,0,16,1,1.0,1,0,1,2,0,1,0,0,1,93
FULL_RANK_WELL_a0.4,16,100,1600,16,0,16,1,1.0,1,0,1,4,0,1,0,0,1,93
FULL_RANK_WELL_a0.4,16,200,3200,16,0,16,1,1.0,1,0,1,2,0,1,0,0,1,93
FULL_RANK_WELL_a0.4,16,500,8000,16,0,16,1,1.0,1,0,1,2,0,1,0,0,1,93
FULL_RANK_WELL_a0.4,16,1000,16000,16,0,16,1,1.0,1,0,1,2,0,1,0,0,1,93
FULL_RANK_WELL_a0.4,16,5000,80000,16,0,16,1,1.0,1,0,1,2,0,1,0,0,1,93
FULL_RANK_WELL_a0.4,16,50,800,16,0,16,1,1.0,1,0,1,2,0,1,0,0,1,94
FULL_RANK_WELL_a0.4,16,100,1600,16,0,16,1,1.0,1,0,1,2,0,1,0,0,1,94
FULL_RANK_WELL_a0.4,16,200,3200,16,0,16,1,1.0,1,0,1,2,0,1,0,0,1,94
FULL_RANK_WELL_a0.4,16,500,8000,16,0,16,1,1.0,1,0,1,2,0,1,0,0,1,94
FULL_RANK_WELL_a0.4,16,1000,16000,16,0,16,1,1.0,1,0,1,2,0,1,0,0,1,94
FULL_RANK_WELL_a0.4,16,5000,80000,16,0,16,1,1.0,1,0,1,2,0,1,0,0,1,94
FULL_RANK_WELL_a0.4,16,50,800,16,0,16,1,1.0,1,0,1,2,0,1,0,0,1,95
FULL_RANK_WELL_a0.4,16,100,1600,16,0,16,1,1.0,1,0,1,2,0,1,0,0,1,95
FULL_RANK_WELL_a0.4,16,200,3200,16,0,16,1,1.0,1,0,1,2,0,1,0,0,1,95
FULL_RANK_WELL_a0.4,16,500,8000,16,0,16,1,1.0,1,0,1,3,0,1,0,0,1,95
FULL_RANK_WELL_a0.4,16,1000,16000,16,0,16,1,1.0,1,0,1,2,0,1,0,0,1,95
FULL_RANK_WELL_a0.4,16,5000,80000,16,0,16,1,1.0,1,0,1,2,0,1,0,0,1,95
FULL_RANK_WELL_a0.4,16,50,800,16,0,16,1,1.0,1,0,1,3,0,1,0,0,1,96
FULL_RANK_WELL_a0.4,16,100,1600,16,0,16,1,1.0,1,0,1,3,0,1,0,0,1,96
FULL_RANK_WELL_a0.4,16,200,3200,16,0,16,1,1.0,1,0,1,2,0,1,0,0,1,96
FULL_RANK_WELL_a0.4,16,500,8000,16,0,16,1,1.0,1,0,1,2,0,1,0,0,1,96
FULL_RANK_WELL_a0.4,16,1000,16000,16,0,16,1,1.0,1,0,1,2,0,1,0,0,1,96
FULL_RANK_WELL_a0.4,16,5000,80000,16,0,16,1,1.0,1,0,1,2,0,1,0,0,1,96
FULL_RANK_WELL_a0.4,16,50,800,16,0,16,1,1.0,1,0,1,3,0,1,0,0,1,97
FULL_RANK_WELL_a0.4,16,100,1600,16,0,16,1,1.0,1,0,1,3,0,1,0,0,1,97
FULL_RANK_WELL_a0.4,16,200,3200,16,0,16,1,1.0,1,0,1,2,0,1,0,0,1,97
FULL_RANK_WELL_a0.4,16,500,8000,16,0,16,1,1.0,1,0,1,2,0,1,0,0,1,97
FULL_RANK_WELL_a0.4,16,1000,16000,16,0,16,1,1.0,1,0,1,2,0,1,0,0,1,97
FULL_RANK_WELL_a0.4,16,5000,80000,16,0,16,1,1.0,1,0,1,2,0,1,0,0,1,97
FULL_RANK_WELL_a0.4,16,50,800,16,0,16,1,1.0,1,0,1,2,0,1,0,0,1,98
FULL_RANK_WELL_a0.4,16,100,1600,16,0,16,1,1.0,1,0,1,3,0,1,0,0,1,98
FULL_RANK_WELL_a0.4,16,200,3200,16,0,16,1,1.0,1,0,1,2,0,1,0,0,1,98
FULL_RANK_WELL_a0.4,16,500,8000,16,0,16,1,1.0,1,0,1,2,0,1,0,0,1,98
FULL_RANK_WELL_a0.4,16,1000,16000,16,0,16,1,1.0,1,0,1,2,0,1,0,0,1,98
FULL_RANK_WELL_a0.4,16,5000,80000,16,0,16,1,1.0,1,0,1,2,0,1,0,0,1,98
FULL_RANK_WELL_a0.4,16,50,800,16,0,16,1,1.0,1,0,1,2,0,1,0,0,1,99
FULL_RANK_WELL_a0.4,16,100,1600,16,0,16,1,1.0,1,0,1,2,0,1,0,0,1,99
FULL_RANK_WELL_a0.4,16,200,3200,16,0,16,1,1.0,1,0,1,2,0,1,0,0,1,99
FULL_RANK_WELL_a0.4,16,500,8000,16,0,16,1,1.0,1,0,1,2,0,1,0,0,1,99
FULL_RANK_WELL_a0.4,16,1000,16000,16,0,16,1,1.0,1,0,1,2,0,1,0,0,1,99
FULL_RANK_WELL_a0.4,16,5000,80000,16,0,16,1,1.0,1,0,1,2,0,1,0,0,1,99
FULL_RANK_WELL_a0.4,16,50,800,16,0,16,1,1.0,1,0,1,2,0,1,0,0,1,100
FULL_RANK_WELL_a0.4,16,100,1600,16,0,16,1,1.0,1,0,1,2,0,1,0,0,1,100
FULL_RANK_WELL_a0.4,16,200,3200,16,0,16,1,1.0,1,0,1,2,0,1,0,0,1,100
FULL_RANK_WELL_a0.4,16,500,8000,16,0,16,1,1.0,1,0,1,2,0,1,0,0,1,100
FULL_RANK_WELL_a0.4,16,1000,16000,16,0,16,1,1.0,1,0,1,2,0,1,0,0,1,100
FULL_RANK_WELL_a0.4,16,5000,80000,16,0,16,1,1.0,1,0,1,2,0,1,0,0,1,100
FULL_RANK_WELL_a0.4,16,50,800,16,0,16,1,1.0,1,0,1,4,0,1,0,0,1,101
FULL_RANK_WELL_a0.4,16,100,1600,16,0,16,1,1.0,1,0,1,2,0,1,0,0,1,101
FULL_RANK_WELL_a0.4,16,200,3200,16,0,16,1,1.0,1,0,1,2,0,1,0,0,1,101
FULL_RANK_WELL_a0.4,16,500,8000,16,0,16,1,1.0,1,0,1,2,0,1,0,0,1,101
FULL_RANK_WELL_a0.4,16,1000,16000,16,0,16,1,1.0,1,0,1,2,0,1,0,0,1,101
FULL_RANK_WELL_a0.4,16,5000,80000,16,0,16,1,1.0,1,0,1,2,0,1,0,0,1,101
FULL_RANK_WELL_a0.4,16,50,800,16,0,16,1,1.0,1,0,1,2,0,1,0,0,1,102
FULL_RANK_WELL_a0.4,16,100,1600,16,0,16,1,1.0,1,0,1,2,0,1,0,0,1,102
FULL_RANK_WELL_a0.4,16,200,3200,16,0,16,1,1.0,1,0,1,2,0,1,0,0,1,102
FULL_RANK_WELL_a0.4,16,500,8000,16,0,16,1,1.0,1,0,1,3,0,1,0,0,1,102
FULL_RANK_WELL_a0.4,16,1000,16000,16,0,16,1,1.0,1,0,1,2,0,1,0,0,1,102
FULL_RANK_WELL_a0.4,16,5000,80000,16,0,16,1,1.0,1,0,1,2,0,1,0,0,1,102
FULL_RANK_WELL_a0.4,16,50,800,16,0,16,1,1.0,1,0,1,3,0,1,0,0,1,103
FULL_RANK_WELL_a0.4,16,100,1600,16,0,16,1,1.0,1,0,1,3,0,1,0,0,1,103
FULL_RANK_WELL_a0.4,16,200,3200,16,0,16,1,1.0,1,0,1,2,0,1,0,0,1,103
FULL_RANK_WELL_a0.4,16,500,8000,16,0,16,1,1.0,1,0,1,2,0,1,0,0,1,103
FULL_RANK_WELL_a0.4,16,1000,16000,16,0,16,1,1.0,1,0,1,2,0,1,0,0,1,103
FULL_RANK_WELL_a0.4,16,5000,80000,16,0,16,1,1.0,1,0,1,2,0,1,0,0,1,103
FULL_RANK_WELL_a0.4,16,50,800,16,0,16,1,1.0,1,0,1,2,0,1,0,0,1,104
FULL_RANK_WELL_a0.4,16,100,1600,16,0,16,1,1.0,1,0,1,2,0,1,0,0,1,104
FULL_RANK_WELL_a0.4,16,200,3200,16,0,16,1,1.0,1,0,1,2,0,1,0,0,1,104
FULL_RANK_WELL_a0.4,16,500,8000,16,0,16,1,1.0,1,0,1,2,0,1,0,0,1,104
FULL_RANK_WELL_a0.4,16,1000,16000,16,0,16,1,1.0,1,0,1,2,0,1,0,0,1,104
FULL_RANK_WELL_a0.4,16,5000,80000,16,0,16,1,1.0,1,0,1,2,0,1,0,0,1,104
FULL_RANK_WELL_a0.4,16,50,800,16,0,16,1,1.0,1,0,1,2,0,1,0,0,1,105
FULL_RANK_WELL_a0.4,16,100,1600,16,0,16,1,1.0,1,0,1,2,0,1,0,0,1,105
FULL_RANK_WELL_a0.4,16,200,3200,16,0,16,1,1.0,1,0,1,2,0,1,0,0,1,105
FULL_RANK_WELL_a0.4,16,500,8000,16,0,16,1,1.0,1,0,1,2,0,1,0,0,1,105
FULL_RANK_WELL_a0.4,16,1000,16000,16,0,16,1,1.0,1,0,1,2,0,1,0,0,1,105
FULL_RANK_WELL_a0.4,16,5000,80000,16,0,16,1,1.0,1,0,1,2,0,1,0,0,1,105
FULL_RANK_WELL_a0.4,16,50,800,16,0,16,1,1.0,1,0,1,3,0,1,0,0,1,106
FULL_RANK_WELL_a0.4,16,100,1600,16,0,16,1,1.0,1,0,1,3,0,1,0,0,1,106
FULL_RANK_WELL_a0.4,16,200,3200,16,0,16,1,1.0,1,0,1,2,0,1,0,0,1,106
FULL_RANK_WELL_a0.4,16,500,8000,16,0,16,1,1.0,1,0,1,2,0,1,0,0,1,106
FULL_RANK_WELL_a0.4,16,1000,16000,16,0,16,1,1.0,1,0,1,2,0,1,0,0,1,106
FULL_RANK_WELL_a0.4,16,5000,80000,16,0,16,1,1.0,1,0,1,2,0,1,0,0,1,106
FULL_RANK_WELL_a0.4,16,50,800,16,0,16,1,1.0,1,0,1,2,0,1,0,0,1,107
FULL_RANK_WELL_a0.4,16,100,1600,16,0,16,1,1.0,1,0,1,3,0,1,0,0,1,107
FULL_RANK_WELL_a0.4,16,200,3200,16,0,16,1,1.0,1,0,1,2,0,1,0,0,1,107
FULL_RANK_WELL_a0.4,16,500,8000,16,0,16,1,1.0,1,0,1,2,0,1,0,0,1,107
FULL_RANK_WELL_a0.4,16,1000,16000,16,0,16,1,1.0,1,0,1,2,0,1,0,0,1,107
FULL_RANK_WELL_a0.4,16,5000,80000,16,0,16,1,1.0,1,0,1,2,0,1,0,0,1,107
FULL_RANK_WELL_a0.4,16,50,800,16,0,16,1,1.0,1,0,1,2,0,1,0,0,1,108
FULL_RANK_WELL_a0.4,16,100,1600,16,0,16,1,1.0,1,0,1,2,0,1,0,0,1,108
FULL_RANK_WELL_a0.4,16,200,3200,16,0,16,1,1.0,1,0,1,2,0,1,0,0,1,108
FULL_RANK_WELL_a0.4,16,500,8000,16,0,16,1,1.0,1,0,1,2,0,1,0,0,1,108
FULL_RANK_WELL_a0.4,16,1000,16000,16,0,16,1,1.0,1,0,1,2,0,1,0,0,1,108
FULL_RANK_WELL_a0.4,16,5000,80000,16,0,16,1,1.0,1,0,1,2,0,1,0,0,1,108
FULL_RANK_WELL_a0.4,16,50,800,16,0,16,1,1.0,1,0,1,2,0,1,0,0,1,109
FULL_RANK_WELL_a0.4,16,100,1600,16,0,16,1,1.0,1,0,1,3,0,1,0,0,1,109
FULL_RANK_WELL_a0.4,16,200,3200,16,0,16,1,1.0,1,0,1,2,0,1,0,0,1,109
FULL_RANK_WELL_a0.4,16,500,8000,16,0,16,1,1.0,1,0,1,2,0,1,0,0,1,109
FULL_RANK_WELL_a0.4,16,1000,16000,16,0,16,1,1.0,1,0,1,2,0,1,0,0,1,109
FULL_RANK_WELL_a0.4,16,5000,80000,16,0,16,1,1.0,1,0,1,2,0,1,0,0,1,109
FULL_RANK_WELL_a0.4,16,50,800,16,0,16,1,1.0,1,0,1,3,0,1,0,0,1,110
FULL_RANK_WELL_a0.4,16,100,1600,16,0,16,1,1.0,1,0,1,2,0,1,0,0,1,110
FULL_RANK_WELL_a0.4,16,200,3200,16,0,16,1,1.0,1,0,1,2,0,1,0,0,1,110
FULL_RANK_WELL_a0.4,16,500,8000,16,0,16,1,1.0,1,0,1,2,0,1,0,0,1,110
FULL_RANK_WELL_a0.4,16,1000,16000,16,0,16,1,1.0,1,0,1,2,0,1,0,0,1,110
FULL_RANK_WELL_a0.4,16,5000,80000,16,0,16,1,1.0,1,0,1,2,0,1,0,0,1,110
FULL_RANK_WELL_a0.4,16,50,800,16,0,16,1,1.0,1,0,1,2,0,1,0,0,1,111
FULL_RANK_WELL_a0.4,16,100,1600,16,0,16,1,1.0,1,0,1,3,0,1,0,0,1,111
FULL_RANK_WELL_a0.4,16,200,3200,16,0,16,1,1.0,1,0,1,2,0,1,0,0,1,111
FULL_RANK_WELL_a0.4,16,500,8000,16,0,16,1,1.0,1,0,1,2,0,1,0,0,1,111
FULL_RANK_WELL_a0.4,16,1000,16000,16,0,16,1,1.0,1,0,1,2,0,1,0,0,1,111
FULL_RANK_WELL_a0.4,16,5000,80000,16,0,16,1,1.0,1,0,1,2,0,1,0,0,1,111
FULL_RANK_WELL_a0.4,16,50,800,16,0,16,1,1.0,1,0,1,2,0,1,0,0,1,112
FULL_RANK_WELL_a0.4,16,100,1600,16,0,16,1,1.0,1,0,1,2,0,1,0,0,1,112
FULL_RANK_WELL_a0.4,16,200,3200,16,0,16,1,1.0,1,0,1,3,0,1,0,0,1,112
FULL_RANK_WELL_a0.4,16,500,8000,16,0,16,1,1.0,1,0,1,2,0,1,0,0,1,112
FULL_RANK_WELL_a0.4,16,1000,16000,16,0,16,1,1.0,1,0,1,2,0,1,0,0,1,112
FULL_RANK_WELL_a0.4,16,5000,80000,16,0,16,1,1.0,1,0,1,2,0,1,0,0,1,112
FULL_RANK_WELL_a0.4,16,50,800,16,0,16,1,1.0,1,0,1,2,0,1,0,0,1,113
FULL_RANK_WELL_a0.4,16,100,1600,16,0,16,1,1.0,1,0,1,2,0,1,0,0,1,113
FULL_RANK_WELL_a0.4,16,200,3200,16,0,16,1,1.0,1,0,1,2,0,1,0,0,1,113
FULL_RANK_WELL_a0.4,16,500,8000,16,0,16,1,1.0,1,0,1,2,0,1,0,0,1,113
FULL_RANK_WELL_a0.4,16,1000,16000,16,0,16,1,1.0,1,0,1,2,0,1,0,0,1,113
FULL_RANK_WELL_a0.4,16,5000,80000,16,0,16,1,1.0,1,0,1,2,0,1,0,0,1,113
FULL_RANK_WELL_a0.4,16,50,800,16,0,16,1,1.0,1,0,1,3,0,1,0,0,1,114
FULL_RANK_WELL_a0.4,16,100,1600,16,0,16,1,1.0,1,0,1,3,0,1,0,0,1,114
FULL_RANK_WELL_a0.4,16,200,3200,16,0,16,1,1.0,1,0,1,2,0,1,0,0,1,114
FULL_RANK_WELL_a0.4,16,500,8000,16,0,16,1,1.0,1,0,1,2,0,1,0,0,1,114
FULL_RANK_WELL_a0.4,16,1000,16000,16,0,16,1,1.0,1,0,1,2,0,1,0,0,1,114
FULL_RANK_WELL_a0.4,16,5000,80000,16,0,16,1,1.0,1,0,1,2,0,1,0,0,1,114
FULL_RANK_WELL_a0.4,16,50,800,16,0,16,1,1.0,1,0,1,2,0,1,0,0,1,115
FULL_RANK_WELL_a0.4,16,100,1600,16,0,16,1,1.0,1,0,1,2,0,1,0,0,1,115
FULL_RANK_WELL_a0.4,16,200,3200,16,0,16,1,1.0,1,0,1,2,0,1,0,0,1,115
FULL_RANK_WELL_a0.4,16,500,8000,16,0,16,1,1.0,1,0,1,2,0,1,0,0,1,115
FULL_RANK_WELL_a0.4,16,1000,16000,16,0,16,1,1.0,1,0,1,2,0,1,0,0,1,115
FULL_RANK_WELL_a0.4,16,5000,80000,16,0,16,1,1.0,1,0,1,2,0,1,0,0,1,115
FULL_RANK_WELL_a0.4,16,50,800,16,0,16,1,1.0,1,0,1,3,0,1,0,0,1,116
FULL_RANK_WELL_a0.4,16,100,1600,16,0,16,1,1.0,1,0,1,2,0,1,0,0,1,116
FULL_RANK_WELL_a0.4,16,200,3200,16,0,16,1,1.0,1,0,1,2,0,1,0,0,1,116
FULL_RANK_WELL_a0.4,16,500,8000,16,0,16,1,1.0,1,0,1,2,0,1,0,0,1,116
FULL_RANK_WELL_a0.4,16,1000,16000,16,0,16,1,1.0,1,0,1,2,0,1,0,0,1,116
FULL_RANK_WELL_a0.4,16,5000,80000,16,0,16,1,1.0,1,0,1,2,0,1,0,0,1,116
FULL_RANK_WELL_a0.4,16,50,800,16,0,16,1,1.0,1,0,1,2,0,1,0,0,1,117
FULL_RANK_WELL_a0.4,16,100,1600,16,0,16,1,1.0,1,0,1,2,0,1,0,0,1,117
FULL_RANK_WELL_a0.4,16,200,3200,16,0,16,1,1.0,1,0,1,2,0,1,0,0,1,117
FULL_RANK_WELL_a0.4,16,500,8000,16,0,16,1,1.0,1,0,1,2,0,1,0,0,1,117
FULL_RANK_WELL_a0.4,16,1000,16000,16,0,16,1,1.0,1,0,1,2,0,1,0,0,1,117
FULL_RANK_WELL_a0.4,16,5000,80000,16,0,16,1,1.0,1,0,1,2,0,1,0,0,1,117
FULL_RANK_WELL_a0.4,16,50,800,16,0,16,1,1.0,1,0,1,3,0,1,0,0,1,118
FULL_RANK_WELL_a0.4,16,100,1600,16,0,16,1,1.0,1,0,1,2,0,1,0,0,1,118
FULL_RANK_WELL_a0.4,16,200,3200,16,0,16,1,1.0,1,0,1,2,0,1,0,0,1,118
FULL_RANK_WELL_a0.4,16,500,8000,16,0,16,1,1.0,1,0,1,2,0,1,0,0,1,118
FULL_RANK_WELL_a0.4,16,1000,16000,16,0,16,1,1.0,1,0,1,2,0,1,0,0,1,118
FULL_RANK_WELL_a0.4,16,5000,80000,16,0,16,1,1.0,1,0,1,2,0,1,0,0,1,118
FULL_RANK_WELL_a0.4,16,50,800,16,0,16,1,1.0,1,0,1,2,0,1,0,0,1,119
FULL_RANK_WELL_a0.4,16,100,1600,16,0,16,1,1.0,1,0,1,2,0,1,0,0,1,119
FULL_RANK_WELL_a0.4,16,200,3200,16,0,16,1,1.0,1,0,1,2,0,1,0,0,1,119
FULL_RANK_WELL_a0.4,16,500,8000,16,0,16,1,1.0,1,0,1,2,0,1,0,0,1,119
FULL_RANK_WELL_a0.4,16,1000,16000,16,0,16,1,1.0,1,0,1,2,0,1,0,0,1,119
FULL_RANK_WELL_a0.4,16,5000,80000,16,0,16,1,1.0,1,0,1,2,0,1,0,0,1,119
FULL_RANK_WELL_a0.4,16,50,800,16,0,16,1,1.0,1,0,1,2,0,1,0,0,1,120
FULL_RANK_WELL_a0.4,16,100,1600,16,0,16,1,1.0,1,0,1,2,0,1,0,0,1,120
FULL_RANK_WELL_a0.4,16,200,3200,16,0,16,1,1.0,1,0,1,2,0,1,0,0,1,120
FULL_RANK_WELL_a0.4,16,500,8000,16,0,16,1,1.0,1,0,1,2,0,1,0,0,1,120
FULL_RANK_WELL_a0.4,16,1000,16000,16,0,16,1,1.0,1,0,1,2,0,1,0,0,1,120
FULL_RANK_WELL_a0.4,16,5000,80000,16,0,16,1,1.0,1,0,1,2,0,1,0,0,1,120
FULL_RANK_WELL_a0.4,16,50,800,16,0,16,1,1.0,1,0,1,2,0,1,0,0,1,121
FULL_RANK_WELL_a0.4,16,100,1600,16,0,16,1,1.0,1,0,1,3,0,1,0,0,1,121
FULL_RANK_WELL_a0.4,16,200,3200,16,0,16,1,1.0,1,0,1,3,0,1,0,0,1,121
FULL_RANK_WELL_a0.4,16,500,8000,16,0,16,1,1.0,1,0,1,2,0,1,0,0,1,121
FULL_RANK_WELL_a0.4,16,1000,16000,16,0,16,1,1.0,1,0,1,2,0,1,0,0,1,121
FULL_RANK_WELL_a0.4,16,5000,80000,16,0,16,1,1.0,1,0,1,2,0,1,0,0,1,121
FULL_RANK_WELL_a0.4,16,50,800,16,0,16,1,1.0,1,0,1,2,0,1,0,0,1,122
FULL_RANK_WELL_a0.4,16,100,1600,16,0,16,1,1.0,1,0,1,3,0,1,0,0,1,122
FULL_RANK_WELL_a0.4,16,200,3200,16,0,16,1,1.0,1,0,1,2,0,1,0,0,1,122
FULL_RANK_WELL_a0.4,16,500,8000,16,0,16,1,1.0,1,0,1,2,0,1,0,0,1,122
FULL_RANK_WELL_a0.4,16,1000,16000,16,0,16,1,1.0,1,0,1,2,0,1,0,0,1,122
FULL_RANK_WELL_a0.4,16,5000,80000,16,0,16,1,1.0,1,0,1,2,0,1,0,0,1,122
FULL_RANK_WELL_a0.4,16,50,800,16,0,16,1,1.0,1,0,1,4,0,1,0,0,1,123
FULL_RANK_WELL_a0.4,16,100,1600,16,0,16,1,1.0,1,0,1,2,0,1,0,0,1,123
FULL_RANK_WELL_a0.4,16,200,3200,16,0,16,1,1.0,1,0,1,2,0,1,0,0,1,123
FULL_RANK_WELL_a0.4,16,500,8000,16,0,16,1,1.0,1,0,1,2,0,1,0,0,1,123
FULL_RANK_WELL_a0.4,16,1000,16000,16,0,16,1,1.0,1,0,1,2,0,1,0,0,1,123
FULL_RANK_WELL_a0.4,16,5000,80000,16,0,16,1,1.0,1,0,1,2,0,1,0,0,1,123
FULL_RANK_WELL_a0.4,16,50,800,16,0,16,1,1.0,1,0,1,3,0,1,0,0,1,124
FULL_RANK_WELL_a0.4,16,100,1600,16,0,16,1,1.0,1,0,1,2,0,1,0,0,1,124
FULL_RANK_WELL_a0.4,16,200,3200,16,0,16,1,1.0,1,0,1,2,0,1,0,0,1,124
FULL_RANK_WELL_a0.4,16,500,8000,16,0,16,1,1.0,1,0,1,2,0,1,0,0,1,124
FULL_RANK_WELL_a0.4,16,1000,16000,16,0,16,1,1.0,1,0,1,2,0,1,0,0,1,124
FULL_RANK_WELL_a0.4,16,5000,80000,16,0,16,1,1.0,1,0,1,2,0,1,0,0,1,124
FULL_RANK_WELL_a0.4,16,50,800,16,0,16,1,1.0,1,0,1,3,0,1,0,0,1,125
FULL_RANK_WELL_a0.4,16,100,1600,16,0,16,1,1.0,1,0,1,2,0,1,0,0,1,125
FULL_RANK_WELL_a0.4,16,200,3200,16,0,16,1,1.0,1,0,1,2,0,1,0,0,1,125
FULL_RANK_WELL_a0.4,16,500,8000,16,0,16,1,1.0,1,0,1,2,0,1,0,0,1,125
FULL_RANK_WELL_a0.4,16,1000,16000,16,0,16,1,1.0,1,0,1,2,0,1,0,0,1,125
FULL_RANK_WELL_a0.4,16,5000,80000,16,0,16,1,1.0,1,0,1,2,0,1,0,0,1,125
FULL_RANK_WELL_a0.4,16,50,800,16,0,16,1,1.0,1,0,1,2,0,1,0,0,1,126
FULL_RANK_WELL_a0.4,16,100,1600,16,0,16,1,1.0,1,0,1,2,0,1,0,0,1,126
FULL_RANK_WELL_a0.4,16,200,3200,16,0,16,1,1.0,1,0,1,2,0,1,0,0,1,126
FULL_RANK_WELL_a0.4,16,500,8000,16,0,16,1,1.0,1,0,1,2,0,1,0,0,1,126
FULL_RANK_WELL_a0.4,16,1000,16000,16,0,16,1,1.0,1,0,1,2,0,1,0,0,1,126
FULL_RANK_WELL_a0.4,16,5000,80000,16,0,16,1,1.0,1,0,1,2,0,1,0,0,1,126
FULL_RANK_WELL_a0.4,16,50,800,16,0,16,1,1.0,1,0,1,2,0,1,0,0,1,127
FULL_RANK_WELL_a0.4,16,100,1600,16,0,16,1,1.0,1,0,1,2,0,1,0,0,1,127
FULL_RANK_WELL_a0.4,16,200,3200,16,0,16,1,1.0,1,0,1,2,0,1,0,0,1,127
FULL_RANK_WELL_a0.4,16,500,8000,16,0,16,1,1.0,1,0,1,2,0,1,0,0,1,127
FULL_RANK_WELL_a0.4,16,1000,16000,16,0,16,1,1.0,1,0,1,2,0,1,0,0,1,127
FULL_RANK_WELL_a0.4,16,5000,80000,16,0,16,1,1.0,1,0,1,2,0,1,0,0,1,127
FULL_RANK_WELL_a0.4,16,50,800,16,0,16,1,1.0,1,0,1,2,0,1,0,0,1,128
FULL_RANK_WELL_a0.4,16,100,1600,16,0,16,1,1.0,1,0,1,2,0,1,0,0,1,128
FULL_RANK_WELL_a0.4,16,200,3200,16,0,16,1,1.0,1,0,1,2,0,1,0,0,1,128
FULL_RANK_WELL_a0.4,16,500,8000,16,0,16,1,1.0,1,0,1,2,0,1,0,0,1,128
FULL_RANK_WELL_a0.4,16,1000,16000,16,0,16,1,1.0,1,0,1,2,0,1,0,0,1,128
FULL_RANK_WELL_a0.4,16,5000,80000,16,0,16,1,1.0,1,0,1,2,0,1,0,0,1,128
FULL_RANK_WELL_a0.4,16,50,800,16,0,16,1,1.0,1,0,1,2,0,1,0,0,1,129
FULL_RANK_WELL_a0.4,16,100,1600,16,0,16,1,1.0,1,0,1,2,0,1,0,0,1,129
FULL_RANK_WELL_a0.4,16,200,3200,16,0,16,1,1.0,1,0,1,2,0,1,0,0,1,129
FULL_RANK_WELL_a0.4,16,500,8000,16,0,16,1,1.0,1,0,1,2,0,1,0,0,1,129
FULL_RANK_WELL_a0.4,16,1000,16000,16,0,16,1,1.0,1,0,1,2,0,1,0,0,1,129
FULL_RANK_WELL_a0.4,16,5000,80000,16,0,16,1,1.0,1,0,1,2,0,1,0,0,1,129
FULL_RANK_WELL_a0.4,16,50,800,16,0,16,1,1.0,1,0,1,2,0,1,0,0,1,130
FULL_RANK_WELL_a0.4,16,100,1600,16,0,16,1,1.0,1,0,1,3,0,1,0,0,1,130
FULL_RANK_WELL_a0.4,16,200,3200,16,0,16,1,1.0,1,0,1,2,0,1,0,0,1,130
FULL_RANK_WELL_a0.4,16,500,8000,16,0,16,1,1.0,1,0,1,2,0,1,0,0,1,130
FULL_RANK_WELL_a0.4,16,1000,16000,16,0,16,1,1.0,1,0,1,2,0,1,0,0,1,130
FULL_RANK_WELL_a0.4,16,5000,80000,16,0,16,1,1.0,1,0,1,2,0,1,0,0,1,130
FULL_RANK_WELL_a0.4,16,50,800,16,0,16,1,1.0,1,0,1,2,0,1,0,0,1,131
FULL_RANK_WELL_a0.4,16,100,1600,16,0,16,1,1.0,1,0,1,2,0,1,0,0,1,131
FULL_RANK_WELL_a0.4,16,200,3200,16,0,16,1,1.0,1,0,1,2,0,1,0,0,1,131
FULL_RANK_WELL_a0.4,16,500,8000,16,0,16,1,1.0,1,0,1,2,0,1,0,0,1,131
FULL_RANK_WELL_a0.4,16,1000,16000,16,0,16,1,1.0,1,0,1,2,0,1,0,0,1,131
FULL_RANK_WELL_a0.4,16,5000,80000,16,0,16,1,1.0,1,0,1,2,0,1,0,0,1,131
FULL_RANK_WELL_a0.4,16,50,800,16,0,16,1,1.0,1,0,1,2,0,1,0,0,1,132
FULL_RANK_WELL_a0.4,16,100,1600,16,0,16,1,1.0,1,0,1,2,0,1,0,0,1,132
FULL_RANK_WELL_a0.4,16,200,3200,16,0,16,1,1.0,1,0,1,2,0,1,0,0,1,132
FULL_RANK_WELL_a0.4,16,500,8000,16,0,16,1,1.0,1,0,1,2,0,1,0,0,1,132
FULL_RANK_WELL_a0.4,16,1000,16000,16,0,16,1,1.0,1,0,1,2,0,1,0,0,1,132
FULL_RANK_WELL_a0.4,16,5000,80000,16,0,16,1,1.0,1,0,1,2,0,1,0,0,1,132
FULL_RANK_WELL_a0.4,16,50,800,16,0,16,1,1.0,1,0,1,2,0,1,0,0,1,133
FULL_RANK_WELL_a0.4,16,100,1600,16,0,16,1,1.0,1,0,1,2,0,1,0,0,1,133
FULL_RANK_WELL_a0.4,16,200,3200,16,0,16,1,1.0,1,0,1,2,0,1,0,0,1,133
FULL_RANK_WELL_a0.4,16,500,8000,16,0,16,1,1.0,1,0,1,2,0,1,0,0,1,133
FULL_RANK_WELL_a0.4,16,1000,16000,16,0,16,1,1.0,1,0,1,2,0,1,0,0,1,133
FULL_RANK_WELL_a0.4,16,5000,80000,16,0,16,1,1.0,1,0,1,2,0,1,0,0,1,133
FULL_RANK_WELL_a0.4,16,50,800,16,0,16,1,1.0,1,0,1,3,0,1,0,0,1,134
FULL_RANK_WELL_a0.4,16,100,1600,16,0,16,1,1.0,1,0,1,2,0,1,0,0,1,134
FULL_RANK_WELL_a0.4,16,200,3200,16,0,16,1,1.0,1,0,1,2,0,1,0,0,1,134
FULL_RANK_WELL_a0.4,16,500,8000,16,0,16,1,1.0,1,0,1,2,0,1,0,0,1,134
FULL_RANK_WELL_a0.4,16,1000,16000,16,0,16,1,1.0,1,0,1,2,0,1,0,0,1,134
FULL_RANK_WELL_a0.4,16,5000,80000,16,0,16,1,1.0,1,0,1,2,0,1,0,0,1,134
FULL_RANK_WELL_a0.4,16,50,800,16,0,16,1,1.0,1,0,1,2,0,1,0,0,1,135
FULL_RANK_WELL_a0.4,16,100,1600,16,0,16,1,1.0,1,0,1,2,0,1,0,0,1,135
FULL_RANK_WELL_a0.4,16,200,3200,16,0,16,1,1.0,1,0,1,2,0,1,0,0,1,135
FULL_RANK_WELL_a0.4,16,500,8000,16,0,16,1,1.0,1,0,1,2,0,1,0,0,1,135
FULL_RANK_WELL_a0.4,16,1000,16000,16,0,16,1,1.0,1,0,1,2,0,1,0,0,1,135
FULL_RANK_WELL_a0.4,16,5000,80000,16,0,16,1,1.0,1,0,1,2,0,1,0,0,1,135
FULL_RANK_WELL_a0.4,16,50,800,16,0,16,1,1.0,1,0,1,2,0,1,0,0,1,136
FULL_RANK_WELL_a0.4,16,100,1600,16,0,16,1,1.0,1,0,1,2,0,1,0,0,1,136
FULL_RANK_WELL_a0.4,16,200,3200,16,0,16,1,1.0,1,0,1,2,0,1,0,0,1,136
FULL_RANK_WELL_a0.4,16,500,8000,16,0,16,1,1.0,1,0,1,2,0,1,0,0,1,136
FULL_RANK_WELL_a0.4,16,1000,16000,16,0,16,1,1.0,1,0,1,2,0,1,0,0,1,136
FULL_RANK_WELL_a0.4,16,5000,80000,16,0,16,1,1.0,1,0,1,2,0,1,0,0,1,136
FULL_RANK_WELL_a0.4,16,50,800,16,0,16,1,1.0,1,0,1,2,0,1,0,0,1,137
FULL_RANK_WELL_a0.4,16,100,1600,16,0,16,1,1.0,1,0,1,2,0,1,0,0,1,137
FULL_RANK_WELL_a0.4,16,200,3200,16,0,16,1,1.0,1,0,1,2,0,1,0,0,1,137
FULL_RANK_WELL_a0.4,16,500,8000,16,0,16,1,1.0,1,0,1,2,0,1,0,0,1,137
FULL_RANK_WELL_a0.4,16,1000,16000,16,0,16,1,1.0,1,0,1,2,0,1,0,0,1,137
FULL_RANK_WELL_a0.4,16,5000,80000,16,0,16,1,1.0,1,0,1,2,0,1,0,0,1,137
FULL_RANK_WELL_a0.4,16,50,800,16,0,16,1,1.0,1,0,1,3,0,1,0,0,1,138
FULL_RANK_WELL_a0.4,16,100,1600,16,0,16,1,1.0,1,0,1,2,0,1,0,0,1,138
FULL_RANK_WELL_a0.4,16,200,3200,16,0,16,1,1.0,1,0,1,2,0,1,0,0,1,138
FULL_RANK_WELL_a0.4,16,500,8000,16,0,16,1,1.0,1,0,1,2,0,1,0,0,1,138
FULL_RANK_WELL_a0.4,16,1000,16000,16,0,16,1,1.0,1,0,1,2,0,1,0,0,1,138
FULL_RANK_WELL_a0.4,16,5000,80000,16,0,16,1,1.0,1,0,1,2,0,1,0,0,1,138
FULL_RANK_WELL_a0.4,16,50,800,16,0,16,1,1.0,1,0,1,2,0,1,0,0,1,139
FULL_RANK_WELL_a0.4,16,100,1600,16,0,16,1,1.0,1,0,1,2,0,1,0,0,1,139
FULL_RANK_WELL_a0.4,16,200,3200,16,0,16,1,1.0,1,0,1,2,0,1,0,0,1,139
FULL_RANK_WELL_a0.4,16,500,8000,16,0,16,1,1.0,1,0,1,2,0,1,0,0,1,139
FULL_RANK_WELL_a0.4,16,1000,16000,16,0,16,1,1.0,1,0,1,2,0,1,0,0,1,139
FULL_RANK_WELL_a0.4,16,5000,80000,16,0,16,1,1.0,1,0,1,2,0,1,0,0,1,139
FULL_RANK_WELL_a0.4,16,50,800,16,0,16,1,1.0,1,0,1,2,0,1,0,0,1,140
FULL_RANK_WELL_a0.4,16,100,1600,16,0,16,1,1.0,1,0,1,2,0,1,0,0,1,140
FULL_RANK_WELL_a0.4,16,200,3200,16,0,16,1,1.0,1,0,1,2,0,1,0,0,1,140
FULL_RANK_WELL_a0.4,16,500,8000,16,0,16,1,1.0,1,0,1,2,0,1,0,0,1,140
FULL_RANK_WELL_a0.4,16,1000,16000,16,0,16,1,1.0,1,0,1,2,0,1,0,0,1,140
FULL_RANK_WELL_a0.4,16,5000,80000,16,0,16,1,1.0,1,0,1,2,0,1,0,0,1,140
FULL_RANK_WELL_a0.4,16,50,800,16,0,16,1,1.0,1,0,1,2,0,1,0,0,1,141
FULL_RANK_WELL_a0.4,16,100,1600,16,0,16,1,1.0,1,0,1,2,0,1,0,0,1,141
FULL_RANK_WELL_a0.4,16,200,3200,16,0,16,1,1.0,1,0,1,3,0,1,0,0,1,141
FULL_RANK_WELL_a0.4,16,500,8000,16,0,16,1,1.0,1,0,1,2,0,1,0,0,1,141
FULL_RANK_WELL_a0.4,16,1000,16000,16,0,16,1,1.0,1,0,1,2,0,1,0,0,1,141
FULL_RANK_WELL_a0.4,16,5000,80000,16,0,16,1,1.0,1,0,1,2,0,1,0,0,1,141
FULL_RANK_WELL_a0.4,16,50,800,16,0,16,1,1.0,1,0,1,2,0,1,0,0,1,142
FULL_RANK_WELL_a0.4,16,100,1600,16,0,16,1,1.0,1,0,1,2,0,1,0,0,1,142
FULL_RANK_WELL_a0.4,16,200,3200,16,0,16,1,1.0,1,0,1,2,0,1,0,0,1,142
FULL_RANK_WELL_a0.4,16,500,8000,16,0,16,1,1.0,1,0,1,2,0,1,0,0,1,142
FULL_RANK_WELL_a0.4,16,1000,16000,16,0,16,1,1.0,1,0,1,2,0,1,0,0,1,142
FULL_RANK_WELL_a0.4,16,5000,80000,16,0,16,1,1.0,1,0,1,2,0,1,0,0,1,142
FULL_RANK_WELL_a0.4,16,50,800,16,0,16,1,1.0,1,0,1,2,0,1,0,0,1,143
FULL_RANK_WELL_a0.4,16,100,1600,16,0,16,1,1.0,1,0,1,3,0,1,0,0,1,143
FULL_RANK_WELL_a0.4,16,200,3200,16,0,16,1,1.0,1,0,1,2,0,1,0,0,1,143
FULL_RANK_WELL_a0.4,16,500,8000,16,0,16,1,1.0,1,0,1,2,0,1,0,0,1,143
FULL_RANK_WELL_a0.4,16,1000,16000,16,0,16,1,1.0,1,0,1,2,0,1,0,0,1,143
FULL_RANK_WELL_a0.4,16,5000,80000,16,0,16,1,1.0,1,0,1,2,0,1,0,0,1,143
FULL_RANK_WELL_a0.4,16,50,800,16,0,16,1,1.0,1,0,1,3,0,1,0,0,1,144
FULL_RANK_WELL_a0.4,16,100,1600,16,0,16,1,1.0,1,0,1,2,0,1,0,0,1,144
FULL_RANK_WELL_a0.4,16,200,3200,16,0,16,1,1.0,1,0,1,2,0,1,0,0,1,144
FULL_RANK_WELL_a0.4,16,500,8000,16,0,16,1,1.0,1,0,1,2,0,1,0,0,1,144
FULL_RANK_WELL_a0.4,16,1000,16000,16,0,16,1,1.0,1,0,1,2,0,1,0,0,1,144
FULL_RANK_WELL_a0.4,16,5000,80000,16,0,16,1,1.0,1,0,1,2,0,1,0,0,1,144
FULL_RANK_WELL_a0.4,16,50,800,16,0,16,1,1.0,1,0,1,2,0,1,0,0,1,145
FULL_RANK_WELL_a0.4,16,100,1600,16,0,16,1,1.0,1,0,1,2,0,1,0,0,1,145
FULL_RANK_WELL_a0.4,16,200,3200,16,0,16,1,1.0,1,0,1,2,0,1,0,0,1,145
FULL_RANK_WELL_a0.4,16,500,8000,16,0,16,1,1.0,1,0,1,2,0,1,0,0,1,145
FULL_RANK_WELL_a0.4,16,1000,16000,16,0,16,1,1.0,1,0,1,2,0,1,0,0,1,145
FULL_RANK_WELL_a0.4,16,5000,80000,16,0,16,1,1.0,1,0,1,2,0,1,0,0,1,145
FULL_RANK_WELL_a0.4,16,50,800,16,0,16,1,1.0,1,0,1,2,0,1,0,0,1,146
FULL_RANK_WELL_a0.4,16,100,1600,16,0,16,1,1.0,1,0,1,2,0,1,0,0,1,146
FULL_RANK_WELL_a0.4,16,200,3200,16,0,16,1,1.0,1,0,1,2,0,1,0,0,1,146
FULL_RANK_WELL_a0.4,16,500,8000,16,0,16,1,1.0,1,0,1,2,0,1,0,0,1,146
FULL_RANK_WELL_a0.4,16,1000,16000,16,0,16,1,1.0,1,0,1,2,0,1,0,0,1,146
FULL_RANK_WELL_a0.4,16,5000,80000,16,0,16,1,1.0,1,0,1,2,0,1,0,0,1,146
FULL_RANK_WELL_a0.4,16,50,800,16,0,16,1,1.0,1,0,1,2,0,1,0,0,1,147
FULL_RANK_WELL_a0.4,16,100,1600,16,0,16,1,1.0,1,0,1,2,0,1,0,0,1,147
FULL_RANK_WELL_a0.4,16,200,3200,16,0,16,1,1.0,1,0,1,2,0,1,0,0,1,147
FULL_RANK_WELL_a0.4,16,500,8000,16,0,16,1,1.0,1,0,1,2,0,1,0,0,1,147
FULL_RANK_WELL_a0.4,16,1000,16000,16,0,16,1,1.0,1,0,1,2,0,1,0,0,1,147
FULL_RANK_WELL_a0.4,16,5000,80000,16,0,16,1,1.0,1,0,1,2,0,1,0,0,1,147
FULL_RANK_WELL_a0.4,16,50,800,16,0,16,1,1.0,1,0,1,2,0,1,0,0,1,148
FULL_RANK_WELL_a0.4,16,100,1600,16,0,16,1,1.0,1,0,1,2,0,1,0,0,1,148
FULL_RANK_WELL_a0.4,16,200,3200,16,0,16,1,1.0,1,0,1,2,0,1,0,0,1,148
FULL_RANK_WELL_a0.4,16,500,8000,16,0,16,1,1.0,1,0,1,2,0,1,0,0,1,148
FULL_RANK_WELL_a0.4,16,1000,16000,16,0,16,1,1.0,1,0,1,2,0,1,0,0,1,148
FULL_RANK_WELL_a0.4,16,5000,80000,16,0,16,1,1.0,1,0,1,2,0,1,0,0,1,148
FULL_RANK_WELL_a0.4,16,50,800,16,0,16,1,1.0,1,0,1,2,0,1,0,0,1,149
FULL_RANK_WELL_a0.4,16,100,1600,16,0,16,1,1.0,1,0,1,2,0,1,0,0,1,149
FULL_RANK_WELL_a0.4,16,200,3200,16,0,16,1,1.0,1,0,1,2,0,1,0,0,1,149
FULL_RANK_WELL_a0.4,16,500,8000,16,0,16,1,1.0,1,0,1,2,0,1,0,0,1,149
FULL_RANK_WELL_a0.4,16,1000,16000,16,0,16,1,1.0,1,0,1,2,0,1,0,0,1,149
FULL_RANK_WELL_a0.4,16,5000,80000,16,0,16,1,1.0,1,0,1,2,0,1,0,0,1,149
NEAR_LOW_FULL_d0.001,16,50,800,16,0,2,1,0.125,15,0,1,3,0,1,2,0,1,0
NEAR_LOW_FULL_d0.001,16,100,1600,16,0,2,1,0.125,15,0,1,3,0,1,2,0,1,0
NEAR_LOW_FULL_d0.001,16,200,3200,16,0,2,1,0.125,15,0,1,3,0,1,2,0,1,0
NEAR_LOW_FULL_d0.001,16,500,8000,16,0,2,1,0.125,2,0,1,3,0,1,3,0,1,0
NEAR_LOW_FULL_d0.001,16,1000,16000,16,0,3,1,0.1875,15,0,1,3,0,1,3,0,1,0
NEAR_LOW_FULL_d0.001,16,5000,80000,16,0,3,1,0.1875,2,0,1,3,0,1,3,0,1,0
NEAR_LOW_FULL_d0.001,16,50,800,16,0,2,1,0.125,15,0,1,3,0,1,2,0,1,1
NEAR_LOW_FULL_d0.001,16,100,1600,16,0,3,1,0.1875,2,0,1,4,0,1,3,0,1,1
NEAR_LOW_FULL_d0.001,16,200,3200,16,0,3,1,0.1875,2,0,1,4,0,1,3,0,1,1
NEAR_LOW_FULL_d0.001,16,500,8000,16,0,3,1,0.1875,15,0,1,4,0,1,3,0,1,1
NEAR_LOW_FULL_d0.001,16,1000,16000,16,0,3,1,0.1875,15,0,1,4,0,1,3,0,1,1
NEAR_LOW_FULL_d0.001,16,5000,80000,16,0,4,1,0.25,3,0,1,4,0,1,3,0,1,1
NEAR_LOW_FULL_d0.001,16,50,800,16,0,3,1,0.1875,15,0,1,2,0,1,1,0,1,2
NEAR_LOW_FULL_d0.001,16,100,1600,16,0,4,1,0.25,1,0,1,5,0,1,3,0,1,2
NEAR_LOW_FULL_d0.001,16,200,3200,16,0,4,1,0.25,15,0,1,5,0,1,4,0,1,2
NEAR_LOW_FULL_d0.001,16,500,8000,16,0,4,1,0.25,4,0,1,5,0,1,4,0,1,2
NEAR_LOW_FULL_d0.001,16,1000,16000,16,0,4,1,0.25,4,0,1,5,0,1,4,0,1,2
NEAR_LOW_FULL_d0.001,16,5000,80000,16,0,4,1,0.25,4,0,1,5,0,1,4,0,1,2
NEAR_LOW_FULL_d0.001,16,50,800,16,0,2,1,0.125,15,0,1,3,0,1,2,0,1,3
NEAR_LOW_FULL_d0.001,16,100,1600,16,0,3,1,0.1875,14,0,1,4,0,1,2,0,1,3
NEAR_LOW_FULL_d0.001,16,200,3200,16,0,3,1,0.1875,15,0,1,4,0,1,3,0,1,3
NEAR_LOW_FULL_d0.001,16,500,8000,16,0,3,1,0.1875,2,0,1,4,0,1,3,0,1,3
NEAR_LOW_FULL_d0.001,16,1000,16000,16,0,4,1,0.25,14,0,1,4,0,1,3,0,1,3
NEAR_LOW_FULL_d0.001,16,5000,80000,16,0,4,1,0.25,15,0,1,4,0,1,4,0,1,3
NEAR_LOW_FULL_d0.001,16,50,800,16,0,2,1,0.125,15,0,1,3,0,1,2,0,1,4
NEAR_LOW_FULL_d0.001,16,100,1600,16,0,2,1,0.125,2,0,1,3,0,1,2,0,1,4
NEAR_LOW_FULL_d0.001,16,200,3200,16,0,3,1,0.1875,2,0,1,4,0,1,3,0,1,4
NEAR_LOW_FULL_d0.001,16,500,8000,16,0,4,1,0.25,15,0,1,4,0,1,4,0,1,4
NEAR_LOW_FULL_d0.001,16,1000,16000,16,0,4,1,0.25,2,0,1,4,0,1,4,0,1,4
NEAR_LOW_FULL_d0.001,16,5000,80000,16,0,4,1,0.25,4,0,1,5,0,1,4,0,1,4
NEAR_LOW_FULL_d0.001,16,50,800,16,0,2,1,0.125,15,0,1,4,0,1,2,0,1,5
NEAR_LOW_FULL_d0.001,16,100,1600,16,0,3,1,0.1875,15,0,1,4,0,1,2,0,1,5
NEAR_LOW_FULL_d0.001,16,200,3200,16,0,3,1,0.1875,1,0,1,4,0,1,3,0,1,5
NEAR_LOW_FULL_d0.001,16,500,8000,16,0,3,1,0.1875,15,0,1,4,0,1,3,0,1,5
NEAR_LOW_FULL_d0.001,16,1000,16000,16,0,3,1,0.1875,3,0,1,4,0,1,3,0,1,5
NEAR_LOW_FULL_d0.001,16,5000,80000,16,0,3,1,0.1875,3,0,1,4,0,1,3,0,1,5
NEAR_LOW_FULL_d0.001,16,50,800,16,0,1,1,0.0625,1,0,1,3,0,1,1,0,1,6
NEAR_LOW_FULL_d0.001,16,100,1600,16,0,3,1,0.1875,15,0,1,2,0,1,2,0,1,6
NEAR_LOW_FULL_d0.001,16,200,3200,16,0,2,1,0.125,1,0,1,3,0,1,2,0,1,6
NEAR_LOW_FULL_d0.001,16,500,8000,16,0,3,1,0.1875,1,0,1,4,0,1,3,0,1,6
NEAR_LOW_FULL_d0.001,16,1000,16000,16,0,4,1,0.25,15,0,1,4,0,1,3,0,1,6
NEAR_LOW_FULL_d0.001,16,5000,80000,16,0,4,1,0.25,1,0,1,4,0,1,4,0,1,6
NEAR_LOW_FULL_d0.001,16,50,800,16,0,2,1,0.125,14,0,1,3,0,1,2,0,1,7
NEAR_LOW_FULL_d0.001,16,100,1600,16,0,3,1,0.1875,15,0,1,4,0,1,3,0,1,7
NEAR_LOW_FULL_d0.001,16,200,3200,16,0,3,1,0.1875,14,0,1,4,0,1,3,0,1,7
NEAR_LOW_FULL_d0.001,16,500,8000,16,0,4,1,0.25,15,0,1,4,0,1,3,0,1,7
NEAR_LOW_FULL_d0.001,16,1000,16000,16,0,4,1,0.25,14,0,1,4,0,1,4,0,1,7
NEAR_LOW_FULL_d0.001,16,5000,80000,16,0,4,1,0.25,15,0,1,5,0,1,4,0,1,7
NEAR_LOW_FULL_d0.001,16,50,800,16,0,3,1,0.1875,15,0,1,3,0,1,2,0,1,8
NEAR_LOW_FULL_d0.001,16,100,1600,16,0,3,1,0.1875,14,0,1,4,0,1,3,0,1,8
NEAR_LOW_FULL_d0.001,16,200,3200,16,0,3,1,0.1875,3,0,1,4,0,1,3,0,1,8
NEAR_LOW_FULL_d0.001,16,500,8000,16,0,4,1,0.25,15,0,1,4,0,1,3,0,1,8
NEAR_LOW_FULL_d0.001,16,1000,16000,16,0,4,1,0.25,15,0,1,5,0,1,4,0,1,8
NEAR_LOW_FULL_d0.001,16,5000,80000,16,0,4,1,0.25,15,0,1,5,0,1,4,0,1,8
NEAR_LOW_FULL_d0.001,16,50,800,16,0,2,1,0.125,15,0,1,3,0,1,2,0,1,9
NEAR_LOW_FULL_d0.001,16,100,1600,16,0,3,1,0.1875,15,0,1,4,0,1,3,0,1,9
NEAR_LOW_FULL_d0.001,16,200,3200,16,0,3,1,0.1875,15,0,1,4,0,1,3,0,1,9
NEAR_LOW_FULL_d0.001,16,500,8000,16,0,3,1,0.1875,15,0,1,4,0,1,3,0,1,9
NEAR_LOW_FULL_d0.001,16,1000,16000,16,0,3,1,0.1875,15,0,1,4,0,1,3,0,1,9
NEAR_LOW_FULL_d0.001,16,5000,80000,16,0,3,1,0.1875,3,0,1,4,0,1,3,0,1,9
NEAR_LOW_FULL_d0.001,16,50,800,16,0,2,1,0.125,15,0,1,4,0,1,2,0,1,10
NEAR_LOW_FULL_d0.001,16,100,1600,16,0,3,1,0.1875,14,0,1,4,0,1,2,0,1,10
NEAR_LOW_FULL_d0.001,16,200,3200,16,0,3,1,0.1875,1,0,1,4,0,1,3,0,1,10
NEAR_LOW_FULL_d0.001,16,500,8000,16,0,3,1,0.1875,3,0,1,4,0,1,3,0,1,10
NEAR_LOW_FULL_d0.001,16,1000,16000,16,0,3,1,0.1875,15,0,1,4,0,1,3,0,1,10
NEAR_LOW_FULL_d0.001,16,5000,80000,16,0,3,1,0.1875,15,0,1,4,0,1,3,0,1,10
NEAR_LOW_FULL_d0.001,16,50,800,16,0,2,1,0.125,15,0,1,3,0,1,2,0,1,11
NEAR_LOW_FULL_d0.001,16,100,1600,16,0,2,1,0.125,14,0,1,3,0,1,2,0,1,11
NEAR_LOW_FULL_d0.001,16,200,3200,16,0,2,1,0.125,15,0,1,3,0,1,2,0,1,11
NEAR_LOW_FULL_d0.001,16,500,8000,16,0,3,1,0.1875,15,0,1,4,0,1,3,0,1,11
NEAR_LOW_FULL_d0.001,16,1000,16000,16,0,3,1,0.1875,3,0,1,4,0,1,3,0,1,11
NEAR_LOW_FULL_d0.001,16,5000,80000,16,0,3,1,0.1875,3,0,1,4,0,1,3,0,1,11
NEAR_LOW_FULL_d0.001,16,50,800,16,0,2,1,0.125,15,0,1,3,0,1,2,0,1,12
NEAR_LOW_FULL_d0.001,16,100,1600,16,0,4,1,0.25,15,0,1,3,0,1,3,0,1,12
NEAR_LOW_FULL_d0.001,16,200,3200,16,0,4,1,0.25,14,0,1,5,0,1,4,0,1,12
NEAR_LOW_FULL_d0.001,16,500,8000,16,0,4,1,0.25,4,0,1,5,0,1,4,0,1,12
NEAR_LOW_FULL_d0.001,16,1000,16000,16,0,4,1,0.25,15,0,1,5,0,1,4,0,1,12
NEAR_LOW_FULL_d0.001,16,5000,80000,16,0,4,1,0.25,4,0,1,5,0,1,4,0,1,12
NEAR_LOW_FULL_d0.001,16,50,800,16,0,3,1,0.1875,15,0,1,4,0,1,2,0,1,13
NEAR_LOW_FULL_d0.001,16,100,1600,16,0,3,1,0.1875,15,0,1,4,0,1,3,0,1,13
NEAR_LOW_FULL_d0.001,16,200,3200,16,0,3,1,0.1875,15,0,1,4,0,1,3,0,1,13
NEAR_LOW_FULL_d0.001,16,500,8000,16,0,3,1,0.1875,15,0,1,4,0,1,3,0,1,13
NEAR_LOW_FULL_d0.001,16,1000,16000,16,0,3,1,0.1875,3,0,1,4,0,1,3,0,1,13
NEAR_LOW_FULL_d0.001,16,5000,80000,16,0,3,1,0.1875,3,0,1,4,0,1,3,0,1,13
NEAR_LOW_FULL_d0.001,16,50,800,16,0,3,1,0.1875,15,0,1,4,0,1,3,0,1,14
NEAR_LOW_FULL_d0.001,16,100,1600,16,0,3,1,0.1875,15,0,1,4,0,1,3,0,1,14
NEAR_LOW_FULL_d0.001,16,200,3200,16,0,4,1,0.25,15,0,1,5,0,1,4,0,1,14
NEAR_LOW_FULL_d0.001,16,500,8000,16,0,4,1,0.25,15,0,1,5,0,1,4,0,1,14
NEAR_LOW_FULL_d0.001,16,1000,16000,16,0,4,1,0.25,4,0,1,5,0,1,4,0,1,14
NEAR_LOW_FULL_d0.001,16,5000,80000,16,0,4,1,0.25,4,0,1,5,0,1,4,0,1,14
NEAR_LOW_FULL_d0.001,16,50,800,16,0,3,1,0.1875,1,0,1,4,0,1,2,0,1,15
NEAR_LOW_FULL_d0.001,16,100,1600,16,0,3,1,0.1875,15,0,1,4,0,1,3,0,1,15
NEAR_LOW_FULL_d0.001,16,200,3200,16,0,4,1,0.25,15,0,1,4,0,1,3,0,1,15
NEAR_LOW_FULL_d0.001,16,500,8000,16,0,4,1,0.25,3,0,1,4,0,1,3,0,1,15
NEAR_LOW_FULL_d0.001,16,1000,16000,16,0,4,1,0.25,15,0,1,4,0,1,4,0,1,15
NEAR_LOW_FULL_d0.001,16,5000,80000,16,0,4,1,0.25,4,0,1,5,0,1,4,0,1,15
NEAR_LOW_FULL_d0.001,16,50,800,16,0,3,1,0.1875,1,0,1,4,0,1,2,0,1,16
NEAR_LOW_FULL_d0.001,16,100,1600,16,0,3,1,0.1875,15,0,1,4,0,1,3,0,1,16
NEAR_LOW_FULL_d0.001,16,200,3200,16,0,3,1,0.1875,15,0,1,4,0,1,3,0,1,16
NEAR_LOW_FULL_d0.001,16,500,8000,16,0,3,1,0.1875,3,0,1,4,0,1,3,0,1,16
NEAR_LOW_FULL_d0.001,16,1000,16000,16,0,3,1,0.1875,3,0,1,4,0,1,3,0,1,16
NEAR_LOW_FULL_d0.001,16,5000,80000,16,0,4,1,0.25,3,0,1,4,0,1,3,0,1,16
NEAR_LOW_FULL_d0.001,16,50,800,16,0,2,1,0.125,1,0,1,3,0,1,2,0,1,17
NEAR_LOW_FULL_d0.001,16,100,1600,16,0,2,1,0.125,15,0,1,4,0,1,2,0,1,17
NEAR_LOW_FULL_d0.001,16,200,3200,16,0,3,1,0.1875,15,0,1,4,0,1,3,0,1,17
NEAR_LOW_FULL_d0.001,16,500,8000,16,0,3,1,0.1875,15,0,1,4,0,1,3,0,1,17
NEAR_LOW_FULL_d0.001,16,1000,16000,16,0,3,1,0.1875,15,0,1,4,0,1,3,0,1,17
NEAR_LOW_FULL_d0.001,16,5000,80000,16,0,3,1,0.1875,3,0,1,4,0,1,3,0,1,17
NEAR_LOW_FULL_d0.001,16,50,800,16,0,2,1,0.125,15,0,1,3,0,1,3,0,1,18
NEAR_LOW_FULL_d0.001,16,100,1600,16,0,2,1,0.125,1,0,1,3,0,1,2,0,1,18
NEAR_LOW_FULL_d0.001,16,200,3200,16,0,2,1,0.125,1,0,1,3,0,1,3,0,1,18
NEAR_LOW_FULL_d0.001,16,500,8000,16,0,3,1,0.1875,15,0,1,4,0,1,3,0,1,18
NEAR_LOW_FULL_d0.001,16,1000,16000,16,0,4,1,0.25,1,0,1,4,0,1,3,0,1,18
NEAR_LOW_FULL_d0.001,16,5000,80000,16,0,4,1,0.25,15,0,1,4,0,1,4,0,1,18
NEAR_LOW_FULL_d0.001,16,50,800,16,0,2,1,0.125,15,0,1,3,0,1,2,0,1,19
NEAR_LOW_FULL_d0.001,16,100,1600,16,0,3,1,0.1875,15,0,1,4,0,1,3,0,1,19
NEAR_LOW_FULL_d0.001,16,200,3200,16,0,3,1,0.1875,15,0,1,4,0,1,3,0,1,19
NEAR_LOW_FULL_d0.001,16,500,8000,16,0,3,1,0.1875,15,0,1,4,0,1,3,0,1,19
NEAR_LOW_FULL_d0.001,16,1000,16000,16,0,3,1,0.1875,15,0,1,4,0,1,3,0,1,19
NEAR_LOW_FULL_d0.001,16,5000,80000,16,0,4,1,0.25,3,0,1,4,0,1,4,0,1,19
NEAR_LOW_FULL_d0.001,16,50,800,16,0,3,1,0.1875,15,0,1,4,0,1,2,0,1,20
NEAR_LOW_FULL_d0.001,16,100,1600,16,0,3,1,0.1875,15,0,1,4,0,1,3,0,1,20
NEAR_LOW_FULL_d0.001,16,200,3200,16,0,3,1,0.1875,15,0,1,4,0,1,3,0,1,20
NEAR_LOW_FULL_d0.001,16,500,8000,16,0,3,1,0.1875,3,0,1,4,0,1,3,0,1,20
NEAR_LOW_FULL_d0.001,16,1000,16000,16,0,3,1,0.1875,15,0,1,4,0,1,3,0,1,20
NEAR_LOW_FULL_d0.001,16,5000,80000,16,0,4,1,0.25,3,0,1,4,0,1,4,0,1,20
NEAR_LOW_FULL_d0.001,16,50,800,16,0,3,1,0.1875,14,0,1,3,0,1,2,0,1,21
NEAR_LOW_FULL_d0.001,16,100,1600,16,0,4,1,0.25,14,0,1,5,0,1,3,0,1,21
NEAR_LOW_FULL_d0.001,16,200,3200,16,0,4,1,0.25,15,0,1,4,0,1,3,0,1,21
NEAR_LOW_FULL_d0.001,16,500,8000,16,0,4,1,0.25,15,0,1,5,0,1,4,0,1,21
NEAR_LOW_FULL_d0.001,16,1000,16000,16,0,4,1,0.25,4,0,1,5,0,1,4,0,1,21
NEAR_LOW_FULL_d0.001,16,5000,80000,16,0,4,1,0.25,4,0,1,5,0,1,4,0,1,21
NEAR_LOW_FULL_d0.001,16,50,800,16,0,2,1,0.125,2,0,1,3,0,1,2,0,1,22
NEAR_LOW_FULL_d0.001,16,100,1600,16,0,3,1,0.1875,15,0,1,4,0,1,2,0,1,22
NEAR_LOW_FULL_d0.001,16,200,3200,16,0,3,1,0.1875,15,0,1,4,0,1,3,0,1,22
NEAR_LOW_FULL_d0.001,16,500,8000,16,0,3,1,0.1875,2,0,1,4,0,1,3,0,1,22
NEAR_LOW_FULL_d0.001,16,1000,16000,16,0,3,1,0.1875,15,0,1,4,0,1,3,0,1,22
NEAR_LOW_FULL_d0.001,16,5000,80000,16,0,3,1,0.1875,3,0,1,4,0,1,3,0,1,22
NEAR_LOW_FULL_d0.001,16,50,800,16,0,2,1,0.125,1,0,1,3,0,1,2,0,1,23
NEAR_LOW_FULL_d0.001,16,100,1600,16,0,3,1,0.1875,15,0,1,4,0,1,3,0,1,23
NEAR_LOW_FULL_d0.001,16,200,3200,16,0,3,1,0.1875,15,0,1,4,0,1,3,0,1,23
NEAR_LOW_FULL_d0.001,16,500,8000,16,0,4,1,0.25,15,0,1,4,0,1,3,0,1,23
NEAR_LOW_FULL_d0.001,16,1000,16000,16,0,4,1,0.25,15,0,1,5,0,1,4,0,1,23
NEAR_LOW_FULL_d0.001,16,5000,80000,16,0,4,1,0.25,4,0,1,5,0,1,4,0,1,23
NEAR_LOW_FULL_d0.001,16,50,800,16,0,3,1,0.1875,15,0,1,4,0,1,3,0,1,24
NEAR_LOW_FULL_d0.001,16,100,1600,16,0,3,1,0.1875,15,0,1,3,0,1,2,0,1,24
NEAR_LOW_FULL_d0.001,16,200,3200,16,0,3,1,0.1875,15,0,1,4,0,1,3,0,1,24
NEAR_LOW_FULL_d0.001,16,500,8000,16,0,4,1,0.25,15,0,1,4,0,1,3,0,1,24
NEAR_LOW_FULL_d0.001,16,1000,16000,16,0,4,1,0.25,15,0,1,4,0,1,4,0,1,24
NEAR_LOW_FULL_d0.001,16,5000,80000,16,0,4,1,0.25,15,0,1,4,0,1,4,0,1,24
NEAR_LOW_FULL_d0.001,16,50,800,16,0,3,1,0.1875,15,0,1,4,0,1,3,0,1,25
NEAR_LOW_FULL_d0.001,16,100,1600,16,0,3,1,0.1875,15,0,1,4,0,1,3,0,1,25
NEAR_LOW_FULL_d0.001,16,200,3200,16,0,3,1,0.1875,3,0,1,4,0,1,3,0,1,25
NEAR_LOW_FULL_d0.001,16,500,8000,16,0,3,1,0.1875,15,0,1,4,0,1,3,0,1,25
NEAR_LOW_FULL_d0.001,16,1000,16000,16,0,3,1,0.1875,15,0,1,4,0,1,3,0,1,25
NEAR_LOW_FULL_d0.001,16,5000,80000,16,0,4,1,0.25,15,0,1,4,0,1,4,0,1,25
NEAR_LOW_FULL_d0.001,16,50,800,16,0,2,1,0.125,1,0,1,3,0,1,2,0,1,26
NEAR_LOW_FULL_d0.001,16,100,1600,16,0,3,1,0.1875,14,0,1,3,0,1,2,0,1,26
NEAR_LOW_FULL_d0.001,16,200,3200,16,0,3,1,0.1875,1,0,1,4,0,1,3,0,1,26
NEAR_LOW_FULL_d0.001,16,500,8000,16,0,3,1,0.1875,2,0,1,4,0,1,3,0,1,26
NEAR_LOW_FULL_d0.001,16,1000,16000,16,0,4,1,0.25,15,0,1,4,0,1,4,0,1,26
NEAR_LOW_FULL_d0.001,16,5000,80000,16,0,4,1,0.25,15,0,1,4,0,1,4,0,1,26
NEAR_LOW_FULL_d0.001,16,50,800,16,0,2,1,0.125,1,0,1,3,0,1,2,0,1,27
NEAR_LOW_FULL_d0.001,16,100,1600,16,0,2,1,0.125,15,0,1,3,0,1,2,0,1,27
NEAR_LOW_FULL_d0.001,16,200,3200,16,0,3,1,0.1875,1,0,1,3,0,1,3,0,1,27
NEAR_LOW_FULL_d0.001,16,500,8000,16,0,3,1,0.1875,14,0,1,3,0,1,3,0,1,27
NEAR_LOW_FULL_d0.001,16,1000,16000,16,0,3,1,0.1875,1,0,1,4,0,1,3,0,1,27
NEAR_LOW_FULL_d0.001,16,5000,80000,16,0,3,1,0.1875,3,0,1,4,0,1,3,0,1,27
NEAR_LOW_FULL_d0.001,16,50,800,16,0,3,1,0.1875,15,0,1,5,0,1,2,0,1,28
NEAR_LOW_FULL_d0.001,16,100,1600,16,0,3,1,0.1875,15,0,1,4,0,1,2,0,1,28
NEAR_LOW_FULL_d0.001,16,200,3200,16,0,3,1,0.1875,14,0,1,4,0,1,3,0,1,28
NEAR_LOW_FULL_d0.001,16,500,8000,16,0,3,1,0.1875,3,0,1,4,0,1,3,0,1,28
NEAR_LOW_FULL_d0.001,16,1000,16000,16,0,3,1,0.1875,3,0,1,4,0,1,3,0,1,28
NEAR_LOW_FULL_d0.001,16,5000,80000,16,0,4,1,0.25,15,0,1,4,0,1,4,0,1,28
NEAR_LOW_FULL_d0.001,16,50,800,16,0,2,1,0.125,15,0,1,3,0,1,1,0,1,29
NEAR_LOW_FULL_d0.001,16,100,1600,16,0,3,1,0.1875,15,0,1,3,0,1,2,0,1,29
NEAR_LOW_FULL_d0.001,16,200,3200,16,0,3,1,0.1875,15,0,1,4,0,1,3,0,1,29
NEAR_LOW_FULL_d0.001,16,500,8000,16,0,3,1,0.1875,15,0,1,4,0,1,3,0,1,29
NEAR_LOW_FULL_d0.001,16,1000,16000,16,0,4,1,0.25,15,0,1,4,0,1,4,0,1,29
NEAR_LOW_FULL_d0.001,16,5000,80000,16,0,4,1,0.25,15,0,1,4,0,1,4,0,1,29
NEAR_LOW_FULL_d0.001,16,50,800,16,0,3,1,0.1875,15,0,1,4,0,1,3,0,1,30
NEAR_LOW_FULL_d0.001,16,100,1600,16,0,3,1,0.1875,15,0,1,4,0,1,3,0,1,30
NEAR_LOW_FULL_d0.001,16,200,3200,16,0,3,1,0.1875,3,0,1,4,0,1,3,0,1,30
NEAR_LOW_FULL_d0.001,16,500,8000,16,0,4,1,0.25,15,0,1,4,0,1,4,0,1,30
NEAR_LOW_FULL_d0.001,16,1000,16000,16,0,4,1,0.25,15,0,1,4,0,1,4,0,1,30
NEAR_LOW_FULL_d0.001,16,5000,80000,16,0,4,1,0.25,4,0,1,5,0,1,4,0,1,30
NEAR_LOW_FULL_d0.001,16,50,800,16,0,3,1,0.1875,15,0,1,4,0,1,2,0,1,31
NEAR_LOW_FULL_d0.001,16,100,1600,16,0,3,1,0.1875,15,0,1,4,0,1,3,0,1,31
NEAR_LOW_FULL_d0.001,16,200,3200,16,0,3,1,0.1875,2,0,1,4,0,1,3,0,1,31
NEAR_LOW_FULL_d0.001,16,500,8000,16,0,3,1,0.1875,3,0,1,4,0,1,3,0,1,31
NEAR_LOW_FULL_d0.001,16,1000,16000,16,0,3,1,0.1875,15,0,1,4,0,1,3,0,1,31
NEAR_LOW_FULL_d0.001,16,5000,80000,16,0,4,1,0.25,15,0,1,4,0,1,4,0,1,31
NEAR_LOW_FULL_d0.001,16,50,800,16,0,2,1,0.125,15,0,1,3,0,1,2,0,1,32
NEAR_LOW_FULL_d0.001,16,100,1600,16,0,2,1,0.125,15,0,1,3,0,1,2,0,1,32
NEAR_LOW_FULL_d0.001,16,200,3200,16,0,2,1,0.125,15,0,1,3,0,1,2,0,1,32
NEAR_LOW_FULL_d0.001,16,500,8000,16,0,3,1,0.1875,15,0,1,3,0,1,3,0,1,32
NEAR_LOW_FULL_d0.001,16,1000,16000,16,0,3,1,0.1875,15,0,1,4,0,1,3,0,1,32
NEAR_LOW_FULL_d0.001,16,5000,80000,16,0,3,1,0.1875,3,0,1,4,0,1,3,0,1,32
NEAR_LOW_FULL_d0.001,16,50,800,16,0,2,1,0.125,15,0,1,3,0,1,2,0,1,33
NEAR_LOW_FULL_d0.001,16,100,1600,16,0,3,1,0.1875,15,0,1,4,0,1,3,0,1,33
NEAR_LOW_FULL_d0.001,16,200,3200,16,0,3,1,0.1875,1,0,1,4,0,1,3,0,1,33
NEAR_LOW_FULL_d0.001,16,500,8000,16,0,3,1,0.1875,1,0,1,4,0,1,3,0,1,33
NEAR_LOW_FULL_d0.001,16,1000,16000,16,0,3,1,0.1875,15,0,1,4,0,1,3,0,1,33
NEAR_LOW_FULL_d0.001,16,5000,80000,16,0,3,1,0.1875,3,0,1,4,0,1,3,0,1,33
NEAR_LOW_FULL_d0.001,16,50,800,16,0,2,1,0.125,14,0,1,3,0,1,2,0,1,34
NEAR_LOW_FULL_d0.001,16,100,1600,16,0,2,1,0.125,15,0,1,3,0,1,2,0,1,34
NEAR_LOW_FULL_d0.001,16,200,3200,16,0,2,1,0.125,2,0,1,3,0,1,2,0,1,34
NEAR_LOW_FULL_d0.001,16,500,8000,16,0,3,1,0.1875,15,0,1,4,0,1,3,0,1,34
NEAR_LOW_FULL_d0.001,16,1000,16000,16,0,4,1,0.25,2,0,1,3,0,1,4,0,1,34
NEAR_LOW_FULL_d0.001,16,5000,80000,16,0,4,1,0.25,4,0,1,4,0,1,4,0,1,34
NEAR_LOW_FULL_d0.001,16,50,800,16,0,3,1,0.1875,15,0,1,4,0,1,3,0,1,35
NEAR_LOW_FULL_d0.001,16,100,1600,16,0,4,1,0.25,15,0,1,5,0,1,4,0,1,35
NEAR_LOW_FULL_d0.001,16,200,3200,16,0,4,1,0.25,15,0,1,5,0,1,4,0,1,35
NEAR_LOW_FULL_d0.001,16,500,8000,16,0,4,1,0.25,4,0,1,5,0,1,4,0,1,35
NEAR_LOW_FULL_d0.001,16,1000,16000,16,0,4,1,0.25,4,0,1,5,0,1,4,0,1,35
NEAR_LOW_FULL_d0.001,16,5000,80000,16,0,4,1,0.25,4,0,1,5,0,1,4,0,1,35
NEAR_LOW_FULL_d0.001,16,50,800,16,0,2,1,0.125,15,0,1,3,0,1,2,0,1,36
NEAR_LOW_FULL_d0.001,16,100,1600,16,0,2,1,0.125,15,0,1,3,0,1,2,0,1,36
NEAR_LOW_FULL_d0.001,16,200,3200,16,0,3,1,0.1875,15,0,1,4,0,1,3,0,1,36
NEAR_LOW_FULL_d0.001,16,500,8000,16,0,3,1,0.1875,2,0,1,4,0,1,3,0,1,36
NEAR_LOW_FULL_d0.001,16,1000,16000,16,0,3,1,0.1875,3,0,1,4,0,1,3,0,1,36
NEAR_LOW_FULL_d0.001,16,5000,80000,16,0,3,1,0.1875,15,0,1,4,0,1,3,0,1,36
NEAR_LOW_FULL_d0.001,16,50,800,16,0,3,1,0.1875,15,0,1,4,0,1,2,0,1,37
NEAR_LOW_FULL_d0.001,16,100,1600,16,0,3,1,0.1875,14,0,1,4,0,1,3,0,1,37
NEAR_LOW_FULL_d0.001,16,200,3200,16,0,3,1,0.1875,15,0,1,4,0,1,3,0,1,37
NEAR_LOW_FULL_d0.001,16,500,8000,16,0,3,1,0.1875,15,0,1,4,0,1,3,0,1,37
NEAR_LOW_FULL_d0.001,16,1000,16000,16,0,3,1,0.1875,3,0,1,4,0,1,3,0,1,37
NEAR_LOW_FULL_d0.001,16,5000,80000,16,0,4,1,0.25,3,0,1,4,0,1,4,0,1,37
NEAR_LOW_FULL_d0.001,16,50,800,16,0,2,1,0.125,14,0,1,3,0,1,2,0,1,38
NEAR_LOW_FULL_d0.001,16,100,1600,16,0,3,1,0.1875,15,0,1,4,0,1,3,0,1,38
NEAR_LOW_FULL_d0.001,16,200,3200,16,0,3,1,0.1875,15,0,1,4,0,1,3,0,1,38
NEAR_LOW_FULL_d0.001,16,500,8000,16,0,3,1,0.1875,15,0,1,4,0,1,3,0,1,38
NEAR_LOW_FULL_d0.001,16,1000,16000,16,0,4,1,0.25,3,0,1,4,0,1,3,0,1,38
NEAR_LOW_FULL_d0.001,16,5000,80000,16,0,4,1,0.25,15,0,1,4,0,1,4,0,1,38
NEAR_LOW_FULL_d0.001,16,50,800,16,0,2,1,0.125,15,0,1,3,0,1,2,0,1,39
NEAR_LOW_FULL_d0.001,16,100,1600,16,0,2,1,0.125,15,0,1,3,0,1,2,0,1,39
NEAR_LOW_FULL_d0.001,16,200,3200,16,0,3,1,0.1875,15,0,1,4,0,1,3,0,1,39
NEAR_LOW_FULL_d0.001,16,500,8000,16,0,3,1,0.1875,15,0,1,4,0,1,3,0,1,39
NEAR_LOW_FULL_d0.001,16,1000,16000,16,0,3,1,0.1875,3,0,1,4,0,1,3,0,1,39
NEAR_LOW_FULL_d0.001,16,5000,80000,16,0,3,1,0.1875,3,0,1,4,0,1,3,0,1,39
NEAR_LOW_FULL_d0.001,16,50,800,16,0,2,1,0.125,15,0,1,3,0,1,2,0,1,40
NEAR_LOW_FULL_d0.001,16,100,1600,16,0,3,1,0.1875,15,0,1,3,0,1,2,0,1,40
NEAR_LOW_FULL_d0.001,16,200,3200,16,0,3,1,0.1875,15,0,1,4,0,1,3,0,1,40
NEAR_LOW_FULL_d0.001,16,500,8000,16,0,4,1,0.25,14,0,1,4,0,1,3,0,1,40
NEAR_LOW_FULL_d0.001,16,1000,16000,16,0,4,1,0.25,15,0,1,4,0,1,4,0,1,40
NEAR_LOW_FULL_d0.001,16,5000,80000,16,0,4,1,0.25,4,0,1,5,0,1,4,0,1,40
NEAR_LOW_FULL_d0.001,16,50,800,16,0,2,1,0.125,15,0,1,3,0,1,1,0,1,41
NEAR_LOW_FULL_d0.001,16,100,1600,16,0,2,1,0.125,15,0,1,3,0,1,2,0,1,41
NEAR_LOW_FULL_d0.001,16,200,3200,16,0,3,1,0.1875,15,0,1,3,0,1,3,0,1,41
NEAR_LOW_FULL_d0.001,16,500,8000,16,0,4,1,0.25,15,0,1,4,0,1,4,0,1,41
NEAR_LOW_FULL_d0.001,16,1000,16000,16,0,4,1,0.25,1,0,1,5,0,1,4,0,1,41
NEAR_LOW_FULL_d0.001,16,5000,80000,16,0,4,1,0.25,15,0,1,5,0,1,4,0,1,41
NEAR_LOW_FULL_d0.001,16,50,800,16,0,2,1,0.125,15,0,1,3,0,1,2,0,1,42
NEAR_LOW_FULL_d0.001,16,100,1600,16,0,3,1,0.1875,15,0,1,4,0,1,3,0,1,42
NEAR_LOW_FULL_d0.001,16,200,3200,16,0,3,1,0.1875,1,0,1,4,0,1,3,0,1,42
NEAR_LOW_FULL_d0.001,16,500,8000,16,0,4,1,0.25,3,0,1,4,0,1,3,0,1,42
NEAR_LOW_FULL_d0.001,16,1000,16000,16,0,4,1,0.25,15,0,1,4,0,1,4,0,1,42
NEAR_LOW_FULL_d0.001,16,5000,80000,16,0,4,1,0.25,15,0,1,5,0,1,4,0,1,42
NEAR_LOW_FULL_d0.001,16,50,800,16,0,2,1,0.125,15,0,1,3,0,1,2,0,1,43
NEAR_LOW_FULL_d0.001,16,100,1600,16,0,3,1,0.1875,15,0,1,3,0,1,2,0,1,43
NEAR_LOW_FULL_d0.001,16,200,3200,16,0,3,1,0.1875,15,0,1,4,0,1,3,0,1,43
NEAR_LOW_FULL_d0.001,16,500,8000,16,0,3,1,0.1875,1,0,1,4,0,1,3,0,1,43
NEAR_LOW_FULL_d0.001,16,1000,16000,16,0,4,1,0.25,15,0,1,4,0,1,4,0,1,43
NEAR_LOW_FULL_d0.001,16,5000,80000,16,0,4,1,0.25,15,0,1,4,0,1,4,0,1,43
NEAR_LOW_FULL_d0.001,16,50,800,16,0,2,1,0.125,1,0,1,4,0,1,3,0,1,44
NEAR_LOW_FULL_d0.001,16,100,1600,16,0,3,1,0.1875,15,0,1,4,0,1,3,0,1,44
NEAR_LOW_FULL_d0.001,16,200,3200,16,0,3,1,0.1875,15,0,1,4,0,1,3,0,1,44
NEAR_LOW_FULL_d0.001,16,500,8000,16,0,3,1,0.1875,3,0,1,4,0,1,3,0,1,44
NEAR_LOW_FULL_d0.001,16,1000,16000,16,0,3,1,0.1875,15,0,1,4,0,1,3,0,1,44
NEAR_LOW_FULL_d0.001,16,5000,80000,16,0,3,1,0.1875,3,0,1,4,0,1,3,0,1,44
NEAR_LOW_FULL_d0.001,16,50,800,16,0,1,1,0.0625,1,0,1,2,0,1,1,0,1,45
NEAR_LOW_FULL_d0.001,16,100,1600,16,0,3,1,0.1875,15,0,1,4,0,1,2,0,1,45
NEAR_LOW_FULL_d0.001,16,200,3200,16,0,3,1,0.1875,1,0,1,4,0,1,3,0,1,45
NEAR_LOW_FULL_d0.001,16,500,8000,16,0,3,1,0.1875,15,0,1,4,0,1,3,0,1,45
NEAR_LOW_FULL_d0.001,16,1000,16000,16,0,3,1,0.1875,3,0,1,4,0,1,3,0,1,45
NEAR_LOW_FULL_d0.001,16,5000,80000,16,0,4,1,0.25,3,0,1,4,0,1,3,0,1,45
NEAR_LOW_FULL_d0.001,16,50,800,16,0,2,1,0.125,15,0,1,4,0,1,2,0,1,46
NEAR_LOW_FULL_d0.001,16,100,1600,16,0,4,1,0.25,15,0,1,5,0,1,3,0,1,46
NEAR_LOW_FULL_d0.001,16,200,3200,16,0,4,1,0.25,15,0,1,5,0,1,4,0,1,46
NEAR_LOW_FULL_d0.001,16,500,8000,16,0,4,1,0.25,14,0,1,5,0,1,4,0,1,46
NEAR_LOW_FULL_d0.001,16,1000,16000,16,0,4,1,0.25,4,0,1,5,0,1,4,0,1,46
NEAR_LOW_FULL_d0.001,16,5000,80000,16,0,4,1,0.25,4,0,1,5,0,1,4,0,1,46
NEAR_LOW_FULL_d0.001,16,50,800,16,0,3,1,0.1875,14,0,1,4,0,1,3,0,1,47
NEAR_LOW_FULL_d0.001,16,100,1600,16,0,3,1,0.1875,15,0,1,4,0,1,3,0,1,47
NEAR_LOW_FULL_d0.001,16,200,3200,16,0,3,1,0.1875,15,0,1,4,0,1,3,0,1,47
NEAR_LOW_FULL_d0.001,16,500,8000,16,0,3,1,0.1875,3,0,1,4,0,1,3,0,1,47
NEAR_LOW_FULL_d0.001,16,1000,16000,16,0,3,1,0.1875,3,0,1,4,0,1,3,0,1,47
NEAR_LOW_FULL_d0.001,16,5000,80000,16,0,4,1,0.25,3,0,1,4,0,1,4,0,1,47
NEAR_LOW_FULL_d0.001,16,50,800,16,0,2,1,0.125,1,0,1,3,0,1,2,0,1,48
NEAR_LOW_FULL_d0.001,16,100,1600,16,0,2,1,0.125,15,0,1,3,0,1,2,0,1,48
NEAR_LOW_FULL_d0.001,16,200,3200,16,0,3,1,0.1875,1,0,1,3,0,1,2,0,1,48
NEAR_LOW_FULL_d0.001,16,500,8000,16,0,3,1,0.1875,15,0,1,4,0,1,3,0,1,48
NEAR_LOW_FULL_d0.001,16,1000,16000,16,0,3,1,0.1875,15,0,1,4,0,1,3,0,1,48
NEAR_LOW_FULL_d0.001,16,5000,80000,16,0,4,1,0.25,15,0,1,4,0,1,4,0,1,48
NEAR_LOW_FULL_d0.001,16,50,800,16,0,2,1,0.125,1,0,1,3,0,1,2,0,1,49
NEAR_LOW_FULL_d0.001,16,100,1600,16,0,3,1,0.1875,1,0,1,4,0,1,2,0,1,49
NEAR_LOW_FULL_d0.001,16,200,3200,16,0,3,1,0.1875,14,0,1,3,0,1,2,0,1,49
NEAR_LOW_FULL_d0.001,16,500,8000,16,0,4,1,0.25,1,0,1,3,0,1,3,0,1,49
NEAR_LOW_FULL_d0.001,16,1000,16000,16,0,4,1,0.25,4,0,1,3,0,1,4,0,1,49
NEAR_LOW_FULL_d0.001,16,5000,80000,16,0,4,1,0.25,4,0,1,3,0,1,4,0,1,49
NEAR_LOW_FULL_d0.001,16,50,800,16,0,2,1,0.125,15,0,1,3,0,1,3,0,1,50
NEAR_LOW_FULL_d0.001,16,100,1600,16,0,3,1,0.1875,15,0,1,4,0,1,3,0,1,50
NEAR_LOW_FULL_d0.001,16,200,3200,16,0,3,1,0.1875,3,0,1,4,0,1,3,0,1,50
NEAR_LOW_FULL_d0.001,16,500,8000,16,0,3,1,0.1875,15,0,1,4,0,1,3,0,1,50
NEAR_LOW_FULL_d0.001,16,1000,16000,16,0,3,1,0.1875,15,0,1,4,0,1,3,0,1,50
NEAR_LOW_FULL_d0.001,16,5000,80000,16,0,3,1,0.1875,3,0,1,4,0,1,3,0,1,50
NEAR_LOW_FULL_d0.001,16,50,800,16,0,2,1,0.125,15,0,1,3,0,1,2,0,1,51
NEAR_LOW_FULL_d0.001,16,100,1600,16,0,3,1,0.1875,1,0,1,4,0,1,3,0,1,51
NEAR_LOW_FULL_d0.001,16,200,3200,16,0,3,1,0.1875,15,0,1,4,0,1,3,0,1,51
NEAR_LOW_FULL_d0.001,16,500,8000,16,0,3,1,0.1875,3,0,1,4,0,1,3,0,1,51
NEAR_LOW_FULL_d0.001,16,1000,16000,16,0,3,1,0.1875,14,0,1,4,0,1,3,0,1,51
NEAR_LOW_FULL_d0.001,16,5000,80000,16,0,3,1,0.1875,3,0,1,4,0,1,3,0,1,51
NEAR_LOW_FULL_d0.001,16,50,800,16,0,2,1,0.125,15,0,1,4,0,1,1,0,1,52
NEAR_LOW_FULL_d0.001,16,100,1600,16,0,3,1,0.1875,15,0,1,4,0,1,2,0,1,52
NEAR_LOW_FULL_d0.001,16,200,3200,16,0,3,1,0.1875,13,0,1,4,0,1,3,0,1,52
NEAR_LOW_FULL_d0.001,16,500,8000,16,0,3,1,0.1875,15,0,1,4,0,1,3,0,1,52
NEAR_LOW_FULL_d0.001,16,1000,16000,16,0,3,1,0.1875,3,0,1,4,0,1,3,0,1,52
NEAR_LOW_FULL_d0.001,16,5000,80000,16,0,4,1,0.25,15,0,1,4,0,1,4,0,1,52
NEAR_LOW_FULL_d0.001,16,50,800,16,0,3,1,0.1875,14,0,1,4,0,1,3,0,1,53
NEAR_LOW_FULL_d0.001,16,100,1600,16,0,3,1,0.1875,15,0,1,4,0,1,3,0,1,53
NEAR_LOW_FULL_d0.001,16,200,3200,16,0,3,1,0.1875,15,0,1,4,0,1,3,0,1,53
NEAR_LOW_FULL_d0.001,16,500,8000,16,0,3,1,0.1875,15,0,1,4,0,1,3,0,1,53
NEAR_LOW_FULL_d0.001,16,1000,16000,16,0,4,1,0.25,14,0,1,5,0,1,4,0,1,53
NEAR_LOW_FULL_d0.001,16,5000,80000,16,0,4,1,0.25,15,0,1,5,0,1,4,0,1,53
NEAR_LOW_FULL_d0.001,16,50,800,16,0,2,1,0.125,15,0,1,3,0,1,2,0,1,54
NEAR_LOW_FULL_d0.001,16,100,1600,16,0,2,1,0.125,15,0,1,3,0,1,2,0,1,54
NEAR_LOW_FULL_d0.001,16,200,3200,16,0,2,1,0.125,1,0,1,3,0,1,2,0,1,54
NEAR_LOW_FULL_d0.001,16,500,8000,16,0,3,1,0.1875,2,0,1,3,0,1,3,0,1,54
NEAR_LOW_FULL_d0.001,16,1000,16000,16,0,3,1,0.1875,2,0,1,3,0,1,3,0,1,54
NEAR_LOW_FULL_d0.001,16,5000,80000,16,0,3,1,0.1875,3,0,1,4,0,1,3,0,1,54
NEAR_LOW_FULL_d0.001,16,50,800,16,0,2,1,0.125,15,0,1,3,0,1,2,0,1,55
NEAR_LOW_FULL_d0.001,16,100,1600,16,0,2,1,0.125,15,0,1,3,0,1,2,0,1,55
NEAR_LOW_FULL_d0.001,16,200,3200,16,0,3,1,0.1875,15,0,1,4,0,1,3,0,1,55
NEAR_LOW_FULL_d0.001,16,500,8000,16,0,3,1,0.1875,13,0,1,4,0,1,3,0,1,55
NEAR_LOW_FULL_d0.001,16,1000,16000,16,0,3,1,0.1875,15,0,1,4,0,1,3,0,1,55
NEAR_LOW_FULL_d0.001,16,5000,80000,16,0,3,1,0.1875,3,0,1,4,0,1,3,0,1,55
NEAR_LOW_FULL_d0.001,16,50,800,16,0,2,1,0.125,15,0,1,2,0,1,2,0,1,56
NEAR_LOW_FULL_d0.001,16,100,1600,16,0,3,1,0.1875,15,0,1,4,0,1,3,0,1,56
NEAR_LOW_FULL_d0.001,16,200,3200,16,0,3,1,0.1875,15,0,1,4,0,1,3,0,1,56
NEAR_LOW_FULL_d0.001,16,500,8000,16,0,4,1,0.25,15,0,1,4,0,1,3,0,1,56
NEAR_LOW_FULL_d0.001,16,1000,16000,16,0,4,1,0.25,15,0,1,4,0,1,4,0,1,56
NEAR_LOW_FULL_d0.001,16,5000,80000,16,0,4,1,0.25,4,0,1,5,0,1,4,0,1,56
NEAR_LOW_FULL_d0.001,16,50,800,16,0,2,1,0.125,2,0,1,3,0,1,2,0,1,57
NEAR_LOW_FULL_d0.001,16,100,1600,16,0,3,1,0.1875,2,0,1,3,0,1,3,0,1,57
NEAR_LOW_FULL_d0.001,16,200,3200,16,0,3,1,0.1875,15,0,1,4,0,1,3,0,1,57
NEAR_LOW_FULL_d0.001,16,500,8000,16,0,4,1,0.25,2,0,1,4,0,1,3,0,1,57
NEAR_LOW_FULL_d0.001,16,1000,16000,16,0,4,1,0.25,2,0,1,4,0,1,4,0,1,57
NEAR_LOW_FULL_d0.001,16,5000,80000,16,0,4,1,0.25,15,0,1,4,0,1,4,0,1,57
NEAR_LOW_FULL_d0.001,16,50,800,16,0,3,1,0.1875,15,0,1,4,0,1,3,0,1,58
NEAR_LOW_FULL_d0.001,16,100,1600,16,0,3,1,0.1875,15,0,1,4,0,1,3,0,1,58
NEAR_LOW_FULL_d0.001,16,200,3200,16,0,3,1,0.1875,1,0,1,4,0,1,3,0,1,58
NEAR_LOW_FULL_d0.001,16,500,8000,16,0,3,1,0.1875,15,0,1,4,0,1,3,0,1,58
NEAR_LOW_FULL_d0.001,16,1000,16000,16,0,3,1,0.1875,3,0,1,4,0,1,3,0,1,58
NEAR_LOW_FULL_d0.001,16,5000,80000,16,0,3,1,0.1875,3,0,1,4,0,1,3,0,1,58
NEAR_LOW_FULL_d0.001,16,50,800,16,0,3,1,0.1875,3,0,1,4,0,1,2,0,1,59
NEAR_LOW_FULL_d0.001,16,100,1600,16,0,3,1,0.1875,15,0,1,4,0,1,3,0,1,59
NEAR_LOW_FULL_d0.001,16,200,3200,16,0,3,1,0.1875,15,0,1,4,0,1,3,0,1,59
NEAR_LOW_FULL_d0.001,16,500,8000,16,0,4,1,0.25,3,0,1,4,0,1,3,0,1,59
NEAR_LOW_FULL_d0.001,16,1000,16000,16,0,4,1,0.25,15,0,1,4,0,1,4,0,1,59
NEAR_LOW_FULL_d0.001,16,5000,80000,16,0,4,1,0.25,15,0,1,5,0,1,4,0,1,59
NEAR_LOW_FULL_d0.001,16,50,800,16,0,3,1,0.1875,15,0,1,4,0,1,3,0,1,60
NEAR_LOW_FULL_d0.001,16,100,1600,16,0,3,1,0.1875,3,0,1,4,0,1,3,0,1,60
NEAR_LOW_FULL_d0.001,16,200,3200,16,0,3,1,0.1875,3,0,1,4,0,1,3,0,1,60
NEAR_LOW_FULL_d0.001,16,500,8000,16,0,3,1,0.1875,3,0,1,4,0,1,3,0,1,60
NEAR_LOW_FULL_d0.001,16,1000,16000,16,0,3,1,0.1875,15,0,1,4,0,1,3,0,1,60
NEAR_LOW_FULL_d0.001,16,5000,80000,16,0,4,1,0.25,3,0,1,4,0,1,4,0,1,60
NEAR_LOW_FULL_d0.001,16,50,800,16,0,2,1,0.125,15,0,1,4,0,1,2,0,1,61
NEAR_LOW_FULL_d0.001,16,100,1600,16,0,3,1,0.1875,15,0,1,4,0,1,3,0,1,61
NEAR_LOW_FULL_d0.001,16,200,3200,16,0,3,1,0.1875,15,0,1,4,0,1,3,0,1,61
NEAR_LOW_FULL_d0.001,16,500,8000,16,0,3,1,0.1875,15,0,1,4,0,1,3,0,1,61
NEAR_LOW_FULL_d0.001,16,1000,16000,16,0,3,1,0.1875,3,0,1,4,0,1,3,0,1,61
NEAR_LOW_FULL_d0.001,16,5000,80000,16,0,4,1,0.25,3,0,1,4,0,1,3,0,1,61
NEAR_LOW_FULL_d0.001,16,50,800,16,0,3,1,0.1875,15,0,1,4,0,1,3,0,1,62
NEAR_LOW_FULL_d0.001,16,100,1600,16,0,3,1,0.1875,14,0,1,4,0,1,3,0,1,62
NEAR_LOW_FULL_d0.001,16,200,3200,16,0,3,1,0.1875,15,0,1,4,0,1,3,0,1,62
NEAR_LOW_FULL_d0.001,16,500,8000,16,0,3,1,0.1875,3,0,1,4,0,1,3,0,1,62
NEAR_LOW_FULL_d0.001,16,1000,16000,16,0,3,1,0.1875,15,0,1,4,0,1,3,0,1,62
NEAR_LOW_FULL_d0.001,16,5000,80000,16,0,4,1,0.25,3,0,1,4,0,1,3,0,1,62
NEAR_LOW_FULL_d0.001,16,50,800,16,0,2,1,0.125,15,0,1,3,0,1,2,0,1,63
NEAR_LOW_FULL_d0.001,16,100,1600,16,0,2,1,0.125,15,0,1,3,0,1,2,0,1,63
NEAR_LOW_FULL_d0.001,16,200,3200,16,0,2,1,0.125,2,0,1,3,0,1,2,0,1,63
NEAR_LOW_FULL_d0.001,16,500,8000,16,0,2,1,0.125,2,0,1,3,0,1,2,0,1,63
NEAR_LOW_FULL_d0.001,16,1000,16000,16,0,2,1,0.125,2,0,1,3,0,1,3,0,1,63
NEAR_LOW_FULL_d0.001,16,5000,80000,16,0,3,1,0.1875,15,0,1,3,0,1,3,0,1,63
NEAR_LOW_FULL_d0.001,16,50,800,16,0,2,1,0.125,15,0,1,3,0,1,2,0,1,64
NEAR_LOW_FULL_d0.001,16,100,1600,16,0,2,1,0.125,15,0,1,3,0,1,2,0,1,64
NEAR_LOW_FULL_d0.001,16,200,3200,16,0,4,1,0.25,15,0,1,3,0,1,3,0,1,64
NEAR_LOW_FULL_d0.001,16,500,8000,16,0,4,1,0.25,1,0,1,5,0,1,4,0,1,64
NEAR_LOW_FULL_d0.001,16,1000,16000,16,0,4,1,0.25,15,0,1,3,0,1,4,0,1,64
NEAR_LOW_FULL_d0.001,16,5000,80000,16,0,4,1,0.25,15,0,1,5,0,1,4,0,1,64
NEAR_LOW_FULL_d0.001,16,50,800,16,0,2,1,0.125,15,0,1,4,0,1,2,0,1,65
NEAR_LOW_FULL_d0.001,16,100,1600,16,0,1,1,0.0625,15,0,1,2,0,1,2,0,1,65
NEAR_LOW_FULL_d0.001,16,200,3200,16,0,2,1,0.125,1,0,1,3,0,1,3,0,1,65
NEAR_LOW_FULL_d0.001,16,500,8000,16,0,2,1,0.125,1,0,1,3,0,1,3,0,1,65
NEAR_LOW_FULL_d0.001,16,1000,16000,16,0,3,1,0.1875,15,0,1,3,0,1,4,0,1,65
NEAR_LOW_FULL_d0.001,16,5000,80000,16,0,4,1,0.25,15,0,1,3,0,1,4,0,1,65
NEAR_LOW_FULL_d0.001,16,50,800,16,0,3,1,0.1875,15,0,1,3,0,1,2,0,1,66
NEAR_LOW_FULL_d0.001,16,100,1600,16,0,3,1,0.1875,1,0,1,4,0,1,3,0,1,66
NEAR_LOW_FULL_d0.001,16,200,3200,16,0,4,1,0.25,15,0,1,4,0,1,3,0,1,66
NEAR_LOW_FULL_d0.001,16,500,8000,16,0,4,1,0.25,15,0,1,5,0,1,4,0,1,66
NEAR_LOW_FULL_d0.001,16,1000,16000,16,0,4,1,0.25,15,0,1,5,0,1,4,0,1,66
NEAR_LOW_FULL_d0.001,16,5000,80000,16,0,4,1,0.25,14,0,1,5,0,1,4,0,1,66
NEAR_LOW_FULL_d0.001,16,50,800,16,0,2,1,0.125,15,0,1,3,0,1,2,0,1,67
NEAR_LOW_FULL_d0.001,16,100,1600,16,0,3,1,0.1875,15,0,1,4,0,1,2,0,1,67
NEAR_LOW_FULL_d0.001,16,200,3200,16,0,3,1,0.1875,15,0,1,4,0,1,3,0,1,67
NEAR_LOW_FULL_d0.001,16,500,8000,16,0,3,1,0.1875,15,0,1,4,0,1,3,0,1,67
NEAR_LOW_FULL_d0.001,16,1000,16000,16,0,3,1,0.1875,3,0,1,4,0,1,3,0,1,67
NEAR_LOW_FULL_d0.001,16,5000,80000,16,0,3,1,0.1875,3,0,1,4,0,1,3,0,1,67
NEAR_LOW_FULL_d0.001,16,50,800,16,0,2,1,0.125,14,0,1,3,0,1,2,0,1,68
NEAR_LOW_FULL_d0.001,16,100,1600,16,0,2,1,0.125,15,0,1,3,0,1,2,0,1,68
NEAR_LOW_FULL_d0.001,16,200,3200,16,0,2,1,0.125,1,0,1,3,0,1,2,0,1,68
NEAR_LOW_FULL_d0.001,16,500,8000,16,0,3,1,0.1875,15,0,1,3,0,1,3,0,1,68
NEAR_LOW_FULL_d0.001,16,1000,16000,16,0,4,1,0.25,1,0,1,3,0,1,3,0,1,68
NEAR_LOW_FULL_d0.001,16,5000,80000,16,0,4,1,0.25,13,0,1,3,0,1,4,0,1,68
NEAR_LOW_FULL_d0.001,16,50,800,16,0,3,1,0.1875,15,0,1,4,0,1,3,0,1,69
NEAR_LOW_FULL_d0.001,16,100,1600,16,0,3,1,0.1875,15,0,1,4,0,1,3,0,1,69
NEAR_LOW_FULL_d0.001,16,200,3200,16,0,3,1,0.1875,3,0,1,4,0,1,3,0,1,69
NEAR_LOW_FULL_d0.001,16,500,8000,16,0,3,1,0.1875,3,0,1,4,0,1,3,0,1,69
NEAR_LOW_FULL_d0.001,16,1000,16000,16,0,3,1,0.1875,3,0,1,4,0,1,3,0,1,69
NEAR_LOW_FULL_d0.001,16,5000,80000,16,0,4,1,0.25,15,0,1,4,0,1,4,0,1,69
NEAR_LOW_FULL_d0.001,16,50,800,16,0,3,1,0.1875,15,0,1,4,0,1,3,0,1,70
NEAR_LOW_FULL_d0.001,16,100,1600,16,0,3,1,0.1875,15,0,1,4,0,1,3,0,1,70
NEAR_LOW_FULL_d0.001,16,200,3200,16,0,3,1,0.1875,3,0,1,4,0,1,3,0,1,70
NEAR_LOW_FULL_d0.001,16,500,8000,16,0,3,1,0.1875,15,0,1,4,0,1,3,0,1,70
NEAR_LOW_FULL_d0.001,16,1000,16000,16,0,3,1,0.1875,3,0,1,4,0,1,3,0,1,70
NEAR_LOW_FULL_d0.001,16,5000,80000,16,0,4,1,0.25,3,0,1,4,0,1,4,0,1,70
NEAR_LOW_FULL_d0.001,16,50,800,16,0,3,1,0.1875,3,0,1,4,0,1,3,0,1,71
NEAR_LOW_FULL_d0.001,16,100,1600,16,0,3,1,0.1875,14,0,1,4,0,1,3,0,1,71
NEAR_LOW_FULL_d0.001,16,200,3200,16,0,3,1,0.1875,3,0,1,4,0,1,3,0,1,71
NEAR_LOW_FULL_d0.001,16,500,8000,16,0,3,1,0.1875,3,0,1,4,0,1,3,0,1,71
NEAR_LOW_FULL_d0.001,16,1000,16000,16,0,3,1,0.1875,3,0,1,4,0,1,3,0,1,71
NEAR_LOW_FULL_d0.001,16,5000,80000,16,0,3,1,0.1875,3,0,1,4,0,1,3,0,1,71
NEAR_LOW_FULL_d0.001,16,50,800,16,0,3,1,0.1875,15,0,1,4,0,1,3,0,1,72
NEAR_LOW_FULL_d0.001,16,100,1600,16,0,4,1,0.25,15,0,1,4,0,1,3,0,1,72
NEAR_LOW_FULL_d0.001,16,200,3200,16,0,4,1,0.25,15,0,1,5,0,1,4,0,1,72
NEAR_LOW_FULL_d0.001,16,500,8000,16,0,4,1,0.25,4,0,1,5,0,1,4,0,1,72
NEAR_LOW_FULL_d0.001,16,1000,16000,16,0,4,1,0.25,15,0,1,5,0,1,4,0,1,72
NEAR_LOW_FULL_d0.001,16,5000,80000,16,0,4,1,0.25,4,0,1,5,0,1,4,0,1,72
NEAR_LOW_FULL_d0.001,16,50,800,16,0,3,1,0.1875,15,0,1,5,0,1,3,0,1,73
NEAR_LOW_FULL_d0.001,16,100,1600,16,0,3,1,0.1875,2,0,1,4,0,1,3,0,1,73
NEAR_LOW_FULL_d0.001,16,200,3200,16,0,3,1,0.1875,3,0,1,4,0,1,3,0,1,73
NEAR_LOW_FULL_d0.001,16,500,8000,16,0,3,1,0.1875,3,0,1,4,0,1,3,0,1,73
NEAR_LOW_FULL_d0.001,16,1000,16000,16,0,3,1,0.1875,3,0,1,4,0,1,3,0,1,73
NEAR_LOW_FULL_d0.001,16,5000,80000,16,0,4,1,0.25,3,0,1,4,0,1,4,0,1,73
NEAR_LOW_FULL_d0.001,16,50,800,16,0,2,1,0.125,15,0,1,3,0,1,2,0,1,74
NEAR_LOW_FULL_d0.001,16,100,1600,16,0,2,1,0.125,1,0,1,3,0,1,2,0,1,74
NEAR_LOW_FULL_d0.001,16,200,3200,16,0,3,1,0.1875,2,0,1,3,0,1,2,0,1,74
NEAR_LOW_FULL_d0.001,16,500,8000,16,0,3,1,0.1875,15,0,1,4,0,1,3,0,1,74
NEAR_LOW_FULL_d0.001,16,1000,16000,16,0,4,1,0.25,2,0,1,4,0,1,3,0,1,74
NEAR_LOW_FULL_d0.001,16,5000,80000,16,0,4,1,0.25,4,0,1,4,0,1,4,0,1,74
NEAR_LOW_FULL_d0.001,16,50,800,16,0,3,1,0.1875,15,0,1,4,0,1,2,0,1,75
NEAR_LOW_FULL_d0.001,16,100,1600,16,0,3,1,0.1875,15,0,1,4,0,1,3,0,1,75
NEAR_LOW_FULL_d0.001,16,200,3200,16,0,3,1,0.1875,15,0,1,4,0,1,3,0,1,75
NEAR_LOW_FULL_d0.001,16,500,8000,16,0,4,1,0.25,15,0,1,4,0,1,4,0,1,75
NEAR_LOW_FULL_d0.001,16,1000,16000,16,0,4,1,0.25,15,0,1,4,0,1,4,0,1,75
NEAR_LOW_FULL_d0.001,16,5000,80000,16,0,4,1,0.25,4,0,1,5,0,1,4,0,1,75
NEAR_LOW_FULL_d0.001,16,50,800,16,0,2,1,0.125,15,0,1,3,0,1,2,0,1,76
NEAR_LOW_FULL_d0.001,16,100,1600,16,0,2,1,0.125,15,0,1,3,0,1,2,0,1,76
NEAR_LOW_FULL_d0.001,16,200,3200,16,0,3,1,0.1875,2,0,1,3,0,1,3,0,1,76
NEAR_LOW_FULL_d0.001,16,500,8000,16,0,3,1,0.1875,2,0,1,4,0,1,3,0,1,76
NEAR_LOW_FULL_d0.001,16,1000,16000,16,0,3,1,0.1875,2,0,1,4,0,1,3,0,1,76
NEAR_LOW_FULL_d0.001,16,5000,80000,16,0,3,1,0.1875,3,0,1,4,0,1,3,0,1,76
NEAR_LOW_FULL_d0.001,16,50,800,16,0,2,1,0.125,15,0,1,3,0,1,2,0,1,77
NEAR_LOW_FULL_d0.001,16,100,1600,16,0,2,1,0.125,15,0,1,3,0,1,2,0,1,77
NEAR_LOW_FULL_d0.001,16,200,3200,16,0,3,1,0.1875,15,0,1,3,0,1,2,0,1,77
NEAR_LOW_FULL_d0.001,16,500,8000,16,0,3,1,0.1875,15,0,1,4,0,1,3,0,1,77
NEAR_LOW_FULL_d0.001,16,1000,16000,16,0,3,1,0.1875,15,0,1,4,0,1,3,0,1,77
NEAR_LOW_FULL_d0.001,16,5000,80000,16,0,3,1,0.1875,15,0,1,4,0,1,3,0,1,77
NEAR_LOW_FULL_d0.001,16,50,800,16,0,2,1,0.125,15,0,1,3,0,1,2,0,1,78
NEAR_LOW_FULL_d0.001,16,100,1600,16,0,2,1,0.125,15,0,1,3,0,1,2,0,1,78
NEAR_LOW_FULL_d0.001,16,200,3200,16,0,4,1,0.25,15,0,1,3,0,1,3,0,1,78
NEAR_LOW_FULL_d0.001,16,500,8000,16,0,4,1,0.25,15,0,1,3,0,1,4,0,1,78
NEAR_LOW_FULL_d0.001,16,1000,16000,16,0,4,1,0.25,15,0,1,5,0,1,4,0,1,78
NEAR_LOW_FULL_d0.001,16,5000,80000,16,0,4,1,0.25,4,0,1,5,0,1,4,0,1,78
NEAR_LOW_FULL_d0.001,16,50,800,16,0,2,1,0.125,15,0,1,3,0,1,2,0,1,79
NEAR_LOW_FULL_d0.001,16,100,1600,16,0,2,1,0.125,15,0,1,3,0,1,2,0,1,79
NEAR_LOW_FULL_d0.001,16,200,3200,16,0,3,1,0.1875,15,0,1,3,0,1,3,0,1,79
NEAR_LOW_FULL_d0.001,16,500,8000,16,0,3,1,0.1875,1,0,1,4,0,1,3,0,1,79
NEAR_LOW_FULL_d0.001,16,1000,16000,16,0,3,1,0.1875,15,0,1,4,0,1,3,0,1,79
NEAR_LOW_FULL_d0.001,16,5000,80000,16,0,3,1,0.1875,3,0,1,4,0,1,3,0,1,79
NEAR_LOW_FULL_d0.001,16,50,800,16,0,2,1,0.125,14,0,1,3,0,1,2,0,1,80
NEAR_LOW_FULL_d0.001,16,100,1600,16,0,3,1,0.1875,15,0,1,3,0,1,2,0,1,80
NEAR_LOW_FULL_d0.001,16,200,3200,16,0,3,1,0.1875,15,0,1,4,0,1,3,0,1,80
NEAR_LOW_FULL_d0.001,16,500,8000,16,0,3,1,0.1875,15,0,1,4,0,1,3,0,1,80
NEAR_LOW_FULL_d0.001,16,1000,16000,16,0,3,1,0.1875,15,0,1,4,0,1,3,0,1,80
NEAR_LOW_FULL_d0.001,16,5000,80000,16,0,3,1,0.1875,3,0,1,4,0,1,3,0,1,80
NEAR_LOW_FULL_d0.001,16,50,800,16,0,2,1,0.125,15,0,1,3,0,1,2,0,1,81
NEAR_LOW_FULL_d0.001,16,100,1600,16,0,2,1,0.125,15,0,1,4,0,1,2,0,1,81
NEAR_LOW_FULL_d0.001,16,200,3200,16,0,3,1,0.1875,15,0,1,4,0,1,3,0,1,81
NEAR_LOW_FULL_d0.001,16,500,8000,16,0,3,1,0.1875,15,0,1,4,0,1,3,0,1,81
NEAR_LOW_FULL_d0.001,16,1000,16000,16,0,3,1,0.1875,15,0,1,4,0,1,3,0,1,81
NEAR_LOW_FULL_d0.001,16,5000,80000,16,0,4,1,0.25,3,0,1,4,0,1,4,0,1,81
NEAR_LOW_FULL_d0.001,16,50,800,16,0,2,1,0.125,15,0,1,3,0,1,2,0,1,82
NEAR_LOW_FULL_d0.001,16,100,1600,16,0,3,1,0.1875,15,0,1,3,0,1,3,0,1,82
NEAR_LOW_FULL_d0.001,16,200,3200,16,0,3,1,0.1875,15,0,1,4,0,1,3,0,1,82
NEAR_LOW_FULL_d0.001,16,500,8000,16,0,3,1,0.1875,2,0,1,4,0,1,3,0,1,82
NEAR_LOW_FULL_d0.001,16,1000,16000,16,0,4,1,0.25,15,0,1,4,0,1,4,0,1,82
NEAR_LOW_FULL_d0.001,16,5000,80000,16,0,4,1,0.25,14,0,1,4,0,1,4,0,1,82
NEAR_LOW_FULL_d0.001,16,50,800,16,0,2,1,0.125,14,0,1,3,0,1,1,0,1,83
NEAR_LOW_FULL_d0.001,16,100,1600,16,0,4,1,0.25,15,0,1,2,0,1,2,0,1,83
NEAR_LOW_FULL_d0.001,16,200,3200,16,0,4,1,0.25,14,0,1,3,0,1,4,0,1,83
NEAR_LOW_FULL_d0.001,16,500,8000,16,0,4,1,0.25,15,0,1,5,0,1,4,0,1,83
NEAR_LOW_FULL_d0.001,16,1000,16000,16,0,4,1,0.25,15,0,1,5,0,1,4,0,1,83
NEAR_LOW_FULL_d0.001,16,5000,80000,16,0,4,1,0.25,4,0,1,5,0,1,4,0,1,83
NEAR_LOW_FULL_d0.001,16,50,800,16,0,3,1,0.1875,15,0,1,4,0,1,3,0,1,84
NEAR_LOW_FULL_d0.001,16,100,1600,16,0,3,1,0.1875,15,0,1,4,0,1,3,0,1,84
NEAR_LOW_FULL_d0.001,16,200,3200,16,0,3,1,0.1875,15,0,1,4,0,1,3,0,1,84
NEAR_LOW_FULL_d0.001,16,500,8000,16,0,3,1,0.1875,3,0,1,4,0,1,3,0,1,84
NEAR_LOW_FULL_d0.001,16,1000,16000,16,0,3,1,0.1875,3,0,1,4,0,1,3,0,1,84
NEAR_LOW_FULL_d0.001,16,5000,80000,16,0,4,1,0.25,3,0,1,4,0,1,4,0,1,84
NEAR_LOW_FULL_d0.001,16,50,800,16,0,3,1,0.1875,15,0,1,4,0,1,3,0,1,85
NEAR_LOW_FULL_d0.001,16,100,1600,16,0,3,1,0.1875,15,0,1,4,0,1,3,0,1,85
NEAR_LOW_FULL_d0.001,16,200,3200,16,0,3,1,0.1875,15,0,1,4,0,1,3,0,1,85
NEAR_LOW_FULL_d0.001,16,500,8000,16,0,4,1,0.25,3,0,1,4,0,1,3,0,1,85
NEAR_LOW_FULL_d0.001,16,1000,16000,16,0,4,1,0.25,3,0,1,4,0,1,3,0,1,85
NEAR_LOW_FULL_d0.001,16,5000,80000,16,0,4,1,0.25,15,0,1,4,0,1,4,0,1,85
NEAR_LOW_FULL_d0.001,16,50,800,16,0,2,1,0.125,14,0,1,3,0,1,2,0,1,86
NEAR_LOW_FULL_d0.001,16,100,1600,16,0,2,1,0.125,15,0,1,3,0,1,3,0,1,86
NEAR_LOW_FULL_d0.001,16,200,3200,16,0,4,1,0.25,15,0,1,3,0,1,4,0,1,86
NEAR_LOW_FULL_d0.001,16,500,8000,16,0,4,1,0.25,1,0,1,3,0,1,4,0,1,86
NEAR_LOW_FULL_d0.001,16,1000,16000,16,0,4,1,0.25,4,0,1,5,0,1,4,0,1,86
NEAR_LOW_FULL_d0.001,16,5000,80000,16,0,4,1,0.25,4,0,1,5,0,1,4,0,1,86
NEAR_LOW_FULL_d0.001,16,50,800,16,0,3,1,0.1875,15,0,1,4,0,1,2,0,1,87
NEAR_LOW_FULL_d0.001,16,100,1600,16,0,3,1,0.1875,15,0,1,4,0,1,3,0,1,87
NEAR_LOW_FULL_d0.001,16,200,3200,16,0,3,1,0.1875,3,0,1,4,0,1,3,0,1,87
NEAR_LOW_FULL_d0.001,16,500,8000,16,0,4,1,0.25,15,0,1,4,0,1,3,0,1,87
NEAR_LOW_FULL_d0.001,16,1000,16000,16,0,4,1,0.25,15,0,1,4,0,1,3,0,1,87
NEAR_LOW_FULL_d0.001,16,5000,80000,16,0,4,1,0.25,3,0,1,4,0,1,4,0,1,87
NEAR_LOW_FULL_d0.001,16,50,800,16,0,3,1,0.1875,15,0,1,2,0,1,2,0,1,88
NEAR_LOW_FULL_d0.001,16,100,1600,16,0,3,1,0.1875,15,0,1,3,0,1,2,0,1,88
NEAR_LOW_FULL_d0.001,16,200,3200,16,0,3,1,0.1875,1,0,1,4,0,1,3,0,1,88
NEAR_LOW_FULL_d0.001,16,500,8000,16,0,3,1,0.1875,3,0,1,4,0,1,3,0,1,88
NEAR_LOW_FULL_d0.001,16,1000,16000,16,0,3,1,0.1875,3,0,1,4,0,1,3,0,1,88
NEAR_LOW_FULL_d0.001,16,5000,80000,16,0,4,1,0.25,3,0,1,4,0,1,4,0,1,88
NEAR_LOW_FULL_d0.001,16,50,800,16,0,2,1,0.125,15,0,1,3,0,1,2,0,1,89
NEAR_LOW_FULL_d0.001,16,100,1600,16,0,2,1,0.125,2,0,1,3,0,1,2,0,1,89
NEAR_LOW_FULL_d0.001,16,200,3200,16,0,3,1,0.1875,15,0,1,3,0,1,3,0,1,89
NEAR_LOW_FULL_d0.001,16,500,8000,16,0,4,1,0.25,15,0,1,3,0,1,3,0,1,89
NEAR_LOW_FULL_d0.001,16,1000,16000,16,0,3,1,0.1875,15,0,1,4,0,1,3,0,1,89
NEAR_LOW_FULL_d0.001,16,5000,80000,16,0,4,1,0.25,2,0,1,4,0,1,4,0,1,89
NEAR_LOW_FULL_d0.001,16,50,800,16,0,3,1,0.1875,14,0,1,4,0,1,2,0,1,90
NEAR_LOW_FULL_d0.001,16,100,1600,16,0,3,1,0.1875,15,0,1,4,0,1,3,0,1,90
NEAR_LOW_FULL_d0.001,16,200,3200,16,0,3,1,0.1875,15,0,1,4,0,1,3,0,1,90
NEAR_LOW_FULL_d0.001,16,500,8000,16,0,3,1,0.1875,3,0,1,4,0,1,3,0,1,90
NEAR_LOW_FULL_d0.001,16,1000,16000,16,0,3,1,0.1875,15,0,1,4,0,1,3,0,1,90
NEAR_LOW_FULL_d0.001,16,5000,80000,16,0,3,1,0.1875,3,0,1,4,0,1,3,0,1,90
NEAR_LOW_FULL_d0.001,16,50,800,16,0,2,1,0.125,15,0,1,3,0,1,2,0,1,91
NEAR_LOW_FULL_d0.001,16,100,1600,16,0,2,1,0.125,15,0,1,3,0,1,2,0,1,91
NEAR_LOW_FULL_d0.001,16,200,3200,16,0,3,1,0.1875,1,0,1,3,0,1,2,0,1,91
NEAR_LOW_FULL_d0.001,16,500,8000,16,0,3,1,0.1875,1,0,1,3,0,1,2,0,1,91
NEAR_LOW_FULL_d0.001,16,1000,16000,16,0,3,1,0.1875,15,0,1,4,0,1,3,0,1,91
NEAR_LOW_FULL_d0.001,16,5000,80000,16,0,4,1,0.25,15,0,1,4,0,1,3,0,1,91
NEAR_LOW_FULL_d0.001,16,50,800,16,0,2,1,0.125,15,0,1,4,0,1,2,0,1,92
NEAR_LOW_FULL_d0.001,16,100,1600,16,0,2,1,0.125,2,0,1,3,0,1,2,0,1,92
NEAR_LOW_FULL_d0.001,16,200,3200,16,0,3,1,0.1875,2,0,1,3,0,1,2,0,1,92
NEAR_LOW_FULL_d0.001,16,500,8000,16,0,4,1,0.25,14,0,1,3,0,1,2,0,1,92
NEAR_LOW_FULL_d0.001,16,1000,16000,16,0,4,1,0.25,2,0,1,3,0,1,4,0,1,92
NEAR_LOW_FULL_d0.001,16,5000,80000,16,0,4,1,0.25,4,0,1,3,0,1,4,0,1,92
NEAR_LOW_FULL_d0.001,16,50,800,16,0,2,1,0.125,15,0,1,4,0,1,2,0,1,93
NEAR_LOW_FULL_d0.001,16,100,1600,16,0,3,1,0.1875,14,0,1,3,0,1,2,0,1,93
NEAR_LOW_FULL_d0.001,16,200,3200,16,0,4,1,0.25,15,0,1,5,0,1,4,0,1,93
NEAR_LOW_FULL_d0.001,16,500,8000,16,0,4,1,0.25,15,0,1,5,0,1,4,0,1,93
NEAR_LOW_FULL_d0.001,16,1000,16000,16,0,4,1,0.25,4,0,1,5,0,1,4,0,1,93
NEAR_LOW_FULL_d0.001,16,5000,80000,16,0,4,1,0.25,15,0,1,5,0,1,4,0,1,93
NEAR_LOW_FULL_d0.001,16,50,800,16,0,2,1,0.125,15,0,1,3,0,1,2,0,1,94
NEAR_LOW_FULL_d0.001,16,100,1600,16,0,3,1,0.1875,15,0,1,4,0,1,3,0,1,94
NEAR_LOW_FULL_d0.001,16,200,3200,16,0,3,1,0.1875,15,0,1,3,0,1,3,0,1,94
NEAR_LOW_FULL_d0.001,16,500,8000,16,0,4,1,0.25,15,0,1,4,0,1,3,0,1,94
NEAR_LOW_FULL_d0.001,16,1000,16000,16,0,4,1,0.25,15,0,1,4,0,1,4,0,1,94
NEAR_LOW_FULL_d0.001,16,5000,80000,16,0,4,1,0.25,15,0,1,5,0,1,4,0,1,94
NEAR_LOW_FULL_d0.001,16,50,800,16,0,2,1,0.125,15,0,1,3,0,1,2,0,1,95
NEAR_LOW_FULL_d0.001,16,100,1600,16,0,2,1,0.125,15,0,1,3,0,1,2,0,1,95
NEAR_LOW_FULL_d0.001,16,200,3200,16,0,2,1,0.125,15,0,1,3,0,1,2,0,1,95
NEAR_LOW_FULL_d0.001,16,500,8000,16,0,3,1,0.1875,2,0,1,3,0,1,3,0,1,95
NEAR_LOW_FULL_d0.001,16,1000,16000,16,0,3,1,0.1875,2,0,1,4,0,1,3,0,1,95
NEAR_LOW_FULL_d0.001,16,5000,80000,16,0,4,1,0.25,2,0,1,4,0,1,4,0,1,95
NEAR_LOW_FULL_d0.001,16,50,800,16,0,2,1,0.125,14,0,1,3,0,1,3,0,1,96
NEAR_LOW_FULL_d0.001,16,100,1600,16,0,3,1,0.1875,15,0,1,4,0,1,3,0,1,96
NEAR_LOW_FULL_d0.001,16,200,3200,16,0,3,1,0.1875,15,0,1,4,0,1,3,0,1,96
NEAR_LOW_FULL_d0.001,16,500,8000,16,0,4,1,0.25,15,0,1,4,0,1,3,0,1,96
NEAR_LOW_FULL_d0.001,16,1000,16000,16,0,4,1,0.25,15,0,1,4,0,1,4,0,1,96
NEAR_LOW_FULL_d0.001,16,5000,80000,16,0,4,1,0.25,15,0,1,4,0,1,4,0,1,96
NEAR_LOW_FULL_d0.001,16,50,800,16,0,2,1,0.125,15,0,1,3,0,1,2,0,1,97
NEAR_LOW_FULL_d0.001,16,100,1600,16,0,2,1,0.125,2,0,1,3,0,1,2,0,1,97
NEAR_LOW_FULL_d0.001,16,200,3200,16,0,2,1,0.125,15,0,1,3,0,1,2,0,1,97
NEAR_LOW_FULL_d0.001,16,500,8000,16,0,3,1,0.1875,2,0,1,3,0,1,3,0,1,97
NEAR_LOW_FULL_d0.001,16,1000,16000,16,0,3,1,0.1875,2,0,1,3,0,1,3,0,1,97
NEAR_LOW_FULL_d0.001,16,5000,80000,16,0,4,1,0.25,15,0,1,4,0,1,4,0,1,97
NEAR_LOW_FULL_d0.001,16,50,800,16,0,2,1,0.125,1,0,1,3,0,1,2,0,1,98
NEAR_LOW_FULL_d0.001,16,100,1600,16,0,2,1,0.125,1,0,1,3,0,1,2,0,1,98
NEAR_LOW_FULL_d0.001,16,200,3200,16,0,3,1,0.1875,1,0,1,4,0,1,3,0,1,98
NEAR_LOW_FULL_d0.001,16,500,8000,16,0,3,1,0.1875,15,0,1,4,0,1,3,0,1,98
NEAR_LOW_FULL_d0.001,16,1000,16000,16,0,3,1,0.1875,15,0,1,4,0,1,3,0,1,98
NEAR_LOW_FULL_d0.001,16,5000,80000,16,0,4,1,0.25,3,0,1,4,0,1,4,0,1,98
NEAR_LOW_FULL_d0.001,16,50,800,16,0,2,1,0.125,15,0,1,3,0,1,2,0,1,99
NEAR_LOW_FULL_d0.001,16,100,1600,16,0,2,1,0.125,15,0,1,3,0,1,2,0,1,99
NEAR_LOW_FULL_d0.001,16,200,3200,16,0,4,1,0.25,15,0,1,3,0,1,2,0,1,99
NEAR_LOW_FULL_d0.001,16,500,8000,16,0,4,1,0.25,15,0,1,3,0,1,4,0,1,99
NEAR_LOW_FULL_d0.001,16,1000,16000,16,0,4,1,0.25,1,0,1,3,0,1,4,0,1,99
NEAR_LOW_FULL_d0.001,16,5000,80000,16,0,4,1,0.25,15,0,1,5,0,1,4,0,1,99
NEAR_LOW_FULL_d0.001,16,50,800,16,0,2,1,0.125,15,0,1,3,0,1,1,0,1,100
NEAR_LOW_FULL_d0.001,16,100,1600,16,0,3,1,0.1875,15,0,1,4,0,1,3,0,1,100
NEAR_LOW_FULL_d0.001,16,200,3200,16,0,3,1,0.1875,14,0,1,4,0,1,3,0,1,100
NEAR_LOW_FULL_d0.001,16,500,8000,16,0,4,1,0.25,1,0,1,5,0,1,4,0,1,100
NEAR_LOW_FULL_d0.001,16,1000,16000,16,0,4,1,0.25,15,0,1,5,0,1,4,0,1,100
NEAR_LOW_FULL_d0.001,16,5000,80000,16,0,4,1,0.25,4,0,1,5,0,1,4,0,1,100
NEAR_LOW_FULL_d0.001,16,50,800,16,0,3,1,0.1875,14,0,1,4,0,1,3,0,1,101
NEAR_LOW_FULL_d0.001,16,100,1600,16,0,3,1,0.1875,3,0,1,4,0,1,3,0,1,101
NEAR_LOW_FULL_d0.001,16,200,3200,16,0,3,1,0.1875,3,0,1,4,0,1,3,0,1,101
NEAR_LOW_FULL_d0.001,16,500,8000,16,0,4,1,0.25,14,0,1,5,0,1,4,0,1,101
NEAR_LOW_FULL_d0.001,16,1000,16000,16,0,4,1,0.25,15,0,1,5,0,1,4,0,1,101
NEAR_LOW_FULL_d0.001,16,5000,80000,16,0,4,1,0.25,4,0,1,5,0,1,4,0,1,101
NEAR_LOW_FULL_d0.001,16,50,800,16,0,2,1,0.125,14,0,1,4,0,1,2,0,1,102
NEAR_LOW_FULL_d0.001,16,100,1600,16,0,3,1,0.1875,15,0,1,4,0,1,3,0,1,102
NEAR_LOW_FULL_d0.001,16,200,3200,16,0,3,1,0.1875,1,0,1,4,0,1,3,0,1,102
NEAR_LOW_FULL_d0.001,16,500,8000,16,0,3,1,0.1875,3,0,1,4,0,1,3,0,1,102
NEAR_LOW_FULL_d0.001,16,1000,16000,16,0,4,1,0.25,15,0,1,4,0,1,4,0,1,102
NEAR_LOW_FULL_d0.001,16,5000,80000,16,0,4,1,0.25,4,0,1,4,0,1,4,0,1,102
NEAR_LOW_FULL_d0.001,16,50,800,16,0,2,1,0.125,15,0,1,3,0,1,2,0,1,103
NEAR_LOW_FULL_d0.001,16,100,1600,16,0,2,1,0.125,15,0,1,3,0,1,2,0,1,103
NEAR_LOW_FULL_d0.001,16,200,3200,16,0,2,1,0.125,15,0,1,3,0,1,2,0,1,103
NEAR_LOW_FULL_d0.001,16,500,8000,16,0,3,1,0.1875,15,0,1,4,0,1,3,0,1,103
NEAR_LOW_FULL_d0.001,16,1000,16000,16,0,3,1,0.1875,2,0,1,4,0,1,3,0,1,103
NEAR_LOW_FULL_d0.001,16,5000,80000,16,0,4,1,0.25,2,0,1,4,0,1,4,0,1,103
NEAR_LOW_FULL_d0.001,16,50,800,16,0,3,1,0.1875,14,0,1,4,0,1,3,0,1,104
NEAR_LOW_FULL_d0.001,16,100,1600,16,0,3,1,0.1875,14,0,1,4,0,1,2,0,1,104
NEAR_LOW_FULL_d0.001,16,200,3200,16,0,3,1,0.1875,15,0,1,4,0,1,3,0,1,104
NEAR_LOW_FULL_d0.001,16,500,8000,16,0,3,1,0.1875,14,0,1,4,0,1,3,0,1,104
NEAR_LOW_FULL_d0.001,16,1000,16000,16,0,3,1,0.1875,3,0,1,4,0,1,3,0,1,104
NEAR_LOW_FULL_d0.001,16,5000,80000,16,0,3,1,0.1875,15,0,1,4,0,1,3,0,1,104
NEAR_LOW_FULL_d0.001,16,50,800,16,0,2,1,0.125,15,0,1,3,0,1,2,0,1,105
NEAR_LOW_FULL_d0.001,16,100,1600,16,0,3,1,0.1875,15,0,1,3,0,1,3,0,1,105
NEAR_LOW_FULL_d0.001,16,200,3200,16,0,3,1,0.1875,1,0,1,4,0,1,3,0,1,105
NEAR_LOW_FULL_d0.001,16,500,8000,16,0,4,1,0.25,15,0,1,4,0,1,4,0,1,105
NEAR_LOW_FULL_d0.001,16,1000,16000,16,0,4,1,0.25,15,0,1,5,0,1,4,0,1,105
NEAR_LOW_FULL_d0.001,16,5000,80000,16,0,4,1,0.25,4,0,1,5,0,1,4,0,1,105
NEAR_LOW_FULL_d0.001,16,50,800,16,0,3,1,0.1875,1,0,1,4,0,1,3,0,1,106
NEAR_LOW_FULL_d0.001,16,100,1600,16,0,3,1,0.1875,3,0,1,4,0,1,3,0,1,106
NEAR_LOW_FULL_d0.001,16,200,3200,16,0,3,1,0.1875,15,0,1,4,0,1,3,0,1,106
NEAR_LOW_FULL_d0.001,16,500,8000,16,0,3,1,0.1875,3,0,1,4,0,1,3,0,1,106
NEAR_LOW_FULL_d0.001,16,1000,16000,16,0,3,1,0.1875,3,0,1,4,0,1,3,0,1,106
NEAR_LOW_FULL_d0.001,16,5000,80000,16,0,3,1,0.1875,3,0,1,4,0,1,3,0,1,106
NEAR_LOW_FULL_d0.001,16,50,800,16,0,3,1,0.1875,14,0,1,4,0,1,3,0,1,107
NEAR_LOW_FULL_d0.001,16,100,1600,16,0,3,1,0.1875,15,0,1,4,0,1,3,0,1,107
NEAR_LOW_FULL_d0.001,16,200,3200,16,0,3,1,0.1875,15,0,1,4,0,1,3,0,1,107
NEAR_LOW_FULL_d0.001,16,500,8000,16,0,4,1,0.25,15,0,1,4,0,1,3,0,1,107
NEAR_LOW_FULL_d0.001,16,1000,16000,16,0,4,1,0.25,15,0,1,4,0,1,4,0,1,107
NEAR_LOW_FULL_d0.001,16,5000,80000,16,0,4,1,0.25,3,0,1,4,0,1,4,0,1,107
NEAR_LOW_FULL_d0.001,16,50,800,16,0,3,1,0.1875,15,0,1,4,0,1,3,0,1,108
NEAR_LOW_FULL_d0.001,16,100,1600,16,0,3,1,0.1875,3,0,1,4,0,1,3,0,1,108
NEAR_LOW_FULL_d0.001,16,200,3200,16,0,3,1,0.1875,15,0,1,4,0,1,3,0,1,108
NEAR_LOW_FULL_d0.001,16,500,8000,16,0,3,1,0.1875,3,0,1,4,0,1,3,0,1,108
NEAR_LOW_FULL_d0.001,16,1000,16000,16,0,4,1,0.25,15,0,1,4,0,1,3,0,1,108
NEAR_LOW_FULL_d0.001,16,5000,80000,16,0,4,1,0.25,15,0,1,4,0,1,4,0,1,108
NEAR_LOW_FULL_d0.001,16,50,800,16,0,3,1,0.1875,14,0,1,4,0,1,2,0,1,109
NEAR_LOW_FULL_d0.001,16,100,1600,16,0,3,1,0.1875,14,0,1,4,0,1,3,0,1,109
NEAR_LOW_FULL_d0.001,16,200,3200,16,0,3,1,0.1875,3,0,1,4,0,1,3,0,1,109
NEAR_LOW_FULL_d0.001,16,500,8000,16,0,3,1,0.1875,14,0,1,4,0,1,3,0,1,109
NEAR_LOW_FULL_d0.001,16,1000,16000,16,0,4,1,0.25,15,0,1,4,0,1,4,0,1,109
NEAR_LOW_FULL_d0.001,16,5000,80000,16,0,4,1,0.25,15,0,1,4,0,1,4,0,1,109
NEAR_LOW_FULL_d0.001,16,50,800,16,0,3,1,0.1875,15,0,1,4,0,1,3,0,1,110
NEAR_LOW_FULL_d0.001,16,100,1600,16,0,3,1,0.1875,3,0,1,4,0,1,3,0,1,110
NEAR_LOW_FULL_d0.001,16,200,3200,16,0,3,1,0.1875,3,0,1,4,0,1,3,0,1,110
NEAR_LOW_FULL_d0.001,16,500,8000,16,0,3,1,0.1875,15,0,1,4,0,1,3,0,1,110
NEAR_LOW_FULL_d0.001,16,1000,16000,16,0,3,1,0.1875,15,0,1,4,0,1,3,0,1,110
NEAR_LOW_FULL_d0.001,16,5000,80000,16,0,3,1,0.1875,3,0,1,4,0,1,3,0,1,110
NEAR_LOW_FULL_d0.001,16,50,800,16,0,2,1,0.125,15,0,1,3,0,1,2,0,1,111
NEAR_LOW_FULL_d0.001,16,100,1600,16,0,3,1,0.1875,1,0,1,4,0,1,3,0,1,111
NEAR_LOW_FULL_d0.001,16,200,3200,16,0,3,1,0.1875,1,0,1,4,0,1,3,0,1,111
NEAR_LOW_FULL_d0.001,16,500,8000,16,0,3,1,0.1875,15,0,1,4,0,1,3,0,1,111
NEAR_LOW_FULL_d0.001,16,1000,16000,16,0,4,1,0.25,15,0,1,4,0,1,4,0,1,111
NEAR_LOW_FULL_d0.001,16,5000,80000,16,0,4,1,0.25,4,0,1,5,0,1,4,0,1,111
NEAR_LOW_FULL_d0.001,16,50,800,16,0,2,1,0.125,14,0,1,3,0,1,2,0,1,112
NEAR_LOW_FULL_d0.001,16,100,1600,16,0,2,1,0.125,1,0,1,4,0,1,3,0,1,112
NEAR_LOW_FULL_d0.001,16,200,3200,16,0,3,1,0.1875,15,0,1,4,0,1,3,0,1,112
NEAR_LOW_FULL_d0.001,16,500,8000,16,0,3,1,0.1875,1,0,1,4,0,1,3,0,1,112
NEAR_LOW_FULL_d0.001,16,1000,16000,16,0,3,1,0.1875,15,0,1,4,0,1,3,0,1,112
NEAR_LOW_FULL_d0.001,16,5000,80000,16,0,4,1,0.25,15,0,1,4,0,1,4,0,1,112
NEAR_LOW_FULL_d0.001,16,50,800,16,0,3,1,0.1875,15,0,1,4,0,1,3,0,1,113
NEAR_LOW_FULL_d0.001,16,100,1600,16,0,3,1,0.1875,15,0,1,4,0,1,3,0,1,113
NEAR_LOW_FULL_d0.001,16,200,3200,16,0,3,1,0.1875,15,0,1,4,0,1,3,0,1,113
NEAR_LOW_FULL_d0.001,16,500,8000,16,0,3,1,0.1875,3,0,1,4,0,1,3,0,1,113
NEAR_LOW_FULL_d0.001,16,1000,16000,16,0,3,1,0.1875,3,0,1,4,0,1,3,0,1,113
NEAR_LOW_FULL_d0.001,16,5000,80000,16,0,4,1,0.25,3,0,1,4,0,1,3,0,1,113
NEAR_LOW_FULL_d0.001,16,50,800,16,0,3,1,0.1875,15,0,1,4,0,1,3,0,1,114
NEAR_LOW_FULL_d0.001,16,100,1600,16,0,3,1,0.1875,15,0,1,4,0,1,3,0,1,114
NEAR_LOW_FULL_d0.001,16,200,3200,16,0,3,1,0.1875,3,0,1,4,0,1,3,0,1,114
NEAR_LOW_FULL_d0.001,16,500,8000,16,0,3,1,0.1875,3,0,1,4,0,1,3,0,1,114
NEAR_LOW_FULL_d0.001,16,1000,16000,16,0,4,1,0.25,15,0,1,4,0,1,3,0,1,114
NEAR_LOW_FULL_d0.001,16,5000,80000,16,0,4,1,0.25,3,0,1,4,0,1,4,0,1,114
NEAR_LOW_FULL_d0.001,16,50,800,16,0,2,1,0.125,1,0,1,4,0,1,2,0,1,115
NEAR_LOW_FULL_d0.001,16,100,1600,16,0,3,1,0.1875,15,0,1,4,0,1,2,0,1,115
NEAR_LOW_FULL_d0.001,16,200,3200,16,0,3,1,0.1875,15,0,1,4,0,1,3,0,1,115
NEAR_LOW_FULL_d0.001,16,500,8000,16,0,3,1,0.1875,15,0,1,4,0,1,3,0,1,115
NEAR_LOW_FULL_d0.001,16,1000,16000,16,0,4,1,0.25,15,0,1,4,0,1,4,0,1,115
NEAR_LOW_FULL_d0.001,16,5000,80000,16,0,4,1,0.25,15,0,1,4,0,1,4,0,1,115
NEAR_LOW_FULL_d0.001,16,50,800,16,0,3,1,0.1875,15,0,1,4,0,1,3,0,1,116
NEAR_LOW_FULL_d0.001,16,100,1600,16,0,4,1,0.25,15,0,1,5,0,1,4,0,1,116
NEAR_LOW_FULL_d0.001,16,200,3200,16,0,4,1,0.25,15,0,1,5,0,1,4,0,1,116
NEAR_LOW_FULL_d0.001,16,500,8000,16,0,4,1,0.25,4,0,1,5,0,1,4,0,1,116
NEAR_LOW_FULL_d0.001,16,1000,16000,16,0,4,1,0.25,4,0,1,5,0,1,4,0,1,116
NEAR_LOW_FULL_d0.001,16,5000,80000,16,0,4,1,0.25,4,0,1,5,0,1,4,0,1,116
NEAR_LOW_FULL_d0.001,16,50,800,16,0,2,1,0.125,15,0,1,3,0,1,2,0,1,117
NEAR_LOW_FULL_d0.001,16,100,1600,16,0,4,1,0.25,15,0,1,3,0,1,4,0,1,117
NEAR_LOW_FULL_d0.001,16,200,3200,16,0,4,1,0.25,15,0,1,5,0,1,4,0,1,117
NEAR_LOW_FULL_d0.001,16,500,8000,16,0,4,1,0.25,4,0,1,5,0,1,4,0,1,117
NEAR_LOW_FULL_d0.001,16,1000,16000,16,0,4,1,0.25,4,0,1,5,0,1,4,0,1,117
NEAR_LOW_FULL_d0.001,16,5000,80000,16,0,4,1,0.25,15,0,1,5,0,1,4,0,1,117
NEAR_LOW_FULL_d0.001,16,50,800,16,0,2,1,0.125,15,0,1,2,0,1,2,0,1,118
NEAR_LOW_FULL_d0.001,16,100,1600,16,0,3,1,0.1875,1,0,1,3,0,1,3,0,1,118
NEAR_LOW_FULL_d0.001,16,200,3200,16,0,3,1,0.1875,1,0,1,4,0,1,3,0,1,118
NEAR_LOW_FULL_d0.001,16,500,8000,16,0,3,1,0.1875,1,0,1,4,0,1,3,0,1,118
NEAR_LOW_FULL_d0.001,16,1000,16000,16,0,3,1,0.1875,1,0,1,4,0,1,3,0,1,118
NEAR_LOW_FULL_d0.001,16,5000,80000,16,0,4,1,0.25,15,0,1,4,0,1,4,0,1,118
NEAR_LOW_FULL_d0.001,16,50,800,16,0,2,1,0.125,15,0,1,3,0,1,2,0,1,119
NEAR_LOW_FULL_d0.001,16,100,1600,16,0,3,1,0.1875,1,0,1,3,0,1,3,0,1,119
NEAR_LOW_FULL_d0.001,16,200,3200,16,0,3,1,0.1875,1,0,1,3,0,1,3,0,1,119
NEAR_LOW_FULL_d0.001,16,500,8000,16,0,4,1,0.25,15,0,1,3,0,1,4,0,1,119
NEAR_LOW_FULL_d0.001,16,1000,16000,16,0,4,1,0.25,15,0,1,5,0,1,4,0,1,119
NEAR_LOW_FULL_d0.001,16,5000,80000,16,0,4,1,0.25,15,0,1,5,0,1,4,0,1,119
NEAR_LOW_FULL_d0.001,16,50,800,16,0,2,1,0.125,1,0,1,3,0,1,2,0,1,120
NEAR_LOW_FULL_d0.001,16,100,1600,16,0,3,1,0.1875,15,0,1,4,0,1,3,0,1,120
NEAR_LOW_FULL_d0.001,16,200,3200,16,0,4,1,0.25,14,0,1,4,0,1,3,0,1,120
NEAR_LOW_FULL_d0.001,16,500,8000,16,0,4,1,0.25,15,0,1,4,0,1,4,0,1,120
NEAR_LOW_FULL_d0.001,16,1000,16000,16,0,4,1,0.25,15,0,1,5,0,1,4,0,1,120
NEAR_LOW_FULL_d0.001,16,5000,80000,16,0,4,1,0.25,15,0,1,5,0,1,4,0,1,120
NEAR_LOW_FULL_d0.001,16,50,800,16,0,2,1,0.125,1,0,1,3,0,1,1,0,1,121
NEAR_LOW_FULL_d0.001,16,100,1600,16,0,2,1,0.125,15,0,1,3,0,1,2,0,1,121
NEAR_LOW_FULL_d0.001,16,200,3200,16,0,3,1,0.1875,15,0,1,4,0,1,3,0,1,121
NEAR_LOW_FULL_d0.001,16,500,8000,16,0,3,1,0.1875,1,0,1,4,0,1,3,0,1,121
NEAR_LOW_FULL_d0.001,16,1000,16000,16,0,3,1,0.1875,15,0,1,4,0,1,3,0,1,121
NEAR_LOW_FULL_d0.001,16,5000,80000,16,0,4,1,0.25,1,0,1,4,0,1,4,0,1,121
NEAR_LOW_FULL_d0.001,16,50,800,16,0,2,1,0.125,1,0,1,3,0,1,2,0,1,122
NEAR_LOW_FULL_d0.001,16,100,1600,16,0,3,1,0.1875,1,0,1,4,0,1,3,0,1,122
NEAR_LOW_FULL_d0.001,16,200,3200,16,0,3,1,0.1875,3,0,1,4,0,1,3,0,1,122
NEAR_LOW_FULL_d0.001,16,500,8000,16,0,3,1,0.1875,15,0,1,4,0,1,3,0,1,122
NEAR_LOW_FULL_d0.001,16,1000,16000,16,0,3,1,0.1875,3,0,1,4,0,1,3,0,1,122
NEAR_LOW_FULL_d0.001,16,5000,80000,16,0,3,1,0.1875,3,0,1,4,0,1,3,0,1,122
NEAR_LOW_FULL_d0.001,16,50,800,16,0,2,1,0.125,15,0,1,3,0,1,2,0,1,123
NEAR_LOW_FULL_d0.001,16,100,1600,16,0,3,1,0.1875,15,0,1,4,0,1,3,0,1,123
NEAR_LOW_FULL_d0.001,16,200,3200,16,0,3,1,0.1875,15,0,1,4,0,1,3,0,1,123
NEAR_LOW_FULL_d0.001,16,500,8000,16,0,3,1,0.1875,15,0,1,4,0,1,3,0,1,123
NEAR_LOW_FULL_d0.001,16,1000,16000,16,0,3,1,0.1875,3,0,1,4,0,1,3,0,1,123
NEAR_LOW_FULL_d0.001,16,5000,80000,16,0,3,1,0.1875,3,0,1,4,0,1,3,0,1,123
NEAR_LOW_FULL_d0.001,16,50,800,16,0,3,1,0.1875,14,0,1,4,0,1,3,0,1,124
NEAR_LOW_FULL_d0.001,16,100,1600,16,0,3,1,0.1875,15,0,1,4,0,1,3,0,1,124
NEAR_LOW_FULL_d0.001,16,200,3200,16,0,4,1,0.25,2,0,1,4,0,1,3,0,1,124
NEAR_LOW_FULL_d0.001,16,500,8000,16,0,4,1,0.25,15,0,1,5,0,1,4,0,1,124
NEAR_LOW_FULL_d0.001,16,1000,16000,16,0,4,1,0.25,4,0,1,5,0,1,4,0,1,124
NEAR_LOW_FULL_d0.001,16,5000,80000,16,0,4,1,0.25,4,0,1,5,0,1,4,0,1,124
NEAR_LOW_FULL_d0.001,16,50,800,16,0,2,1,0.125,15,0,1,3,0,1,1,0,1,125
NEAR_LOW_FULL_d0.001,16,100,1600,16,0,3,1,0.1875,1,0,1,4,0,1,3,0,1,125
NEAR_LOW_FULL_d0.001,16,200,3200,16,0,3,1,0.1875,1,0,1,4,0,1,3,0,1,125
NEAR_LOW_FULL_d0.001,16,500,8000,16,0,3,1,0.1875,1,0,1,4,0,1,3,0,1,125
NEAR_LOW_FULL_d0.001,16,1000,16000,16,0,3,1,0.1875,15,0,1,4,0,1,3,0,1,125
NEAR_LOW_FULL_d0.001,16,5000,80000,16,0,3,1,0.1875,3,0,1,4,0,1,3,0,1,125
NEAR_LOW_FULL_d0.001,16,50,800,16,0,2,1,0.125,15,0,1,3,0,1,2,0,1,126
NEAR_LOW_FULL_d0.001,16,100,1600,16,0,3,1,0.1875,1,0,1,4,0,1,3,0,1,126
NEAR_LOW_FULL_d0.001,16,200,3200,16,0,3,1,0.1875,15,0,1,4,0,1,3,0,1,126
NEAR_LOW_FULL_d0.001,16,500,8000,16,0,3,1,0.1875,15,0,1,4,0,1,3,0,1,126
NEAR_LOW_FULL_d0.001,16,1000,16000,16,0,3,1,0.1875,14,0,1,4,0,1,3,0,1,126
NEAR_LOW_FULL_d0.001,16,5000,80000,16,0,4,1,0.25,14,0,1,4,0,1,3,0,1,126
NEAR_LOW_FULL_d0.001,16,50,800,16,0,3,1,0.1875,12,0,1,3,0,1,2,0,1,127
NEAR_LOW_FULL_d0.001,16,100,1600,16,0,3,1,0.1875,15,0,1,4,0,1,2,0,1,127
NEAR_LOW_FULL_d0.001,16,200,3200,16,0,3,1,0.1875,15,0,1,4,0,1,3,0,1,127
NEAR_LOW_FULL_d0.001,16,500,8000,16,0,3,1,0.1875,15,0,1,4,0,1,3,0,1,127
NEAR_LOW_FULL_d0.001,16,1000,16000,16,0,4,1,0.25,1,0,1,4,0,1,4,0,1,127
NEAR_LOW_FULL_d0.001,16,5000,80000,16,0,4,1,0.25,15,0,1,5,0,1,4,0,1,127
NEAR_LOW_FULL_d0.001,16,50,800,16,0,3,1,0.1875,15,0,1,4,0,1,3,0,1,128
NEAR_LOW_FULL_d0.001,16,100,1600,16,0,3,1,0.1875,15,0,1,4,0,1,3,0,1,128
NEAR_LOW_FULL_d0.001,16,200,3200,16,0,3,1,0.1875,3,0,1,4,0,1,3,0,1,128
NEAR_LOW_FULL_d0.001,16,500,8000,16,0,3,1,0.1875,3,0,1,4,0,1,3,0,1,128
NEAR_LOW_FULL_d0.001,16,1000,16000,16,0,3,1,0.1875,14,0,1,4,0,1,3,0,1,128
NEAR_LOW_FULL_d0.001,16,5000,80000,16,0,4,1,0.25,15,0,1,4,0,1,4,0,1,128
NEAR_LOW_FULL_d0.001,16,50,800,16,0,3,1,0.1875,15,0,1,4,0,1,2,0,1,129
NEAR_LOW_FULL_d0.001,16,100,1600,16,0,3,1,0.1875,15,0,1,4,0,1,3,0,1,129
NEAR_LOW_FULL_d0.001,16,200,3200,16,0,3,1,0.1875,3,0,1,4,0,1,3,0,1,129
NEAR_LOW_FULL_d0.001,16,500,8000,16,0,3,1,0.1875,3,0,1,4,0,1,3,0,1,129
NEAR_LOW_FULL_d0.001,16,1000,16000,16,0,3,1,0.1875,15,0,1,4,0,1,3,0,1,129
NEAR_LOW_FULL_d0.001,16,5000,80000,16,0,4,1,0.25,3,0,1,4,0,1,3,0,1,129
NEAR_LOW_FULL_d0.001,16,50,800,16,0,2,1,0.125,15,0,1,3,0,1,2,0,1,130
NEAR_LOW_FULL_d0.001,16,100,1600,16,0,2,1,0.125,15,0,1,3,0,1,2,0,1,130
NEAR_LOW_FULL_d0.001,16,200,3200,16,0,2,1,0.125,2,0,1,3,0,1,2,0,1,130
NEAR_LOW_FULL_d0.001,16,500,8000,16,0,2,1,0.125,2,0,1,3,0,1,2,0,1,130
NEAR_LOW_FULL_d0.001,16,1000,16000,16,0,2,1,0.125,2,0,1,3,0,1,3,0,1,130
NEAR_LOW_FULL_d0.001,16,5000,80000,16,0,4,1,0.25,15,0,1,3,0,1,3,0,1,130
NEAR_LOW_FULL_d0.001,16,50,800,16,0,2,1,0.125,15,0,1,3,0,1,2,0,1,131
NEAR_LOW_FULL_d0.001,16,100,1600,16,0,3,1,0.1875,15,0,1,3,0,1,4,0,1,131
NEAR_LOW_FULL_d0.001,16,200,3200,16,0,3,1,0.1875,15,0,1,4,0,1,3,0,1,131
NEAR_LOW_FULL_d0.001,16,500,8000,16,0,3,1,0.1875,3,0,1,4,0,1,3,0,1,131
NEAR_LOW_FULL_d0.001,16,1000,16000,16,0,3,1,0.1875,15,0,1,4,0,1,3,0,1,131
NEAR_LOW_FULL_d0.001,16,5000,80000,16,0,3,1,0.1875,3,0,1,4,0,1,3,0,1,131
NEAR_LOW_FULL_d0.001,16,50,800,16,0,2,1,0.125,15,0,1,3,0,1,2,0,1,132
NEAR_LOW_FULL_d0.001,16,100,1600,16,0,2,1,0.125,15,0,1,3,0,1,2,0,1,132
NEAR_LOW_FULL_d0.001,16,200,3200,16,0,3,1,0.1875,15,0,1,3,0,1,3,0,1,132
NEAR_LOW_FULL_d0.001,16,500,8000,16,0,3,1,0.1875,2,0,1,4,0,1,3,0,1,132
NEAR_LOW_FULL_d0.001,16,1000,16000,16,0,3,1,0.1875,3,0,1,4,0,1,3,0,1,132
NEAR_LOW_FULL_d0.001,16,5000,80000,16,0,3,1,0.1875,3,0,1,4,0,1,3,0,1,132
NEAR_LOW_FULL_d0.001,16,50,800,16,0,2,1,0.125,15,0,1,4,0,1,2,0,1,133
NEAR_LOW_FULL_d0.001,16,100,1600,16,0,3,1,0.1875,1,0,1,4,0,1,3,0,1,133
NEAR_LOW_FULL_d0.001,16,200,3200,16,0,3,1,0.1875,15,0,1,4,0,1,3,0,1,133
NEAR_LOW_FULL_d0.001,16,500,8000,16,0,4,1,0.25,15,0,1,4,0,1,3,0,1,133
NEAR_LOW_FULL_d0.001,16,1000,16000,16,0,4,1,0.25,3,0,1,4,0,1,4,0,1,133
NEAR_LOW_FULL_d0.001,16,5000,80000,16,0,4,1,0.25,4,0,1,5,0,1,4,0,1,133
NEAR_LOW_FULL_d0.001,16,50,800,16,0,3,1,0.1875,15,0,1,4,0,1,2,0,1,134
NEAR_LOW_FULL_d0.001,16,100,1600,16,0,3,1,0.1875,15,0,1,4,0,1,3,0,1,134
NEAR_LOW_FULL_d0.001,16,200,3200,16,0,4,1,0.25,15,0,1,5,0,1,3,0,1,134
NEAR_LOW_FULL_d0.001,16,500,8000,16,0,4,1,0.25,15,0,1,5,0,1,4,0,1,134
NEAR_LOW_FULL_d0.001,16,1000,16000,16,0,4,1,0.25,15,0,1,5,0,1,4,0,1,134
NEAR_LOW_FULL_d0.001,16,5000,80000,16,0,4,1,0.25,4,0,1,5,0,1,4,0,1,134
NEAR_LOW_FULL_d0.001,16,50,800,16,0,2,1,0.125,15,0,1,3,0,1,2,0,1,135
NEAR_LOW_FULL_d0.001,16,100,1600,16,0,3,1,0.1875,15,0,1,4,0,1,3,0,1,135
NEAR_LOW_FULL_d0.001,16,200,3200,16,0,3,1,0.1875,15,0,1,4,0,1,3,0,1,135
NEAR_LOW_FULL_d0.001,16,500,8000,16,0,3,1,0.1875,3,0,1,4,0,1,3,0,1,135
NEAR_LOW_FULL_d0.001,16,1000,16000,16,0,3,1,0.1875,15,0,1,4,0,1,3,0,1,135
NEAR_LOW_FULL_d0.001,16,5000,80000,16,0,3,1,0.1875,3,0,1,4,0,1,3,0,1,135
NEAR_LOW_FULL_d0.001,16,50,800,16,0,2,1,0.125,15,0,1,3,0,1,2,0,1,136
NEAR_LOW_FULL_d0.001,16,100,1600,16,0,2,1,0.125,1,0,1,3,0,1,2,0,1,136
NEAR_LOW_FULL_d0.001,16,200,3200,16,0,3,1,0.1875,15,0,1,4,0,1,3,0,1,136
NEAR_LOW_FULL_d0.001,16,500,8000,16,0,3,1,0.1875,15,0,1,4,0,1,3,0,1,136
NEAR_LOW_FULL_d0.001,16,1000,16000,16,0,3,1,0.1875,3,0,1,4,0,1,3,0,1,136
NEAR_LOW_FULL_d0.001,16,5000,80000,16,0,3,1,0.1875,3,0,1,4,0,1,3,0,1,136
NEAR_LOW_FULL_d0.001,16,50,800,16,0,2,1,0.125,15,0,1,3,0,1,2,0,1,137
NEAR_LOW_FULL_d0.001,16,100,1600,16,0,3,1,0.1875,14,0,1,4,0,1,3,0,1,137
NEAR_LOW_FULL_d0.001,16,200,3200,16,0,3,1,0.1875,15,0,1,4,0,1,3,0,1,137
NEAR_LOW_FULL_d0.001,16,500,8000,16,0,3,1,0.1875,3,0,1,4,0,1,3,0,1,137
NEAR_LOW_FULL_d0.001,16,1000,16000,16,0,3,1,0.1875,3,0,1,4,0,1,3,0,1,137
NEAR_LOW_FULL_d0.001,16,5000,80000,16,0,4,1,0.25,15,0,1,4,0,1,4,0,1,137
NEAR_LOW_FULL_d0.001,16,50,800,16,0,3,1,0.1875,1,0,1,4,0,1,3,0,1,138
NEAR_LOW_FULL_d0.001,16,100,1600,16,0,3,1,0.1875,15,0,1,4,0,1,3,0,1,138
NEAR_LOW_FULL_d0.001,16,200,3200,16,0,3,1,0.1875,3,0,1,4,0,1,3,0,1,138
NEAR_LOW_FULL_d0.001,16,500,8000,16,0,3,1,0.1875,15,0,1,4,0,1,3,0,1,138
NEAR_LOW_FULL_d0.001,16,1000,16000,16,0,3,1,0.1875,3,0,1,4,0,1,3,0,1,138
NEAR_LOW_FULL_d0.001,16,5000,80000,16,0,4,1,0.25,15,0,1,4,0,1,4,0,1,138
NEAR_LOW_FULL_d0.001,16,50,800,16,0,3,1,0.1875,15,0,1,4,0,1,3,0,1,139
NEAR_LOW_FULL_d0.001,16,100,1600,16,0,3,1,0.1875,15,0,1,4,0,1,3,0,1,139
NEAR_LOW_FULL_d0.001,16,200,3200,16,0,3,1,0.1875,15,0,1,4,0,1,3,0,1,139
NEAR_LOW_FULL_d0.001,16,500,8000,16,0,3,1,0.1875,3,0,1,4,0,1,3,0,1,139
NEAR_LOW_FULL_d0.001,16,1000,16000,16,0,3,1,0.1875,3,0,1,4,0,1,3,0,1,139
NEAR_LOW_FULL_d0.001,16,5000,80000,16,0,3,1,0.1875,3,0,1,4,0,1,3,0,1,139
NEAR_LOW_FULL_d0.001,16,50,800,16,0,2,1,0.125,15,0,1,3,0,1,2,0,1,140
NEAR_LOW_FULL_d0.001,16,100,1600,16,0,3,1,0.1875,15,0,1,3,0,1,2,0,1,140
NEAR_LOW_FULL_d0.001,16,200,3200,16,0,4,1,0.25,15,0,1,4,0,1,3,0,1,140
NEAR_LOW_FULL_d0.001,16,500,8000,16,0,4,1,0.25,14,0,1,5,0,1,4,0,1,140
NEAR_LOW_FULL_d0.001,16,1000,16000,16,0,4,1,0.25,4,0,1,5,0,1,4,0,1,140
NEAR_LOW_FULL_d0.001,16,5000,80000,16,0,4,1,0.25,15,0,1,5,0,1,4,0,1,140
NEAR_LOW_FULL_d0.001,16,50,800,16,0,2,1,0.125,15,0,1,3,0,1,2,0,1,141
NEAR_LOW_FULL_d0.001,16,100,1600,16,0,2,1,0.125,1,0,1,3,0,1,2,0,1,141
NEAR_LOW_FULL_d0.001,16,200,3200,16,0,3,1,0.1875,15,0,1,3,0,1,2,0,1,141
NEAR_LOW_FULL_d0.001,16,500,8000,16,0,3,1,0.1875,15,0,1,4,0,1,3,0,1,141
NEAR_LOW_FULL_d0.001,16,1000,16000,16,0,3,1,0.1875,14,0,1,4,0,1,3,0,1,141
NEAR_LOW_FULL_d0.001,16,5000,80000,16,0,4,1,0.25,15,0,1,4,0,1,4,0,1,141
NEAR_LOW_FULL_d0.001,16,50,800,16,0,2,1,0.125,15,0,1,3,0,1,2,0,1,142
NEAR_LOW_FULL_d0.001,16,100,1600,16,0,2,1,0.125,15,0,1,3,0,1,2,0,1,142
NEAR_LOW_FULL_d0.001,16,200,3200,16,0,3,1,0.1875,15,0,1,4,0,1,3,0,1,142
NEAR_LOW_FULL_d0.001,16,500,8000,16,0,3,1,0.1875,15,0,1,4,0,1,3,0,1,142
NEAR_LOW_FULL_d0.001,16,1000,16000,16,0,3,1,0.1875,15,0,1,4,0,1,3,0,1,142
NEAR_LOW_FULL_d0.001,16,5000,80000,16,0,3,1,0.1875,15,0,1,4,0,1,3,0,1,142
NEAR_LOW_FULL_d0.001,16,50,800,16,0,2,1,0.125,15,0,1,3,0,1,2,0,1,143
NEAR_LOW_FULL_d0.001,16,100,1600,16,0,3,1,0.1875,1,0,1,4,0,1,3,0,1,143
NEAR_LOW_FULL_d0.001,16,200,3200,16,0,3,1,0.1875,14,0,1,4,0,1,3,0,1,143
NEAR_LOW_FULL_d0.001,16,500,8000,16,0,3,1,0.1875,15,0,1,4,0,1,3,0,1,143
NEAR_LOW_FULL_d0.001,16,1000,16000,16,0,4,1,0.25,15,0,1,4,0,1,4,0,1,143
NEAR_LOW_FULL_d0.001,16,5000,80000,16,0,4,1,0.25,4,0,1,4,0,1,4,0,1,143
NEAR_LOW_FULL_d0.001,16,50,800,16,0,2,1,0.125,14,0,1,3,0,1,2,0,1,144
NEAR_LOW_FULL_d0.001,16,100,1600,16,0,2,1,0.125,15,0,1,3,0,1,2,0,1,144
NEAR_LOW_FULL_d0.001,16,200,3200,16,0,3,1,0.1875,2,0,1,4,0,1,3,0,1,144
NEAR_LOW_FULL_d0.001,16,500,8000,16,0,4,1,0.25,15,0,1,4,0,1,3,0,1,144
NEAR_LOW_FULL_d0.001,16,1000,16000,16,0,4,1,0.25,15,0,1,4,0,1,4,0,1,144
NEAR_LOW_FULL_d0.001,16,5000,80000,16,0,4,1,0.25,15,0,1,5,0,1,4,0,1,144
NEAR_LOW_FULL_d0.001,16,50,800,16,0,3,1,0.1875,14,0,1,4,0,1,3,0,1,145
NEAR_LOW_FULL_d0.001,16,100,1600,16,0,3,1,0.1875,15,0,1,4,0,1,3,0,1,145
NEAR_LOW_FULL_d0.001,16,200,3200,16,0,3,1,0.1875,15,0,1,4,0,1,3,0,1,145
NEAR_LOW_FULL_d0.001,16,500,8000,16,0,4,1,0.25,3,0,1,4,0,1,4,0,1,145
NEAR_LOW_FULL_d0.001,16,1000,16000,16,0,4,1,0.25,3,0,1,5,0,1,4,0,1,145
NEAR_LOW_FULL_d0.001,16,5000,80000,16,0,4,1,0.25,4,0,1,5,0,1,4,0,1,145
NEAR_LOW_FULL_d0.001,16,50,800,16,0,3,1,0.1875,15,0,1,4,0,1,2,0,1,146
NEAR_LOW_FULL_d0.001,16,100,1600,16,0,3,1,0.1875,1,0,1,4,0,1,3,0,1,146
NEAR_LOW_FULL_d0.001,16,200,3200,16,0,4,1,0.25,15,0,1,5,0,1,4,0,1,146
NEAR_LOW_FULL_d0.001,16,500,8000,16,0,4,1,0.25,4,0,1,5,0,1,4,0,1,146
NEAR_LOW_FULL_d0.001,16,1000,16000,16,0,4,1,0.25,4,0,1,5,0,1,4,0,1,146
NEAR_LOW_FULL_d0.001,16,5000,80000,16,0,4,1,0.25,15,0,1,5,0,1,4,0,1,146
NEAR_LOW_FULL_d0.001,16,50,800,16,0,3,1,0.1875,15,0,1,4,0,1,3,0,1,147
NEAR_LOW_FULL_d0.001,16,100,1600,16,0,3,1,0.1875,3,0,1,4,0,1,3,0,1,147
NEAR_LOW_FULL_d0.001,16,200,3200,16,0,4,1,0.25,15,0,1,4,0,1,4,0,1,147
NEAR_LOW_FULL_d0.001,16,500,8000,16,0,4,1,0.25,15,0,1,5,0,1,4,0,1,147
NEAR_LOW_FULL_d0.001,16,1000,16000,16,0,4,1,0.25,4,0,1,5,0,1,4,0,1,147
NEAR_LOW_FULL_d0.001,16,5000,80000,16,0,4,1,0.25,4,0,1,5,0,1,4,0,1,147
NEAR_LOW_FULL_d0.001,16,50,800,16,0,2,1,0.125,15,0,1,4,0,1,2,0,1,148
NEAR_LOW_FULL_d0.001,16,100,1600,16,0,3,1,0.1875,15,0,1,4,0,1,2,0,1,148
NEAR_LOW_FULL_d0.001,16,200,3200,16,0,3,1,0.1875,15,0,1,4,0,1,3,0,1,148
NEAR_LOW_FULL_d0.001,16,500,8000,16,0,3,1,0.1875,15,0,1,4,0,1,3,0,1,148
NEAR_LOW_FULL_d0.001,16,1000,16000,16,0,3,1,0.1875,15,0,1,4,0,1,3,0,1,148
NEAR_LOW_FULL_d0.001,16,5000,80000,16,0,3,1,0.1875,3,0,1,4,0,1,3,0,1,148
NEAR_LOW_FULL_d0.001,16,50,800,16,0,2,1,0.125,14,0,1,3,0,1,2,0,1,149
NEAR_LOW_FULL_d0.001,16,100,1600,16,0,3,1,0.1875,14,0,1,4,0,1,3,0,1,149
NEAR_LOW_FULL_d0.001,16,200,3200,16,0,4,1,0.25,15,0,1,5,0,1,3,0,1,149
NEAR_LOW_FULL_d0.001,16,500,8000,16,0,4,1,0.25,15,0,1,5,0,1,4,0,1,149
NEAR_LOW_FULL_d0.001,16,1000,16000,16,0,4,1,0.25,15,0,1,5,0,1,4,0,1,149
NEAR_LOW_FULL_d0.001,16,5000,80000,16,0,4,1,0.25,4,0,1,5,0,1,4,0,1,149
NEAR_LOW_FULL_d0.01,16,50,800,16,0,3,1,0.1875,14,0,1,4,0,1,2,0,1,0
NEAR_LOW_FULL_d0.01,16,100,1600,16,0,3,1,0.1875,15,0,1,4,0,1,3,0,1,0
NEAR_LOW_FULL_d0.01,16,200,3200,16,0,3,1,0.1875,3,0,1,4,0,1,3,0,1,0
NEAR_LOW_FULL_d0.01,16,500,8000,16,0,4,1,0.25,15,0,1,4,0,1,3,0,1,0
NEAR_LOW_FULL_d0.01,16,1000,16000,16,0,4,1,0.25,15,0,1,4,0,1,4,0,1,0
NEAR_LOW_FULL_d0.01,16,5000,80000,16,0,4,1,0.25,15,0,1,5,0,1,4,0,1,0
NEAR_LOW_FULL_d0.01,16,50,800,16,0,3,1,0.1875,3,0,1,4,0,1,3,0,1,1
NEAR_LOW_FULL_d0.01,16,100,1600,16,0,3,1,0.1875,3,0,1,4,0,1,3,0,1,1
NEAR_LOW_FULL_d0.01,16,200,3200,16,0,3,1,0.1875,3,0,1,4,0,1,3,0,1,1
NEAR_LOW_FULL_d0.01,16,500,8000,16,0,4,1,0.25,3,0,1,4,0,1,3,0,1,1
NEAR_LOW_FULL_d0.01,16,1000,16000,16,0,4,1,0.25,3,0,1,4,0,1,4,0,1,1
NEAR_LOW_FULL_d0.01,16,5000,80000,16,0,4,1,0.25,4,0,1,5,0,1,4,0,1,1
NEAR_LOW_FULL_d0.01,16,50,800,16,0,2,1,0.125,15,0,1,2,0,1,1,0,1,2
NEAR_LOW_FULL_d0.01,16,100,1600,16,0,3,1,0.1875,15,0,1,4,0,1,3,0,1,2
NEAR_LOW_FULL_d0.01,16,200,3200,16,0,3,1,0.1875,1,0,1,4,0,1,3,0,1,2
NEAR_LOW_FULL_d0.01,16,500,8000,16,0,3,1,0.1875,14,0,1,4,0,1,3,0,1,2
NEAR_LOW_FULL_d0.01,16,1000,16000,16,0,4,1,0.25,3,0,1,4,0,1,3,0,1,2
NEAR_LOW_FULL_d0.01,16,5000,80000,16,0,4,1,0.25,15,0,1,4,0,1,4,0,1,2
NEAR_LOW_FULL_d0.01,16,50,800,16,0,3,1,0.1875,15,0,1,4,0,1,3,0,1,3
NEAR_LOW_FULL_d0.01,16,100,1600,16,0,3,1,0.1875,3,0,1,4,0,1,3,0,1,3
NEAR_LOW_FULL_d0.01,16,200,3200,16,0,3,1,0.1875,3,0,1,4,0,1,3,0,1,3
NEAR_LOW_FULL_d0.01,16,500,8000,16,0,3,1,0.1875,3,0,1,4,0,1,3,0,1,3
NEAR_LOW_FULL_d0.01,16,1000,16000,16,0,3,1,0.1875,15,0,1,4,0,1,3,0,1,3
NEAR_LOW_FULL_d0.01,16,5000,80000,16,0,4,1,0.25,3,0,1,4,0,1,3,0,1,3
NEAR_LOW_FULL_d0.01,16,50,800,16,0,2,1,0.125,15,0,1,3,0,1,1,0,1,4
NEAR_LOW_FULL_d0.01,16,100,1600,16,0,3,1,0.1875,1,0,1,4,0,1,2,0,1,4
NEAR_LOW_FULL_d0.01,16,200,3200,16,0,3,1,0.1875,15,0,1,4,0,1,3,0,1,4
NEAR_LOW_FULL_d0.01,16,500,8000,16,0,3,1,0.1875,15,0,1,4,0,1,3,0,1,4
NEAR_LOW_FULL_d0.01,16,1000,16000,16,0,3,1,0.1875,15,0,1,4,0,1,3,0,1,4
NEAR_LOW_FULL_d0.01,16,5000,80000,16,0,3,1,0.1875,3,0,1,4,0,1,3,0,1,4
NEAR_LOW_FULL_d0.01,16,50,800,16,0,2,1,0.125,1,0,1,3,0,1,2,0,1,5
NEAR_LOW_FULL_d0.01,16,100,1600,16,0,3,1,0.1875,1,0,1,4,0,1,3,0,1,5
NEAR_LOW_FULL_d0.01,16,200,3200,16,0,3,1,0.1875,15,0,1,3,0,1,3,0,1,5
NEAR_LOW_FULL_d0.01,16,500,8000,16,0,3,1,0.1875,1,0,1,4,0,1,3,0,1,5
NEAR_LOW_FULL_d0.01,16,1000,16000,16,0,4,1,0.25,15,0,1,4,0,1,3,0,1,5
NEAR_LOW_FULL_d0.01,16,5000,80000,16,0,4,1,0.25,15,0,1,4,0,1,4,0,1,5
NEAR_LOW_FULL_d0.01,16,50,800,16,0,2,1,0.125,15,0,1,3,0,1,2,0,1,6
NEAR_LOW_FULL_d0.01,16,100,1600,16,0,2,1,0.125,15,0,1,3,0,1,2,0,1,6
NEAR_LOW_FULL_d0.01,16,200,3200,16,0,2,1,0.125,2,0,1,3,0,1,2,0,1,6
NEAR_LOW_FULL_d0.01,16,500,8000,16,0,2,1,0.125,2,0,1,3,0,1,2,0,1,6
NEAR_LOW_FULL_d0.01,16,1000,16000,16,0,2,1,0.125,2,0,1,3,0,1,2,0,1,6
NEAR_LOW_FULL_d0.01,16,5000,80000,16,0,3,1,0.1875,2,0,1,3,0,1,3,0,1,6
NEAR_LOW_FULL_d0.01,16,50,800,16,0,2,1,0.125,15,0,1,3,0,1,2,0,1,7
NEAR_LOW_FULL_d0.01,16,100,1600,16,0,3,1,0.1875,1,0,1,4,0,1,3,0,1,7
NEAR_LOW_FULL_d0.01,16,200,3200,16,0,3,1,0.1875,15,0,1,4,0,1,3,0,1,7
NEAR_LOW_FULL_d0.01,16,500,8000,16,0,3,1,0.1875,15,0,1,4,0,1,3,0,1,7
NEAR_LOW_FULL_d0.01,16,1000,16000,16,0,3,1,0.1875,15,0,1,4,0,1,3,0,1,7
NEAR_LOW_FULL_d0.01,16,5000,80000,16,0,4,1,0.25,4,0,1,4,0,1,4,0,1,7
NEAR_LOW_FULL_d0.01,16,50,800,16,0,2,1,0.125,15,0,1,3,0,1,2,0,1,8
NEAR_LOW_FULL_d0.01,16,100,1600,16,0,2,1,0.125,1,0,1,3,0,1,2,0,1,8
NEAR_LOW_FULL_d0.01,16,200,3200,16,0,3,1,0.1875,15,0,1,3,0,1,2,0,1,8
NEAR_LOW_FULL_d0.01,16,500,8000,16,0,3,1,0.1875,14,0,1,4,0,1,3,0,1,8
NEAR_LOW_FULL_d0.01,16,1000,16000,16,0,3,1,0.1875,1,0,1,3,0,1,3,0,1,8
NEAR_LOW_FULL_d0.01,16,5000,80000,16,0,4,1,0.25,15,0,1,4,0,1,4,0,1,8
NEAR_LOW_FULL_d0.01,16,50,800,16,0,2,1,0.125,15,0,1,3,0,1,1,0,1,9
NEAR_LOW_FULL_d0.01,16,100,1600,16,0,3,1,0.1875,1,0,1,2,0,1,2,0,1,9
NEAR_LOW_FULL_d0.01,16,200,3200,16,0,3,1,0.1875,1,0,1,2,0,1,3,0,1,9
NEAR_LOW_FULL_d0.01,16,500,8000,16,0,4,1,0.25,1,0,1,2,0,1,4,0,1,9
NEAR_LOW_FULL_d0.01,16,1000,16000,16,0,4,1,0.25,15,0,1,3,0,1,4,0,1,9
NEAR_LOW_FULL_d0.01,16,5000,80000,16,0,4,1,0.25,15,0,1,3,0,1,4,0,1,9
NEAR_LOW_FULL_d0.01,16,50,800,16,0,3,1,0.1875,1,0,1,2,0,1,3,0,1,10
NEAR_LOW_FULL_d0.01,16,100,1600,16,0,3,1,0.1875,1,0,1,4,0,1,2,0,1,10
NEAR_LOW_FULL_d0.01,16,200,3200,16,0,3,1,0.1875,15,0,1,4,0,1,3,0,1,10
NEAR_LOW_FULL_d0.01,16,500,8000,16,0,4,1,0.25,1,0,1,4,0,1,4,0,1,10
NEAR_LOW_FULL_d0.01,16,1000,16000,16,0,4,1,0.25,1,0,1,4,0,1,4,0,1,10
NEAR_LOW_FULL_d0.01,16,5000,80000,16,0,4,1,0.25,4,0,1,5,0,1,4,0,1,10
NEAR_LOW_FULL_d0.01,16,50,800,16,0,3,1,0.1875,15,0,1,4,0,1,3,0,1,11
NEAR_LOW_FULL_d0.01,16,100,1600,16,0,3,1,0.1875,15,0,1,4,0,1,3,0,1,11
NEAR_LOW_FULL_d0.01,16,200,3200,16,0,3,1,0.1875,15,0,1,4,0,1,3,0,1,11
NEAR_LOW_FULL_d0.01,16,500,8000,16,0,3,1,0.1875,3,0,1,4,0,1,3,0,1,11
NEAR_LOW_FULL_d0.01,16,1000,16000,16,0,3,1,0.1875,3,0,1,4,0,1,3,0,1,11
NEAR_LOW_FULL_d0.01,16,5000,80000,16,0,4,1,0.25,3,0,1,4,0,1,4,0,1,11
NEAR_LOW_FULL_d0.01,16,50,800,16,0,3,1,0.1875,15,0,1,4,0,1,3,0,1,12
NEAR_LOW_FULL_d0.01,16,100,1600,16,0,3,1,0.1875,1,0,1,4,0,1,3,0,1,12
NEAR_LOW_FULL_d0.01,16,200,3200,16,0,3,1,0.1875,3,0,1,4,0,1,3,0,1,12
NEAR_LOW_FULL_d0.01,16,500,8000,16,0,3,1,0.1875,15,0,1,4,0,1,3,0,1,12
NEAR_LOW_FULL_d0.01,16,1000,16000,16,0,3,1,0.1875,3,0,1,4,0,1,3,0,1,12
NEAR_LOW_FULL_d0.01,16,5000,80000,16,0,4,1,0.25,3,0,1,4,0,1,4,0,1,12
NEAR_LOW_FULL_d0.01,16,50,800,16,0,3,1,0.1875,15,0,1,3,0,1,2,0,1,13
NEAR_LOW_FULL_d0.01,16,100,1600,16,0,3,1,0.1875,15,0,1,4,0,1,3,0,1,13
NEAR_LOW_FULL_d0.01,16,200,3200,16,0,3,1,0.1875,3,0,1,4,0,1,3,0,1,13
NEAR_LOW_FULL_d0.01,16,500,8000,16,0,3,1,0.1875,15,0,1,4,0,1,3,0,1,13
NEAR_LOW_FULL_d0.01,16,1000,16000,16,0,3,1,0.1875,3,0,1,4,0,1,3,0,1,13
NEAR_LOW_FULL_d0.01,16,5000,80000,16,0,3,1,0.1875,3,0,1,4,0,1,3,0,1,13
NEAR_LOW_FULL_d0.01,16,50,800,16,0,2,1,0.125,1,0,1,4,0,1,2,0,1,14
NEAR_LOW_FULL_d0.01,16,100,1600,16,0,3,1,0.1875,1,0,1,4,0,1,3,0,1,14
NEAR_LOW_FULL_d0.01,16,200,3200,16,0,3,1,0.1875,15,0,1,4,0,1,3,0,1,14
NEAR_LOW_FULL_d0.01,16,500,8000,16,0,4,1,0.25,15,0,1,5,0,1,4,0,1,14
NEAR_LOW_FULL_d0.01,16,1000,16000,16,0,4,1,0.25,15,0,1,5,0,1,4,0,1,14
NEAR_LOW_FULL_d0.01,16,5000,80000,16,0,4,1,0.25,4,0,1,5,0,1,4,0,1,14
NEAR_LOW_FULL_d0.01,16,50,800,16,0,2,1,0.125,15,0,1,3,0,1,2,0,1,15
NEAR_LOW_FULL_d0.01,16,100,1600,16,0,2,1,0.125,15,0,1,3,0,1,2,0,1,15
NEAR_LOW_FULL_d0.01,16,200,3200,16,0,2,1,0.125,15,0,1,3,0,1,2,0,1,15
NEAR_LOW_FULL_d0.01,16,500,8000,16,0,3,1,0.1875,15,0,1,3,0,1,2,0,1,15
NEAR_LOW_FULL_d0.01,16,1000,16000,16,0,3,1,0.1875,1,0,1,3,0,1,3,0,1,15
NEAR_LOW_FULL_d0.01,16,5000,80000,16,0,3,1,0.1875,3,0,1,4,0,1,3,0,1,15
NEAR_LOW_FULL_d0.01,16,50,800,16,0,2,1,0.125,1,0,1,3,0,1,2,0,1,16
NEAR_LOW_FULL_d0.01,16,100,1600,16,0,2,1,0.125,15,0,1,3,0,1,2,0,1,16
NEAR_LOW_FULL_d0.01,16,200,3200,16,0,3,1,0.1875,15,0,1,4,0,1,3,0,1,16
NEAR_LOW_FULL_d0.01,16,500,8000,16,0,3,1,0.1875,3,0,1,4,0,1,3,0,1,16
NEAR_LOW_FULL_d0.01,16,1000,16000,16,0,3,1,0.1875,15,0,1,4,0,1,3,0,1,16
NEAR_LOW_FULL_d0.01,16,5000,80000,16,0,3,1,0.1875,3,0,1,4,0,1,3,0,1,16
NEAR_LOW_FULL_d0.01,16,50,800,16,0,3,1,0.1875,14,0,1,4,0,1,2,0,1,17
NEAR_LOW_FULL_d0.01,16,100,1600,16,0,3,1,0.1875,15,0,1,4,0,1,3,0,1,17
NEAR_LOW_FULL_d0.01,16,200,3200,16,0,3,1,0.1875,15,0,1,4,0,1,3,0,1,17
NEAR_LOW_FULL_d0.01,16,500,8000,16,0,3,1,0.1875,3,0,1,4,0,1,3,0,1,17
NEAR_LOW_FULL_d0.01,16,1000,16000,16,0,3,1,0.1875,3,0,1,4,0,1,3,0,1,17
NEAR_LOW_FULL_d0.01,16,5000,80000,16,0,3,1,0.1875,3,0,1,4,0,1,3,0,1,17
NEAR_LOW_FULL_d0.01,16,50,800,16,0,3,1,0.1875,15,0,1,4,0,1,3,0,1,18
NEAR_LOW_FULL_d0.01,16,100,1600,16,0,3,1,0.1875,15,0,1,4,0,1,3,0,1,18
NEAR_LOW_FULL_d0.01,16,200,3200,16,0,3,1,0.1875,3,0,1,4,0,1,3,0,1,18
NEAR_LOW_FULL_d0.01,16,500,8000,16,0,3,1,0.1875,3,0,1,4,0,1,3,0,1,18
NEAR_LOW_FULL_d0.01,16,1000,16000,16,0,4,1,0.25,3,0,1,4,0,1,3,0,1,18
NEAR_LOW_FULL_d0.01,16,5000,80000,16,0,4,1,0.25,3,0,1,4,0,1,4,0,1,18
NEAR_LOW_FULL_d0.01,16,50,800,16,0,3,1,0.1875,1,0,1,4,0,1,3,0,1,19
NEAR_LOW_FULL_d0.01,16,100,1600,16,0,3,1,0.1875,15,0,1,4,0,1,3,0,1,19
NEAR_LOW_FULL_d0.01,16,200,3200,16,0,3,1,0.1875,3,0,1,4,0,1,3,0,1,19
NEAR_LOW_FULL_d0.01,16,500,8000,16,0,3,1,0.1875,3,0,1,4,0,1,3,0,1,19
NEAR_LOW_FULL_d0.01,16,1000,16000,16,0,3,1,0.1875,3,0,1,4,0,1,3,0,1,19
NEAR_LOW_FULL_d0.01,16,5000,80000,16,0,4,1,0.25,3,0,1,4,0,1,4,0,1,19
NEAR_LOW_FULL_d0.01,16,50,800,16,0,2,1,0.125,15,0,1,3,0,1,2,0,1,20
NEAR_LOW_FULL_d0.01,16,100,1600,16,0,3,1,0.1875,2,0,1,4,0,1,3,0,1,20
NEAR_LOW_FULL_d0.01,16,200,3200,16,0,3,1,0.1875,15,0,1,4,0,1,3,0,1,20
NEAR_LOW_FULL_d0.01,16,500,8000,16,0,3,1,0.1875,3,0,1,4,0,1,3,0,1,20
NEAR_LOW_FULL_d0.01,16,1000,16000,16,0,3,1,0.1875,15,0,1,4,0,1,3,0,1,20
NEAR_LOW_FULL_d0.01,16,5000,80000,16,0,3,1,0.1875,3,0,1,4,0,1,3,0,1,20
NEAR_LOW_FULL_d0.01,16,50,800,16,0,3,1,0.1875,15,0,1,4,0,1,2,0,1,21
NEAR_LOW_FULL_d0.01,16,100,1600,16,0,3,1,0.1875,15,0,1,4,0,1,3,0,1,21
NEAR_LOW_FULL_d0.01,16,200,3200,16,0,3,1,0.1875,3,0,1,4,0,1,3,0,1,21
NEAR_LOW_FULL_d0.01,16,500,8000,16,0,3,1,0.1875,15,0,1,4,0,1,3,0,1,21
NEAR_LOW_FULL_d0.01,16,1000,16000,16,0,3,1,0.1875,15,0,1,4,0,1,3,0,1,21
NEAR_LOW_FULL_d0.01,16,5000,80000,16,0,4,1,0.25,15,0,1,4,0,1,4,0,1,21
NEAR_LOW_FULL_d0.01,16,50,800,16,0,2,1,0.125,1,0,1,3,0,1,2,0,1,22
NEAR_LOW_FULL_d0.01,16,100,1600,16,0,2,1,0.125,1,0,1,3,0,1,2,0,1,22
NEAR_LOW_FULL_d0.01,16,200,3200,16,0,3,1,0.1875,15,0,1,3,0,1,3,0,1,22
NEAR_LOW_FULL_d0.01,16,500,8000,16,0,3,1,0.1875,1,0,1,3,0,1,3,0,1,22
NEAR_LOW_FULL_d0.01,16,1000,16000,16,0,3,1,0.1875,1,0,1,4,0,1,3,0,1,22
NEAR_LOW_FULL_d0.01,16,5000,80000,16,0,3,1,0.1875,3,0,1,4,0,1,3,0,1,22
NEAR_LOW_FULL_d0.01,16,50,800,16,0,1,1,0.0625,1,0,1,2,0,1,1,0,1,23
NEAR_LOW_FULL_d0.01,16,100,1600,16,0,3,1,0.1875,15,0,1,2,0,1,3,0,1,23
NEAR_LOW_FULL_d0.01,16,200,3200,16,0,3,1,0.1875,1,0,1,4,0,1,3,0,1,23
NEAR_LOW_FULL_d0.01,16,500,8000,16,0,3,1,0.1875,15,0,1,4,0,1,3,0,1,23
NEAR_LOW_FULL_d0.01,16,1000,16000,16,0,4,1,0.25,1,0,1,4,0,1,3,0,1,23
NEAR_LOW_FULL_d0.01,16,5000,80000,16,0,4,1,0.25,1,0,1,4,0,1,4,0,1,23
NEAR_LOW_FULL_d0.01,16,50,800,16,0,2,1,0.125,1,0,1,3,0,1,2,0,1,24
NEAR_LOW_FULL_d0.01,16,100,1600,16,0,2,1,0.125,1,0,1,3,0,1,2,0,1,24
NEAR_LOW_FULL_d0.01,16,200,3200,16,0,3,1,0.1875,15,0,1,4,0,1,3,0,1,24
NEAR_LOW_FULL_d0.01,16,500,8000,16,0,3,1,0.1875,15,0,1,4,0,1,3,0,1,24
NEAR_LOW_FULL_d0.01,16,1000,16000,16,0,3,1,0.1875,3,0,1,4,0,1,3,0,1,24
NEAR_LOW_FULL_d0.01,16,5000,80000,16,0,3,1,0.1875,3,0,1,4,0,1,3,0,1,24
NEAR_LOW_FULL_d0.01,16,50,800,16,0,3,1,0.1875,14,0,1,4,0,1,3,0,1,25
NEAR_LOW_FULL_d0.01,16,100,1600,16,0,3,1,0.1875,15,0,1,4,0,1,3,0,1,25
NEAR_LOW_FULL_d0.01,16,200,3200,16,0,3,1,0.1875,2,0,1,4,0,1,3,0,1,25
NEAR_LOW_FULL_d0.01,16,500,8000,16,0,3,1,0.1875,15,0,1,4,0,1,3,0,1,25
NEAR_LOW_FULL_d0.01,16,1000,16000,16,0,3,1,0.1875,15,0,1,4,0,1,3,0,1,25
NEAR_LOW_FULL_d0.01,16,5000,80000,16,0,3,1,0.1875,3,0,1,4,0,1,3,0,1,25
NEAR_LOW_FULL_d0.01,16,50,800,16,0,3,1,0.1875,14,0,1,4,0,1,2,0,1,26
NEAR_LOW_FULL_d0.01,16,100,1600,16,0,3,1,0.1875,14,0,1,4,0,1,2,0,1,26
NEAR_LOW_FULL_d0.01,16,200,3200,16,0,4,1,0.25,15,0,1,5,0,1,3,0,1,26
NEAR_LOW_FULL_d0.01,16,500,8000,16,0,4,1,0.25,15,0,1,5,0,1,4,0,1,26
NEAR_LOW_FULL_d0.01,16,1000,16000,16,0,4,1,0.25,4,0,1,5,0,1,4,0,1,26
NEAR_LOW_FULL_d0.01,16,5000,80000,16,0,4,1,0.25,4,0,1,5,0,1,4,0,1,26
NEAR_LOW_FULL_d0.01,16,50,800,16,0,3,1,0.1875,1,0,1,4,0,1,3,0,1,27
NEAR_LOW_FULL_d0.01,16,100,1600,16,0,3,1,0.1875,15,0,1,4,0,1,2,0,1,27
NEAR_LOW_FULL_d0.01,16,200,3200,16,0,3,1,0.1875,15,0,1,4,0,1,3,0,1,27
NEAR_LOW_FULL_d0.01,16,500,8000,16,0,3,1,0.1875,15,0,1,4,0,1,3,0,1,27
NEAR_LOW_FULL_d0.01,16,1000,16000,16,0,3,1,0.1875,15,0,1,4,0,1,3,0,1,27
NEAR_LOW_FULL_d0.01,16,5000,80000,16,0,3,1,0.1875,3,0,1,4,0,1,3,0,1,27
NEAR_LOW_FULL_d0.01,16,50,800,16,0,2,1,0.125,1,0,1,3,0,1,2,0,1,28
NEAR_LOW_FULL_d0.01,16,100,1600,16,0,3,1,0.1875,1,0,1,4,0,1,3,0,1,28
NEAR_LOW_FULL_d0.01,16,200,3200,16,0,4,1,0.25,15,0,1,4,0,1,3,0,1,28
NEAR_LOW_FULL_d0.01,16,500,8000,16,0,4,1,0.25,15,0,1,4,0,1,4,0,1,28
NEAR_LOW_FULL_d0.01,16,1000,16000,16,0,4,1,0.25,4,0,1,5,0,1,4,0,1,28
NEAR_LOW_FULL_d0.01,16,5000,80000,16,0,4,1,0.25,15,0,1,5,0,1,4,0,1,28
NEAR_LOW_FULL_d0.01,16,50,800,16,0,3,1,0.1875,14,0,1,4,0,1,2,0,1,29
NEAR_LOW_FULL_d0.01,16,100,1600,16,0,3,1,0.1875,15,0,1,4,0,1,3,0,1,29
NEAR_LOW_FULL_d0.01,16,200,3200,16,0,3,1,0.1875,15,0,1,4,0,1,3,0,1,29
NEAR_LOW_FULL_d0.01,16,500,8000,16,0,3,1,0.1875,3,0,1,4,0,1,3,0,1,29
NEAR_LOW_FULL_d0.01,16,1000,16000,16,0,4,1,0.25,3,0,1,4,0,1,3,0,1,29
NEAR_LOW_FULL_d0.01,16,5000,80000,16,0,4,1,0.25,4,0,1,4,0,1,4,0,1,29
NEAR_LOW_FULL_d0.01,16,50,800,16,0,2,1,0.125,15,0,1,3,0,1,2,0,1,30
NEAR_LOW_FULL_d0.01,16,100,1600,16,0,3,1,0.1875,15,0,1,4,0,1,3,0,1,30
NEAR_LOW_FULL_d0.01,16,200,3200,16,0,3,1,0.1875,15,0,1,4,0,1,3,0,1,30
NEAR_LOW_FULL_d0.01,16,500,8000,16,0,3,1,0.1875,3,0,1,4,0,1,3,0,1,30
NEAR_LOW_FULL_d0.01,16,1000,16000,16,0,3,1,0.1875,3,0,1,4,0,1,3,0,1,30
NEAR_LOW_FULL_d0.01,16,5000,80000,16,0,4,1,0.25,3,0,1,4,0,1,4,0,1,30
NEAR_LOW_FULL_d0.01,16,50,800,16,0,2,1,0.125,15,0,1,4,0,1,3,0,1,31
NEAR_LOW_FULL_d0.01,16,100,1600,16,0,3,1,0.1875,13,0,1,4,0,1,3,0,1,31
NEAR_LOW_FULL_d0.01,16,200,3200,16,0,3,1,0.1875,3,0,1,4,0,1,3,0,1,31
NEAR_LOW_FULL_d0.01,16,500,8000,16,0,3,1,0.1875,3,0,1,4,0,1,3,0,1,31
NEAR_LOW_FULL_d0.01,16,1000,16000,16,0,3,1,0.1875,3,0,1,4,0,1,3,0,1,31
NEAR_LOW_FULL_d0.01,16,5000,80000,16,0,4,1,0.25,3,0,1,4,0,1,4,0,1,31
NEAR_LOW_FULL_d0.01,16,50,800,16,0,2,1,0.125,1,0,1,3,0,1,2,0,1,32
NEAR_LOW_FULL_d0.01,16,100,1600,16,0,2,1,0.125,1,0,1,3,0,1,2,0,1,32
NEAR_LOW_FULL_d0.01,16,200,3200,16,0,3,1,0.1875,1,0,1,3,0,1,2,0,1,32
NEAR_LOW_FULL_d0.01,16,500,8000,16,0,3,1,0.1875,15,0,1,4,0,1,3,0,1,32
NEAR_LOW_FULL_d0.01,16,1000,16000,16,0,3,1,0.1875,3,0,1,4,0,1,3,0,1,32
NEAR_LOW_FULL_d0.01,16,5000,80000,16,0,4,1,0.25,15,0,1,4,0,1,4,0,1,32
NEAR_LOW_FULL_d0.01,16,50,800,16,0,2,1,0.125,15,0,1,3,0,1,2,0,1,33
NEAR_LOW_FULL_d0.01,16,100,1600,16,0,2,1,0.125,15,0,1,3,0,1,2,0,1,33
NEAR_LOW_FULL_d0.01,16,200,3200,16,0,3,1,0.1875,1,0,1,4,0,1,2,0,1,33
NEAR_LOW_FULL_d0.01,16,500,8000,16,0,3,1,0.1875,15,0,1,4,0,1,3,0,1,33
NEAR_LOW_FULL_d0.01,16,1000,16000,16,0,3,1,0.1875,15,0,1,4,0,1,3,0,1,33
NEAR_LOW_FULL_d0.01,16,5000,80000,16,0,3,1,0.1875,3,0,1,4,0,1,3,0,1,33
NEAR_LOW_FULL_d0.01,16,50,800,16,0,3,1,0.1875,1,0,1,5,0,1,2,0,1,34
NEAR_LOW_FULL_d0.01,16,100,1600,16,0,4,1,0.25,15,0,1,5,0,1,4,0,1,34
NEAR_LOW_FULL_d0.01,16,200,3200,16,0,4,1,0.25,14,0,1,5,0,1,4,0,1,34
NEAR_LOW_FULL_d0.01,16,500,8000,16,0,4,1,0.25,15,0,1,5,0,1,4,0,1,34
NEAR_LOW_FULL_d0.01,16,1000,16000,16,0,4,1,0.25,4,0,1,5,0,1,4,0,1,34
NEAR_LOW_FULL_d0.01,16,5000,80000,16,0,4,1,0.25,4,0,1,5,0,1,4,0,1,34
NEAR_LOW_FULL_d0.01,16,50,800,16,0,2,1,0.125,14,0,1,3,0,1,2,0,1,35
NEAR_LOW_FULL_d0.01,16,100,1600,16,0,2,1,0.125,15,0,1,3,0,1,2,0,1,35
NEAR_LOW_FULL_d0.01,16,200,3200,16,0,3,1,0.1875,15,0,1,4,0,1,3,0,1,35
NEAR_LOW_FULL_d0.01,16,500,8000,16,0,3,1,0.1875,2,0,1,4,0,1,3,0,1,35
NEAR_LOW_FULL_d0.01,16,1000,16000,16,0,4,1,0.25,2,0,1,4,0,1,3,0,1,35
NEAR_LOW_FULL_d0.01,16,5000,80000,16,0,4,1,0.25,15,0,1,4,0,1,4,0,1,35
NEAR_LOW_FULL_d0.01,16,50,800,16,0,2,1,0.125,15,0,1,4,0,1,2,0,1,36
NEAR_LOW_FULL_d0.01,16,100,1600,16,0,2,1,0.125,15,0,1,3,0,1,2,0,1,36
NEAR_LOW_FULL_d0.01,16,200,3200,16,0,3,1,0.1875,14,0,1,3,0,1,3,0,1,36
NEAR_LOW_FULL_d0.01,16,500,8000,16,0,3,1,0.1875,15,0,1,4,0,1,3,0,1,36
NEAR_LOW_FULL_d0.01,16,1000,16000,16,0,3,1,0.1875,3,0,1,4,0,1,3,0,1,36
NEAR_LOW_FULL_d0.01,16,5000,80000,16,0,4,1,0.25,3,0,1,4,0,1,3,0,1,36
NEAR_LOW_FULL_d0.01,16,50,800,16,0,2,1,0.125,15,0,1,3,0,1,2,0,1,37
NEAR_LOW_FULL_d0.01,16,100,1600,16,0,4,1,0.25,2,0,1,5,0,1,3,0,1,37
NEAR_LOW_FULL_d0.01,16,200,3200,16,0,4,1,0.25,15,0,1,5,0,1,4,0,1,37
NEAR_LOW_FULL_d0.01,16,500,8000,16,0,4,1,0.25,15,0,1,5,0,1,4,0,1,37
NEAR_LOW_FULL_d0.01,16,1000,16000,16,0,4,1,0.25,4,0,1,5,0,1,4,0,1,37
NEAR_LOW_FULL_d0.01,16,5000,80000,16,0,4,1,0.25,4,0,1,5,0,1,4,0,1,37
NEAR_LOW_FULL_d0.01,16,50,800,16,0,2,1,0.125,15,0,1,3,0,1,2,0,1,38
NEAR_LOW_FULL_d0.01,16,100,1600,16,0,2,1,0.125,15,0,1,3,0,1,2,0,1,38
NEAR_LOW_FULL_d0.01,16,200,3200,16,0,3,1,0.1875,15,0,1,3,0,1,2,0,1,38
NEAR_LOW_FULL_d0.01,16,500,8000,16,0,4,1,0.25,1,0,1,4,0,1,4,0,1,38
NEAR_LOW_FULL_d0.01,16,1000,16000,16,0,4,1,0.25,15,0,1,4,0,1,4,0,1,38
NEAR_LOW_FULL_d0.01,16,5000,80000,16,0,4,1,0.25,4,0,1,5,0,1,4,0,1,38
NEAR_LOW_FULL_d0.01,16,50,800,16,0,2,1,0.125,14,0,1,3,0,1,2,0,1,39
NEAR_LOW_FULL_d0.01,16,100,1600,16,0,4,1,0.25,15,0,1,5,0,1,4,0,1,39
NEAR_LOW_FULL_d0.01,16,200,3200,16,0,4,1,0.25,15,0,1,5,0,1,4,0,1,39
NEAR_LOW_FULL_d0.01,16,500,8000,16,0,4,1,0.25,4,0,1,5,0,1,4,0,1,39
NEAR_LOW_FULL_d0.01,16,1000,16000,16,0,4,1,0.25,15,0,1,5,0,1,4,0,1,39
NEAR_LOW_FULL_d0.01,16,5000,80000,16,0,4,1,0.25,4,0,1,5,0,1,4,0,1,39
NEAR_LOW_FULL_d0.01,16,50,800,16,0,2,1,0.125,15,0,1,3,0,1,2,0,1,40
NEAR_LOW_FULL_d0.01,16,100,1600,16,0,2,1,0.125,15,0,1,3,0,1,2,0,1,40
NEAR_LOW_FULL_d0.01,16,200,3200,16,0,2,1,0.125,15,0,1,3,0,1,2,0,1,40
NEAR_LOW_FULL_d0.01,16,500,8000,16,0,3,1,0.1875,2,0,1,3,0,1,2,0,1,40
NEAR_LOW_FULL_d0.01,16,1000,16000,16,0,3,1,0.1875,15,0,1,3,0,1,3,0,1,40
NEAR_LOW_FULL_d0.01,16,5000,80000,16,0,3,1,0.1875,3,0,1,4,0,1,3,0,1,40
NEAR_LOW_FULL_d0.01,16,50,800,16,0,3,1,0.1875,15,0,1,4,0,1,3,0,1,41
NEAR_LOW_FULL_d0.01,16,100,1600,16,0,3,1,0.1875,15,0,1,4,0,1,3,0,1,41
NEAR_LOW_FULL_d0.01,16,200,3200,16,0,3,1,0.1875,3,0,1,4,0,1,3,0,1,41
NEAR_LOW_FULL_d0.01,16,500,8000,16,0,3,1,0.1875,3,0,1,4,0,1,3,0,1,41
NEAR_LOW_FULL_d0.01,16,1000,16000,16,0,3,1,0.1875,3,0,1,4,0,1,3,0,1,41
NEAR_LOW_FULL_d0.01,16,5000,80000,16,0,3,1,0.1875,3,0,1,4,0,1,3,0,1,41
NEAR_LOW_FULL_d0.01,16,50,800,16,0,2,1,0.125,1,0,1,3,0,1,2,0,1,42
NEAR_LOW_FULL_d0.01,16,100,1600,16,0,2,1,0.125,15,0,1,3,0,1,2,0,1,42
NEAR_LOW_FULL_d0.01,16,200,3200,16,0,3,1,0.1875,1,0,1,4,0,1,3,0,1,42
NEAR_LOW_FULL_d0.01,16,500,8000,16,0,3,1,0.1875,15,0,1,4,0,1,3,0,1,42
NEAR_LOW_FULL_d0.01,16,1000,16000,16,0,3,1,0.1875,15,0,1,4,0,1,3,0,1,42
NEAR_LOW_FULL_d0.01,16,5000,80000,16,0,3,1,0.1875,3,0,1,4,0,1,3,0,1,42
NEAR_LOW_FULL_d0.01,16,50,800,16,0,2,1,0.125,2,0,1,3,0,1,2,0,1,43
NEAR_LOW_FULL_d0.01,16,100,1600,16,0,3,1,0.1875,15,0,1,4,0,1,2,0,1,43
NEAR_LOW_FULL_d0.01,16,200,3200,16,0,3,1,0.1875,15,0,1,4,0,1,3,0,1,43
NEAR_LOW_FULL_d0.01,16,500,8000,16,0,3,1,0.1875,2,0,1,4,0,1,3,0,1,43
NEAR_LOW_FULL_d0.01,16,1000,16000,16,0,3,1,0.1875,3,0,1,4,0,1,3,0,1,43
NEAR_LOW_FULL_d0.01,16,5000,80000,16,0,3,1,0.1875,3,0,1,4,0,1,3,0,1,43
NEAR_LOW_FULL_d0.01,16,50,800,16,0,2,1,0.125,15,0,1,4,0,1,2,0,1,44
NEAR_LOW_FULL_d0.01,16,100,1600,16,0,3,1,0.1875,1,0,1,4,0,1,3,0,1,44
NEAR_LOW_FULL_d0.01,16,200,3200,16,0,3,1,0.1875,15,0,1,4,0,1,3,0,1,44
NEAR_LOW_FULL_d0.01,16,500,8000,16,0,4,1,0.25,1,0,1,4,0,1,3,0,1,44
NEAR_LOW_FULL_d0.01,16,1000,16000,16,0,4,1,0.25,14,0,1,4,0,1,3,0,1,44
NEAR_LOW_FULL_d0.01,16,5000,80000,16,0,4,1,0.25,4,0,1,5,0,1,4,0,1,44
NEAR_LOW_FULL_d0.01,16,50,800,16,0,2,1,0.125,14,0,1,2,0,1,2,0,1,45
NEAR_LOW_FULL_d0.01,16,100,1600,16,0,3,1,0.1875,1,0,1,4,0,1,2,0,1,45
NEAR_LOW_FULL_d0.01,16,200,3200,16,0,3,1,0.1875,15,0,1,4,0,1,3,0,1,45
NEAR_LOW_FULL_d0.01,16,500,8000,16,0,3,1,0.1875,14,0,1,4,0,1,3,0,1,45
NEAR_LOW_FULL_d0.01,16,1000,16000,16,0,4,1,0.25,1,0,1,4,0,1,3,0,1,45
NEAR_LOW_FULL_d0.01,16,5000,80000,16,0,4,1,0.25,4,0,1,4,0,1,4,0,1,45
NEAR_LOW_FULL_d0.01,16,50,800,16,0,3,1,0.1875,15,0,1,5,0,1,3,0,1,46
NEAR_LOW_FULL_d0.01,16,100,1600,16,0,3,1,0.1875,14,0,1,4,0,1,3,0,1,46
NEAR_LOW_FULL_d0.01,16,200,3200,16,0,3,1,0.1875,3,0,1,4,0,1,3,0,1,46
NEAR_LOW_FULL_d0.01,16,500,8000,16,0,3,1,0.1875,3,0,1,4,0,1,3,0,1,46
NEAR_LOW_FULL_d0.01,16,1000,16000,16,0,4,1,0.25,3,0,1,4,0,1,3,0,1,46
NEAR_LOW_FULL_d0.01,16,5000,80000,16,0,4,1,0.25,3,0,1,4,0,1,4,0,1,46
NEAR_LOW_FULL_d0.01,16,50,800,16,0,3,1,0.1875,15,0,1,4,0,1,2,0,1,47
NEAR_LOW_FULL_d0.01,16,100,1600,16,0,3,1,0.1875,15,0,1,4,0,1,3,0,1,47
NEAR_LOW_FULL_d0.01,16,200,3200,16,0,3,1,0.1875,15,0,1,4,0,1,3,0,1,47
NEAR_LOW_FULL_d0.01,16,500,8000,16,0,4,1,0.25,3,0,1,4,0,1,4,0,1,47
NEAR_LOW_FULL_d0.01,16,1000,16000,16,0,4,1,0.25,15,0,1,4,0,1,4,0,1,47
NEAR_LOW_FULL_d0.01,16,5000,80000,16,0,4,1,0.25,4,0,1,5,0,1,4,0,1,47
NEAR_LOW_FULL_d0.01,16,50,800,16,0,3,1,0.1875,15,0,1,4,0,1,3,0,1,48
NEAR_LOW_FULL_d0.01,16,100,1600,16,0,3,1,0.1875,13,0,1,4,0,1,3,0,1,48
NEAR_LOW_FULL_d0.01,16,200,3200,16,0,3,1,0.1875,14,0,1,4,0,1,3,0,1,48
NEAR_LOW_FULL_d0.01,16,500,8000,16,0,4,1,0.25,1,0,1,4,0,1,4,0,1,48
NEAR_LOW_FULL_d0.01,16,1000,16000,16,0,4,1,0.25,1,0,1,5,0,1,4,0,1,48
NEAR_LOW_FULL_d0.01,16,5000,80000,16,0,4,1,0.25,4,0,1,5,0,1,4,0,1,48
NEAR_LOW_FULL_d0.01,16,50,800,16,0,2,1,0.125,15,0,1,3,0,1,2,0,1,49
NEAR_LOW_FULL_d0.01,16,100,1600,16,0,2,1,0.125,1,0,1,3,0,1,2,0,1,49
NEAR_LOW_FULL_d0.01,16,200,3200,16,0,2,1,0.125,1,0,1,3,0,1,2,0,1,49
NEAR_LOW_FULL_d0.01,16,500,8000,16,0,3,1,0.1875,14,0,1,3,0,1,3,0,1,49
NEAR_LOW_FULL_d0.01,16,1000,16000,16,0,3,1,0.1875,1,0,1,3,0,1,3,0,1,49
NEAR_LOW_FULL_d0.01,16,5000,80000,16,0,4,1,0.25,1,0,1,3,0,1,4,0,1,49
NEAR_LOW_FULL_d0.01,16,50,800,16,0,2,1,0.125,1,0,1,3,0,1,2,0,1,50
NEAR_LOW_FULL_d0.01,16,100,1600,16,0,3,1,0.1875,1,0,1,4,0,1,2,0,1,50
NEAR_LOW_FULL_d0.01,16,200,3200,16,0,3,1,0.1875,15,0,1,4,0,1,3,0,1,50
NEAR_LOW_FULL_d0.01,16,500,8000,16,0,3,1,0.1875,3,0,1,4,0,1,3,0,1,50
NEAR_LOW_FULL_d0.01,16,1000,16000,16,0,3,1,0.1875,15,0,1,4,0,1,3,0,1,50
NEAR_LOW_FULL_d0.01,16,5000,80000,16,0,4,1,0.25,3,0,1,4,0,1,4,0,1,50
NEAR_LOW_FULL_d0.01,16,50,800,16,0,3,1,0.1875,14,0,1,4,0,1,3,0,1,51
NEAR_LOW_FULL_d0.01,16,100,1600,16,0,3,1,0.1875,3,0,1,4,0,1,3,0,1,51
NEAR_LOW_FULL_d0.01,16,200,3200,16,0,4,1,0.25,15,0,1,4,0,1,3,0,1,51
NEAR_LOW_FULL_d0.01,16,500,8000,16,0,4,1,0.25,15,0,1,4,0,1,4,0,1,51
NEAR_LOW_FULL_d0.01,16,1000,16000,16,0,4,1,0.25,15,0,1,5,0,1,4,0,1,51
NEAR_LOW_FULL_d0.01,16,5000,80000,16,0,4,1,0.25,4,0,1,5,0,1,4,0,1,51
NEAR_LOW_FULL_d0.01,16,50,800,16,0,2,1,0.125,15,0,1,3,0,1,2,0,1,52
NEAR_LOW_FULL_d0.01,16,100,1600,16,0,3,1,0.1875,15,0,1,4,0,1,3,0,1,52
NEAR_LOW_FULL_d0.01,16,200,3200,16,0,3,1,0.1875,15,0,1,4,0,1,3,0,1,52
NEAR_LOW_FULL_d0.01,16,500,8000,16,0,3,1,0.1875,15,0,1,4,0,1,3,0,1,52
NEAR_LOW_FULL_d0.01,16,1000,16000,16,0,3,1,0.1875,15,0,1,4,0,1,3,0,1,52
NEAR_LOW_FULL_d0.01,16,5000,80000,16,0,4,1,0.25,3,0,1,4,0,1,4,0,1,52
NEAR_LOW_FULL_d0.01,16,50,800,16,0,2,1,0.125,15,0,1,3,0,1,2,0,1,53
NEAR_LOW_FULL_d0.01,16,100,1600,16,0,3,1,0.1875,15,0,1,4,0,1,3,0,1,53
NEAR_LOW_FULL_d0.01,16,200,3200,16,0,3,1,0.1875,15,0,1,4,0,1,3,0,1,53
NEAR_LOW_FULL_d0.01,16,500,8000,16,0,3,1,0.1875,3,0,1,4,0,1,3,0,1,53
NEAR_LOW_FULL_d0.01,16,1000,16000,16,0,4,1,0.25,15,0,1,4,0,1,4,0,1,53
NEAR_LOW_FULL_d0.01,16,5000,80000,16,0,4,1,0.25,15,0,1,4,0,1,4,0,1,53
NEAR_LOW_FULL_d0.01,16,50,800,16,0,1,1,0.0625,1,0,1,2,0,1,1,0,1,54
NEAR_LOW_FULL_d0.01,16,100,1600,16,0,2,1,0.125,15,0,1,2,0,1,2,0,1,54
NEAR_LOW_FULL_d0.01,16,200,3200,16,0,3,1,0.1875,15,0,1,3,0,1,2,0,1,54
NEAR_LOW_FULL_d0.01,16,500,8000,16,0,3,1,0.1875,15,0,1,4,0,1,3,0,1,54
NEAR_LOW_FULL_d0.01,16,1000,16000,16,0,3,1,0.1875,1,0,1,4,0,1,3,0,1,54
NEAR_LOW_FULL_d0.01,16,5000,80000,16,0,3,1,0.1875,3,0,1,4,0,1,3,0,1,54
NEAR_LOW_FULL_d0.01,16,50,800,16,0,2,1,0.125,14,0,1,3,0,1,2,0,1,55
NEAR_LOW_FULL_d0.01,16,100,1600,16,0,2,1,0.125,15,0,1,3,0,1,2,0,1,55
NEAR_LOW_FULL_d0.01,16,200,3200,16,0,3,1,0.1875,2,0,1,3,0,1,2,0,1,55
NEAR_LOW_FULL_d0.01,16,500,8000,16,0,4,1,0.25,2,0,1,3,0,1,4,0,1,55
NEAR_LOW_FULL_d0.01,16,1000,16000,16,0,4,1,0.25,2,0,1,3,0,1,4,0,1,55
NEAR_LOW_FULL_d0.01,16,5000,80000,16,0,4,1,0.25,4,0,1,3,0,1,4,0,1,55
NEAR_LOW_FULL_d0.01,16,50,800,16,0,3,1,0.1875,15,0,1,4,0,1,3,0,1,56
NEAR_LOW_FULL_d0.01,16,100,1600,16,0,3,1,0.1875,15,0,1,4,0,1,3,0,1,56
NEAR_LOW_FULL_d0.01,16,200,3200,16,0,4,1,0.25,15,0,1,5,0,1,4,0,1,56
NEAR_LOW_FULL_d0.01,16,500,8000,16,0,4,1,0.25,15,0,1,5,0,1,4,0,1,56
NEAR_LOW_FULL_d0.01,16,1000,16000,16,0,4,1,0.25,4,0,1,5,0,1,4,0,1,56
NEAR_LOW_FULL_d0.01,16,5000,80000,16,0,4,1,0.25,4,0,1,5,0,1,4,0,1,56
NEAR_LOW_FULL_d0.01,16,50,800,16,0,2,1,0.125,15,0,1,4,0,1,2,0,1,57
NEAR_LOW_FULL_d0.01,16,100,1600,16,0,3,1,0.1875,15,0,1,4,0,1,3,0,1,57
NEAR_LOW_FULL_d0.01,16,200,3200,16,0,3,1,0.1875,2,0,1,4,0,1,3,0,1,57
NEAR_LOW_FULL_d0.01,16,500,8000,16,0,3,1,0.1875,3,0,1,4,0,1,3,0,1,57
NEAR_LOW_FULL_d0.01,16,1000,16000,16,0,3,1,0.1875,3,0,1,4,0,1,3,0,1,57
NEAR_LOW_FULL_d0.01,16,5000,80000,16,0,4,1,0.25,3,0,1,4,0,1,3,0,1,57
NEAR_LOW_FULL_d0.01,16,50,800,16,0,2,1,0.125,15,0,1,2,0,1,1,0,1,58
NEAR_LOW_FULL_d0.01,16,100,1600,16,0,3,1,0.1875,1,0,1,4,0,1,3,0,1,58
NEAR_LOW_FULL_d0.01,16,200,3200,16,0,3,1,0.1875,15,0,1,4,0,1,3,0,1,58
NEAR_LOW_FULL_d0.01,16,500,8000,16,0,4,1,0.25,1,0,1,4,0,1,3,0,1,58
NEAR_LOW_FULL_d0.01,16,1000,16000,16,0,4,1,0.25,1,0,1,5,0,1,4,0,1,58
NEAR_LOW_FULL_d0.01,16,5000,80000,16,0,4,1,0.25,4,0,1,5,0,1,4,0,1,58
NEAR_LOW_FULL_d0.01,16,50,800,16,0,2,1,0.125,15,0,1,4,0,1,2,0,1,59
NEAR_LOW_FULL_d0.01,16,100,1600,16,0,3,1,0.1875,15,0,1,4,0,1,3,0,1,59
NEAR_LOW_FULL_d0.01,16,200,3200,16,0,3,1,0.1875,3,0,1,4,0,1,3,0,1,59
NEAR_LOW_FULL_d0.01,16,500,8000,16,0,3,1,0.1875,3,0,1,4,0,1,3,0,1,59
NEAR_LOW_FULL_d0.01,16,1000,16000,16,0,4,1,0.25,3,0,1,4,0,1,3,0,1,59
NEAR_LOW_FULL_d0.01,16,5000,80000,16,0,4,1,0.25,15,0,1,4,0,1,4,0,1,59
NEAR_LOW_FULL_d0.01,16,50,800,16,0,3,1,0.1875,15,0,1,4,0,1,2,0,1,60
NEAR_LOW_FULL_d0.01,16,100,1600,16,0,3,1,0.1875,15,0,1,3,0,1,3,0,1,60
NEAR_LOW_FULL_d0.01,16,200,3200,16,0,4,1,0.25,15,0,1,4,0,1,3,0,1,60
NEAR_LOW_FULL_d0.01,16,500,8000,16,0,4,1,0.25,15,0,1,5,0,1,4,0,1,60
NEAR_LOW_FULL_d0.01,16,1000,16000,16,0,4,1,0.25,4,0,1,5,0,1,4,0,1,60
NEAR_LOW_FULL_d0.01,16,5000,80000,16,0,4,1,0.25,4,0,1,5,0,1,4,0,1,60
NEAR_LOW_FULL_d0.01,16,50,800,16,0,3,1,0.1875,15,0,1,4,0,1,2,0,1,61
NEAR_LOW_FULL_d0.01,16,100,1600,16,0,3,1,0.1875,3,0,1,4,0,1,3,0,1,61
NEAR_LOW_FULL_d0.01,16,200,3200,16,0,3,1,0.1875,3,0,1,4,0,1,3,0,1,61
NEAR_LOW_FULL_d0.01,16,500,8000,16,0,4,1,0.25,3,0,1,4,0,1,3,0,1,61
NEAR_LOW_FULL_d0.01,16,1000,16000,16,0,4,1,0.25,3,0,1,5,0,1,4,0,1,61
NEAR_LOW_FULL_d0.01,16,5000,80000,16,0,4,1,0.25,4,0,1,5,0,1,4,0,1,61
NEAR_LOW_FULL_d0.01,16,50,800,16,0,2,1,0.125,15,0,1,3,0,1,2,0,1,62
NEAR_LOW_FULL_d0.01,16,100,1600,16,0,2,1,0.125,15,0,1,3,0,1,2,0,1,62
NEAR_LOW_FULL_d0.01,16,200,3200,16,0,2,1,0.125,1,0,1,3,0,1,2,0,1,62
NEAR_LOW_FULL_d0.01,16,500,8000,16,0,3,1,0.1875,1,0,1,4,0,1,3,0,1,62
NEAR_LOW_FULL_d0.01,16,1000,16000,16,0,3,1,0.1875,1,0,1,4,0,1,3,0,1,62
NEAR_LOW_FULL_d0.01,16,5000,80000,16,0,4,1,0.25,3,0,1,4,0,1,3,0,1,62
NEAR_LOW_FULL_d0.01,16,50,800,16,0,2,1,0.125,15,0,1,3,0,1,2,0,1,63
NEAR_LOW_FULL_d0.01,16,100,1600,16,0,3,1,0.1875,15,0,1,3,0,1,3,0,1,63
NEAR_LOW_FULL_d0.01,16,200,3200,16,0,3,1,0.1875,14,0,1,4,0,1,3,0,1,63
NEAR_LOW_FULL_d0.01,16,500,8000,16,0,3,1,0.1875,1,0,1,4,0,1,3,0,1,63
NEAR_LOW_FULL_d0.01,16,1000,16000,16,0,3,1,0.1875,1,0,1,4,0,1,3,0,1,63
NEAR_LOW_FULL_d0.01,16,5000,80000,16,0,4,1,0.25,15,0,1,4,0,1,4,0,1,63
NEAR_LOW_FULL_d0.01,16,50,800,16,0,2,1,0.125,1,0,1,3,0,1,2,0,1,64
NEAR_LOW_FULL_d0.01,16,100,1600,16,0,3,1,0.1875,15,0,1,4,0,1,3,0,1,64
NEAR_LOW_FULL_d0.01,16,200,3200,16,0,3,1,0.1875,14,0,1,4,0,1,3,0,1,64
NEAR_LOW_FULL_d0.01,16,500,8000,16,0,4,1,0.25,15,0,1,4,0,1,3,0,1,64
NEAR_LOW_FULL_d0.01,16,1000,16000,16,0,4,1,0.25,15,0,1,4,0,1,4,0,1,64
NEAR_LOW_FULL_d0.01,16,5000,80000,16,0,4,1,0.25,15,0,1,4,0,1,4,0,1,64
NEAR_LOW_FULL_d0.01,16,50,800,16,0,2,1,0.125,15,0,1,4,0,1,3,0,1,65
NEAR_LOW_FULL_d0.01,16,100,1600,16,0,3,1,0.1875,1,0,1,4,0,1,3,0,1,65
NEAR_LOW_FULL_d0.01,16,200,3200,16,0,3,1,0.1875,1,0,1,4,0,1,3,0,1,65
NEAR_LOW_FULL_d0.01,16,500,8000,16,0,3,1,0.1875,3,0,1,4,0,1,3,0,1,65
NEAR_LOW_FULL_d0.01,16,1000,16000,16,0,4,1,0.25,3,0,1,4,0,1,3,0,1,65
NEAR_LOW_FULL_d0.01,16,5000,80000,16,0,4,1,0.25,3,0,1,4,0,1,4,0,1,65
NEAR_LOW_FULL_d0.01,16,50,800,16,0,3,1,0.1875,15,0,1,4,0,1,2,0,1,66
NEAR_LOW_FULL_d0.01,16,100,1600,16,0,3,1,0.1875,1,0,1,4,0,1,3,0,1,66
NEAR_LOW_FULL_d0.01,16,200,3200,16,0,3,1,0.1875,15,0,1,4,0,1,3,0,1,66
NEAR_LOW_FULL_d0.01,16,500,8000,16,0,4,1,0.25,1,0,1,5,0,1,4,0,1,66
NEAR_LOW_FULL_d0.01,16,1000,16000,16,0,4,1,0.25,15,0,1,5,0,1,4,0,1,66
NEAR_LOW_FULL_d0.01,16,5000,80000,16,0,4,1,0.25,15,0,1,5,0,1,4,0,1,66
NEAR_LOW_FULL_d0.01,16,50,800,16,0,2,1,0.125,15,0,1,3,0,1,2,0,1,67
NEAR_LOW_FULL_d0.01,16,100,1600,16,0,2,1,0.125,2,0,1,3,0,1,2,0,1,67
NEAR_LOW_FULL_d0.01,16,200,3200,16,0,3,1,0.1875,1,0,1,3,0,1,3,0,1,67
NEAR_LOW_FULL_d0.01,16,500,8000,16,0,3,1,0.1875,15,0,1,4,0,1,3,0,1,67
NEAR_LOW_FULL_d0.01,16,1000,16000,16,0,4,1,0.25,13,0,1,4,0,1,3,0,1,67
NEAR_LOW_FULL_d0.01,16,5000,80000,16,0,4,1,0.25,15,0,1,4,0,1,4,0,1,67
NEAR_LOW_FULL_d0.01,16,50,800,16,0,3,1,0.1875,15,0,1,4,0,1,2,0,1,68
NEAR_LOW_FULL_d0.01,16,100,1600,16,0,3,1,0.1875,14,0,1,4,0,1,3,0,1,68
NEAR_LOW_FULL_d0.01,16,200,3200,16,0,4,1,0.25,15,0,1,5,0,1,4,0,1,68
NEAR_LOW_FULL_d0.01,16,500,8000,16,0,4,1,0.25,4,0,1,5,0,1,4,0,1,68
NEAR_LOW_FULL_d0.01,16,1000,16000,16,0,4,1,0.25,15,0,1,5,0,1,4,0,1,68
NEAR_LOW_FULL_d0.01,16,5000,80000,16,0,4,1,0.25,4,0,1,5,0,1,4,0,1,68
NEAR_LOW_FULL_d0.01,16,50,800,16,0,2,1,0.125,1,0,1,3,0,1,2,0,1,69
NEAR_LOW_FULL_d0.01,16,100,1600,16,0,2,1,0.125,14,0,1,3,0,1,2,0,1,69
NEAR_LOW_FULL_d0.01,16,200,3200,16,0,3,1,0.1875,15,0,1,3,0,1,2,0,1,69
NEAR_LOW_FULL_d0.01,16,500,8000,16,0,3,1,0.1875,15,0,1,4,0,1,3,0,1,69
NEAR_LOW_FULL_d0.01,16,1000,16000,16,0,3,1,0.1875,15,0,1,4,0,1,3,0,1,69
NEAR_LOW_FULL_d0.01,16,5000,80000,16,0,3,1,0.1875,3,0,1,4,0,1,3,0,1,69
NEAR_LOW_FULL_d0.01,16,50,800,16,0,2,1,0.125,15,0,1,3,0,1,2,0,1,70
NEAR_LOW_FULL_d0.01,16,100,1600,16,0,3,1,0.1875,15,0,1,4,0,1,3,0,1,70
NEAR_LOW_FULL_d0.01,16,200,3200,16,0,3,1,0.1875,15,0,1,4,0,1,2,0,1,70
NEAR_LOW_FULL_d0.01,16,500,8000,16,0,3,1,0.1875,3,0,1,4,0,1,3,0,1,70
NEAR_LOW_FULL_d0.01,16,1000,16000,16,0,3,1,0.1875,3,0,1,4,0,1,3,0,1,70
NEAR_LOW_FULL_d0.01,16,5000,80000,16,0,4,1,0.25,15,0,1,4,0,1,4,0,1,70
NEAR_LOW_FULL_d0.01,16,50,800,16,0,2,1,0.125,15,0,1,3,0,1,2,0,1,71
NEAR_LOW_FULL_d0.01,16,100,1600,16,0,3,1,0.1875,1,0,1,3,0,1,3,0,1,71
NEAR_LOW_FULL_d0.01,16,200,3200,16,0,3,1,0.1875,1,0,1,4,0,1,3,0,1,71
NEAR_LOW_FULL_d0.01,16,500,8000,16,0,3,1,0.1875,15,0,1,4,0,1,3,0,1,71
NEAR_LOW_FULL_d0.01,16,1000,16000,16,0,3,1,0.1875,3,0,1,4,0,1,3,0,1,71
NEAR_LOW_FULL_d0.01,16,5000,80000,16,0,3,1,0.1875,3,0,1,4,0,1,3,0,1,71
NEAR_LOW_FULL_d0.01,16,50,800,16,0,2,1,0.125,1,0,1,3,0,1,1,0,1,72
NEAR_LOW_FULL_d0.01,16,100,1600,16,0,2,1,0.125,1,0,1,3,0,1,2,0,1,72
NEAR_LOW_FULL_d0.01,16,200,3200,16,0,3,1,0.1875,1,0,1,2,0,1,3,0,1,72
NEAR_LOW_FULL_d0.01,16,500,8000,16,0,3,1,0.1875,15,0,1,4,0,1,3,0,1,72
NEAR_LOW_FULL_d0.01,16,1000,16000,16,0,3,1,0.1875,15,0,1,4,0,1,3,0,1,72
NEAR_LOW_FULL_d0.01,16,5000,80000,16,0,4,1,0.25,15,0,1,4,0,1,3,0,1,72
NEAR_LOW_FULL_d0.01,16,50,800,16,0,3,1,0.1875,15,0,1,4,0,1,3,0,1,73
NEAR_LOW_FULL_d0.01,16,100,1600,16,0,3,1,0.1875,15,0,1,4,0,1,3,0,1,73
NEAR_LOW_FULL_d0.01,16,200,3200,16,0,3,1,0.1875,3,0,1,4,0,1,3,0,1,73
NEAR_LOW_FULL_d0.01,16,500,8000,16,0,3,1,0.1875,3,0,1,4,0,1,3,0,1,73
NEAR_LOW_FULL_d0.01,16,1000,16000,16,0,3,1,0.1875,3,0,1,4,0,1,3,0,1,73
NEAR_LOW_FULL_d0.01,16,5000,80000,16,0,4,1,0.25,3,0,1,4,0,1,4,0,1,73
NEAR_LOW_FULL_d0.01,16,50,800,16,0,2,1,0.125,15,0,1,3,0,1,2,0,1,74
NEAR_LOW_FULL_d0.01,16,100,1600,16,0,2,1,0.125,15,0,1,4,0,1,3,0,1,74
NEAR_LOW_FULL_d0.01,16,200,3200,16,0,3,1,0.1875,15,0,1,3,0,1,3,0,1,74
NEAR_LOW_FULL_d0.01,16,500,8000,16,0,3,1,0.1875,15,0,1,4,0,1,3,0,1,74
NEAR_LOW_FULL_d0.01,16,1000,16000,16,0,3,1,0.1875,3,0,1,4,0,1,3,0,1,74
NEAR_LOW_FULL_d0.01,16,5000,80000,16,0,4,1,0.25,3,0,1,4,0,1,4,0,1,74
NEAR_LOW_FULL_d0.01,16,50,800,16,0,3,1,0.1875,15,0,1,3,0,1,2,0,1,75
NEAR_LOW_FULL_d0.01,16,100,1600,16,0,3,1,0.1875,2,0,1,4,0,1,3,0,1,75
NEAR_LOW_FULL_d0.01,16,200,3200,16,0,4,1,0.25,15,0,1,5,0,1,4,0,1,75
NEAR_LOW_FULL_d0.01,16,500,8000,16,0,4,1,0.25,15,0,1,4,0,1,4,0,1,75
NEAR_LOW_FULL_d0.01,16,1000,16000,16,0,4,1,0.25,4,0,1,5,0,1,4,0,1,75
NEAR_LOW_FULL_d0.01,16,5000,80000,16,0,4,1,0.25,15,0,1,5,0,1,4,0,1,75
NEAR_LOW_FULL_d0.01,16,50,800,16,0,3,1,0.1875,1,0,1,4,0,1,3,0,1,76
NEAR_LOW_FULL_d0.01,16,100,1600,16,0,3,1,0.1875,14,0,1,4,0,1,3,0,1,76
NEAR_LOW_FULL_d0.01,16,200,3200,16,0,3,1,0.1875,15,0,1,4,0,1,3,0,1,76
NEAR_LOW_FULL_d0.01,16,500,8000,16,0,4,1,0.25,15,0,1,4,0,1,3,0,1,76
NEAR_LOW_FULL_d0.01,16,1000,16000,16,0,4,1,0.25,14,0,1,4,0,1,4,0,1,76
NEAR_LOW_FULL_d0.01,16,5000,80000,16,0,4,1,0.25,4,0,1,5,0,1,4,0,1,76
NEAR_LOW_FULL_d0.01,16,50,800,16,0,2,1,0.125,1,0,1,3,0,1,2,0,1,77
NEAR_LOW_FULL_d0.01,16,100,1600,16,0,3,1,0.1875,15,0,1,4,0,1,3,0,1,77
NEAR_LOW_FULL_d0.01,16,200,3200,16,0,3,1,0.1875,14,0,1,4,0,1,3,0,1,77
NEAR_LOW_FULL_d0.01,16,500,8000,16,0,3,1,0.1875,15,0,1,4,0,1,3,0,1,77
NEAR_LOW_FULL_d0.01,16,1000,16000,16,0,4,1,0.25,15,0,1,4,0,1,3,0,1,77
NEAR_LOW_FULL_d0.01,16,5000,80000,16,0,4,1,0.25,3,0,1,4,0,1,4,0,1,77
NEAR_LOW_FULL_d0.01,16,50,800,16,0,3,1,0.1875,3,0,1,4,0,1,3,0,1,78
NEAR_LOW_FULL_d0.01,16,100,1600,16,0,3,1,0.1875,15,0,1,4,0,1,3,0,1,78
NEAR_LOW_FULL_d0.01,16,200,3200,16,0,4,1,0.25,15,0,1,5,0,1,3,0,1,78
NEAR_LOW_FULL_d0.01,16,500,8000,16,0,4,1,0.25,3,0,1,5,0,1,4,0,1,78
NEAR_LOW_FULL_d0.01,16,1000,16000,16,0,4,1,0.25,3,0,1,5,0,1,4,0,1,78
NEAR_LOW_FULL_d0.01,16,5000,80000,16,0,4,1,0.25,4,0,1,5,0,1,4,0,1,78
NEAR_LOW_FULL_d0.01,16,50,800,16,0,3,1,0.1875,15,0,1,4,0,1,3,0,1,79
NEAR_LOW_FULL_d0.01,16,100,1600,16,0,3,1,0.1875,3,0,1,4,0,1,3,0,1,79
NEAR_LOW_FULL_d0.01,16,200,3200,16,0,3,1,0.1875,3,0,1,4,0,1,3,0,1,79
NEAR_LOW_FULL_d0.01,16,500,8000,16,0,3,1,0.1875,15,0,1,4,0,1,3,0,1,79
NEAR_LOW_FULL_d0.01,16,1000,16000,16,0,3,1,0.1875,15,0,1,4,0,1,3,0,1,79
NEAR_LOW_FULL_d0.01,16,5000,80000,16,0,4,1,0.25,3,0,1,4,0,1,3,0,1,79
NEAR_LOW_FULL_d0.01,16,50,800,16,0,3,1,0.1875,15,0,1,4,0,1,3,0,1,80
NEAR_LOW_FULL_d0.01,16,100,1600,16,0,3,1,0.1875,15,0,1,4,0,1,3,0,1,80
NEAR_LOW_FULL_d0.01,16,200,3200,16,0,3,1,0.1875,15,0,1,4,0,1,3,0,1,80
NEAR_LOW_FULL_d0.01,16,500,8000,16,0,3,1,0.1875,3,0,1,4,0,1,3,0,1,80
NEAR_LOW_FULL_d0.01,16,1000,16000,16,0,3,1,0.1875,3,0,1,4,0,1,3,0,1,80
NEAR_LOW_FULL_d0.01,16,5000,80000,16,0,3,1,0.1875,3,0,1,4,0,1,3,0,1,80
NEAR_LOW_FULL_d0.01,16,50,800,16,0,2,1,0.125,15,0,1,3,0,1,2,0,1,81
NEAR_LOW_FULL_d0.01,16,100,1600,16,0,2,1,0.125,1,0,1,4,0,1,2,0,1,81
NEAR_LOW_FULL_d0.01,16,200,3200,16,0,3,1,0.1875,15,0,1,3,0,1,2,0,1,81
NEAR_LOW_FULL_d0.01,16,500,8000,16,0,4,1,0.25,15,0,1,3,0,1,3,0,1,81
NEAR_LOW_FULL_d0.01,16,1000,16000,16,0,4,1,0.25,15,0,1,4,0,1,4,0,1,81
NEAR_LOW_FULL_d0.01,16,5000,80000,16,0,4,1,0.25,4,0,1,5,0,1,4,0,1,81
NEAR_LOW_FULL_d0.01,16,50,800,16,0,2,1,0.125,1,0,1,3,0,1,1,0,1,82
NEAR_LOW_FULL_d0.01,16,100,1600,16,0,2,1,0.125,15,0,1,3,0,1,2,0,1,82
NEAR_LOW_FULL_d0.01,16,200,3200,16,0,3,1,0.1875,14,0,1,4,0,1,2,0,1,82
NEAR_LOW_FULL_d0.01,16,500,8000,16,0,3,1,0.1875,15,0,1,4,0,1,3,0,1,82
NEAR_LOW_FULL_d0.01,16,1000,16000,16,0,3,1,0.1875,2,0,1,4,0,1,3,0,1,82
NEAR_LOW_FULL_d0.01,16,5000,80000,16,0,4,1,0.25,3,0,1,4,0,1,3,0,1,82
NEAR_LOW_FULL_d0.01,16,50,800,16,0,3,1,0.1875,1,0,1,4,0,1,3,0,1,83
NEAR_LOW_FULL_d0.01,16,100,1600,16,0,3,1,0.1875,15,0,1,4,0,1,3,0,1,83
NEAR_LOW_FULL_d0.01,16,200,3200,16,0,3,1,0.1875,15,0,1,4,0,1,3,0,1,83
NEAR_LOW_FULL_d0.01,16,500,8000,16,0,3,1,0.1875,15,0,1,4,0,1,3,0,1,83
NEAR_LOW_FULL_d0.01,16,1000,16000,16,0,3,1,0.1875,15,0,1,4,0,1,3,0,1,83
NEAR_LOW_FULL_d0.01,16,5000,80000,16,0,3,1,0.1875,3,0,1,4,0,1,3,0,1,83
NEAR_LOW_FULL_d0.01,16,50,800,16,0,2,1,0.125,15,0,1,3,0,1,2,0,1,84
NEAR_LOW_FULL_d0.01,16,100,1600,16,0,3,1,0.1875,1,0,1,3,0,1,3,0,1,84
NEAR_LOW_FULL_d0.01,16,200,3200,16,0,4,1,0.25,2,0,1,3,0,1,3,0,1,84
NEAR_LOW_FULL_d0.01,16,500,8000,16,0,4,1,0.25,15,0,1,3,0,1,4,0,1,84
NEAR_LOW_FULL_d0.01,16,1000,16000,16,0,4,1,0.25,15,0,1,5,0,1,4,0,1,84
NEAR_LOW_FULL_d0.01,16,5000,80000,16,0,4,1,0.25,15,0,1,5,0,1,4,0,1,84
NEAR_LOW_FULL_d0.01,16,50,800,16,0,2,1,0.125,15,0,1,3,0,1,2,0,1,85
NEAR_LOW_FULL_d0.01,16,100,1600,16,0,3,1,0.1875,15,0,1,4,0,1,3,0,1,85
NEAR_LOW_FULL_d0.01,16,200,3200,16,0,3,1,0.1875,14,0,1,4,0,1,3,0,1,85
NEAR_LOW_FULL_d0.01,16,500,8000,16,0,4,1,0.25,15,0,1,4,0,1,3,0,1,85
NEAR_LOW_FULL_d0.01,16,1000,16000,16,0,3,1,0.1875,15,0,1,4,0,1,3,0,1,85
NEAR_LOW_FULL_d0.01,16,5000,80000,16,0,4,1,0.25,3,0,1,4,0,1,4,0,1,85
NEAR_LOW_FULL_d0.01,16,50,800,16,0,2,1,0.125,15,0,1,3,0,1,2,0,1,86
NEAR_LOW_FULL_d0.01,16,100,1600,16,0,3,1,0.1875,15,0,1,4,0,1,3,0,1,86
NEAR_LOW_FULL_d0.01,16,200,3200,16,0,4,1,0.25,1,0,1,3,0,1,3,0,1,86
NEAR_LOW_FULL_d0.01,16,500,8000,16,0,4,1,0.25,15,0,1,5,0,1,4,0,1,86
NEAR_LOW_FULL_d0.01,16,1000,16000,16,0,4,1,0.25,15,0,1,5,0,1,4,0,1,86
NEAR_LOW_FULL_d0.01,16,5000,80000,16,0,4,1,0.25,4,0,1,5,0,1,4,0,1,86
NEAR_LOW_FULL_d0.01,16,50,800,16,0,2,1,0.125,13,0,1,3,0,1,2,0,1,87
NEAR_LOW_FULL_d0.01,16,100,1600,16,0,2,1,0.125,15,0,1,3,0,1,2,0,1,87
NEAR_LOW_FULL_d0.01,16,200,3200,16,0,2,1,0.125,2,0,1,3,0,1,2,0,1,87
NEAR_LOW_FULL_d0.01,16,500,8000,16,0,2,1,0.125,2,0,1,3,0,1,2,0,1,87
NEAR_LOW_FULL_d0.01,16,1000,16000,16,0,2,1,0.125,15,0,1,3,0,1,2,0,1,87
NEAR_LOW_FULL_d0.01,16,5000,80000,16,0,3,1,0.1875,2,0,1,3,0,1,3,0,1,87
NEAR_LOW_FULL_d0.01,16,50,800,16,0,3,1,0.1875,14,0,1,4,0,1,3,0,1,88
NEAR_LOW_FULL_d0.01,16,100,1600,16,0,3,1,0.1875,15,0,1,4,0,1,3,0,1,88
NEAR_LOW_FULL_d0.01,16,200,3200,16,0,3,1,0.1875,15,0,1,4,0,1,3,0,1,88
NEAR_LOW_FULL_d0.01,16,500,8000,16,0,4,1,0.25,15,0,1,4,0,1,4,0,1,88
NEAR_LOW_FULL_d0.01,16,1000,16000,16,0,4,1,0.25,15,0,1,4,0,1,4,0,1,88
NEAR_LOW_FULL_d0.01,16,5000,80000,16,0,4,1,0.25,15,0,1,5,0,1,4,0,1,88
NEAR_LOW_FULL_d0.01,16,50,800,16,0,3,1,0.1875,15,0,1,4,0,1,3,0,1,89
NEAR_LOW_FULL_d0.01,16,100,1600,16,0,3,1,0.1875,3,0,1,4,0,1,3,0,1,89
NEAR_LOW_FULL_d0.01,16,200,3200,16,0,3,1,0.1875,3,0,1,4,0,1,3,0,1,89
NEAR_LOW_FULL_d0.01,16,500,8000,16,0,4,1,0.25,15,0,1,4,0,1,4,0,1,89
NEAR_LOW_FULL_d0.01,16,1000,16000,16,0,4,1,0.25,15,0,1,4,0,1,4,0,1,89
NEAR_LOW_FULL_d0.01,16,5000,80000,16,0,4,1,0.25,4,0,1,5,0,1,4,0,1,89
NEAR_LOW_FULL_d0.01,16,50,800,16,0,3,1,0.1875,14,0,1,4,0,1,3,0,1,90
NEAR_LOW_FULL_d0.01,16,100,1600,16,0,3,1,0.1875,15,0,1,4,0,1,3,0,1,90
NEAR_LOW_FULL_d0.01,16,200,3200,16,0,3,1,0.1875,15,0,1,4,0,1,3,0,1,90
NEAR_LOW_FULL_d0.01,16,500,8000,16,0,3,1,0.1875,15,0,1,4,0,1,3,0,1,90
NEAR_LOW_FULL_d0.01,16,1000,16000,16,0,4,1,0.25,3,0,1,4,0,1,3,0,1,90
NEAR_LOW_FULL_d0.01,16,5000,80000,16,0,4,1,0.25,3,0,1,4,0,1,4,0,1,90
NEAR_LOW_FULL_d0.01,16,50,800,16,0,3,1,0.1875,15,0,1,5,0,1,3,0,1,91
NEAR_LOW_FULL_d0.01,16,100,1600,16,0,4,1,0.25,15,0,1,5,0,1,3,0,1,91
NEAR_LOW_FULL_d0.01,16,200,3200,16,0,4,1,0.25,1,0,1,5,0,1,4,0,1,91
NEAR_LOW_FULL_d0.01,16,500,8000,16,0,4,1,0.25,4,0,1,5,0,1,4,0,1,91
NEAR_LOW_FULL_d0.01,16,1000,16000,16,0,4,1,0.25,4,0,1,5,0,1,4,0,1,91
NEAR_LOW_FULL_d0.01,16,5000,80000,16,0,4,1,0.25,4,0,1,5,0,1,4,0,1,91
NEAR_LOW_FULL_d0.01,16,50,800,16,0,3,1,0.1875,15,0,1,4,0,1,3,0,1,92
NEAR_LOW_FULL_d0.01,16,100,1600,16,0,3,1,0.1875,13,0,1,4,0,1,3,0,1,92
NEAR_LOW_FULL_d0.01,16,200,3200,16,0,4,1,0.25,1,0,1,4,0,1,3,0,1,92
NEAR_LOW_FULL_d0.01,16,500,8000,16,0,4,1,0.25,14,0,1,5,0,1,4,0,1,92
NEAR_LOW_FULL_d0.01,16,1000,16000,16,0,4,1,0.25,15,0,1,5,0,1,4,0,1,92
NEAR_LOW_FULL_d0.01,16,5000,80000,16,0,4,1,0.25,15,0,1,5,0,1,4,0,1,92
NEAR_LOW_FULL_d0.01,16,50,800,16,0,2,1,0.125,15,0,1,3,0,1,2,0,1,93
NEAR_LOW_FULL_d0.01,16,100,1600,16,0,3,1,0.1875,14,0,1,3,0,1,2,0,1,93
NEAR_LOW_FULL_d0.01,16,200,3200,16,0,3,1,0.1875,2,0,1,4,0,1,3,0,1,93
NEAR_LOW_FULL_d0.01,16,500,8000,16,0,3,1,0.1875,15,0,1,4,0,1,3,0,1,93
NEAR_LOW_FULL_d0.01,16,1000,16000,16,0,3,1,0.1875,2,0,1,4,0,1,3,0,1,93
NEAR_LOW_FULL_d0.01,16,5000,80000,16,0,3,1,0.1875,3,0,1,4,0,1,3,0,1,93
NEAR_LOW_FULL_d0.01,16,50,800,16,0,3,1,0.1875,15,0,1,4,0,1,3,0,1,94
NEAR_LOW_FULL_d0.01,16,100,1600,16,0,3,1,0.1875,15,0,1,4,0,1,3,0,1,94
NEAR_LOW_FULL_d0.01,16,200,3200,16,0,3,1,0.1875,15,0,1,4,0,1,3,0,1,94
NEAR_LOW_FULL_d0.01,16,500,8000,16,0,3,1,0.1875,14,0,1,4,0,1,3,0,1,94
NEAR_LOW_FULL_d0.01,16,1000,16000,16,0,3,1,0.1875,3,0,1,4,0,1,3,0,1,94
NEAR_LOW_FULL_d0.01,16,5000,80000,16,0,4,1,0.25,3,0,1,4,0,1,4,0,1,94
NEAR_LOW_FULL_d0.01,16,50,800,16,0,2,1,0.125,1,0,1,3,0,1,2,0,1,95
NEAR_LOW_FULL_d0.01,16,100,1600,16,0,3,1,0.1875,14,0,1,4,0,1,2,0,1,95
NEAR_LOW_FULL_d0.01,16,200,3200,16,0,3,1,0.1875,15,0,1,4,0,1,3,0,1,95
NEAR_LOW_FULL_d0.01,16,500,8000,16,0,4,1,0.25,1,0,1,4,0,1,4,0,1,95
NEAR_LOW_FULL_d0.01,16,1000,16000,16,0,4,1,0.25,15,0,1,4,0,1,4,0,1,95
NEAR_LOW_FULL_d0.01,16,5000,80000,16,0,4,1,0.25,15,0,1,5,0,1,4,0,1,95
NEAR_LOW_FULL_d0.01,16,50,800,16,0,2,1,0.125,15,0,1,3,0,1,2,0,1,96
NEAR_LOW_FULL_d0.01,16,100,1600,16,0,3,1,0.1875,15,0,1,4,0,1,3,0,1,96
NEAR_LOW_FULL_d0.01,16,200,3200,16,0,3,1,0.1875,14,0,1,4,0,1,3,0,1,96
NEAR_LOW_FULL_d0.01,16,500,8000,16,0,3,1,0.1875,3,0,1,4,0,1,3,0,1,96
NEAR_LOW_FULL_d0.01,16,1000,16000,16,0,3,1,0.1875,3,0,1,4,0,1,3,0,1,96
NEAR_LOW_FULL_d0.01,16,5000,80000,16,0,3,1,0.1875,3,0,1,4,0,1,3,0,1,96
NEAR_LOW_FULL_d0.01,16,50,800,16,0,3,1,0.1875,15,0,1,4,0,1,3,0,1,97
NEAR_LOW_FULL_d0.01,16,100,1600,16,0,3,1,0.1875,15,0,1,4,0,1,3,0,1,97
NEAR_LOW_FULL_d0.01,16,200,3200,16,0,3,1,0.1875,15,0,1,4,0,1,3,0,1,97
NEAR_LOW_FULL_d0.01,16,500,8000,16,0,4,1,0.25,3,0,1,4,0,1,3,0,1,97
NEAR_LOW_FULL_d0.01,16,1000,16000,16,0,4,1,0.25,3,0,1,5,0,1,4,0,1,97
NEAR_LOW_FULL_d0.01,16,5000,80000,16,0,4,1,0.25,15,0,1,5,0,1,4,0,1,97
NEAR_LOW_FULL_d0.01,16,50,800,16,0,2,1,0.125,15,0,1,3,0,1,2,0,1,98
NEAR_LOW_FULL_d0.01,16,100,1600,16,0,3,1,0.1875,15,0,1,4,0,1,3,0,1,98
NEAR_LOW_FULL_d0.01,16,200,3200,16,0,4,1,0.25,14,0,1,4,0,1,3,0,1,98
NEAR_LOW_FULL_d0.01,16,500,8000,16,0,4,1,0.25,3,0,1,5,0,1,4,0,1,98
NEAR_LOW_FULL_d0.01,16,1000,16000,16,0,4,1,0.25,4,0,1,5,0,1,4,0,1,98
NEAR_LOW_FULL_d0.01,16,5000,80000,16,0,4,1,0.25,4,0,1,5,0,1,4,0,1,98
NEAR_LOW_FULL_d0.01,16,50,800,16,0,2,1,0.125,15,0,1,3,0,1,2,0,1,99
NEAR_LOW_FULL_d0.01,16,100,1600,16,0,2,1,0.125,15,0,1,3,0,1,2,0,1,99
NEAR_LOW_FULL_d0.01,16,200,3200,16,0,3,1,0.1875,15,0,1,3,0,1,3,0,1,99
NEAR_LOW_FULL_d0.01,16,500,8000,16,0,3,1,0.1875,2,0,1,4,0,1,3,0,1,99
NEAR_LOW_FULL_d0.01,16,1000,16000,16,0,3,1,0.1875,15,0,1,4,0,1,3,0,1,99
NEAR_LOW_FULL_d0.01,16,5000,80000,16,0,3,1,0.1875,3,0,1,4,0,1,3,0,1,99
NEAR_LOW_FULL_d0.01,16,50,800,16,0,2,1,0.125,15,0,1,3,0,1,2,0,1,100
NEAR_LOW_FULL_d0.01,16,100,1600,16,0,3,1,0.1875,15,0,1,4,0,1,3,0,1,100
NEAR_LOW_FULL_d0.01,16,200,3200,16,0,3,1,0.1875,1,0,1,4,0,1,3,0,1,100
NEAR_LOW_FULL_d0.01,16,500,8000,16,0,4,1,0.25,15,0,1,4,0,1,3,0,1,100
NEAR_LOW_FULL_d0.01,16,1000,16000,16,0,3,1,0.1875,3,0,1,4,0,1,3,0,1,100
NEAR_LOW_FULL_d0.01,16,5000,80000,16,0,4,1,0.25,15,0,1,4,0,1,4,0,1,100
NEAR_LOW_FULL_d0.01,16,50,800,16,0,1,1,0.0625,15,0,1,2,0,1,1,0,1,101
NEAR_LOW_FULL_d0.01,16,100,1600,16,0,2,1,0.125,1,0,1,2,0,1,2,0,1,101
NEAR_LOW_FULL_d0.01,16,200,3200,16,0,2,1,0.125,1,0,1,2,0,1,3,0,1,101
NEAR_LOW_FULL_d0.01,16,500,8000,16,0,3,1,0.1875,15,0,1,2,0,1,3,0,1,101
NEAR_LOW_FULL_d0.01,16,1000,16000,16,0,3,1,0.1875,15,0,1,4,0,1,3,0,1,101
NEAR_LOW_FULL_d0.01,16,5000,80000,16,0,3,1,0.1875,1,0,1,4,0,1,3,0,1,101
NEAR_LOW_FULL_d0.01,16,50,800,16,0,2,1,0.125,1,0,1,2,0,1,2,0,1,102
NEAR_LOW_FULL_d0.01,16,100,1600,16,0,2,1,0.125,1,0,1,2,0,1,3,0,1,102
NEAR_LOW_FULL_d0.01,16,200,3200,16,0,3,1,0.1875,15,0,1,3,0,1,3,0,1,102
NEAR_LOW_FULL_d0.01,16,500,8000,16,0,3,1,0.1875,1,0,1,4,0,1,3,0,1,102
NEAR_LOW_FULL_d0.01,16,1000,16000,16,0,4,1,0.25,1,0,1,4,0,1,4,0,1,102
NEAR_LOW_FULL_d0.01,16,5000,80000,16,0,4,1,0.25,15,0,1,4,0,1,4,0,1,102
NEAR_LOW_FULL_d0.01,16,50,800,16,0,2,1,0.125,15,0,1,4,0,1,2,0,1,103
NEAR_LOW_FULL_d0.01,16,100,1600,16,0,3,1,0.1875,15,0,1,4,0,1,3,0,1,103
NEAR_LOW_FULL_d0.01,16,200,3200,16,0,3,1,0.1875,15,0,1,4,0,1,3,0,1,103
NEAR_LOW_FULL_d0.01,16,500,8000,16,0,3,1,0.1875,15,0,1,4,0,1,3,0,1,103
NEAR_LOW_FULL_d0.01,16,1000,16000,16,0,3,1,0.1875,15,0,1,4,0,1,3,0,1,103
NEAR_LOW_FULL_d0.01,16,5000,80000,16,0,3,1,0.1875,3,0,1,4,0,1,3,0,1,103
NEAR_LOW_FULL_d0.01,16,50,800,16,0,3,1,0.1875,15,0,1,4,0,1,3,0,1,104
NEAR_LOW_FULL_d0.01,16,100,1600,16,0,3,1,0.1875,15,0,1,4,0,1,3,0,1,104
NEAR_LOW_FULL_d0.01,16,200,3200,16,0,3,1,0.1875,15,0,1,4,0,1,3,0,1,104
NEAR_LOW_FULL_d0.01,16,500,8000,16,0,3,1,0.1875,3,0,1,4,0,1,3,0,1,104
NEAR_LOW_FULL_d0.01,16,1000,16000,16,0,4,1,0.25,15,0,1,4,0,1,4,0,1,104
NEAR_LOW_FULL_d0.01,16,5000,80000,16,0,4,1,0.25,4,0,1,5,0,1,4,0,1,104
NEAR_LOW_FULL_d0.01,16,50,800,16,0,2,1,0.125,1,0,1,3,0,1,2,0,1,105
NEAR_LOW_FULL_d0.01,16,100,1600,16,0,3,1,0.1875,15,0,1,4,0,1,2,0,1,105
NEAR_LOW_FULL_d0.01,16,200,3200,16,0,3,1,0.1875,15,0,1,4,0,1,3,0,1,105
NEAR_LOW_FULL_d0.01,16,500,8000,16,0,3,1,0.1875,3,0,1,4,0,1,3,0,1,105
NEAR_LOW_FULL_d0.01,16,1000,16000,16,0,3,1,0.1875,14,0,1,4,0,1,3,0,1,105
NEAR_LOW_FULL_d0.01,16,5000,80000,16,0,3,1,0.1875,15,0,1,4,0,1,3,0,1,105
NEAR_LOW_FULL_d0.01,16,50,800,16,0,1,1,0.0625,15,0,1,3,0,1,1,0,1,106
NEAR_LOW_FULL_d0.01,16,100,1600,16,0,2,1,0.125,1,0,1,3,0,1,2,0,1,106
NEAR_LOW_FULL_d0.01,16,200,3200,16,0,2,1,0.125,1,0,1,3,0,1,2,0,1,106
NEAR_LOW_FULL_d0.01,16,500,8000,16,0,2,1,0.125,15,0,1,3,0,1,2,0,1,106
NEAR_LOW_FULL_d0.01,16,1000,16000,16,0,3,1,0.1875,15,0,1,3,0,1,3,0,1,106
NEAR_LOW_FULL_d0.01,16,5000,80000,16,0,3,1,0.1875,1,0,1,3,0,1,3,0,1,106
NEAR_LOW_FULL_d0.01,16,50,800,16,0,2,1,0.125,14,0,1,3,0,1,2,0,1,107
NEAR_LOW_FULL_d0.01,16,100,1600,16,0,3,1,0.1875,15,0,1,4,0,1,3,0,1,107
NEAR_LOW_FULL_d0.01,16,200,3200,16,0,3,1,0.1875,15,0,1,3,0,1,3,0,1,107
NEAR_LOW_FULL_d0.01,16,500,8000,16,0,3,1,0.1875,3,0,1,4,0,1,3,0,1,107
NEAR_LOW_FULL_d0.01,16,1000,16000,16,0,4,1,0.25,3,0,1,4,0,1,3,0,1,107
NEAR_LOW_FULL_d0.01,16,5000,80000,16,0,4,1,0.25,15,0,1,4,0,1,4,0,1,107
NEAR_LOW_FULL_d0.01,16,50,800,16,0,3,1,0.1875,15,0,1,2,0,1,2,0,1,108
NEAR_LOW_FULL_d0.01,16,100,1600,16,0,3,1,0.1875,15,0,1,5,0,1,3,0,1,108
NEAR_LOW_FULL_d0.01,16,200,3200,16,0,3,1,0.1875,1,0,1,4,0,1,3,0,1,108
NEAR_LOW_FULL_d0.01,16,500,8000,16,0,4,1,0.25,1,0,1,5,0,1,4,0,1,108
NEAR_LOW_FULL_d0.01,16,1000,16000,16,0,4,1,0.25,1,0,1,5,0,1,4,0,1,108
NEAR_LOW_FULL_d0.01,16,5000,80000,16,0,4,1,0.25,4,0,1,5,0,1,4,0,1,108
NEAR_LOW_FULL_d0.01,16,50,800,16,0,3,1,0.1875,15,0,1,4,0,1,3,0,1,109
NEAR_LOW_FULL_d0.01,16,100,1600,16,0,3,1,0.1875,1,0,1,4,0,1,3,0,1,109
NEAR_LOW_FULL_d0.01,16,200,3200,16,0,3,1,0.1875,15,0,1,4,0,1,3,0,1,109
NEAR_LOW_FULL_d0.01,16,500,8000,16,0,3,1,0.1875,15,0,1,4,0,1,3,0,1,109
NEAR_LOW_FULL_d0.01,16,1000,16000,16,0,3,1,0.1875,3,0,1,4,0,1,3,0,1,109
NEAR_LOW_FULL_d0.01,16,5000,80000,16,0,4,1,0.25,3,0,1,4,0,1,4,0,1,109
NEAR_LOW_FULL_d0.01,16,50,800,16,0,2,1,0.125,15,0,1,3,0,1,2,0,1,110
NEAR_LOW_FULL_d0.01,16,100,1600,16,0,3,1,0.1875,15,0,1,4,0,1,3,0,1,110
NEAR_LOW_FULL_d0.01,16,200,3200,16,0,3,1,0.1875,14,0,1,4,0,1,3,0,1,110
NEAR_LOW_FULL_d0.01,16,500,8000,16,0,3,1,0.1875,15,0,1,4,0,1,3,0,1,110
NEAR_LOW_FULL_d0.01,16,1000,16000,16,0,3,1,0.1875,15,0,1,4,0,1,3,0,1,110
NEAR_LOW_FULL_d0.01,16,5000,80000,16,0,4,1,0.25,14,0,1,4,0,1,4,0,1,110
NEAR_LOW_FULL_d0.01,16,50,800,16,0,3,1,0.1875,2,0,1,4,0,1,3,0,1,111
NEAR_LOW_FULL_d0.01,16,100,1600,16,0,3,1,0.1875,2,0,1,3,0,1,2,0,1,111
NEAR_LOW_FULL_d0.01,16,200,3200,16,0,3,1,0.1875,15,0,1,4,0,1,3,0,1,111
NEAR_LOW_FULL_d0.01,16,500,8000,16,0,3,1,0.1875,15,0,1,4,0,1,3,0,1,111
NEAR_LOW_FULL_d0.01,16,1000,16000,16,0,4,1,0.25,2,0,1,5,0,1,4,0,1,111
NEAR_LOW_FULL_d0.01,16,5000,80000,16,0,4,1,0.25,15,0,1,5,0,1,4,0,1,111
NEAR_LOW_FULL_d0.01,16,50,800,16,0,2,1,0.125,14,0,1,3,0,1,2,0,1,112
NEAR_LOW_FULL_d0.01,16,100,1600,16,0,2,1,0.125,15,0,1,3,0,1,2,0,1,112
NEAR_LOW_FULL_d0.01,16,200,3200,16,0,3,1,0.1875,15,0,1,4,0,1,3,0,1,112
NEAR_LOW_FULL_d0.01,16,500,8000,16,0,3,1,0.1875,1,0,1,4,0,1,3,0,1,112
NEAR_LOW_FULL_d0.01,16,1000,16000,16,0,3,1,0.1875,15,0,1,4,0,1,3,0,1,112
NEAR_LOW_FULL_d0.01,16,5000,80000,16,0,4,1,0.25,3,0,1,4,0,1,4,0,1,112
NEAR_LOW_FULL_d0.01,16,50,800,16,0,3,1,0.1875,3,0,1,4,0,1,3,0,1,113
NEAR_LOW_FULL_d0.01,16,100,1600,16,0,3,1,0.1875,15,0,1,4,0,1,3,0,1,113
NEAR_LOW_FULL_d0.01,16,200,3200,16,0,3,1,0.1875,3,0,1,4,0,1,3,0,1,113
NEAR_LOW_FULL_d0.01,16,500,8000,16,0,3,1,0.1875,15,0,1,4,0,1,3,0,1,113
NEAR_LOW_FULL_d0.01,16,1000,16000,16,0,3,1,0.1875,3,0,1,4,0,1,3,0,1,113
NEAR_LOW_FULL_d0.01,16,5000,80000,16,0,4,1,0.25,3,0,1,4,0,1,4,0,1,113
NEAR_LOW_FULL_d0.01,16,50,800,16,0,2,1,0.125,15,0,1,3,0,1,2,0,1,114
NEAR_LOW_FULL_d0.01,16,100,1600,16,0,2,1,0.125,15,0,1,3,0,1,2,0,1,114
NEAR_LOW_FULL_d0.01,16,200,3200,16,0,3,1,0.1875,1,0,1,4,0,1,3,0,1,114
NEAR_LOW_FULL_d0.01,16,500,8000,16,0,3,1,0.1875,15,0,1,4,0,1,3,0,1,114
NEAR_LOW_FULL_d0.01,16,1000,16000,16,0,4,1,0.25,1,0,1,4,0,1,4,0,1,114
NEAR_LOW_FULL_d0.01,16,5000,80000,16,0,4,1,0.25,4,0,1,4,0,1,4,0,1,114
NEAR_LOW_FULL_d0.01,16,50,800,16,0,2,1,0.125,15,0,1,3,0,1,2,0,1,115
NEAR_LOW_FULL_d0.01,16,100,1600,16,0,3,1,0.1875,15,0,1,4,0,1,3,0,1,115
NEAR_LOW_FULL_d0.01,16,200,3200,16,0,3,1,0.1875,15,0,1,4,0,1,3,0,1,115
NEAR_LOW_FULL_d0.01,16,500,8000,16,0,3,1,0.1875,15,0,1,4,0,1,3,0,1,115
NEAR_LOW_FULL_d0.01,16,1000,16000,16,0,4,1,0.25,15,0,1,4,0,1,4,0,1,115
NEAR_LOW_FULL_d0.01,16,5000,80000,16,0,4,1,0.25,15,0,1,4,0,1,4,0,1,115
NEAR_LOW_FULL_d0.01,16,50,800,16,0,3,1,0.1875,15,0,1,4,0,1,2,0,1,116
NEAR_LOW_FULL_d0.01,16,100,1600,16,0,3,1,0.1875,15,0,1,4,0,1,3,0,1,116
NEAR_LOW_FULL_d0.01,16,200,3200,16,0,3,1,0.1875,15,0,1,4,0,1,3,0,1,116
NEAR_LOW_FULL_d0.01,16,500,8000,16,0,4,1,0.25,14,0,1,4,0,1,3,0,1,116
NEAR_LOW_FULL_d0.01,16,1000,16000,16,0,4,1,0.25,15,0,1,4,0,1,4,0,1,116
NEAR_LOW_FULL_d0.01,16,5000,80000,16,0,4,1,0.25,15,0,1,5,0,1,4,0,1,116
NEAR_LOW_FULL_d0.01,16,50,800,16,0,3,1,0.1875,15,0,1,4,0,1,3,0,1,117
NEAR_LOW_FULL_d0.01,16,100,1600,16,0,4,1,0.25,15,0,1,5,0,1,4,0,1,117
NEAR_LOW_FULL_d0.01,16,200,3200,16,0,4,1,0.25,15,0,1,5,0,1,4,0,1,117
NEAR_LOW_FULL_d0.01,16,500,8000,16,0,4,1,0.25,4,0,1,5,0,1,4,0,1,117
NEAR_LOW_FULL_d0.01,16,1000,16000,16,0,4,1,0.25,15,0,1,5,0,1,4,0,1,117
NEAR_LOW_FULL_d0.01,16,5000,80000,16,0,4,1,0.25,4,0,1,5,0,1,4,0,1,117
NEAR_LOW_FULL_d0.01,16,50,800,16,0,2,1,0.125,15,0,1,3,0,1,2,0,1,118
NEAR_LOW_FULL_d0.01,16,100,1600,16,0,3,1,0.1875,15,0,1,4,0,1,2,0,1,118
NEAR_LOW_FULL_d0.01,16,200,3200,16,0,3,1,0.1875,15,0,1,4,0,1,3,0,1,118
NEAR_LOW_FULL_d0.01,16,500,8000,16,0,3,1,0.1875,15,0,1,4,0,1,3,0,1,118
NEAR_LOW_FULL_d0.01,16,1000,16000,16,0,4,1,0.25,15,0,1,4,0,1,3,0,1,118
NEAR_LOW_FULL_d0.01,16,5000,80000,16,0,4,1,0.25,4,0,1,4,0,1,4,0,1,118
NEAR_LOW_FULL_d0.01,16,50,800,16,0,2,1,0.125,15,0,1,2,0,1,2,0,1,119
NEAR_LOW_FULL_d0.01,16,100,1600,16,0,3,1,0.1875,15,0,1,2,0,1,3,0,1,119
NEAR_LOW_FULL_d0.01,16,200,3200,16,0,3,1,0.1875,15,0,1,4,0,1,3,0,1,119
NEAR_LOW_FULL_d0.01,16,500,8000,16,0,3,1,0.1875,15,0,1,4,0,1,3,0,1,119
NEAR_LOW_FULL_d0.01,16,1000,16000,16,0,4,1,0.25,1,0,1,4,0,1,4,0,1,119
NEAR_LOW_FULL_d0.01,16,5000,80000,16,0,4,1,0.25,15,0,1,4,0,1,4,0,1,119
NEAR_LOW_FULL_d0.01,16,50,800,16,0,2,1,0.125,15,0,1,3,0,1,1,0,1,120
NEAR_LOW_FULL_d0.01,16,100,1600,16,0,2,1,0.125,1,0,1,3,0,1,2,0,1,120
NEAR_LOW_FULL_d0.01,16,200,3200,16,0,3,1,0.1875,15,0,1,4,0,1,3,0,1,120
NEAR_LOW_FULL_d0.01,16,500,8000,16,0,4,1,0.25,1,0,1,4,0,1,3,0,1,120
NEAR_LOW_FULL_d0.01,16,1000,16000,16,0,4,1,0.25,15,0,1,4,0,1,3,0,1,120
NEAR_LOW_FULL_d0.01,16,5000,80000,16,0,4,1,0.25,3,0,1,4,0,1,4,0,1,120
NEAR_LOW_FULL_d0.01,16,50,800,16,0,2,1,0.125,15,0,1,4,0,1,2,0,1,121
NEAR_LOW_FULL_d0.01,16,100,1600,16,0,3,1,0.1875,15,0,1,4,0,1,3,0,1,121
NEAR_LOW_FULL_d0.01,16,200,3200,16,0,3,1,0.1875,15,0,1,4,0,1,3,0,1,121
NEAR_LOW_FULL_d0.01,16,500,8000,16,0,3,1,0.1875,3,0,1,4,0,1,3,0,1,121
NEAR_LOW_FULL_d0.01,16,1000,16000,16,0,3,1,0.1875,15,0,1,4,0,1,3,0,1,121
NEAR_LOW_FULL_d0.01,16,5000,80000,16,0,4,1,0.25,15,0,1,4,0,1,4,0,1,121
NEAR_LOW_FULL_d0.01,16,50,800,16,0,2,1,0.125,15,0,1,4,0,1,2,0,1,122
NEAR_LOW_FULL_d0.01,16,100,1600,16,0,3,1,0.1875,14,0,1,4,0,1,3,0,1,122
NEAR_LOW_FULL_d0.01,16,200,3200,16,0,3,1,0.1875,15,0,1,4,0,1,3,0,1,122
NEAR_LOW_FULL_d0.01,16,500,8000,16,0,3,1,0.1875,15,0,1,4,0,1,3,0,1,122
NEAR_LOW_FULL_d0.01,16,1000,16000,16,0,3,1,0.1875,15,0,1,4,0,1,3,0,1,122
NEAR_LOW_FULL_d0.01,16,5000,80000,16,0,3,1,0.1875,3,0,1,4,0,1,3,0,1,122
NEAR_LOW_FULL_d0.01,16,50,800,16,0,3,1,0.1875,15,0,1,4,0,1,3,0,1,123
NEAR_LOW_FULL_d0.01,16,100,1600,16,0,3,1,0.1875,14,0,1,4,0,1,3,0,1,123
NEAR_LOW_FULL_d0.01,16,200,3200,16,0,3,1,0.1875,15,0,1,4,0,1,3,0,1,123
NEAR_LOW_FULL_d0.01,16,500,8000,16,0,4,1,0.25,15,0,1,4,0,1,4,0,1,123
NEAR_LOW_FULL_d0.01,16,1000,16000,16,0,4,1,0.25,14,0,1,5,0,1,4,0,1,123
NEAR_LOW_FULL_d0.01,16,5000,80000,16,0,4,1,0.25,15,0,1,5,0,1,4,0,1,123
NEAR_LOW_FULL_d0.01,16,50,800,16,0,3,1,0.1875,15,0,1,4,0,1,3,0,1,124
NEAR_LOW_FULL_d0.01,16,100,1600,16,0,3,1,0.1875,15,0,1,4,0,1,3,0,1,124
NEAR_LOW_FULL_d0.01,16,200,3200,16,0,3,1,0.1875,15,0,1,4,0,1,3,0,1,124
NEAR_LOW_FULL_d0.01,16,500,8000,16,0,4,1,0.25,4,0,1,5,0,1,4,0,1,124
NEAR_LOW_FULL_d0.01,16,1000,16000,16,0,4,1,0.25,4,0,1,5,0,1,4,0,1,124
NEAR_LOW_FULL_d0.01,16,5000,80000,16,0,4,1,0.25,4,0,1,5,0,1,4,0,1,124
NEAR_LOW_FULL_d0.01,16,50,800,16,0,3,1,0.1875,15,0,1,4,0,1,3,0,1,125
NEAR_LOW_FULL_d0.01,16,100,1600,16,0,3,1,0.1875,15,0,1,4,0,1,3,0,1,125
NEAR_LOW_FULL_d0.01,16,200,3200,16,0,3,1,0.1875,15,0,1,4,0,1,3,0,1,125
NEAR_LOW_FULL_d0.01,16,500,8000,16,0,4,1,0.25,1,0,1,4,0,1,3,0,1,125
NEAR_LOW_FULL_d0.01,16,1000,16000,16,0,4,1,0.25,15,0,1,4,0,1,4,0,1,125
NEAR_LOW_FULL_d0.01,16,5000,80000,16,0,4,1,0.25,4,0,1,5,0,1,4,0,1,125
NEAR_LOW_FULL_d0.01,16,50,800,16,0,2,1,0.125,15,0,1,3,0,1,2,0,1,126
NEAR_LOW_FULL_d0.01,16,100,1600,16,0,3,1,0.1875,15,0,1,4,0,1,3,0,1,126
NEAR_LOW_FULL_d0.01,16,200,3200,16,0,3,1,0.1875,15,0,1,4,0,1,3,0,1,126
NEAR_LOW_FULL_d0.01,16,500,8000,16,0,3,1,0.1875,3,0,1,4,0,1,3,0,1,126
NEAR_LOW_FULL_d0.01,16,1000,16000,16,0,3,1,0.1875,15,0,1,4,0,1,3,0,1,126
NEAR_LOW_FULL_d0.01,16,5000,80000,16,0,4,1,0.25,15,0,1,4,0,1,3,0,1,126
NEAR_LOW_FULL_d0.01,16,50,800,16,0,3,1,0.1875,15,0,1,4,0,1,2,0,1,127
NEAR_LOW_FULL_d0.01,16,100,1600,16,0,3,1,0.1875,15,0,1,4,0,1,3,0,1,127
NEAR_LOW_FULL_d0.01,16,200,3200,16,0,4,1,0.25,15,0,1,5,0,1,4,0,1,127
NEAR_LOW_FULL_d0.01,16,500,8000,16,0,4,1,0.25,4,0,1,5,0,1,4,0,1,127
NEAR_LOW_FULL_d0.01,16,1000,16000,16,0,4,1,0.25,4,0,1,5,0,1,4,0,1,127
NEAR_LOW_FULL_d0.01,16,5000,80000,16,0,4,1,0.25,15,0,1,5,0,1,4,0,1,127
NEAR_LOW_FULL_d0.01,16,50,800,16,0,2,1,0.125,15,0,1,3,0,1,2,0,1,128
NEAR_LOW_FULL_d0.01,16,100,1600,16,0,2,1,0.125,15,0,1,3,0,1,2,0,1,128
NEAR_LOW_FULL_d0.01,16,200,3200,16,0,2,1,0.125,15,0,1,3,0,1,2,0,1,128
NEAR_LOW_FULL_d0.01,16,500,8000,16,0,2,1,0.125,2,0,1,3,0,1,2,0,1,128
NEAR_LOW_FULL_d0.01,16,1000,16000,16,0,3,1,0.1875,15,0,1,3,0,1,3,0,1,128
NEAR_LOW_FULL_d0.01,16,5000,80000,16,0,3,1,0.1875,15,0,1,4,0,1,3,0,1,128
NEAR_LOW_FULL_d0.01,16,50,800,16,0,3,1,0.1875,15,0,1,4,0,1,2,0,1,129
NEAR_LOW_FULL_d0.01,16,100,1600,16,0,3,1,0.1875,14,0,1,4,0,1,3,0,1,129
NEAR_LOW_FULL_d0.01,16,200,3200,16,0,3,1,0.1875,1,0,1,4,0,1,3,0,1,129
NEAR_LOW_FULL_d0.01,16,500,8000,16,0,3,1,0.1875,15,0,1,4,0,1,3,0,1,129
NEAR_LOW_FULL_d0.01,16,1000,16000,16,0,3,1,0.1875,3,0,1,4,0,1,3,0,1,129
NEAR_LOW_FULL_d0.01,16,5000,80000,16,0,4,1,0.25,3,0,1,4,0,1,3,0,1,129
NEAR_LOW_FULL_d0.01,16,50,800,16,0,2,1,0.125,14,0,1,3,0,1,2,0,1,130
NEAR_LOW_FULL_d0.01,16,100,1600,16,0,3,1,0.1875,15,0,1,5,0,1,3,0,1,130
NEAR_LOW_FULL_d0.01,16,200,3200,16,0,4,1,0.25,14,0,1,5,0,1,4,0,1,130
NEAR_LOW_FULL_d0.01,16,500,8000,16,0,4,1,0.25,15,0,1,5,0,1,4,0,1,130
NEAR_LOW_FULL_d0.01,16,1000,16000,16,0,4,1,0.25,4,0,1,5,0,1,4,0,1,130
NEAR_LOW_FULL_d0.01,16,5000,80000,16,0,4,1,0.25,4,0,1,5,0,1,4,0,1,130
NEAR_LOW_FULL_d0.01,16,50,800,16,0,3,1,0.1875,1,0,1,3,0,1,2,0,1,131
NEAR_LOW_FULL_d0.01,16,100,1600,16,0,3,1,0.1875,15,0,1,4,0,1,2,0,1,131
NEAR_LOW_FULL_d0.01,16,200,3200,16,0,3,1,0.1875,15,0,1,4,0,1,3,0,1,131
NEAR_LOW_FULL_d0.01,16,500,8000,16,0,4,1,0.25,15,0,1,5,0,1,4,0,1,131
NEAR_LOW_FULL_d0.01,16,1000,16000,16,0,4,1,0.25,15,0,1,5,0,1,4,0,1,131
NEAR_LOW_FULL_d0.01,16,5000,80000,16,0,4,1,0.25,4,0,1,5,0,1,4,0,1,131
NEAR_LOW_FULL_d0.01,16,50,800,16,0,2,1,0.125,15,0,1,3,0,1,1,0,1,132
NEAR_LOW_FULL_d0.01,16,100,1600,16,0,2,1,0.125,15,0,1,3,0,1,2,0,1,132
NEAR_LOW_FULL_d0.01,16,200,3200,16,0,3,1,0.1875,1,0,1,4,0,1,2,0,1,132
NEAR_LOW_FULL_d0.01,16,500,8000,16,0,3,1,0.1875,1,0,1,4,0,1,3,0,1,132
NEAR_LOW_FULL_d0.01,16,1000,16000,16,0,3,1,0.1875,1,0,1,4,0,1,3,0,1,132
NEAR_LOW_FULL_d0.01,16,5000,80000,16,0,3,1,0.1875,3,0,1,4,0,1,3,0,1,132
NEAR_LOW_FULL_d0.01,16,50,800,16,0,2,1,0.125,15,0,1,3,0,1,2,0,1,133
NEAR_LOW_FULL_d0.01,16,100,1600,16,0,2,1,0.125,15,0,1,3,0,1,2,0,1,133
NEAR_LOW_FULL_d0.01,16,200,3200,16,0,3,1,0.1875,15,0,1,3,0,1,2,0,1,133
NEAR_LOW_FULL_d0.01,16,500,8000,16,0,4,1,0.25,15,0,1,3,0,1,4,0,1,133
NEAR_LOW_FULL_d0.01,16,1000,16000,16,0,4,1,0.25,15,0,1,3,0,1,4,0,1,133
NEAR_LOW_FULL_d0.01,16,5000,80000,16,0,4,1,0.25,15,0,1,3,0,1,4,0,1,133
NEAR_LOW_FULL_d0.01,16,50,800,16,0,3,1,0.1875,15,0,1,4,0,1,3,0,1,134
NEAR_LOW_FULL_d0.01,16,100,1600,16,0,3,1,0.1875,15,0,1,4,0,1,3,0,1,134
NEAR_LOW_FULL_d0.01,16,200,3200,16,0,3,1,0.1875,3,0,1,4,0,1,3,0,1,134
NEAR_LOW_FULL_d0.01,16,500,8000,16,0,3,1,0.1875,3,0,1,4,0,1,3,0,1,134
NEAR_LOW_FULL_d0.01,16,1000,16000,16,0,4,1,0.25,15,0,1,4,0,1,4,0,1,134
NEAR_LOW_FULL_d0.01,16,5000,80000,16,0,4,1,0.25,3,0,1,4,0,1,4,0,1,134
NEAR_LOW_FULL_d0.01,16,50,800,16,0,2,1,0.125,15,0,1,3,0,1,2,0,1,135
NEAR_LOW_FULL_d0.01,16,100,1600,16,0,2,1,0.125,15,0,1,3,0,1,2,0,1,135
NEAR_LOW_FULL_d0.01,16,200,3200,16,0,2,1,0.125,14,0,1,3,0,1,2,0,1,135
NEAR_LOW_FULL_d0.01,16,500,8000,16,0,3,1,0.1875,15,0,1,3,0,1,3,0,1,135
NEAR_LOW_FULL_d0.01,16,1000,16000,16,0,3,1,0.1875,15,0,1,3,0,1,3,0,1,135
NEAR_LOW_FULL_d0.01,16,5000,80000,16,0,3,1,0.1875,15,0,1,3,0,1,3,0,1,135
NEAR_LOW_FULL_d0.01,16,50,800,16,0,2,1,0.125,14,0,1,4,0,1,2,0,1,136
NEAR_LOW_FULL_d0.01,16,100,1600,16,0,3,1,0.1875,15,0,1,4,0,1,2,0,1,136
NEAR_LOW_FULL_d0.01,16,200,3200,16,0,3,1,0.1875,3,0,1,4,0,1,3,0,1,136
NEAR_LOW_FULL_d0.01,16,500,8000,16,0,3,1,0.1875,15,0,1,4,0,1,3,0,1,136
NEAR_LOW_FULL_d0.01,16,1000,16000,16,0,3,1,0.1875,15,0,1,4,0,1,3,0,1,136
NEAR_LOW_FULL_d0.01,16,5000,80000,16,0,4,1,0.25,3,0,1,4,0,1,3,0,1,136
NEAR_LOW_FULL_d0.01,16,50,800,16,0,2,1,0.125,15,0,1,3,0,1,2,0,1,137
NEAR_LOW_FULL_d0.01,16,100,1600,16,0,3,1,0.1875,1,0,1,4,0,1,2,0,1,137
NEAR_LOW_FULL_d0.01,16,200,3200,16,0,4,1,0.25,1,0,1,5,0,1,4,0,1,137
NEAR_LOW_FULL_d0.01,16,500,8000,16,0,4,1,0.25,13,0,1,5,0,1,4,0,1,137
NEAR_LOW_FULL_d0.01,16,1000,16000,16,0,4,1,0.25,15,0,1,5,0,1,4,0,1,137
NEAR_LOW_FULL_d0.01,16,5000,80000,16,0,4,1,0.25,4,0,1,5,0,1,4,0,1,137
NEAR_LOW_FULL_d0.01,16,50,800,16,0,3,1,0.1875,15,0,1,4,0,1,3,0,1,138
NEAR_LOW_FULL_d0.01,16,100,1600,16,0,3,1,0.1875,15,0,1,4,0,1,3,0,1,138
NEAR_LOW_FULL_d0.01,16,200,3200,16,0,3,1,0.1875,15,0,1,4,0,1,3,0,1,138
NEAR_LOW_FULL_d0.01,16,500,8000,16,0,3,1,0.1875,3,0,1,4,0,1,3,0,1,138
NEAR_LOW_FULL_d0.01,16,1000,16000,16,0,4,1,0.25,3,0,1,4,0,1,4,0,1,138
NEAR_LOW_FULL_d0.01,16,5000,80000,16,0,4,1,0.25,15,0,1,4,0,1,4,0,1,138
NEAR_LOW_FULL_d0.01,16,50,800,16,0,3,1,0.1875,15,0,1,4,0,1,3,0,1,139
NEAR_LOW_FULL_d0.01,16,100,1600,16,0,3,1,0.1875,15,0,1,4,0,1,3,0,1,139
NEAR_LOW_FULL_d0.01,16,200,3200,16,0,3,1,0.1875,3,0,1,4,0,1,3,0,1,139
NEAR_LOW_FULL_d0.01,16,500,8000,16,0,3,1,0.1875,3,0,1,4,0,1,3,0,1,139
NEAR_LOW_FULL_d0.01,16,1000,16000,16,0,3,1,0.1875,3,0,1,4,0,1,3,0,1,139
NEAR_LOW_FULL_d0.01,16,5000,80000,16,0,4,1,0.25,3,0,1,4,0,1,4,0,1,139
NEAR_LOW_FULL_d0.01,16,50,800,16,0,2,1,0.125,1,0,1,3,0,1,2,0,1,140
NEAR_LOW_FULL_d0.01,16,100,1600,16,0,2,1,0.125,14,0,1,3,0,1,2,0,1,140
NEAR_LOW_FULL_d0.01,16,200,3200,16,0,3,1,0.1875,1,0,1,4,0,1,3,0,1,140
NEAR_LOW_FULL_d0.01,16,500,8000,16,0,4,1,0.25,1,0,1,3,0,1,4,0,1,140
NEAR_LOW_FULL_d0.01,16,1000,16000,16,0,4,1,0.25,15,0,1,5,0,1,4,0,1,140
NEAR_LOW_FULL_d0.01,16,5000,80000,16,0,4,1,0.25,15,0,1,5,0,1,4,0,1,140
NEAR_LOW_FULL_d0.01,16,50,800,16,0,2,1,0.125,15,0,1,4,0,1,1,0,1,141
NEAR_LOW_FULL_d0.01,16,100,1600,16,0,2,1,0.125,15,0,1,3,0,1,2,0,1,141
NEAR_LOW_FULL_d0.01,16,200,3200,16,0,3,1,0.1875,15,0,1,3,0,1,3,0,1,141
NEAR_LOW_FULL_d0.01,16,500,8000,16,0,4,1,0.25,15,0,1,4,0,1,4,0,1,141
NEAR_LOW_FULL_d0.01,16,1000,16000,16,0,4,1,0.25,15,0,1,4,0,1,4,0,1,141
NEAR_LOW_FULL_d0.01,16,5000,80000,16,0,4,1,0.25,4,0,1,5,0,1,4,0,1,141
NEAR_LOW_FULL_d0.01,16,50,800,16,0,3,1,0.1875,15,0,1,4,0,1,3,0,1,142
NEAR_LOW_FULL_d0.01,16,100,1600,16,0,3,1,0.1875,15,0,1,4,0,1,3,0,1,142
NEAR_LOW_FULL_d0.01,16,200,3200,16,0,4,1,0.25,15,0,1,4,0,1,3,0,1,142
NEAR_LOW_FULL_d0.01,16,500,8000,16,0,4,1,0.25,15,0,1,4,0,1,4,0,1,142
NEAR_LOW_FULL_d0.01,16,1000,16000,16,0,4,1,0.25,15,0,1,4,0,1,4,0,1,142
NEAR_LOW_FULL_d0.01,16,5000,80000,16,0,4,1,0.25,4,0,1,5,0,1,4,0,1,142
NEAR_LOW_FULL_d0.01,16,50,800,16,0,3,1,0.1875,15,0,1,4,0,1,3,0,1,143
NEAR_LOW_FULL_d0.01,16,100,1600,16,0,3,1,0.1875,15,0,1,4,0,1,3,0,1,143
NEAR_LOW_FULL_d0.01,16,200,3200,16,0,3,1,0.1875,15,0,1,4,0,1,3,0,1,143
NEAR_LOW_FULL_d0.01,16,500,8000,16,0,3,1,0.1875,3,0,1,4,0,1,3,0,1,143
NEAR_LOW_FULL_d0.01,16,1000,16000,16,0,3,1,0.1875,15,0,1,4,0,1,3,0,1,143
NEAR_LOW_FULL_d0.01,16,5000,80000,16,0,4,1,0.25,3,0,1,4,0,1,3,0,1,143
NEAR_LOW_FULL_d0.01,16,50,800,16,0,2,1,0.125,15,0,1,3,0,1,2,0,1,144
NEAR_LOW_FULL_d0.01,16,100,1600,16,0,3,1,0.1875,15,0,1,4,0,1,3,0,1,144
NEAR_LOW_FULL_d0.01,16,200,3200,16,0,3,1,0.1875,2,0,1,4,0,1,2,0,1,144
NEAR_LOW_FULL_d0.01,16,500,8000,16,0,3,1,0.1875,15,0,1,4,0,1,3,0,1,144
NEAR_LOW_FULL_d0.01,16,1000,16000,16,0,4,1,0.25,15,0,1,4,0,1,4,0,1,144
NEAR_LOW_FULL_d0.01,16,5000,80000,16,0,4,1,0.25,15,0,1,4,0,1,4,0,1,144
NEAR_LOW_FULL_d0.01,16,50,800,16,0,2,1,0.125,15,0,1,4,0,1,2,0,1,145
NEAR_LOW_FULL_d0.01,16,100,1600,16,0,3,1,0.1875,15,0,1,4,0,1,3,0,1,145
NEAR_LOW_FULL_d0.01,16,200,3200,16,0,3,1,0.1875,1,0,1,4,0,1,3,0,1,145
NEAR_LOW_FULL_d0.01,16,500,8000,16,0,3,1,0.1875,15,0,1,4,0,1,3,0,1,145
NEAR_LOW_FULL_d0.01,16,1000,16000,16,0,3,1,0.1875,3,0,1,4,0,1,3,0,1,145
NEAR_LOW_FULL_d0.01,16,5000,80000,16,0,4,1,0.25,15,0,1,4,0,1,3,0,1,145
NEAR_LOW_FULL_d0.01,16,50,800,16,0,3,1,0.1875,15,0,1,4,0,1,1,0,1,146
NEAR_LOW_FULL_d0.01,16,100,1600,16,0,3,1,0.1875,1,0,1,4,0,1,3,0,1,146
NEAR_LOW_FULL_d0.01,16,200,3200,16,0,3,1,0.1875,15,0,1,4,0,1,3,0,1,146
NEAR_LOW_FULL_d0.01,16,500,8000,16,0,4,1,0.25,1,0,1,4,0,1,4,0,1,146
NEAR_LOW_FULL_d0.01,16,1000,16000,16,0,4,1,0.25,15,0,1,5,0,1,4,0,1,146
NEAR_LOW_FULL_d0.01,16,5000,80000,16,0,4,1,0.25,4,0,1,5,0,1,4,0,1,146
NEAR_LOW_FULL_d0.01,16,50,800,16,0,3,1,0.1875,15,0,1,4,0,1,3,0,1,147
NEAR_LOW_FULL_d0.01,16,100,1600,16,0,3,1,0.1875,15,0,1,4,0,1,3,0,1,147
NEAR_LOW_FULL_d0.01,16,200,3200,16,0,3,1,0.1875,15,0,1,4,0,1,3,0,1,147
NEAR_LOW_FULL_d0.01,16,500,8000,16,0,3,1,0.1875,15,0,1,4,0,1,3,0,1,147
NEAR_LOW_FULL_d0.01,16,1000,16000,16,0,3,1,0.1875,3,0,1,4,0,1,3,0,1,147
NEAR_LOW_FULL_d0.01,16,5000,80000,16,0,3,1,0.1875,3,0,1,4,0,1,3,0,1,147
NEAR_LOW_FULL_d0.01,16,50,800,16,0,2,1,0.125,15,0,1,3,0,1,2,0,1,148
NEAR_LOW_FULL_d0.01,16,100,1600,16,0,3,1,0.1875,15,0,1,4,0,1,3,0,1,148
NEAR_LOW_FULL_d0.01,16,200,3200,16,0,3,1,0.1875,15,0,1,4,0,1,3,0,1,148
NEAR_LOW_FULL_d0.01,16,500,8000,16,0,3,1,0.1875,15,0,1,4,0,1,3,0,1,148
NEAR_LOW_FULL_d0.01,16,1000,16000,16,0,4,1,0.25,3,0,1,4,0,1,3,0,1,148
NEAR_LOW_FULL_d0.01,16,5000,80000,16,0,4,1,0.25,3,0,1,4,0,1,4,0,1,148
NEAR_LOW_FULL_d0.01,16,50,800,16,0,3,1,0.1875,15,0,1,4,0,1,3,0,1,149
NEAR_LOW_FULL_d0.01,16,100,1600,16,0,3,1,0.1875,15,0,1,4,0,1,3,0,1,149
NEAR_LOW_FULL_d0.01,16,200,3200,16,0,3,1,0.1875,3,0,1,4,0,1,3,0,1,149
NEAR_LOW_FULL_d0.01,16,500,8000,16,0,3,1,0.1875,15,0,1,4,0,1,3,0,1,149
NEAR_LOW_FULL_d0.01,16,1000,16000,16,0,4,1,0.25,3,0,1,4,0,1,3,0,1,149
NEAR_LOW_FULL_d0.01,16,5000,80000,16,0,4,1,0.25,15,0,1,4,0,1,4,0,1,149
NEAR_LOW_FULL_d0.05,16,50,800,16,0,1,1,0.0625,15,0,1,3,0,1,2,0,1,0
NEAR_LOW_FULL_d0.05,16,100,1600,16,0,2,1,0.125,1,0,1,2,0,1,2,0,1,0
NEAR_LOW_FULL_d0.05,16,200,3200,16,0,2,1,0.125,15,0,1,3,0,1,2,0,1,0
NEAR_LOW_FULL_d0.05,16,500,8000,16,0,3,1,0.1875,1,0,1,3,0,1,3,0,1,0
NEAR_LOW_FULL_d0.05,16,1000,16000,16,0,3,1,0.1875,15,0,1,3,0,1,3,0,1,0
NEAR_LOW_FULL_d0.05,16,5000,80000,16,0,3,1,0.1875,15,0,1,4,0,1,3,0,1,0
NEAR_LOW_FULL_d0.05,16,50,800,16,0,2,1,0.125,1,0,1,3,0,1,2,0,1,1
NEAR_LOW_FULL_d0.05,16,100,1600,16,0,2,1,0.125,2,0,1,3,0,1,2,0,1,1
NEAR_LOW_FULL_d0.05,16,200,3200,16,0,3,1,0.1875,2,0,1,3,0,1,2,0,1,1
NEAR_LOW_FULL_d0.05,16,500,8000,16,0,3,1,0.1875,2,0,1,3,0,1,3,0,1,1
NEAR_LOW_FULL_d0.05,16,1000,16000,16,0,3,1,0.1875,15,0,1,4,0,1,3,0,1,1
NEAR_LOW_FULL_d0.05,16,5000,80000,16,0,4,1,0.25,15,0,1,4,0,1,4,0,1,1
NEAR_LOW_FULL_d0.05,16,50,800,16,0,2,1,0.125,14,0,1,3,0,1,2,0,1,2
NEAR_LOW_FULL_d0.05,16,100,1600,16,0,3,1,0.1875,1,0,1,4,0,1,3,0,1,2
NEAR_LOW_FULL_d0.05,16,200,3200,16,0,3,1,0.1875,3,0,1,4,0,1,3,0,1,2
NEAR_LOW_FULL_d0.05,16,500,8000,16,0,3,1,0.1875,3,0,1,4,0,1,3,0,1,2
NEAR_LOW_FULL_d0.05,16,1000,16000,16,0,3,1,0.1875,3,0,1,4,0,1,3,0,1,2
NEAR_LOW_FULL_d0.05,16,5000,80000,16,0,3,1,0.1875,3,0,1,4,0,1,3,0,1,2
NEAR_LOW_FULL_d0.05,16,50,800,16,0,2,1,0.125,15,0,1,3,0,1,2,0,1,3
NEAR_LOW_FULL_d0.05,16,100,1600,16,0,2,1,0.125,2,0,1,3,0,1,2,0,1,3
NEAR_LOW_FULL_d0.05,16,200,3200,16,0,3,1,0.1875,2,0,1,3,0,1,3,0,1,3
NEAR_LOW_FULL_d0.05,16,500,8000,16,0,3,1,0.1875,15,0,1,4,0,1,3,0,1,3
NEAR_LOW_FULL_d0.05,16,1000,16000,16,0,3,1,0.1875,3,0,1,4,0,1,3,0,1,3
NEAR_LOW_FULL_d0.05,16,5000,80000,16,0,3,1,0.1875,3,0,1,4,0,1,3,0,1,3
NEAR_LOW_FULL_d0.05,16,50,800,16,0,3,1,0.1875,14,0,1,4,0,1,3,0,1,4
NEAR_LOW_FULL_d0.05,16,100,1600,16,0,3,1,0.1875,15,0,1,4,0,1,3,0,1,4
NEAR_LOW_FULL_d0.05,16,200,3200,16,0,3,1,0.1875,15,0,1,4,0,1,3,0,1,4
NEAR_LOW_FULL_d0.05,16,500,8000,16,0,3,1,0.1875,15,0,1,4,0,1,3,0,1,4
NEAR_LOW_FULL_d0.05,16,1000,16000,16,0,3,1,0.1875,3,0,1,4,0,1,3,0,1,4
NEAR_LOW_FULL_d0.05,16,5000,80000,16,0,3,1,0.1875,15,0,1,4,0,1,3,0,1,4
NEAR_LOW_FULL_d0.05,16,50,800,16,0,3,1,0.1875,15,0,1,4,0,1,3,0,1,5
NEAR_LOW_FULL_d0.05,16,100,1600,16,0,3,1,0.1875,14,0,1,4,0,1,3,0,1,5
NEAR_LOW_FULL_d0.05,16,200,3200,16,0,3,1,0.1875,15,0,1,4,0,1,3,0,1,5
NEAR_LOW_FULL_d0.05,16,500,8000,16,0,4,1,0.25,15,0,1,4,0,1,3,0,1,5
NEAR_LOW_FULL_d0.05,16,1000,16000,16,0,4,1,0.25,3,0,1,4,0,1,4,0,1,5
NEAR_LOW_FULL_d0.05,16,5000,80000,16,0,4,1,0.25,3,0,1,5,0,1,4,0,1,5
NEAR_LOW_FULL_d0.05,16,50,800,16,0,2,1,0.125,15,0,1,4,0,1,2,0,1,6
NEAR_LOW_FULL_d0.05,16,100,1600,16,0,2,1,0.125,15,0,1,3,0,1,2,0,1,6
NEAR_LOW_FULL_d0.05,16,200,3200,16,0,3,1,0.1875,15,0,1,4,0,1,3,0,1,6
NEAR_LOW_FULL_d0.05,16,500,8000,16,0,4,1,0.25,15,0,1,4,0,1,4,0,1,6
NEAR_LOW_FULL_d0.05,16,1000,16000,16,0,4,1,0.25,15,0,1,4,0,1,4,0,1,6
NEAR_LOW_FULL_d0.05,16,5000,80000,16,0,4,1,0.25,15,0,1,5,0,1,4,0,1,6
NEAR_LOW_FULL_d0.05,16,50,800,16,0,2,1,0.125,1,0,1,3,0,1,2,0,1,7
NEAR_LOW_FULL_d0.05,16,100,1600,16,0,2,1,0.125,1,0,1,3,0,1,2,0,1,7
NEAR_LOW_FULL_d0.05,16,200,3200,16,0,3,1,0.1875,15,0,1,4,0,1,3,0,1,7
NEAR_LOW_FULL_d0.05,16,500,8000,16,0,3,1,0.1875,1,0,1,4,0,1,3,0,1,7
NEAR_LOW_FULL_d0.05,16,1000,16000,16,0,3,1,0.1875,15,0,1,4,0,1,3,0,1,7
NEAR_LOW_FULL_d0.05,16,5000,80000,16,0,3,1,0.1875,3,0,1,4,0,1,3,0,1,7
NEAR_LOW_FULL_d0.05,16,50,800,16,0,2,1,0.125,15,0,1,3,0,1,2,0,1,8
NEAR_LOW_FULL_d0.05,16,100,1600,16,0,2,1,0.125,15,0,1,3,0,1,2,0,1,8
NEAR_LOW_FULL_d0.05,16,200,3200,16,0,2,1,0.125,15,0,1,3,0,1,2,0,1,8
NEAR_LOW_FULL_d0.05,16,500,8000,16,0,3,1,0.1875,2,0,1,3,0,1,3,0,1,8
NEAR_LOW_FULL_d0.05,16,1000,16000,16,0,3,1,0.1875,2,0,1,3,0,1,3,0,1,8
NEAR_LOW_FULL_d0.05,16,5000,80000,16,0,3,1,0.1875,15,0,1,4,0,1,3,0,1,8
NEAR_LOW_FULL_d0.05,16,50,800,16,0,3,1,0.1875,15,0,1,4,0,1,2,0,1,9
NEAR_LOW_FULL_d0.05,16,100,1600,16,0,3,1,0.1875,15,0,1,4,0,1,2,0,1,9
NEAR_LOW_FULL_d0.05,16,200,3200,16,0,3,1,0.1875,15,0,1,4,0,1,3,0,1,9
NEAR_LOW_FULL_d0.05,16,500,8000,16,0,3,1,0.1875,1,0,1,4,0,1,3,0,1,9
NEAR_LOW_FULL_d0.05,16,1000,16000,16,0,3,1,0.1875,15,0,1,4,0,1,3,0,1,9
NEAR_LOW_FULL_d0.05,16,5000,80000,16,0,4,1,0.25,15,0,1,4,0,1,4,0,1,9
NEAR_LOW_FULL_d0.05,16,50,800,16,0,2,1,0.125,15,0,1,4,0,1,2,0,1,10
NEAR_LOW_FULL_d0.05,16,100,1600,16,0,3,1,0.1875,15,0,1,4,0,1,3,0,1,10
NEAR_LOW_FULL_d0.05,16,200,3200,16,0,3,1,0.1875,3,0,1,4,0,1,3,0,1,10
NEAR_LOW_FULL_d0.05,16,500,8000,16,0,3,1,0.1875,3,0,1,4,0,1,3,0,1,10
NEAR_LOW_FULL_d0.05,16,1000,16000,16,0,4,1,0.25,3,0,1,4,0,1,3,0,1,10
NEAR_LOW_FULL_d0.05,16,5000,80000,16,0,4,1,0.25,15,0,1,4,0,1,4,0,1,10
NEAR_LOW_FULL_d0.05,16,50,800,16,0,3,1,0.1875,14,0,1,4,0,1,3,0,1,11
NEAR_LOW_FULL_d0.05,16,100,1600,16,0,4,1,0.25,14,0,1,4,0,1,3,0,1,11
NEAR_LOW_FULL_d0.05,16,200,3200,16,0,4,1,0.25,15,0,1,4,0,1,3,0,1,11
NEAR_LOW_FULL_d0.05,16,500,8000,16,0,4,1,0.25,15,0,1,5,0,1,4,0,1,11
NEAR_LOW_FULL_d0.05,16,1000,16000,16,0,4,1,0.25,4,0,1,5,0,1,4,0,1,11
NEAR_LOW_FULL_d0.05,16,5000,80000,16,0,4,1,0.25,15,0,1,5,0,1,4,0,1,11
NEAR_LOW_FULL_d0.05,16,50,800,16,0,2,1,0.125,15,0,1,3,0,1,1,0,1,12
NEAR_LOW_FULL_d0.05,16,100,1600,16,0,3,1,0.1875,1,0,1,3,0,1,3,0,1,12
NEAR_LOW_FULL_d0.05,16,200,3200,16,0,3,1,0.1875,15,0,1,4,0,1,3,0,1,12
NEAR_LOW_FULL_d0.05,16,500,8000,16,0,3,1,0.1875,15,0,1,4,0,1,3,0,1,12
NEAR_LOW_FULL_d0.05,16,1000,16000,16,0,4,1,0.25,15,0,1,4,0,1,3,0,1,12
NEAR_LOW_FULL_d0.05,16,5000,80000,16,0,4,1,0.25,3,0,1,4,0,1,4,0,1,12
NEAR_LOW_FULL_d0.05,16,50,800,16,0,3,1,0.1875,1,0,1,5,0,1,4,0,1,13
NEAR_LOW_FULL_d0.05,16,100,1600,16,0,4,1,0.25,15,0,1,5,0,1,3,0,1,13
NEAR_LOW_FULL_d0.05,16,200,3200,16,0,4,1,0.25,15,0,1,5,0,1,4,0,1,13
NEAR_LOW_FULL_d0.05,16,500,8000,16,0,4,1,0.25,4,0,1,5,0,1,4,0,1,13
NEAR_LOW_FULL_d0.05,16,1000,16000,16,0,4,1,0.25,15,0,1,5,0,1,4,0,1,13
NEAR_LOW_FULL_d0.05,16,5000,80000,16,0,4,1,0.25,4,0,1,5,0,1,4,0,1,13
NEAR_LOW_FULL_d0.05,16,50,800,16,0,2,1,0.125,1,0,1,3,0,1,2,0,1,14
NEAR_LOW_FULL_d0.05,16,100,1600,16,0,3,1,0.1875,1,0,1,4,0,1,3,0,1,14
NEAR_LOW_FULL_d0.05,16,200,3200,16,0,3,1,0.1875,1,0,1,4,0,1,3,0,1,14
NEAR_LOW_FULL_d0.05,16,500,8000,16,0,3,1,0.1875,1,0,1,4,0,1,3,0,1,14
NEAR_LOW_FULL_d0.05,16,1000,16000,16,0,4,1,0.25,1,0,1,4,0,1,3,0,1,14
NEAR_LOW_FULL_d0.05,16,5000,80000,16,0,4,1,0.25,15,0,1,4,0,1,4,0,1,14
NEAR_LOW_FULL_d0.05,16,50,800,16,0,2,1,0.125,15,0,1,2,0,1,3,0,1,15
NEAR_LOW_FULL_d0.05,16,100,1600,16,0,2,1,0.125,1,0,1,3,0,1,2,0,1,15
NEAR_LOW_FULL_d0.05,16,200,3200,16,0,3,1,0.1875,1,0,1,4,0,1,3,0,1,15
NEAR_LOW_FULL_d0.05,16,500,8000,16,0,3,1,0.1875,15,0,1,4,0,1,3,0,1,15
NEAR_LOW_FULL_d0.05,16,1000,16000,16,0,3,1,0.1875,3,0,1,4,0,1,3,0,1,15
NEAR_LOW_FULL_d0.05,16,5000,80000,16,0,3,1,0.1875,3,0,1,4,0,1,3,0,1,15
NEAR_LOW_FULL_d0.05,16,50,800,16,0,3,1,0.1875,14,0,1,4,0,1,3,0,1,16
NEAR_LOW_FULL_d0.05,16,100,1600,16,0,3,1,0.1875,15,0,1,4,0,1,3,0,1,16
NEAR_LOW_FULL_d0.05,16,200,3200,16,0,3,1,0.1875,3,0,1,4,0,1,3,0,1,16
NEAR_LOW_FULL_d0.05,16,500,8000,16,0,3,1,0.1875,3,0,1,4,0,1,3,0,1,16
NEAR_LOW_FULL_d0.05,16,1000,16000,16,0,3,1,0.1875,3,0,1,4,0,1,3,0,1,16
NEAR_LOW_FULL_d0.05,16,5000,80000,16,0,3,1,0.1875,3,0,1,4,0,1,3,0,1,16
NEAR_LOW_FULL_d0.05,16,50,800,16,0,2,1,0.125,15,0,1,3,0,1,2,0,1,17
NEAR_LOW_FULL_d0.05,16,100,1600,16,0,3,1,0.1875,15,0,1,2,0,1,3,0,1,17
NEAR_LOW_FULL_d0.05,16,200,3200,16,0,4,1,0.25,14,0,1,5,0,1,4,0,1,17
NEAR_LOW_FULL_d0.05,16,500,8000,16,0,4,1,0.25,15,0,1,5,0,1,4,0,1,17
NEAR_LOW_FULL_d0.05,16,1000,16000,16,0,4,1,0.25,15,0,1,5,0,1,4,0,1,17
NEAR_LOW_FULL_d0.05,16,5000,80000,16,0,4,1,0.25,4,0,1,5,0,1,4,0,1,17
NEAR_LOW_FULL_d0.05,16,50,800,16,0,2,1,0.125,1,0,1,3,0,1,2,0,1,18
NEAR_LOW_FULL_d0.05,16,100,1600,16,0,3,1,0.1875,14,0,1,4,0,1,3,0,1,18
NEAR_LOW_FULL_d0.05,16,200,3200,16,0,3,1,0.1875,14,0,1,4,0,1,3,0,1,18
NEAR_LOW_FULL_d0.05,16,500,8000,16,0,3,1,0.1875,3,0,1,4,0,1,3,0,1,18
NEAR_LOW_FULL_d0.05,16,1000,16000,16,0,3,1,0.1875,3,0,1,4,0,1,3,0,1,18
NEAR_LOW_FULL_d0.05,16,5000,80000,16,0,3,1,0.1875,3,0,1,4,0,1,3,0,1,18
NEAR_LOW_FULL_d0.05,16,50,800,16,0,2,1,0.125,15,0,1,4,0,1,2,0,1,19
NEAR_LOW_FULL_d0.05,16,100,1600,16,0,3,1,0.1875,2,0,1,4,0,1,3,0,1,19
NEAR_LOW_FULL_d0.05,16,200,3200,16,0,3,1,0.1875,15,0,1,4,0,1,3,0,1,19
NEAR_LOW_FULL_d0.05,16,500,8000,16,0,3,1,0.1875,15,0,1,4,0,1,3,0,1,19
NEAR_LOW_FULL_d0.05,16,1000,16000,16,0,4,1,0.25,15,0,1,4,0,1,3,0,1,19
NEAR_LOW_FULL_d0.05,16,5000,80000,16,0,4,1,0.25,3,0,1,4,0,1,4,0,1,19
NEAR_LOW_FULL_d0.05,16,50,800,16,0,2,1,0.125,14,0,1,3,0,1,2,0,1,20
NEAR_LOW_FULL_d0.05,16,100,1600,16,0,3,1,0.1875,15,0,1,4,0,1,2,0,1,20
NEAR_LOW_FULL_d0.05,16,200,3200,16,0,3,1,0.1875,15,0,1,4,0,1,3,0,1,20
NEAR_LOW_FULL_d0.05,16,500,8000,16,0,4,1,0.25,2,0,1,4,0,1,4,0,1,20
NEAR_LOW_FULL_d0.05,16,1000,16000,16,0,4,1,0.25,15,0,1,5,0,1,4,0,1,20
NEAR_LOW_FULL_d0.05,16,5000,80000,16,0,4,1,0.25,15,0,1,5,0,1,4,0,1,20
NEAR_LOW_FULL_d0.05,16,50,800,16,0,2,1,0.125,14,0,1,4,0,1,2,0,1,21
NEAR_LOW_FULL_d0.05,16,100,1600,16,0,3,1,0.1875,1,0,1,4,0,1,3,0,1,21
NEAR_LOW_FULL_d0.05,16,200,3200,16,0,3,1,0.1875,15,0,1,4,0,1,3,0,1,21
NEAR_LOW_FULL_d0.05,16,500,8000,16,0,3,1,0.1875,15,0,1,4,0,1,3,0,1,21
NEAR_LOW_FULL_d0.05,16,1000,16000,16,0,3,1,0.1875,3,0,1,4,0,1,3,0,1,21
NEAR_LOW_FULL_d0.05,16,5000,80000,16,0,4,1,0.25,3,0,1,4,0,1,3,0,1,21
NEAR_LOW_FULL_d0.05,16,50,800,16,0,3,1,0.1875,3,0,1,4,0,1,3,0,1,22
NEAR_LOW_FULL_d0.05,16,100,1600,16,0,3,1,0.1875,3,0,1,4,0,1,3,0,1,22
NEAR_LOW_FULL_d0.05,16,200,3200,16,0,4,1,0.25,3,0,1,4,0,1,3,0,1,22
NEAR_LOW_FULL_d0.05,16,500,8000,16,0,4,1,0.25,15,0,1,5,0,1,4,0,1,22
NEAR_LOW_FULL_d0.05,16,1000,16000,16,0,4,1,0.25,15,0,1,5,0,1,4,0,1,22
NEAR_LOW_FULL_d0.05,16,5000,80000,16,0,4,1,0.25,4,0,1,5,0,1,4,0,1,22
NEAR_LOW_FULL_d0.05,16,50,800,16,0,3,1,0.1875,15,0,1,4,0,1,3,0,1,23
NEAR_LOW_FULL_d0.05,16,100,1600,16,0,3,1,0.1875,3,0,1,4,0,1,3,0,1,23
NEAR_LOW_FULL_d0.05,16,200,3200,16,0,3,1,0.1875,3,0,1,4,0,1,3,0,1,23
NEAR_LOW_FULL_d0.05,16,500,8000,16,0,3,1,0.1875,3,0,1,4,0,1,3,0,1,23
NEAR_LOW_FULL_d0.05,16,1000,16000,16,0,4,1,0.25,3,0,1,4,0,1,3,0,1,23
NEAR_LOW_FULL_d0.05,16,5000,80000,16,0,4,1,0.25,3,0,1,4,0,1,4,0,1,23
NEAR_LOW_FULL_d0.05,16,50,800,16,0,3,1,0.1875,15,0,1,4,0,1,2,0,1,24
NEAR_LOW_FULL_d0.05,16,100,1600,16,0,4,1,0.25,1,0,1,3,0,1,2,0,1,24
NEAR_LOW_FULL_d0.05,16,200,3200,16,0,4,1,0.25,15,0,1,5,0,1,4,0,1,24
NEAR_LOW_FULL_d0.05,16,500,8000,16,0,4,1,0.25,15,0,1,5,0,1,4,0,1,24
NEAR_LOW_FULL_d0.05,16,1000,16000,16,0,4,1,0.25,15,0,1,5,0,1,4,0,1,24
NEAR_LOW_FULL_d0.05,16,5000,80000,16,0,5,1,0.3125,4,0,1,5,0,1,4,0,1,24
NEAR_LOW_FULL_d0.05,16,50,800,16,0,1,1,0.0625,1,0,1,2,0,1,2,0,1,25
NEAR_LOW_FULL_d0.05,16,100,1600,16,0,3,1,0.1875,15,0,1,4,0,1,3,0,1,25
NEAR_LOW_FULL_d0.05,16,200,3200,16,0,3,1,0.1875,15,0,1,4,0,1,3,0,1,25
NEAR_LOW_FULL_d0.05,16,500,8000,16,0,4,1,0.25,15,0,1,4,0,1,4,0,1,25
NEAR_LOW_FULL_d0.05,16,1000,16000,16,0,4,1,0.25,15,0,1,4,0,1,4,0,1,25
NEAR_LOW_FULL_d0.05,16,5000,80000,16,0,4,1,0.25,15,0,1,5,0,1,4,0,1,25
NEAR_LOW_FULL_d0.05,16,50,800,16,0,3,1,0.1875,15,0,1,4,0,1,3,0,1,26
NEAR_LOW_FULL_d0.05,16,100,1600,16,0,3,1,0.1875,15,0,1,4,0,1,3,0,1,26
NEAR_LOW_FULL_d0.05,16,200,3200,16,0,3,1,0.1875,15,0,1,4,0,1,3,0,1,26
NEAR_LOW_FULL_d0.05,16,500,8000,16,0,3,1,0.1875,15,0,1,4,0,1,3,0,1,26
NEAR_LOW_FULL_d0.05,16,1000,16000,16,0,4,1,0.25,3,0,1,4,0,1,3,0,1,26
NEAR_LOW_FULL_d0.05,16,5000,80000,16,0,4,1,0.25,3,0,1,4,0,1,4,0,1,26
NEAR_LOW_FULL_d0.05,16,50,800,16,0,3,1,0.1875,15,0,1,5,0,1,2,0,1,27
NEAR_LOW_FULL_d0.05,16,100,1600,16,0,3,1,0.1875,1,0,1,4,0,1,3,0,1,27
NEAR_LOW_FULL_d0.05,16,200,3200,16,0,3,1,0.1875,14,0,1,4,0,1,3,0,1,27
NEAR_LOW_FULL_d0.05,16,500,8000,16,0,3,1,0.1875,3,0,1,4,0,1,3,0,1,27
NEAR_LOW_FULL_d0.05,16,1000,16000,16,0,3,1,0.1875,3,0,1,4,0,1,3,0,1,27
NEAR_LOW_FULL_d0.05,16,5000,80000,16,0,3,1,0.1875,3,0,1,4,0,1,3,0,1,27
NEAR_LOW_FULL_d0.05,16,50,800,16,0,2,1,0.125,15,0,1,3,0,1,2,0,1,28
NEAR_LOW_FULL_d0.05,16,100,1600,16,0,3,1,0.1875,15,0,1,4,0,1,3,0,1,28
NEAR_LOW_FULL_d0.05,16,200,3200,16,0,3,1,0.1875,15,0,1,4,0,1,3,0,1,28
NEAR_LOW_FULL_d0.05,16,500,8000,16,0,3,1,0.1875,3,0,1,4,0,1,3,0,1,28
NEAR_LOW_FULL_d0.05,16,1000,16000,16,0,3,1,0.1875,15,0,1,4,0,1,3,0,1,28
NEAR_LOW_FULL_d0.05,16,5000,80000,16,0,4,1,0.25,3,0,1,4,0,1,3,0,1,28
NEAR_LOW_FULL_d0.05,16,50,800,16,0,3,1,0.1875,15,0,1,4,0,1,2,0,1,29
NEAR_LOW_FULL_d0.05,16,100,1600,16,0,3,1,0.1875,15,0,1,4,0,1,3,0,1,29
NEAR_LOW_FULL_d0.05,16,200,3200,16,0,3,1,0.1875,3,0,1,4,0,1,3,0,1,29
NEAR_LOW_FULL_d0.05,16,500,8000,16,0,4,1,0.25,15,0,1,4,0,1,3,0,1,29
NEAR_LOW_FULL_d0.05,16,1000,16000,16,0,4,1,0.25,3,0,1,4,0,1,4,0,1,29
NEAR_LOW_FULL_d0.05,16,5000,80000,16,0,4,1,0.25,15,0,1,5,0,1,4,0,1,29
NEAR_LOW_FULL_d0.05,16,50,800,16,0,2,1,0.125,15,0,1,3,0,1,2,0,1,30
NEAR_LOW_FULL_d0.05,16,100,1600,16,0,2,1,0.125,15,0,1,3,0,1,2,0,1,30
NEAR_LOW_FULL_d0.05,16,200,3200,16,0,3,1,0.1875,14,0,1,3,0,1,2,0,1,30
NEAR_LOW_FULL_d0.05,16,500,8000,16,0,3,1,0.1875,15,0,1,4,0,1,3,0,1,30
NEAR_LOW_FULL_d0.05,16,1000,16000,16,0,3,1,0.1875,2,0,1,4,0,1,3,0,1,30
NEAR_LOW_FULL_d0.05,16,5000,80000,16,0,4,1,0.25,2,0,1,4,0,1,4,0,1,30
NEAR_LOW_FULL_d0.05,16,50,800,16,0,2,1,0.125,15,0,1,3,0,1,2,0,1,31
NEAR_LOW_FULL_d0.05,16,100,1600,16,0,3,1,0.1875,15,0,1,4,0,1,2,0,1,31
NEAR_LOW_FULL_d0.05,16,200,3200,16,0,3,1,0.1875,15,0,1,4,0,1,3,0,1,31
NEAR_LOW_FULL_d0.05,16,500,8000,16,0,4,1,0.25,2,0,1,3,0,1,4,0,1,31
NEAR_LOW_FULL_d0.05,16,1000,16000,16,0,4,1,0.25,2,0,1,5,0,1,4,0,1,31
NEAR_LOW_FULL_d0.05,16,5000,80000,16,0,4,1,0.25,4,0,1,5,0,1,4,0,1,31
NEAR_LOW_FULL_d0.05,16,50,800,16,0,3,1,0.1875,15,0,1,4,0,1,3,0,1,32
NEAR_LOW_FULL_d0.05,16,100,1600,16,0,3,1,0.1875,15,0,1,4,0,1,3,0,1,32
NEAR_LOW_FULL_d0.05,16,200,3200,16,0,3,1,0.1875,14,0,1,4,0,1,3,0,1,32
NEAR_LOW_FULL_d0.05,16,500,8000,16,0,3,1,0.1875,3,0,1,4,0,1,3,0,1,32
NEAR_LOW_FULL_d0.05,16,1000,16000,16,0,3,1,0.1875,15,0,1,4,0,1,3,0,1,32
NEAR_LOW_FULL_d0.05,16,5000,80000,16,0,4,1,0.25,3,0,1,4,0,1,4,0,1,32
NEAR_LOW_FULL_d0.05,16,50,800,16,0,3,1,0.1875,15,0,1,4,0,1,3,0,1,33
NEAR_LOW_FULL_d0.05,16,100,1600,16,0,3,1,0.1875,15,0,1,4,0,1,3,0,1,33
NEAR_LOW_FULL_d0.05,16,200,3200,16,0,4,1,0.25,2,0,1,4,0,1,3,0,1,33
NEAR_LOW_FULL_d0.05,16,500,8000,16,0,4,1,0.25,15,0,1,5,0,1,4,0,1,33
NEAR_LOW_FULL_d0.05,16,1000,16000,16,0,4,1,0.25,15,0,1,5,0,1,4,0,1,33
NEAR_LOW_FULL_d0.05,16,5000,80000,16,0,4,1,0.25,15,0,1,5,0,1,4,0,1,33
NEAR_LOW_FULL_d0.05,16,50,800,16,0,2,1,0.125,15,0,1,4,0,1,2,0,1,34
NEAR_LOW_FULL_d0.05,16,100,1600,16,0,3,1,0.1875,2,0,1,3,0,1,2,0,1,34
NEAR_LOW_FULL_d0.05,16,200,3200,16,0,4,1,0.25,14,0,1,5,0,1,4,0,1,34
NEAR_LOW_FULL_d0.05,16,500,8000,16,0,4,1,0.25,15,0,1,5,0,1,4,0,1,34
NEAR_LOW_FULL_d0.05,16,1000,16000,16,0,4,1,0.25,15,0,1,5,0,1,4,0,1,34
NEAR_LOW_FULL_d0.05,16,5000,80000,16,0,4,1,0.25,4,0,1,5,0,1,4,0,1,34
NEAR_LOW_FULL_d0.05,16,50,800,16,0,2,1,0.125,15,0,1,3,0,1,2,0,1,35
NEAR_LOW_FULL_d0.05,16,100,1600,16,0,2,1,0.125,15,0,1,3,0,1,2,0,1,35
NEAR_LOW_FULL_d0.05,16,200,3200,16,0,3,1,0.1875,2,0,1,3,0,1,2,0,1,35
NEAR_LOW_FULL_d0.05,16,500,8000,16,0,4,1,0.25,2,0,1,3,0,1,3,0,1,35
NEAR_LOW_FULL_d0.05,16,1000,16000,16,0,4,1,0.25,15,0,1,3,0,1,4,0,1,35
NEAR_LOW_FULL_d0.05,16,5000,80000,16,0,4,1,0.25,4,0,1,3,0,1,4,0,1,35
NEAR_LOW_FULL_d0.05,16,50,800,16,0,2,1,0.125,15,0,1,3,0,1,2,0,1,36
NEAR_LOW_FULL_d0.05,16,100,1600,16,0,3,1,0.1875,15,0,1,4,0,1,2,0,1,36
NEAR_LOW_FULL_d0.05,16,200,3200,16,0,3,1,0.1875,15,0,1,4,0,1,3,0,1,36
NEAR_LOW_FULL_d0.05,16,500,8000,16,0,4,1,0.25,15,0,1,4,0,1,4,0,1,36
NEAR_LOW_FULL_d0.05,16,1000,16000,16,0,4,1,0.25,15,0,1,5,0,1,4,0,1,36
NEAR_LOW_FULL_d0.05,16,5000,80000,16,0,4,1,0.25,4,0,1,5,0,1,4,0,1,36
NEAR_LOW_FULL_d0.05,16,50,800,16,0,2,1,0.125,1,0,1,3,0,1,1,0,1,37
NEAR_LOW_FULL_d0.05,16,100,1600,16,0,3,1,0.1875,15,0,1,4,0,1,2,0,1,37
NEAR_LOW_FULL_d0.05,16,200,3200,16,0,3,1,0.1875,1,0,1,4,0,1,3,0,1,37
NEAR_LOW_FULL_d0.05,16,500,8000,16,0,4,1,0.25,15,0,1,4,0,1,3,0,1,37
NEAR_LOW_FULL_d0.05,16,1000,16000,16,0,4,1,0.25,15,0,1,4,0,1,4,0,1,37
NEAR_LOW_FULL_d0.05,16,5000,80000,16,0,4,1,0.25,4,0,1,5,0,1,4,0,1,37
NEAR_LOW_FULL_d0.05,16,50,800,16,0,3,1,0.1875,13,0,1,3,0,1,2,0,1,38
NEAR_LOW_FULL_d0.05,16,100,1600,16,0,3,1,0.1875,15,0,1,4,0,1,3,0,1,38
NEAR_LOW_FULL_d0.05,16,200,3200,16,0,3,1,0.1875,15,0,1,4,0,1,3,0,1,38
NEAR_LOW_FULL_d0.05,16,500,8000,16,0,3,1,0.1875,3,0,1,4,0,1,3,0,1,38
NEAR_LOW_FULL_d0.05,16,1000,16000,16,0,3,1,0.1875,15,0,1,4,0,1,3,0,1,38
NEAR_LOW_FULL_d0.05,16,5000,80000,16,0,3,1,0.1875,15,0,1,4,0,1,3,0,1,38
NEAR_LOW_FULL_d0.05,16,50,800,16,0,2,1,0.125,15,0,1,3,0,1,2,0,1,39
NEAR_LOW_FULL_d0.05,16,100,1600,16,0,3,1,0.1875,15,0,1,4,0,1,2,0,1,39
NEAR_LOW_FULL_d0.05,16,200,3200,16,0,3,1,0.1875,15,0,1,4,0,1,3,0,1,39
NEAR_LOW_FULL_d0.05,16,500,8000,16,0,3,1,0.1875,1,0,1,4,0,1,3,0,1,39
NEAR_LOW_FULL_d0.05,16,1000,16000,16,0,3,1,0.1875,15,0,1,4,0,1,3,0,1,39
NEAR_LOW_FULL_d0.05,16,5000,80000,16,0,4,1,0.25,15,0,1,4,0,1,3,0,1,39
NEAR_LOW_FULL_d0.05,16,50,800,16,0,2,1,0.125,15,0,1,4,0,1,3,0,1,40
NEAR_LOW_FULL_d0.05,16,100,1600,16,0,3,1,0.1875,15,0,1,4,0,1,3,0,1,40
NEAR_LOW_FULL_d0.05,16,200,3200,16,0,3,1,0.1875,1,0,1,4,0,1,3,0,1,40
NEAR_LOW_FULL_d0.05,16,500,8000,16,0,3,1,0.1875,15,0,1,4,0,1,3,0,1,40
NEAR_LOW_FULL_d0.05,16,1000,16000,16,0,3,1,0.1875,3,0,1,4,0,1,3,0,1,40
NEAR_LOW_FULL_d0.05,16,5000,80000,16,0,4,1,0.25,15,0,1,4,0,1,4,0,1,40
NEAR_LOW_FULL_d0.05,16,50,800,16,0,3,1,0.1875,14,0,1,4,0,1,3,0,1,41
NEAR_LOW_FULL_d0.05,16,100,1600,16,0,4,1,0.25,15,0,1,5,0,1,3,0,1,41
NEAR_LOW_FULL_d0.05,16,200,3200,16,0,4,1,0.25,15,0,1,5,0,1,4,0,1,41
NEAR_LOW_FULL_d0.05,16,500,8000,16,0,4,1,0.25,15,0,1,5,0,1,4,0,1,41
NEAR_LOW_FULL_d0.05,16,1000,16000,16,0,4,1,0.25,4,0,1,5,0,1,4,0,1,41
NEAR_LOW_FULL_d0.05,16,5000,80000,16,0,4,1,0.25,4,0,1,5,0,1,4,0,1,41
NEAR_LOW_FULL_d0.05,16,50,800,16,0,2,1,0.125,15,0,1,3,0,1,2,0,1,42
NEAR_LOW_FULL_d0.05,16,100,1600,16,0,3,1,0.1875,15,0,1,4,0,1,3,0,1,42
NEAR_LOW_FULL_d0.05,16,200,3200,16,0,3,1,0.1875,1,0,1,4,0,1,3,0,1,42
NEAR_LOW_FULL_d0.05,16,500,8000,16,0,4,1,0.25,15,0,1,4,0,1,4,0,1,42
NEAR_LOW_FULL_d0.05,16,1000,16000,16,0,4,1,0.25,4,0,1,5,0,1,4,0,1,42
NEAR_LOW_FULL_d0.05,16,5000,80000,16,0,4,1,0.25,4,0,1,5,0,1,4,0,1,42
NEAR_LOW_FULL_d0.05,16,50,800,16,0,3,1,0.1875,15,0,1,4,0,1,3,0,1,43
NEAR_LOW_FULL_d0.05,16,100,1600,16,0,3,1,0.1875,15,0,1,4,0,1,3,0,1,43
NEAR_LOW_FULL_d0.05,16,200,3200,16,0,3,1,0.1875,3,0,1,4,0,1,3,0,1,43
NEAR_LOW_FULL_d0.05,16,500,8000,16,0,4,1,0.25,15,0,1,4,0,1,3,0,1,43
NEAR_LOW_FULL_d0.05,16,1000,16000,16,0,4,1,0.25,15,0,1,4,0,1,4,0,1,43
NEAR_LOW_FULL_d0.05,16,5000,80000,16,0,5,1,0.3125,15,0,1,4,0,1,4,0,1,43
NEAR_LOW_FULL_d0.05,16,50,800,16,0,2,1,0.125,14,0,1,3,0,1,2,0,1,44
NEAR_LOW_FULL_d0.05,16,100,1600,16,0,2,1,0.125,15,0,1,3,0,1,2,0,1,44
NEAR_LOW_FULL_d0.05,16,200,3200,16,0,2,1,0.125,15,0,1,3,0,1,2,0,1,44
NEAR_LOW_FULL_d0.05,16,500,8000,16,0,2,1,0.125,15,0,1,3,0,1,2,0,1,44
NEAR_LOW_FULL_d0.05,16,1000,16000,16,0,4,1,0.25,15,0,1,3,0,1,3,0,1,44
NEAR_LOW_FULL_d0.05,16,5000,80000,16,0,4,1,0.25,15,0,1,3,0,1,4,0,1,44
NEAR_LOW_FULL_d0.05,16,50,800,16,0,2,1,0.125,14,0,1,3,0,1,2,0,1,45
NEAR_LOW_FULL_d0.05,16,100,1600,16,0,3,1,0.1875,15,0,1,4,0,1,3,0,1,45
NEAR_LOW_FULL_d0.05,16,200,3200,16,0,3,1,0.1875,14,0,1,4,0,1,3,0,1,45
NEAR_LOW_FULL_d0.05,16,500,8000,16,0,3,1,0.1875,15,0,1,4,0,1,3,0,1,45
NEAR_LOW_FULL_d0.05,16,1000,16000,16,0,4,1,0.25,3,0,1,4,0,1,3,0,1,45
NEAR_LOW_FULL_d0.05,16,5000,80000,16,0,4,1,0.25,15,0,1,4,0,1,4,0,1,45
NEAR_LOW_FULL_d0.05,16,50,800,16,0,3,1,0.1875,15,0,1,3,0,1,2,0,1,46
NEAR_LOW_FULL_d0.05,16,100,1600,16,0,3,1,0.1875,1,0,1,4,0,1,3,0,1,46
NEAR_LOW_FULL_d0.05,16,200,3200,16,0,4,1,0.25,14,0,1,4,0,1,3,0,1,46
NEAR_LOW_FULL_d0.05,16,500,8000,16,0,4,1,0.25,15,0,1,4,0,1,4,0,1,46
NEAR_LOW_FULL_d0.05,16,1000,16000,16,0,4,1,0.25,4,0,1,5,0,1,4,0,1,46
NEAR_LOW_FULL_d0.05,16,5000,80000,16,0,4,1,0.25,4,0,1,5,0,1,4,0,1,46
NEAR_LOW_FULL_d0.05,16,50,800,16,0,2,1,0.125,15,0,1,3,0,1,2,0,1,47
NEAR_LOW_FULL_d0.05,16,100,1600,16,0,3,1,0.1875,14,0,1,4,0,1,3,0,1,47
NEAR_LOW_FULL_d0.05,16,200,3200,16,0,3,1,0.1875,15,0,1,4,0,1,3,0,1,47
NEAR_LOW_FULL_d0.05,16,500,8000,16,0,3,1,0.1875,15,0,1,4,0,1,3,0,1,47
NEAR_LOW_FULL_d0.05,16,1000,16000,16,0,3,1,0.1875,3,0,1,4,0,1,3,0,1,47
NEAR_LOW_FULL_d0.05,16,5000,80000,16,0,4,1,0.25,15,0,1,4,0,1,3,0,1,47
NEAR_LOW_FULL_d0.05,16,50,800,16,0,3,1,0.1875,15,0,1,4,0,1,2,0,1,48
NEAR_LOW_FULL_d0.05,16,100,1600,16,0,4,1,0.25,14,0,1,4,0,1,3,0,1,48
NEAR_LOW_FULL_d0.05,16,200,3200,16,0,3,1,0.1875,1,0,1,4,0,1,3,0,1,48
NEAR_LOW_FULL_d0.05,16,500,8000,16,0,4,1,0.25,15,0,1,5,0,1,4,0,1,48
NEAR_LOW_FULL_d0.05,16,1000,16000,16,0,4,1,0.25,15,0,1,5,0,1,4,0,1,48
NEAR_LOW_FULL_d0.05,16,5000,80000,16,0,4,1,0.25,4,0,1,5,0,1,4,0,1,48
NEAR_LOW_FULL_d0.05,16,50,800,16,0,3,1,0.1875,14,0,1,4,0,1,3,0,1,49
NEAR_LOW_FULL_d0.05,16,100,1600,16,0,3,1,0.1875,15,0,1,3,0,1,2,0,1,49
NEAR_LOW_FULL_d0.05,16,200,3200,16,0,4,1,0.25,15,0,1,4,0,1,4,0,1,49
NEAR_LOW_FULL_d0.05,16,500,8000,16,0,4,1,0.25,4,0,1,5,0,1,4,0,1,49
NEAR_LOW_FULL_d0.05,16,1000,16000,16,0,4,1,0.25,4,0,1,5,0,1,4,0,1,49
NEAR_LOW_FULL_d0.05,16,5000,80000,16,0,4,1,0.25,4,0,1,5,0,1,4,0,1,49
NEAR_LOW_FULL_d0.05,16,50,800,16,0,2,1,0.125,1,0,1,3,0,1,2,0,1,50
NEAR_LOW_FULL_d0.05,16,100,1600,16,0,3,1,0.1875,15,0,1,3,0,1,3,0,1,50
NEAR_LOW_FULL_d0.05,16,200,3200,16,0,3,1,0.1875,14,0,1,3,0,1,2,0,1,50
NEAR_LOW_FULL_d0.05,16,500,8000,16,0,4,1,0.25,1,0,1,4,0,1,3,0,1,50
NEAR_LOW_FULL_d0.05,16,1000,16000,16,0,4,1,0.25,15,0,1,4,0,1,4,0,1,50
NEAR_LOW_FULL_d0.05,16,5000,80000,16,0,4,1,0.25,4,0,1,5,0,1,4,0,1,50
NEAR_LOW_FULL_d0.05,16,50,800,16,0,2,1,0.125,15,0,1,2,0,1,2,0,1,51
NEAR_LOW_FULL_d0.05,16,100,1600,16,0,3,1,0.1875,15,0,1,2,0,1,3,0,1,51
NEAR_LOW_FULL_d0.05,16,200,3200,16,0,3,1,0.1875,15,0,1,2,0,1,3,0,1,51
NEAR_LOW_FULL_d0.05,16,500,8000,16,0,3,1,0.1875,1,0,1,4,0,1,3,0,1,51
NEAR_LOW_FULL_d0.05,16,1000,16000,16,0,3,1,0.1875,3,0,1,4,0,1,3,0,1,51
NEAR_LOW_FULL_d0.05,16,5000,80000,16,0,4,1,0.25,15,0,1,4,0,1,3,0,1,51
NEAR_LOW_FULL_d0.05,16,50,800,16,0,3,1,0.1875,15,0,1,4,0,1,2,0,1,52
NEAR_LOW_FULL_d0.05,16,100,1600,16,0,3,1,0.1875,15,0,1,4,0,1,3,0,1,52
NEAR_LOW_FULL_d0.05,16,200,3200,16,0,3,1,0.1875,15,0,1,4,0,1,3,0,1,52
NEAR_LOW_FULL_d0.05,16,500,8000,16,0,3,1,0.1875,15,0,1,4,0,1,3,0,1,52
NEAR_LOW_FULL_d0.05,16,1000,16000,16,0,3,1,0.1875,3,0,1,4,0,1,3,0,1,52
NEAR_LOW_FULL_d0.05,16,5000,80000,16,0,4,1,0.25,3,0,1,4,0,1,3,0,1,52
NEAR_LOW_FULL_d0.05,16,50,800,16,0,2,1,0.125,15,0,1,3,0,1,2,0,1,53
NEAR_LOW_FULL_d0.05,16,100,1600,16,0,3,1,0.1875,15,0,1,4,0,1,3,0,1,53
NEAR_LOW_FULL_d0.05,16,200,3200,16,0,4,1,0.25,1,0,1,5,0,1,4,0,1,53
NEAR_LOW_FULL_d0.05,16,500,8000,16,0,4,1,0.25,1,0,1,5,0,1,4,0,1,53
NEAR_LOW_FULL_d0.05,16,1000,16000,16,0,4,1,0.25,15,0,1,5,0,1,4,0,1,53
NEAR_LOW_FULL_d0.05,16,5000,80000,16,0,4,1,0.25,4,0,1,5,0,1,4,0,1,53
NEAR_LOW_FULL_d0.05,16,50,800,16,0,2,1,0.125,2,0,1,3,0,1,2,0,1,54
NEAR_LOW_FULL_d0.05,16,100,1600,16,0,2,1,0.125,15,0,1,3,0,1,2,0,1,54
NEAR_LOW_FULL_d0.05,16,200,3200,16,0,2,1,0.125,14,0,1,3,0,1,2,0,1,54
NEAR_LOW_FULL_d0.05,16,500,8000,16,0,3,1,0.1875,15,0,1,3,0,1,3,0,1,54
NEAR_LOW_FULL_d0.05,16,1000,16000,16,0,3,1,0.1875,15,0,1,3,0,1,3,0,1,54
NEAR_LOW_FULL_d0.05,16,5000,80000,16,0,3,1,0.1875,2,0,1,4,0,1,3,0,1,54
NEAR_LOW_FULL_d0.05,16,50,800,16,0,3,1,0.1875,15,0,1,4,0,1,2,0,1,55
NEAR_LOW_FULL_d0.05,16,100,1600,16,0,3,1,0.1875,15,0,1,4,0,1,3,0,1,55
NEAR_LOW_FULL_d0.05,16,200,3200,16,0,3,1,0.1875,3,0,1,4,0,1,3,0,1,55
NEAR_LOW_FULL_d0.05,16,500,8000,16,0,3,1,0.1875,3,0,1,4,0,1,3,0,1,55
NEAR_LOW_FULL_d0.05,16,1000,16000,16,0,3,1,0.1875,3,0,1,4,0,1,3,0,1,55
NEAR_LOW_FULL_d0.05,16,5000,80000,16,0,4,1,0.25,3,0,1,4,0,1,3,0,1,55
NEAR_LOW_FULL_d0.05,16,50,800,16,0,1,1,0.0625,1,0,1,2,0,1,1,0,1,56
NEAR_LOW_FULL_d0.05,16,100,1600,16,0,3,1,0.1875,14,0,1,2,0,1,1,0,1,56
NEAR_LOW_FULL_d0.05,16,200,3200,16,0,3,1,0.1875,15,0,1,3,0,1,2,0,1,56
NEAR_LOW_FULL_d0.05,16,500,8000,16,0,3,1,0.1875,1,0,1,4,0,1,3,0,1,56
NEAR_LOW_FULL_d0.05,16,1000,16000,16,0,3,1,0.1875,1,0,1,4,0,1,3,0,1,56
NEAR_LOW_FULL_d0.05,16,5000,80000,16,0,3,1,0.1875,3,0,1,4,0,1,3,0,1,56
NEAR_LOW_FULL_d0.05,16,50,800,16,0,2,1,0.125,15,0,1,3,0,1,3,0,1,57
NEAR_LOW_FULL_d0.05,16,100,1600,16,0,3,1,0.1875,1,0,1,4,0,1,3,0,1,57
NEAR_LOW_FULL_d0.05,16,200,3200,16,0,3,1,0.1875,15,0,1,4,0,1,3,0,1,57
NEAR_LOW_FULL_d0.05,16,500,8000,16,0,3,1,0.1875,15,0,1,4,0,1,3,0,1,57
NEAR_LOW_FULL_d0.05,16,1000,16000,16,0,3,1,0.1875,15,0,1,4,0,1,3,0,1,57
NEAR_LOW_FULL_d0.05,16,5000,80000,16,0,4,1,0.25,3,0,1,4,0,1,4,0,1,57
NEAR_LOW_FULL_d0.05,16,50,800,16,0,3,1,0.1875,15,0,1,4,0,1,2,0,1,58
NEAR_LOW_FULL_d0.05,16,100,1600,16,0,4,1,0.25,15,0,1,5,0,1,4,0,1,58
NEAR_LOW_FULL_d0.05,16,200,3200,16,0,4,1,0.25,15,0,1,5,0,1,4,0,1,58
NEAR_LOW_FULL_d0.05,16,500,8000,16,0,4,1,0.25,4,0,1,5,0,1,4,0,1,58
NEAR_LOW_FULL_d0.05,16,1000,16000,16,0,4,1,0.25,4,0,1,5,0,1,4,0,1,58
NEAR_LOW_FULL_d0.05,16,5000,80000,16,0,4,1,0.25,4,0,1,5,0,1,4,0,1,58
NEAR_LOW_FULL_d0.05,16,50,800,16,0,2,1,0.125,1,0,1,3,0,1,1,0,1,59
NEAR_LOW_FULL_d0.05,16,100,1600,16,0,2,1,0.125,15,0,1,2,0,1,1,0,1,59
NEAR_LOW_FULL_d0.05,16,200,3200,16,0,3,1,0.1875,15,0,1,2,0,1,3,0,1,59
NEAR_LOW_FULL_d0.05,16,500,8000,16,0,3,1,0.1875,15,0,1,4,0,1,3,0,1,59
NEAR_LOW_FULL_d0.05,16,1000,16000,16,0,4,1,0.25,15,0,1,4,0,1,3,0,1,59
NEAR_LOW_FULL_d0.05,16,5000,80000,16,0,4,1,0.25,15,0,1,4,0,1,4,0,1,59
NEAR_LOW_FULL_d0.05,16,50,800,16,0,3,1,0.1875,15,0,1,4,0,1,2,0,1,60
NEAR_LOW_FULL_d0.05,16,100,1600,16,0,3,1,0.1875,15,0,1,4,0,1,3,0,1,60
NEAR_LOW_FULL_d0.05,16,200,3200,16,0,3,1,0.1875,15,0,1,4,0,1,3,0,1,60
NEAR_LOW_FULL_d0.05,16,500,8000,16,0,3,1,0.1875,3,0,1,4,0,1,3,0,1,60
NEAR_LOW_FULL_d0.05,16,1000,16000,16,0,4,1,0.25,3,0,1,4,0,1,3,0,1,60
NEAR_LOW_FULL_d0.05,16,5000,80000,16,0,4,1,0.25,3,0,1,4,0,1,4,0,1,60
NEAR_LOW_FULL_d0.05,16,50,800,16,0,3,1,0.1875,15,0,1,4,0,1,2,0,1,61
NEAR_LOW_FULL_d0.05,16,100,1600,16,0,3,1,0.1875,15,0,1,5,0,1,3,0,1,61
NEAR_LOW_FULL_d0.05,16,200,3200,16,0,4,1,0.25,13,0,1,5,0,1,4,0,1,61
NEAR_LOW_FULL_d0.05,16,500,8000,16,0,4,1,0.25,4,0,1,5,0,1,4,0,1,61
NEAR_LOW_FULL_d0.05,16,1000,16000,16,0,4,1,0.25,4,0,1,5,0,1,4,0,1,61
NEAR_LOW_FULL_d0.05,16,5000,80000,16,0,4,1,0.25,4,0,1,5,0,1,4,0,1,61
NEAR_LOW_FULL_d0.05,16,50,800,16,0,2,1,0.125,2,0,1,3,0,1,2,0,1,62
NEAR_LOW_FULL_d0.05,16,100,1600,16,0,2,1,0.125,15,0,1,3,0,1,2,0,1,62
NEAR_LOW_FULL_d0.05,16,200,3200,16,0,2,1,0.125,15,0,1,3,0,1,2,0,1,62
NEAR_LOW_FULL_d0.05,16,500,8000,16,0,3,1,0.1875,15,0,1,3,0,1,3,0,1,62
NEAR_LOW_FULL_d0.05,16,1000,16000,16,0,4,1,0.25,2,0,1,3,0,1,4,0,1,62
NEAR_LOW_FULL_d0.05,16,5000,80000,16,0,4,1,0.25,2,0,1,3,0,1,4,0,1,62
NEAR_LOW_FULL_d0.05,16,50,800,16,0,2,1,0.125,15,0,1,3,0,1,2,0,1,63
NEAR_LOW_FULL_d0.05,16,100,1600,16,0,2,1,0.125,14,0,1,3,0,1,2,0,1,63
NEAR_LOW_FULL_d0.05,16,200,3200,16,0,3,1,0.1875,1,0,1,4,0,1,3,0,1,63
NEAR_LOW_FULL_d0.05,16,500,8000,16,0,3,1,0.1875,15,0,1,4,0,1,3,0,1,63
NEAR_LOW_FULL_d0.05,16,1000,16000,16,0,3,1,0.1875,3,0,1,4,0,1,3,0,1,63
NEAR_LOW_FULL_d0.05,16,5000,80000,16,0,4,1,0.25,15,0,1,4,0,1,3,0,1,63
NEAR_LOW_FULL_d0.05,16,50,800,16,0,2,1,0.125,14,0,1,4,0,1,2,0,1,64
NEAR_LOW_FULL_d0.05,16,100,1600,16,0,3,1,0.1875,14,0,1,3,0,1,3,0,1,64
NEAR_LOW_FULL_d0.05,16,200,3200,16,0,3,1,0.1875,3,0,1,4,0,1,3,0,1,64
NEAR_LOW_FULL_d0.05,16,500,8000,16,0,3,1,0.1875,15,0,1,4,0,1,3,0,1,64
NEAR_LOW_FULL_d0.05,16,1000,16000,16,0,3,1,0.1875,15,0,1,4,0,1,3,0,1,64
NEAR_LOW_FULL_d0.05,16,5000,80000,16,0,3,1,0.1875,3,0,1,4,0,1,3,0,1,64
NEAR_LOW_FULL_d0.05,16,50,800,16,0,2,1,0.125,15,0,1,3,0,1,2,0,1,65
NEAR_LOW_FULL_d0.05,16,100,1600,16,0,2,1,0.125,1,0,1,3,0,1,2,0,1,65
NEAR_LOW_FULL_d0.05,16,200,3200,16,0,3,1,0.1875,1,0,1,4,0,1,3,0,1,65
NEAR_LOW_FULL_d0.05,16,500,8000,16,0,4,1,0.25,15,0,1,3,0,1,4,0,1,65
NEAR_LOW_FULL_d0.05,16,1000,16000,16,0,4,1,0.25,15,0,1,4,0,1,4,0,1,65
NEAR_LOW_FULL_d0.05,16,5000,80000,16,0,4,1,0.25,4,0,1,5,0,1,4,0,1,65
NEAR_LOW_FULL_d0.05,16,50,800,16,0,3,1,0.1875,1,0,1,4,0,1,2,0,1,66
NEAR_LOW_FULL_d0.05,16,100,1600,16,0,3,1,0.1875,15,0,1,4,0,1,3,0,1,66
NEAR_LOW_FULL_d0.05,16,200,3200,16,0,3,1,0.1875,15,0,1,4,0,1,3,0,1,66
NEAR_LOW_FULL_d0.05,16,500,8000,16,0,3,1,0.1875,15,0,1,4,0,1,3,0,1,66
NEAR_LOW_FULL_d0.05,16,1000,16000,16,0,4,1,0.25,15,0,1,4,0,1,3,0,1,66
NEAR_LOW_FULL_d0.05,16,5000,80000,16,0,4,1,0.25,3,0,1,4,0,1,4,0,1,66
NEAR_LOW_FULL_d0.05,16,50,800,16,0,3,1,0.1875,15,0,1,2,0,1,2,0,1,67
NEAR_LOW_FULL_d0.05,16,100,1600,16,0,3,1,0.1875,15,0,1,4,0,1,3,0,1,67
NEAR_LOW_FULL_d0.05,16,200,3200,16,0,3,1,0.1875,14,0,1,4,0,1,3,0,1,67
NEAR_LOW_FULL_d0.05,16,500,8000,16,0,3,1,0.1875,15,0,1,4,0,1,3,0,1,67
NEAR_LOW_FULL_d0.05,16,1000,16000,16,0,3,1,0.1875,3,0,1,4,0,1,3,0,1,67
NEAR_LOW_FULL_d0.05,16,5000,80000,16,0,4,1,0.25,3,0,1,4,0,1,3,0,1,67
NEAR_LOW_FULL_d0.05,16,50,800,16,0,1,1,0.0625,1,0,1,3,0,1,1,0,1,68
NEAR_LOW_FULL_d0.05,16,100,1600,16,0,1,1,0.0625,15,0,1,2,0,1,1,0,1,68
NEAR_LOW_FULL_d0.05,16,200,3200,16,0,2,1,0.125,1,0,1,2,0,1,1,0,1,68
NEAR_LOW_FULL_d0.05,16,500,8000,16,0,2,1,0.125,1,0,1,2,0,1,2,0,1,68
NEAR_LOW_FULL_d0.05,16,1000,16000,16,0,3,1,0.1875,15,0,1,3,0,1,2,0,1,68
NEAR_LOW_FULL_d0.05,16,5000,80000,16,0,4,1,0.25,1,0,1,3,0,1,4,0,1,68
NEAR_LOW_FULL_d0.05,16,50,800,16,0,3,1,0.1875,15,0,1,4,0,1,3,0,1,69
NEAR_LOW_FULL_d0.05,16,100,1600,16,0,3,1,0.1875,15,0,1,4,0,1,3,0,1,69
NEAR_LOW_FULL_d0.05,16,200,3200,16,0,3,1,0.1875,15,0,1,4,0,1,3,0,1,69
NEAR_LOW_FULL_d0.05,16,500,8000,16,0,3,1,0.1875,15,0,1,4,0,1,3,0,1,69
NEAR_LOW_FULL_d0.05,16,1000,16000,16,0,3,1,0.1875,15,0,1,4,0,1,3,0,1,69
NEAR_LOW_FULL_d0.05,16,5000,80000,16,0,3,1,0.1875,3,0,1,4,0,1,3,0,1,69
NEAR_LOW_FULL_d0.05,16,50,800,16,0,2,1,0.125,1,0,1,3,0,1,2,0,1,70
NEAR_LOW_FULL_d0.05,16,100,1600,16,0,3,1,0.1875,1,0,1,4,0,1,3,0,1,70
NEAR_LOW_FULL_d0.05,16,200,3200,16,0,3,1,0.1875,15,0,1,4,0,1,3,0,1,70
NEAR_LOW_FULL_d0.05,16,500,8000,16,0,3,1,0.1875,3,0,1,4,0,1,3,0,1,70
NEAR_LOW_FULL_d0.05,16,1000,16000,16,0,4,1,0.25,3,0,1,4,0,1,3,0,1,70
NEAR_LOW_FULL_d0.05,16,5000,80000,16,0,4,1,0.25,3,0,1,4,0,1,4,0,1,70
NEAR_LOW_FULL_d0.05,16,50,800,16,0,3,1,0.1875,1,0,1,4,0,1,2,0,1,71
NEAR_LOW_FULL_d0.05,16,100,1600,16,0,3,1,0.1875,15,0,1,4,0,1,3,0,1,71
NEAR_LOW_FULL_d0.05,16,200,3200,16,0,3,1,0.1875,15,0,1,4,0,1,3,0,1,71
NEAR_LOW_FULL_d0.05,16,500,8000,16,0,3,1,0.1875,3,0,1,4,0,1,3,0,1,71
NEAR_LOW_FULL_d0.05,16,1000,16000,16,0,3,1,0.1875,3,0,1,4,0,1,3,0,1,71
NEAR_LOW_FULL_d0.05,16,5000,80000,16,0,3,1,0.1875,3,0,1,4,0,1,3,0,1,71
NEAR_LOW_FULL_d0.05,16,50,800,16,0,3,1,0.1875,14,0,1,3,0,1,2,0,1,72
NEAR_LOW_FULL_d0.05,16,100,1600,16,0,4,1,0.25,1,0,1,5,0,1,3,0,1,72
NEAR_LOW_FULL_d0.05,16,200,3200,16,0,4,1,0.25,4,0,1,5,0,1,4,0,1,72
NEAR_LOW_FULL_d0.05,16,500,8000,16,0,4,1,0.25,4,0,1,5,0,1,4,0,1,72
NEAR_LOW_FULL_d0.05,16,1000,16000,16,0,4,1,0.25,4,0,1,5,0,1,4,0,1,72
NEAR_LOW_FULL_d0.05,16,5000,80000,16,0,4,1,0.25,4,0,1,5,0,1,4,0,1,72
NEAR_LOW_FULL_d0.05,16,50,800,16,0,2,1,0.125,15,0,1,3,0,1,2,0,1,73
NEAR_LOW_FULL_d0.05,16,100,1600,16,0,2,1,0.125,15,0,1,3,0,1,2,0,1,73
NEAR_LOW_FULL_d0.05,16,200,3200,16,0,3,1,0.1875,15,0,1,4,0,1,3,0,1,73
NEAR_LOW_FULL_d0.05,16,500,8000,16,0,3,1,0.1875,14,0,1,4,0,1,3,0,1,73
NEAR_LOW_FULL_d0.05,16,1000,16000,16,0,3,1,0.1875,15,0,1,4,0,1,3,0,1,73
NEAR_LOW_FULL_d0.05,16,5000,80000,16,0,3,1,0.1875,3,0,1,4,0,1,3,0,1,73
NEAR_LOW_FULL_d0.05,16,50,800,16,0,3,1,0.1875,15,0,1,5,0,1,3,0,1,74
NEAR_LOW_FULL_d0.05,16,100,1600,16,0,3,1,0.1875,13,0,1,4,0,1,3,0,1,74
NEAR_LOW_FULL_d0.05,16,200,3200,16,0,3,1,0.1875,15,0,1,4,0,1,3,0,1,74
NEAR_LOW_FULL_d0.05,16,500,8000,16,0,3,1,0.1875,3,0,1,4,0,1,3,0,1,74
NEAR_LOW_FULL_d0.05,16,1000,16000,16,0,4,1,0.25,1,0,1,4,0,1,4,0,1,74
NEAR_LOW_FULL_d0.05,16,5000,80000,16,0,4,1,0.25,15,0,1,4,0,1,4,0,1,74
NEAR_LOW_FULL_d0.05,16,50,800,16,0,3,1,0.1875,13,0,1,4,0,1,2,0,1,75
NEAR_LOW_FULL_d0.05,16,100,1600,16,0,3,1,0.1875,15,0,1,3,0,1,2,0,1,75
NEAR_LOW_FULL_d0.05,16,200,3200,16,0,4,1,0.25,15,0,1,5,0,1,4,0,1,75
NEAR_LOW_FULL_d0.05,16,500,8000,16,0,4,1,0.25,4,0,1,5,0,1,4,0,1,75
NEAR_LOW_FULL_d0.05,16,1000,16000,16,0,4,1,0.25,4,0,1,5,0,1,4,0,1,75
NEAR_LOW_FULL_d0.05,16,5000,80000,16,0,4,1,0.25,4,0,1,5,0,1,4,0,1,75
NEAR_LOW_FULL_d0.05,16,50,800,16,0,2,1,0.125,1,0,1,3,0,1,2,0,1,76
NEAR_LOW_FULL_d0.05,16,100,1600,16,0,4,1,0.25,15,0,1,3,0,1,2,0,1,76
NEAR_LOW_FULL_d0.05,16,200,3200,16,0,4,1,0.25,15,0,1,5,0,1,4,0,1,76
NEAR_LOW_FULL_d0.05,16,500,8000,16,0,4,1,0.25,15,0,1,5,0,1,4,0,1,76
NEAR_LOW_FULL_d0.05,16,1000,16000,16,0,4,1,0.25,15,0,1,5,0,1,4,0,1,76
NEAR_LOW_FULL_d0.05,16,5000,80000,16,0,4,1,0.25,4,0,1,5,0,1,4,0,1,76
NEAR_LOW_FULL_d0.05,16,50,800,16,0,2,1,0.125,14,0,1,3,0,1,1,0,1,77
NEAR_LOW_FULL_d0.05,16,100,1600,16,0,2,1,0.125,15,0,1,3,0,1,2,0,1,77
NEAR_LOW_FULL_d0.05,16,200,3200,16,0,4,1,0.25,1,0,1,3,0,1,3,0,1,77
NEAR_LOW_FULL_d0.05,16,500,8000,16,0,4,1,0.25,1,0,1,3,0,1,4,0,1,77
NEAR_LOW_FULL_d0.05,16,1000,16000,16,0,4,1,0.25,4,0,1,3,0,1,4,0,1,77
NEAR_LOW_FULL_d0.05,16,5000,80000,16,0,4,1,0.25,4,0,1,5,0,1,4,0,1,77
NEAR_LOW_FULL_d0.05,16,50,800,16,0,3,1,0.1875,13,0,1,4,0,1,2,0,1,78
NEAR_LOW_FULL_d0.05,16,100,1600,16,0,3,1,0.1875,15,0,1,4,0,1,3,0,1,78
NEAR_LOW_FULL_d0.05,16,200,3200,16,0,3,1,0.1875,15,0,1,4,0,1,3,0,1,78
NEAR_LOW_FULL_d0.05,16,500,8000,16,0,4,1,0.25,15,0,1,4,0,1,4,0,1,78
NEAR_LOW_FULL_d0.05,16,1000,16000,16,0,4,1,0.25,15,0,1,4,0,1,4,0,1,78
NEAR_LOW_FULL_d0.05,16,5000,80000,16,0,4,1,0.25,15,0,1,4,0,1,4,0,1,78
NEAR_LOW_FULL_d0.05,16,50,800,16,0,2,1,0.125,1,0,1,3,0,1,2,0,1,79
NEAR_LOW_FULL_d0.05,16,100,1600,16,0,3,1,0.1875,15,0,1,4,0,1,2,0,1,79
NEAR_LOW_FULL_d0.05,16,200,3200,16,0,3,1,0.1875,15,0,1,4,0,1,3,0,1,79
NEAR_LOW_FULL_d0.05,16,500,8000,16,0,3,1,0.1875,15,0,1,4,0,1,3,0,1,79
NEAR_LOW_FULL_d0.05,16,1000,16000,16,0,4,1,0.25,15,0,1,4,0,1,3,0,1,79
NEAR_LOW_FULL_d0.05,16,5000,80000,16,0,4,1,0.25,15,0,1,4,0,1,4,0,1,79
NEAR_LOW_FULL_d0.05,16,50,800,16,0,2,1,0.125,15,0,1,4,0,1,2,0,1,80
NEAR_LOW_FULL_d0.05,16,100,1600,16,0,3,1,0.1875,1,0,1,4,0,1,3,0,1,80
NEAR_LOW_FULL_d0.05,16,200,3200,16,0,3,1,0.1875,15,0,1,4,0,1,3,0,1,80
NEAR_LOW_FULL_d0.05,16,500,8000,16,0,3,1,0.1875,15,0,1,4,0,1,3,0,1,80
NEAR_LOW_FULL_d0.05,16,1000,16000,16,0,3,1,0.1875,3,0,1,4,0,1,3,0,1,80
NEAR_LOW_FULL_d0.05,16,5000,80000,16,0,3,1,0.1875,3,0,1,4,0,1,3,0,1,80
NEAR_LOW_FULL_d0.05,16,50,800,16,0,3,1,0.1875,15,0,1,4,0,1,3,0,1,81
NEAR_LOW_FULL_d0.05,16,100,1600,16,0,3,1,0.1875,15,0,1,4,0,1,3,0,1,81
NEAR_LOW_FULL_d0.05,16,200,3200,16,0,3,1,0.1875,14,0,1,4,0,1,3,0,1,81
NEAR_LOW_FULL_d0.05,16,500,8000,16,0,4,1,0.25,15,0,1,4,0,1,3,0,1,81
NEAR_LOW_FULL_d0.05,16,1000,16000,16,0,4,1,0.25,15,0,1,5,0,1,4,0,1,81
NEAR_LOW_FULL_d0.05,16,5000,80000,16,0,5,1,0.3125,4,0,1,5,0,1,4,0,1,81
NEAR_LOW_FULL_d0.05,16,50,800,16,0,3,1,0.1875,15,0,1,4,0,1,3,0,1,82
NEAR_LOW_FULL_d0.05,16,100,1600,16,0,3,1,0.1875,15,0,1,5,0,1,3,0,1,82
NEAR_LOW_FULL_d0.05,16,200,3200,16,0,4,1,0.25,1,0,1,4,0,1,4,0,1,82
NEAR_LOW_FULL_d0.05,16,500,8000,16,0,4,1,0.25,15,0,1,5,0,1,4,0,1,82
NEAR_LOW_FULL_d0.05,16,1000,16000,16,0,4,1,0.25,4,0,1,5,0,1,4,0,1,82
NEAR_LOW_FULL_d0.05,16,5000,80000,16,0,4,1,0.25,4,0,1,5,0,1,4,0,1,82
NEAR_LOW_FULL_d0.05,16,50,800,16,0,3,1,0.1875,15,0,1,4,0,1,2,0,1,83
NEAR_LOW_FULL_d0.05,16,100,1600,16,0,3,1,0.1875,15,0,1,4,0,1,3,0,1,83
NEAR_LOW_FULL_d0.05,16,200,3200,16,0,4,1,0.25,15,0,1,5,0,1,4,0,1,83
NEAR_LOW_FULL_d0.05,16,500,8000,16,0,4,1,0.25,15,0,1,5,0,1,4,0,1,83
NEAR_LOW_FULL_d0.05,16,1000,16000,16,0,4,1,0.25,15,0,1,5,0,1,4,0,1,83
NEAR_LOW_FULL_d0.05,16,5000,80000,16,0,4,1,0.25,15,0,1,5,0,1,4,0,1,83
NEAR_LOW_FULL_d0.05,16,50,800,16,0,2,1,0.125,14,0,1,4,0,1,2,0,1,84
NEAR_LOW_FULL_d0.05,16,100,1600,16,0,3,1,0.1875,15,0,1,3,0,1,2,0,1,84
NEAR_LOW_FULL_d0.05,16,200,3200,16,0,3,1,0.1875,14,0,1,4,0,1,3,0,1,84
NEAR_LOW_FULL_d0.05,16,500,8000,16,0,4,1,0.25,2,0,1,4,0,1,3,0,1,84
NEAR_LOW_FULL_d0.05,16,1000,16000,16,0,4,1,0.25,3,0,1,4,0,1,3,0,1,84
NEAR_LOW_FULL_d0.05,16,5000,80000,16,0,4,1,0.25,3,0,1,4,0,1,4,0,1,84
NEAR_LOW_FULL_d0.05,16,50,800,16,0,2,1,0.125,15,0,1,3,0,1,2,0,1,85
NEAR_LOW_FULL_d0.05,16,100,1600,16,0,2,1,0.125,15,0,1,3,0,1,2,0,1,85
NEAR_LOW_FULL_d0.05,16,200,3200,16,0,2,1,0.125,15,0,1,3,0,1,2,0,1,85
NEAR_LOW_FULL_d0.05,16,500,8000,16,0,3,1,0.1875,2,0,1,3,0,1,3,0,1,85
NEAR_LOW_FULL_d0.05,16,1000,16000,16,0,4,1,0.25,2,0,1,3,0,1,3,0,1,85
NEAR_LOW_FULL_d0.05,16,5000,80000,16,0,4,1,0.25,2,0,1,3,0,1,4,0,1,85
NEAR_LOW_FULL_d0.05,16,50,800,16,0,3,1,0.1875,15,0,1,4,0,1,2,0,1,86
NEAR_LOW_FULL_d0.05,16,100,1600,16,0,3,1,0.1875,15,0,1,4,0,1,3,0,1,86
NEAR_LOW_FULL_d0.05,16,200,3200,16,0,3,1,0.1875,3,0,1,4,0,1,3,0,1,86
NEAR_LOW_FULL_d0.05,16,500,8000,16,0,3,1,0.1875,15,0,1,4,0,1,3,0,1,86
NEAR_LOW_FULL_d0.05,16,1000,16000,16,0,3,1,0.1875,3,0,1,4,0,1,3,0,1,86
NEAR_LOW_FULL_d0.05,16,5000,80000,16,0,4,1,0.25,15,0,1,4,0,1,3,0,1,86
NEAR_LOW_FULL_d0.05,16,50,800,16,0,2,1,0.125,15,0,1,3,0,1,2,0,1,87
NEAR_LOW_FULL_d0.05,16,100,1600,16,0,2,1,0.125,14,0,1,3,0,1,2,0,1,87
NEAR_LOW_FULL_d0.05,16,200,3200,16,0,2,1,0.125,2,0,1,3,0,1,2,0,1,87
NEAR_LOW_FULL_d0.05,16,500,8000,16,0,3,1,0.1875,2,0,1,3,0,1,3,0,1,87
NEAR_LOW_FULL_d0.05,16,1000,16000,16,0,4,1,0.25,2,0,1,3,0,1,3,0,1,87
NEAR_LOW_FULL_d0.05,16,5000,80000,16,0,4,1,0.25,2,0,1,4,0,1,4,0,1,87
NEAR_LOW_FULL_d0.05,16,50,800,16,0,2,1,0.125,15,0,1,3,0,1,2,0,1,88
NEAR_LOW_FULL_d0.05,16,100,1600,16,0,3,1,0.1875,15,0,1,4,0,1,3,0,1,88
NEAR_LOW_FULL_d0.05,16,200,3200,16,0,3,1,0.1875,15,0,1,4,0,1,3,0,1,88
NEAR_LOW_FULL_d0.05,16,500,8000,16,0,3,1,0.1875,15,0,1,4,0,1,3,0,1,88
NEAR_LOW_FULL_d0.05,16,1000,16000,16,0,3,1,0.1875,15,0,1,4,0,1,3,0,1,88
NEAR_LOW_FULL_d0.05,16,5000,80000,16,0,4,1,0.25,3,0,1,4,0,1,4,0,1,88
NEAR_LOW_FULL_d0.05,16,50,800,16,0,2,1,0.125,15,0,1,3,0,1,2,0,1,89
NEAR_LOW_FULL_d0.05,16,100,1600,16,0,3,1,0.1875,15,0,1,4,0,1,3,0,1,89
NEAR_LOW_FULL_d0.05,16,200,3200,16,0,3,1,0.1875,15,0,1,4,0,1,3,0,1,89
NEAR_LOW_FULL_d0.05,16,500,8000,16,0,3,1,0.1875,15,0,1,4,0,1,4,0,1,89
NEAR_LOW_FULL_d0.05,16,1000,16000,16,0,4,1,0.25,15,0,1,4,0,1,4,0,1,89
NEAR_LOW_FULL_d0.05,16,5000,80000,16,0,4,1,0.25,15,0,1,4,0,1,4,0,1,89
NEAR_LOW_FULL_d0.05,16,50,800,16,0,3,1,0.1875,14,0,1,4,0,1,2,0,1,90
NEAR_LOW_FULL_d0.05,16,100,1600,16,0,2,1,0.125,15,0,1,3,0,1,2,0,1,90
NEAR_LOW_FULL_d0.05,16,200,3200,16,0,3,1,0.1875,15,0,1,4,0,1,3,0,1,90
NEAR_LOW_FULL_d0.05,16,500,8000,16,0,3,1,0.1875,15,0,1,4,0,1,3,0,1,90
NEAR_LOW_FULL_d0.05,16,1000,16000,16,0,3,1,0.1875,15,0,1,4,0,1,3,0,1,90
NEAR_LOW_FULL_d0.05,16,5000,80000,16,0,3,1,0.1875,3,0,1,4,0,1,3,0,1,90
NEAR_LOW_FULL_d0.05,16,50,800,16,0,2,1,0.125,15,0,1,3,0,1,2,0,1,91
NEAR_LOW_FULL_d0.05,16,100,1600,16,0,2,1,0.125,15,0,1,3,0,1,2,0,1,91
NEAR_LOW_FULL_d0.05,16,200,3200,16,0,2,1,0.125,15,0,1,3,0,1,2,0,1,91
NEAR_LOW_FULL_d0.05,16,500,8000,16,0,2,1,0.125,15,0,1,3,0,1,2,0,1,91
NEAR_LOW_FULL_d0.05,16,1000,16000,16,0,3,1,0.1875,15,0,1,3,0,1,2,0,1,91
NEAR_LOW_FULL_d0.05,16,5000,80000,16,0,4,1,0.25,2,0,1,3,0,1,3,0,1,91
NEAR_LOW_FULL_d0.05,16,50,800,16,0,3,1,0.1875,14,0,1,4,0,1,2,0,1,92
NEAR_LOW_FULL_d0.05,16,100,1600,16,0,3,1,0.1875,12,0,1,4,0,1,3,0,1,92
NEAR_LOW_FULL_d0.05,16,200,3200,16,0,3,1,0.1875,15,0,1,4,0,1,3,0,1,92
NEAR_LOW_FULL_d0.05,16,500,8000,16,0,4,1,0.25,15,0,1,4,0,1,3,0,1,92
NEAR_LOW_FULL_d0.05,16,1000,16000,16,0,4,1,0.25,15,0,1,4,0,1,4,0,1,92
NEAR_LOW_FULL_d0.05,16,5000,80000,16,0,4,1,0.25,4,0,1,5,0,1,4,0,1,92
NEAR_LOW_FULL_d0.05,16,50,800,16,0,3,1,0.1875,15,0,1,4,0,1,2,0,1,93
NEAR_LOW_FULL_d0.05,16,100,1600,16,0,3,1,0.1875,15,0,1,4,0,1,3,0,1,93
NEAR_LOW_FULL_d0.05,16,200,3200,16,0,3,1,0.1875,15,0,1,4,0,1,3,0,1,93
NEAR_LOW_FULL_d0.05,16,500,8000,16,0,4,1,0.25,3,0,1,4,0,1,3,0,1,93
NEAR_LOW_FULL_d0.05,16,1000,16000,16,0,3,1,0.1875,3,0,1,4,0,1,3,0,1,93
NEAR_LOW_FULL_d0.05,16,5000,80000,16,0,4,1,0.25,3,0,1,4,0,1,3,0,1,93
NEAR_LOW_FULL_d0.05,16,50,800,16,0,3,1,0.1875,15,0,1,4,0,1,3,0,1,94
NEAR_LOW_FULL_d0.05,16,100,1600,16,0,3,1,0.1875,15,0,1,4,0,1,3,0,1,94
NEAR_LOW_FULL_d0.05,16,200,3200,16,0,3,1,0.1875,15,0,1,4,0,1,3,0,1,94
NEAR_LOW_FULL_d0.05,16,500,8000,16,0,3,1,0.1875,3,0,1,4,0,1,3,0,1,94
NEAR_LOW_FULL_d0.05,16,1000,16000,16,0,3,1,0.1875,3,0,1,4,0,1,3,0,1,94
NEAR_LOW_FULL_d0.05,16,5000,80000,16,0,4,1,0.25,3,0,1,4,0,1,4,0,1,94
NEAR_LOW_FULL_d0.05,16,50,800,16,0,2,1,0.125,1,0,1,3,0,1,2,0,1,95
NEAR_LOW_FULL_d0.05,16,100,1600,16,0,3,1,0.1875,15,0,1,4,0,1,3,0,1,95
NEAR_LOW_FULL_d0.05,16,200,3200,16,0,3,1,0.1875,15,0,1,4,0,1,3,0,1,95
NEAR_LOW_FULL_d0.05,16,500,8000,16,0,3,1,0.1875,15,0,1,4,0,1,3,0,1,95
NEAR_LOW_FULL_d0.05,16,1000,16000,16,0,3,1,0.1875,15,0,1,4,0,1,3,0,1,95
NEAR_LOW_FULL_d0.05,16,5000,80000,16,0,4,1,0.25,3,0,1,4,0,1,4,0,1,95
NEAR_LOW_FULL_d0.05,16,50,800,16,0,3,1,0.1875,15,0,1,4,0,1,2,0,1,96
NEAR_LOW_FULL_d0.05,16,100,1600,16,0,3,1,0.1875,1,0,1,4,0,1,3,0,1,96
NEAR_LOW_FULL_d0.05,16,200,3200,16,0,3,1,0.1875,15,0,1,4,0,1,3,0,1,96
NEAR_LOW_FULL_d0.05,16,500,8000,16,0,4,1,0.25,14,0,1,4,0,1,3,0,1,96
NEAR_LOW_FULL_d0.05,16,1000,16000,16,0,4,1,0.25,14,0,1,4,0,1,4,0,1,96
NEAR_LOW_FULL_d0.05,16,5000,80000,16,0,4,1,0.25,15,0,1,4,0,1,4,0,1,96
NEAR_LOW_FULL_d0.05,16,50,800,16,0,3,1,0.1875,15,0,1,4,0,1,2,0,1,97
NEAR_LOW_FULL_d0.05,16,100,1600,16,0,3,1,0.1875,15,0,1,4,0,1,3,0,1,97
NEAR_LOW_FULL_d0.05,16,200,3200,16,0,3,1,0.1875,3,0,1,4,0,1,3,0,1,97
NEAR_LOW_FULL_d0.05,16,500,8000,16,0,3,1,0.1875,3,0,1,4,0,1,3,0,1,97
NEAR_LOW_FULL_d0.05,16,1000,16000,16,0,4,1,0.25,3,0,1,4,0,1,4,0,1,97
NEAR_LOW_FULL_d0.05,16,5000,80000,16,0,4,1,0.25,15,0,1,4,0,1,4,0,1,97
NEAR_LOW_FULL_d0.05,16,50,800,16,0,2,1,0.125,15,0,1,3,0,1,2,0,1,98
NEAR_LOW_FULL_d0.05,16,100,1600,16,0,2,1,0.125,15,0,1,3,0,1,2,0,1,98
NEAR_LOW_FULL_d0.05,16,200,3200,16,0,3,1,0.1875,2,0,1,3,0,1,2,0,1,98
NEAR_LOW_FULL_d0.05,16,500,8000,16,0,3,1,0.1875,2,0,1,3,0,1,3,0,1,98
NEAR_LOW_FULL_d0.05,16,1000,16000,16,0,4,1,0.25,2,0,1,3,0,1,3,0,1,98
NEAR_LOW_FULL_d0.05,16,5000,80000,16,0,4,1,0.25,15,0,1,4,0,1,4,0,1,98
NEAR_LOW_FULL_d0.05,16,50,800,16,0,2,1,0.125,15,0,1,3,0,1,2,0,1,99
NEAR_LOW_FULL_d0.05,16,100,1600,16,0,3,1,0.1875,15,0,1,4,0,1,3,0,1,99
NEAR_LOW_FULL_d0.05,16,200,3200,16,0,3,1,0.1875,15,0,1,4,0,1,3,0,1,99
NEAR_LOW_FULL_d0.05,16,500,8000,16,0,4,1,0.25,15,0,1,4,0,1,4,0,1,99
NEAR_LOW_FULL_d0.05,16,1000,16000,16,0,4,1,0.25,15,0,1,5,0,1,4,0,1,99
NEAR_LOW_FULL_d0.05,16,5000,80000,16,0,4,1,0.25,15,0,1,5,0,1,4,0,1,99
NEAR_LOW_FULL_d0.05,16,50,800,16,0,3,1,0.1875,14,0,1,4,0,1,2,0,1,100
NEAR_LOW_FULL_d0.05,16,100,1600,16,0,3,1,0.1875,1,0,1,4,0,1,3,0,1,100
NEAR_LOW_FULL_d0.05,16,200,3200,16,0,3,1,0.1875,15,0,1,4,0,1,3,0,1,100
NEAR_LOW_FULL_d0.05,16,500,8000,16,0,3,1,0.1875,3,0,1,4,0,1,3,0,1,100
NEAR_LOW_FULL_d0.05,16,1000,16000,16,0,4,1,0.25,3,0,1,4,0,1,3,0,1,100
NEAR_LOW_FULL_d0.05,16,5000,80000,16,0,4,1,0.25,3,0,1,4,0,1,4,0,1,100
NEAR_LOW_FULL_d0.05,16,50,800,16,0,2,1,0.125,15,0,1,3,0,1,2,0,1,101
NEAR_LOW_FULL_d0.05,16,100,1600,16,0,3,1,0.1875,15,0,1,4,0,1,3,0,1,101
NEAR_LOW_FULL_d0.05,16,200,3200,16,0,3,1,0.1875,15,0,1,4,0,1,3,0,1,101
NEAR_LOW_FULL_d0.05,16,500,8000,16,0,3,1,0.1875,3,0,1,4,0,1,3,0,1,101
NEAR_LOW_FULL_d0.05,16,1000,16000,16,0,3,1,0.1875,3,0,1,4,0,1,3,0,1,101
NEAR_LOW_FULL_d0.05,16,5000,80000,16,0,3,1,0.1875,15,0,1,4,0,1,3,0,1,101
NEAR_LOW_FULL_d0.05,16,50,800,16,0,2,1,0.125,15,0,1,3,0,1,2,0,1,102
NEAR_LOW_FULL_d0.05,16,100,1600,16,0,2,1,0.125,15,0,1,4,0,1,2,0,1,102
NEAR_LOW_FULL_d0.05,16,200,3200,16,0,3,1,0.1875,1,0,1,3,0,1,2,0,1,102
NEAR_LOW_FULL_d0.05,16,500,8000,16,0,3,1,0.1875,1,0,1,4,0,1,3,0,1,102
NEAR_LOW_FULL_d0.05,16,1000,16000,16,0,4,1,0.25,15,0,1,4,0,1,3,0,1,102
NEAR_LOW_FULL_d0.05,16,5000,80000,16,0,4,1,0.25,15,0,1,4,0,1,4,0,1,102
NEAR_LOW_FULL_d0.05,16,50,800,16,0,3,1,0.1875,15,0,1,4,0,1,2,0,1,103
NEAR_LOW_FULL_d0.05,16,100,1600,16,0,3,1,0.1875,15,0,1,4,0,1,3,0,1,103
NEAR_LOW_FULL_d0.05,16,200,3200,16,0,3,1,0.1875,15,0,1,4,0,1,3,0,1,103
NEAR_LOW_FULL_d0.05,16,500,8000,16,0,3,1,0.1875,3,0,1,4,0,1,3,0,1,103
NEAR_LOW_FULL_d0.05,16,1000,16000,16,0,4,1,0.25,15,0,1,4,0,1,3,0,1,103
NEAR_LOW_FULL_d0.05,16,5000,80000,16,0,4,1,0.25,3,0,1,4,0,1,4,0,1,103
NEAR_LOW_FULL_d0.05,16,50,800,16,0,2,1,0.125,15,0,1,3,0,1,2,0,1,104
NEAR_LOW_FULL_d0.05,16,100,1600,16,0,2,1,0.125,13,0,1,3,0,1,2,0,1,104
NEAR_LOW_FULL_d0.05,16,200,3200,16,0,3,1,0.1875,1,0,1,4,0,1,2,0,1,104
NEAR_LOW_FULL_d0.05,16,500,8000,16,0,3,1,0.1875,2,0,1,4,0,1,3,0,1,104
NEAR_LOW_FULL_d0.05,16,1000,16000,16,0,4,1,0.25,15,0,1,4,0,1,4,0,1,104
NEAR_LOW_FULL_d0.05,16,5000,80000,16,0,4,1,0.25,14,0,1,4,0,1,4,0,1,104
NEAR_LOW_FULL_d0.05,16,50,800,16,0,2,1,0.125,15,0,1,3,0,1,2,0,1,105
NEAR_LOW_FULL_d0.05,16,100,1600,16,0,3,1,0.1875,15,0,1,4,0,1,2,0,1,105
NEAR_LOW_FULL_d0.05,16,200,3200,16,0,3,1,0.1875,15,0,1,4,0,1,3,0,1,105
NEAR_LOW_FULL_d0.05,16,500,8000,16,0,3,1,0.1875,15,0,1,4,0,1,3,0,1,105
NEAR_LOW_FULL_d0.05,16,1000,16000,16,0,4,1,0.25,3,0,1,4,0,1,4,0,1,105
NEAR_LOW_FULL_d0.05,16,5000,80000,16,0,4,1,0.25,15,0,1,4,0,1,4,0,1,105
NEAR_LOW_FULL_d0.05,16,50,800,16,0,2,1,0.125,1,0,1,3,0,1,2,0,1,106
NEAR_LOW_FULL_d0.05,16,100,1600,16,0,2,1,0.125,1,0,1,3,0,1,2,0,1,106
NEAR_LOW_FULL_d0.05,16,200,3200,16,0,3,1,0.1875,1,0,1,3,0,1,2,0,1,106
NEAR_LOW_FULL_d0.05,16,500,8000,16,0,3,1,0.1875,1,0,1,3,0,1,3,0,1,106
NEAR_LOW_FULL_d0.05,16,1000,16000,16,0,3,1,0.1875,1,0,1,3,0,1,3,0,1,106
NEAR_LOW_FULL_d0.05,16,5000,80000,16,0,4,1,0.25,1,0,1,4,0,1,4,0,1,106
NEAR_LOW_FULL_d0.05,16,50,800,16,0,3,1,0.1875,1,0,1,4,0,1,2,0,1,107
NEAR_LOW_FULL_d0.05,16,100,1600,16,0,3,1,0.1875,1,0,1,3,0,1,2,0,1,107
NEAR_LOW_FULL_d0.05,16,200,3200,16,0,3,1,0.1875,15,0,1,4,0,1,3,0,1,107
NEAR_LOW_FULL_d0.05,16,500,8000,16,0,3,1,0.1875,3,0,1,4,0,1,3,0,1,107
NEAR_LOW_FULL_d0.05,16,1000,16000,16,0,3,1,0.1875,15,0,1,4,0,1,3,0,1,107
NEAR_LOW_FULL_d0.05,16,5000,80000,16,0,4,1,0.25,3,0,1,4,0,1,3,0,1,107
NEAR_LOW_FULL_d0.05,16,50,800,16,0,1,1,0.0625,15,0,1,2,0,1,1,0,1,108
NEAR_LOW_FULL_d0.05,16,100,1600,16,0,3,1,0.1875,15,0,1,4,0,1,2,0,1,108
NEAR_LOW_FULL_d0.05,16,200,3200,16,0,4,1,0.25,15,0,1,4,0,1,4,0,1,108
NEAR_LOW_FULL_d0.05,16,500,8000,16,0,4,1,0.25,1,0,1,5,0,1,4,0,1,108
NEAR_LOW_FULL_d0.05,16,1000,16000,16,0,4,1,0.25,14,0,1,5,0,1,4,0,1,108
NEAR_LOW_FULL_d0.05,16,5000,80000,16,0,4,1,0.25,15,0,1,5,0,1,4,0,1,108
NEAR_LOW_FULL_d0.05,16,50,800,16,0,3,1,0.1875,1,0,1,4,0,1,2,0,1,109
NEAR_LOW_FULL_d0.05,16,100,1600,16,0,3,1,0.1875,15,0,1,4,0,1,3,0,1,109
NEAR_LOW_FULL_d0.05,16,200,3200,16,0,3,1,0.1875,15,0,1,4,0,1,3,0,1,109
NEAR_LOW_FULL_d0.05,16,500,8000,16,0,4,1,0.25,15,0,1,5,0,1,4,0,1,109
NEAR_LOW_FULL_d0.05,16,1000,16000,16,0,4,1,0.25,15,0,1,5,0,1,4,0,1,109
NEAR_LOW_FULL_d0.05,16,5000,80000,16,0,4,1,0.25,15,0,1,5,0,1,4,0,1,109
NEAR_LOW_FULL_d0.05,16,50,800,16,0,3,1,0.1875,3,0,1,4,0,1,3,0,1,110
NEAR_LOW_FULL_d0.05,16,100,1600,16,0,3,1,0.1875,15,0,1,4,0,1,3,0,1,110
NEAR_LOW_FULL_d0.05,16,200,3200,16,0,3,1,0.1875,15,0,1,4,0,1,3,0,1,110
NEAR_LOW_FULL_d0.05,16,500,8000,16,0,3,1,0.1875,3,0,1,4,0,1,3,0,1,110
NEAR_LOW_FULL_d0.05,16,1000,16000,16,0,3,1,0.1875,3,0,1,4,0,1,3,0,1,110
NEAR_LOW_FULL_d0.05,16,5000,80000,16,0,3,1,0.1875,15,0,1,4,0,1,3,0,1,110
NEAR_LOW_FULL_d0.05,16,50,800,16,0,2,1,0.125,15,0,1,3,0,1,2,0,1,111
NEAR_LOW_FULL_d0.05,16,100,1600,16,0,2,1,0.125,1,0,1,3,0,1,2,0,1,111
NEAR_LOW_FULL_d0.05,16,200,3200,16,0,3,1,0.1875,15,0,1,3,0,1,3,0,1,111
NEAR_LOW_FULL_d0.05,16,500,8000,16,0,3,1,0.1875,15,0,1,4,0,1,3,0,1,111
NEAR_LOW_FULL_d0.05,16,1000,16000,16,0,3,1,0.1875,2,0,1,4,0,1,3,0,1,111
NEAR_LOW_FULL_d0.05,16,5000,80000,16,0,4,1,0.25,3,0,1,4,0,1,3,0,1,111
NEAR_LOW_FULL_d0.05,16,50,800,16,0,2,1,0.125,1,0,1,4,0,1,3,0,1,112
NEAR_LOW_FULL_d0.05,16,100,1600,16,0,3,1,0.1875,1,0,1,4,0,1,3,0,1,112
NEAR_LOW_FULL_d0.05,16,200,3200,16,0,3,1,0.1875,15,0,1,4,0,1,3,0,1,112
NEAR_LOW_FULL_d0.05,16,500,8000,16,0,3,1,0.1875,15,0,1,4,0,1,3,0,1,112
NEAR_LOW_FULL_d0.05,16,1000,16000,16,0,3,1,0.1875,14,0,1,4,0,1,3,0,1,112
NEAR_LOW_FULL_d0.05,16,5000,80000,16,0,3,1,0.1875,3,0,1,4,0,1,3,0,1,112
NEAR_LOW_FULL_d0.05,16,50,800,16,0,2,1,0.125,15,0,1,3,0,1,2,0,1,113
NEAR_LOW_FULL_d0.05,16,100,1600,16,0,2,1,0.125,13,0,1,3,0,1,2,0,1,113
NEAR_LOW_FULL_d0.05,16,200,3200,16,0,2,1,0.125,15,0,1,3,0,1,2,0,1,113
NEAR_LOW_FULL_d0.05,16,500,8000,16,0,3,1,0.1875,2,0,1,3,0,1,2,0,1,113
NEAR_LOW_FULL_d0.05,16,1000,16000,16,0,4,1,0.25,15,0,1,3,0,1,3,0,1,113
NEAR_LOW_FULL_d0.05,16,5000,80000,16,0,4,1,0.25,15,0,1,3,0,1,4,0,1,113
NEAR_LOW_FULL_d0.05,16,50,800,16,0,3,1,0.1875,14,0,1,4,0,1,2,0,1,114
NEAR_LOW_FULL_d0.05,16,100,1600,16,0,3,1,0.1875,15,0,1,4,0,1,3,0,1,114
NEAR_LOW_FULL_d0.05,16,200,3200,16,0,3,1,0.1875,14,0,1,4,0,1,3,0,1,114
NEAR_LOW_FULL_d0.05,16,500,8000,16,0,4,1,0.25,14,0,1,5,0,1,4,0,1,114
NEAR_LOW_FULL_d0.05,16,1000,16000,16,0,4,1,0.25,15,0,1,5,0,1,4,0,1,114
NEAR_LOW_FULL_d0.05,16,5000,80000,16,0,4,1,0.25,15,0,1,5,0,1,4,0,1,114
NEAR_LOW_FULL_d0.05,16,50,800,16,0,3,1,0.1875,15,0,1,4,0,1,3,0,1,115
NEAR_LOW_FULL_d0.05,16,100,1600,16,0,3,1,0.1875,15,0,1,4,0,1,3,0,1,115
NEAR_LOW_FULL_d0.05,16,200,3200,16,0,3,1,0.1875,15,0,1,4,0,1,3,0,1,115
NEAR_LOW_FULL_d0.05,16,500,8000,16,0,3,1,0.1875,15,0,1,4,0,1,3,0,1,115
NEAR_LOW_FULL_d0.05,16,1000,16000,16,0,3,1,0.1875,3,0,1,4,0,1,3,0,1,115
NEAR_LOW_FULL_d0.05,16,5000,80000,16,0,4,1,0.25,3,0,1,4,0,1,3,0,1,115
NEAR_LOW_FULL_d0.05,16,50,800,16,0,3,1,0.1875,15,0,1,4,0,1,2,0,1,116
NEAR_LOW_FULL_d0.05,16,100,1600,16,0,3,1,0.1875,1,0,1,4,0,1,3,0,1,116
NEAR_LOW_FULL_d0.05,16,200,3200,16,0,3,1,0.1875,1,0,1,4,0,1,3,0,1,116
NEAR_LOW_FULL_d0.05,16,500,8000,16,0,3,1,0.1875,15,0,1,4,0,1,3,0,1,116
NEAR_LOW_FULL_d0.05,16,1000,16000,16,0,4,1,0.25,15,0,1,4,0,1,3,0,1,116
NEAR_LOW_FULL_d0.05,16,5000,80000,16,0,4,1,0.25,4,0,1,4,0,1,4,0,1,116
NEAR_LOW_FULL_d0.05,16,50,800,16,0,2,1,0.125,14,0,1,3,0,1,2,0,1,117
NEAR_LOW_FULL_d0.05,16,100,1600,16,0,3,1,0.1875,15,0,1,3,0,1,2,0,1,117
NEAR_LOW_FULL_d0.05,16,200,3200,16,0,4,1,0.25,2,0,1,3,0,1,4,0,1,117
NEAR_LOW_FULL_d0.05,16,500,8000,16,0,4,1,0.25,15,0,1,5,0,1,4,0,1,117
NEAR_LOW_FULL_d0.05,16,1000,16000,16,0,4,1,0.25,15,0,1,5,0,1,4,0,1,117
NEAR_LOW_FULL_d0.05,16,5000,80000,16,0,4,1,0.25,15,0,1,5,0,1,4,0,1,117
NEAR_LOW_FULL_d0.05,16,50,800,16,0,2,1,0.125,15,0,1,3,0,1,2,0,1,118
NEAR_LOW_FULL_d0.05,16,100,1600,16,0,3,1,0.1875,1,0,1,4,0,1,3,0,1,118
NEAR_LOW_FULL_d0.05,16,200,3200,16,0,3,1,0.1875,15,0,1,4,0,1,3,0,1,118
NEAR_LOW_FULL_d0.05,16,500,8000,16,0,4,1,0.25,15,0,1,4,0,1,3,0,1,118
NEAR_LOW_FULL_d0.05,16,1000,16000,16,0,4,1,0.25,15,0,1,4,0,1,4,0,1,118
NEAR_LOW_FULL_d0.05,16,5000,80000,16,0,4,1,0.25,4,0,1,5,0,1,4,0,1,118
NEAR_LOW_FULL_d0.05,16,50,800,16,0,2,1,0.125,15,0,1,3,0,1,2,0,1,119
NEAR_LOW_FULL_d0.05,16,100,1600,16,0,3,1,0.1875,15,0,1,4,0,1,3,0,1,119
NEAR_LOW_FULL_d0.05,16,200,3200,16,0,3,1,0.1875,15,0,1,4,0,1,2,0,1,119
NEAR_LOW_FULL_d0.05,16,500,8000,16,0,4,1,0.25,2,0,1,4,0,1,3,0,1,119
NEAR_LOW_FULL_d0.05,16,1000,16000,16,0,4,1,0.25,14,0,1,4,0,1,3,0,1,119
NEAR_LOW_FULL_d0.05,16,5000,80000,16,0,4,1,0.25,2,0,1,4,0,1,4,0,1,119
NEAR_LOW_FULL_d0.05,16,50,800,16,0,1,1,0.0625,15,0,1,2,0,1,1,0,1,120
NEAR_LOW_FULL_d0.05,16,100,1600,16,0,2,1,0.125,15,0,1,3,0,1,2,0,1,120
NEAR_LOW_FULL_d0.05,16,200,3200,16,0,3,1,0.1875,1,0,1,3,0,1,2,0,1,120
NEAR_LOW_FULL_d0.05,16,500,8000,16,0,3,1,0.1875,15,0,1,4,0,1,3,0,1,120
NEAR_LOW_FULL_d0.05,16,1000,16000,16,0,3,1,0.1875,15,0,1,4,0,1,3,0,1,120
NEAR_LOW_FULL_d0.05,16,5000,80000,16,0,4,1,0.25,15,0,1,4,0,1,4,0,1,120
NEAR_LOW_FULL_d0.05,16,50,800,16,0,2,1,0.125,14,0,1,3,0,1,2,0,1,121
NEAR_LOW_FULL_d0.05,16,100,1600,16,0,3,1,0.1875,15,0,1,4,0,1,3,0,1,121
NEAR_LOW_FULL_d0.05,16,200,3200,16,0,3,1,0.1875,15,0,1,4,0,1,3,0,1,121
NEAR_LOW_FULL_d0.05,16,500,8000,16,0,3,1,0.1875,14,0,1,4,0,1,3,0,1,121
NEAR_LOW_FULL_d0.05,16,1000,16000,16,0,3,1,0.1875,3,0,1,4,0,1,3,0,1,121
NEAR_LOW_FULL_d0.05,16,5000,80000,16,0,3,1,0.1875,3,0,1,4,0,1,3,0,1,121
NEAR_LOW_FULL_d0.05,16,50,800,16,0,2,1,0.125,2,0,1,4,0,1,2,0,1,122
NEAR_LOW_FULL_d0.05,16,100,1600,16,0,3,1,0.1875,15,0,1,3,0,1,2,0,1,122
NEAR_LOW_FULL_d0.05,16,200,3200,16,0,3,1,0.1875,15,0,1,4,0,1,3,0,1,122
NEAR_LOW_FULL_d0.05,16,500,8000,16,0,3,1,0.1875,15,0,1,4,0,1,3,0,1,122
NEAR_LOW_FULL_d0.05,16,1000,16000,16,0,4,1,0.25,15,0,1,4,0,1,4,0,1,122
NEAR_LOW_FULL_d0.05,16,5000,80000,16,0,4,1,0.25,4,0,1,4,0,1,4,0,1,122
NEAR_LOW_FULL_d0.05,16,50,800,16,0,3,1,0.1875,15,0,1,4,0,1,2,0,1,123
NEAR_LOW_FULL_d0.05,16,100,1600,16,0,3,1,0.1875,15,0,1,4,0,1,3,0,1,123
NEAR_LOW_FULL_d0.05,16,200,3200,16,0,4,1,0.25,1,0,1,4,0,1,4,0,1,123
NEAR_LOW_FULL_d0.05,16,500,8000,16,0,4,1,0.25,4,0,1,5,0,1,4,0,1,123
NEAR_LOW_FULL_d0.05,16,1000,16000,16,0,4,1,0.25,4,0,1,5,0,1,4,0,1,123
NEAR_LOW_FULL_d0.05,16,5000,80000,16,0,4,1,0.25,15,0,1,5,0,1,4,0,1,123
NEAR_LOW_FULL_d0.05,16,50,800,16,0,3,1,0.1875,1,0,1,4,0,1,3,0,1,124
NEAR_LOW_FULL_d0.05,16,100,1600,16,0,3,1,0.1875,15,0,1,4,0,1,3,0,1,124
NEAR_LOW_FULL_d0.05,16,200,3200,16,0,3,1,0.1875,14,0,1,4,0,1,3,0,1,124
NEAR_LOW_FULL_d0.05,16,500,8000,16,0,3,1,0.1875,3,0,1,4,0,1,3,0,1,124
NEAR_LOW_FULL_d0.05,16,1000,16000,16,0,3,1,0.1875,15,0,1,4,0,1,3,0,1,124
NEAR_LOW_FULL_d0.05,16,5000,80000,16,0,4,1,0.25,3,0,1,4,0,1,3,0,1,124
NEAR_LOW_FULL_d0.05,16,50,800,16,0,2,1,0.125,15,0,1,3,0,1,2,0,1,125
NEAR_LOW_FULL_d0.05,16,100,1600,16,0,3,1,0.1875,14,0,1,4,0,1,3,0,1,125
NEAR_LOW_FULL_d0.05,16,200,3200,16,0,3,1,0.1875,15,0,1,4,0,1,3,0,1,125
NEAR_LOW_FULL_d0.05,16,500,8000,16,0,3,1,0.1875,15,0,1,4,0,1,3,0,1,125
NEAR_LOW_FULL_d0.05,16,1000,16000,16,0,3,1,0.1875,3,0,1,4,0,1,3,0,1,125
NEAR_LOW_FULL_d0.05,16,5000,80000,16,0,3,1,0.1875,3,0,1,4,0,1,3,0,1,125
NEAR_LOW_FULL_d0.05,16,50,800,16,0,2,1,0.125,14,0,1,3,0,1,2,0,1,126
NEAR_LOW_FULL_d0.05,16,100,1600,16,0,4,1,0.25,1,0,1,5,0,1,3,0,1,126
NEAR_LOW_FULL_d0.05,16,200,3200,16,0,4,1,0.25,15,0,1,5,0,1,3,0,1,126
NEAR_LOW_FULL_d0.05,16,500,8000,16,0,4,1,0.25,4,0,1,5,0,1,4,0,1,126
NEAR_LOW_FULL_d0.05,16,1000,16000,16,0,4,1,0.25,15,0,1,5,0,1,4,0,1,126
NEAR_LOW_FULL_d0.05,16,5000,80000,16,0,4,1,0.25,4,0,1,5,0,1,4,0,1,126
NEAR_LOW_FULL_d0.05,16,50,800,16,0,4,1,0.25,15,0,1,6,0,1,4,0,1,127
NEAR_LOW_FULL_d0.05,16,100,1600,16,0,4,1,0.25,4,0,1,5,0,1,4,0,1,127
NEAR_LOW_FULL_d0.05,16,200,3200,16,0,4,1,0.25,4,0,1,5,0,1,4,0,1,127
NEAR_LOW_FULL_d0.05,16,500,8000,16,0,4,1,0.25,4,0,1,5,0,1,4,0,1,127
NEAR_LOW_FULL_d0.05,16,1000,16000,16,0,4,1,0.25,4,0,1,5,0,1,4,0,1,127
NEAR_LOW_FULL_d0.05,16,5000,80000,16,0,4,1,0.25,4,0,1,5,0,1,4,0,1,127
NEAR_LOW_FULL_d0.05,16,50,800,16,0,3,1,0.1875,15,0,1,4,0,1,2,0,1,128
NEAR_LOW_FULL_d0.05,16,100,1600,16,0,3,1,0.1875,15,0,1,4,0,1,3,0,1,128
NEAR_LOW_FULL_d0.05,16,200,3200,16,0,3,1,0.1875,13,0,1,4,0,1,3,0,1,128
NEAR_LOW_FULL_d0.05,16,500,8000,16,0,3,1,0.1875,15,0,1,4,0,1,3,0,1,128
NEAR_LOW_FULL_d0.05,16,1000,16000,16,0,4,1,0.25,15,0,1,4,0,1,3,0,1,128
NEAR_LOW_FULL_d0.05,16,5000,80000,16,0,4,1,0.25,3,0,1,4,0,1,4,0,1,128
NEAR_LOW_FULL_d0.05,16,50,800,16,0,3,1,0.1875,15,0,1,3,0,1,2,0,1,129
NEAR_LOW_FULL_d0.05,16,100,1600,16,0,3,1,0.1875,15,0,1,4,0,1,3,0,1,129
NEAR_LOW_FULL_d0.05,16,200,3200,16,0,3,1,0.1875,15,0,1,4,0,1,3,0,1,129
NEAR_LOW_FULL_d0.05,16,500,8000,16,0,3,1,0.1875,15,0,1,4,0,1,3,0,1,129
NEAR_LOW_FULL_d0.05,16,1000,16000,16,0,3,1,0.1875,15,0,1,4,0,1,3,0,1,129
NEAR_LOW_FULL_d0.05,16,5000,80000,16,0,3,1,0.1875,15,0,1,4,0,1,3,0,1,129
NEAR_LOW_FULL_d0.05,16,50,800,16,0,2,1,0.125,15,0,1,3,0,1,1,0,1,130
NEAR_LOW_FULL_d0.05,16,100,1600,16,0,2,1,0.125,15,0,1,2,0,1,2,0,1,130
NEAR_LOW_FULL_d0.05,16,200,3200,16,0,3,1,0.1875,1,0,1,3,0,1,3,0,1,130
NEAR_LOW_FULL_d0.05,16,500,8000,16,0,3,1,0.1875,1,0,1,4,0,1,3,0,1,130
NEAR_LOW_FULL_d0.05,16,1000,16000,16,0,3,1,0.1875,14,0,1,4,0,1,3,0,1,130
NEAR_LOW_FULL_d0.05,16,5000,80000,16,0,3,1,0.1875,3,0,1,4,0,1,3,0,1,130
NEAR_LOW_FULL_d0.05,16,50,800,16,0,3,1,0.1875,15,0,1,4,0,1,3,0,1,131
NEAR_LOW_FULL_d0.05,16,100,1600,16,0,3,1,0.1875,1,0,1,3,0,1,3,0,1,131
NEAR_LOW_FULL_d0.05,16,200,3200,16,0,3,1,0.1875,1,0,1,4,0,1,3,0,1,131
NEAR_LOW_FULL_d0.05,16,500,8000,16,0,4,1,0.25,15,0,1,4,0,1,4,0,1,131
NEAR_LOW_FULL_d0.05,16,1000,16000,16,0,4,1,0.25,15,0,1,4,0,1,4,0,1,131
NEAR_LOW_FULL_d0.05,16,5000,80000,16,0,4,1,0.25,4,0,1,5,0,1,4,0,1,131
NEAR_LOW_FULL_d0.05,16,50,800,16,0,3,1,0.1875,15,0,1,4,0,1,3,0,1,132
NEAR_LOW_FULL_d0.05,16,100,1600,16,0,3,1,0.1875,3,0,1,4,0,1,3,0,1,132
NEAR_LOW_FULL_d0.05,16,200,3200,16,0,3,1,0.1875,3,0,1,4,0,1,3,0,1,132
NEAR_LOW_FULL_d0.05,16,500,8000,16,0,3,1,0.1875,3,0,1,4,0,1,3,0,1,132
NEAR_LOW_FULL_d0.05,16,1000,16000,16,0,3,1,0.1875,15,0,1,4,0,1,3,0,1,132
NEAR_LOW_FULL_d0.05,16,5000,80000,16,0,3,1,0.1875,3,0,1,4,0,1,3,0,1,132
NEAR_LOW_FULL_d0.05,16,50,800,16,0,2,1,0.125,14,0,1,3,0,1,2,0,1,133
NEAR_LOW_FULL_d0.05,16,100,1600,16,0,3,1,0.1875,15,0,1,4,0,1,3,0,1,133
NEAR_LOW_FULL_d0.05,16,200,3200,16,0,3,1,0.1875,14,0,1,4,0,1,3,0,1,133
NEAR_LOW_FULL_d0.05,16,500,8000,16,0,3,1,0.1875,15,0,1,4,0,1,3,0,1,133
NEAR_LOW_FULL_d0.05,16,1000,16000,16,0,3,1,0.1875,3,0,1,4,0,1,3,0,1,133
NEAR_LOW_FULL_d0.05,16,5000,80000,16,0,4,1,0.25,3,0,1,4,0,1,3,0,1,133
NEAR_LOW_FULL_d0.05,16,50,800,16,0,3,1,0.1875,14,0,1,4,0,1,2,0,1,134
NEAR_LOW_FULL_d0.05,16,100,1600,16,0,3,1,0.1875,15,0,1,4,0,1,3,0,1,134
NEAR_LOW_FULL_d0.05,16,200,3200,16,0,4,1,0.25,15,0,1,5,0,1,4,0,1,134
NEAR_LOW_FULL_d0.05,16,500,8000,16,0,4,1,0.25,15,0,1,5,0,1,4,0,1,134
NEAR_LOW_FULL_d0.05,16,1000,16000,16,0,4,1,0.25,15,0,1,5,0,1,4,0,1,134
NEAR_LOW_FULL_d0.05,16,5000,80000,16,0,4,1,0.25,4,0,1,5,0,1,4,0,1,134
NEAR_LOW_FULL_d0.05,16,50,800,16,0,3,1,0.1875,15,0,1,4,0,1,3,0,1,135
NEAR_LOW_FULL_d0.05,16,100,1600,16,0,3,1,0.1875,15,0,1,4,0,1,3,0,1,135
NEAR_LOW_FULL_d0.05,16,200,3200,16,0,3,1,0.1875,14,0,1,4,0,1,3,0,1,135
NEAR_LOW_FULL_d0.05,16,500,8000,16,0,3,1,0.1875,3,0,1,4,0,1,3,0,1,135
NEAR_LOW_FULL_d0.05,16,1000,16000,16,0,3,1,0.1875,3,0,1,4,0,1,3,0,1,135
NEAR_LOW_FULL_d0.05,16,5000,80000,16,0,4,1,0.25,3,0,1,4,0,1,4,0,1,135
NEAR_LOW_FULL_d0.05,16,50,800,16,0,3,1,0.1875,14,0,1,4,0,1,2,0,1,136
NEAR_LOW_FULL_d0.05,16,100,1600,16,0,3,1,0.1875,15,0,1,4,0,1,3,0,1,136
NEAR_LOW_FULL_d0.05,16,200,3200,16,0,4,1,0.25,1,0,1,5,0,1,3,0,1,136
NEAR_LOW_FULL_d0.05,16,500,8000,16,0,4,1,0.25,14,0,1,5,0,1,4,0,1,136
NEAR_LOW_FULL_d0.05,16,1000,16000,16,0,4,1,0.25,14,0,1,5,0,1,4,0,1,136
NEAR_LOW_FULL_d0.05,16,5000,80000,16,0,4,1,0.25,4,0,1,5,0,1,4,0,1,136
NEAR_LOW_FULL_d0.05,16,50,800,16,0,2,1,0.125,15,0,1,3,0,1,2,0,1,137
NEAR_LOW_FULL_d0.05,16,100,1600,16,0,3,1,0.1875,15,0,1,4,0,1,3,0,1,137
NEAR_LOW_FULL_d0.05,16,200,3200,16,0,3,1,0.1875,15,0,1,4,0,1,3,0,1,137
NEAR_LOW_FULL_d0.05,16,500,8000,16,0,3,1,0.1875,14,0,1,4,0,1,3,0,1,137
NEAR_LOW_FULL_d0.05,16,1000,16000,16,0,3,1,0.1875,15,0,1,4,0,1,3,0,1,137
NEAR_LOW_FULL_d0.05,16,5000,80000,16,0,3,1,0.1875,3,0,1,4,0,1,3,0,1,137
NEAR_LOW_FULL_d0.05,16,50,800,16,0,1,1,0.0625,1,0,1,3,0,1,2,0,1,138
NEAR_LOW_FULL_d0.05,16,100,1600,16,0,2,1,0.125,15,0,1,3,0,1,2,0,1,138
NEAR_LOW_FULL_d0.05,16,200,3200,16,0,3,1,0.1875,15,0,1,4,0,1,3,0,1,138
NEAR_LOW_FULL_d0.05,16,500,8000,16,0,3,1,0.1875,14,0,1,4,0,1,3,0,1,138
NEAR_LOW_FULL_d0.05,16,1000,16000,16,0,3,1,0.1875,15,0,1,4,0,1,3,0,1,138
NEAR_LOW_FULL_d0.05,16,5000,80000,16,0,3,1,0.1875,3,0,1,4,0,1,3,0,1,138
NEAR_LOW_FULL_d0.05,16,50,800,16,0,3,1,0.1875,1,0,1,4,0,1,3,0,1,139
NEAR_LOW_FULL_d0.05,16,100,1600,16,0,3,1,0.1875,15,0,1,4,0,1,3,0,1,139
NEAR_LOW_FULL_d0.05,16,200,3200,16,0,3,1,0.1875,3,0,1,4,0,1,3,0,1,139
NEAR_LOW_FULL_d0.05,16,500,8000,16,0,3,1,0.1875,3,0,1,4,0,1,3,0,1,139
NEAR_LOW_FULL_d0.05,16,1000,16000,16,0,3,1,0.1875,3,0,1,4,0,1,3,0,1,139
NEAR_LOW_FULL_d0.05,16,5000,80000,16,0,3,1,0.1875,3,0,1,4,0,1,3,0,1,139
NEAR_LOW_FULL_d0.05,16,50,800,16,0,2,1,0.125,15,0,1,3,0,1,2,0,1,140
NEAR_LOW_FULL_d0.05,16,100,1600,16,0,2,1,0.125,2,0,1,3,0,1,2,0,1,140
NEAR_LOW_FULL_d0.05,16,200,3200,16,0,3,1,0.1875,15,0,1,3,0,1,3,0,1,140
NEAR_LOW_FULL_d0.05,16,500,8000,16,0,3,1,0.1875,15,0,1,4,0,1,3,0,1,140
NEAR_LOW_FULL_d0.05,16,1000,16000,16,0,3,1,0.1875,2,0,1,4,0,1,3,0,1,140
NEAR_LOW_FULL_d0.05,16,5000,80000,16,0,4,1,0.25,15,0,1,4,0,1,3,0,1,140
NEAR_LOW_FULL_d0.05,16,50,800,16,0,1,1,0.0625,1,0,1,2,0,1,1,0,1,141
NEAR_LOW_FULL_d0.05,16,100,1600,16,0,2,1,0.125,15,0,1,3,0,1,1,0,1,141
NEAR_LOW_FULL_d0.05,16,200,3200,16,0,3,1,0.1875,15,0,1,4,0,1,2,0,1,141
NEAR_LOW_FULL_d0.05,16,500,8000,16,0,3,1,0.1875,1,0,1,4,0,1,3,0,1,141
NEAR_LOW_FULL_d0.05,16,1000,16000,16,0,3,1,0.1875,15,0,1,4,0,1,3,0,1,141
NEAR_LOW_FULL_d0.05,16,5000,80000,16,0,4,1,0.25,3,0,1,4,0,1,3,0,1,141
NEAR_LOW_FULL_d0.05,16,50,800,16,0,2,1,0.125,15,0,1,3,0,1,2,0,1,142
NEAR_LOW_FULL_d0.05,16,100,1600,16,0,3,1,0.1875,15,0,1,3,0,1,2,0,1,142
NEAR_LOW_FULL_d0.05,16,200,3200,16,0,3,1,0.1875,15,0,1,4,0,1,3,0,1,142
NEAR_LOW_FULL_d0.05,16,500,8000,16,0,4,1,0.25,15,0,1,4,0,1,3,0,1,142
NEAR_LOW_FULL_d0.05,16,1000,16000,16,0,4,1,0.25,15,0,1,4,0,1,4,0,1,142
NEAR_LOW_FULL_d0.05,16,5000,80000,16,0,4,1,0.25,4,0,1,5,0,1,4,0,1,142
NEAR_LOW_FULL_d0.05,16,50,800,16,0,3,1,0.1875,15,0,1,4,0,1,3,0,1,143
NEAR_LOW_FULL_d0.05,16,100,1600,16,0,3,1,0.1875,15,0,1,4,0,1,3,0,1,143
NEAR_LOW_FULL_d0.05,16,200,3200,16,0,3,1,0.1875,3,0,1,4,0,1,3,0,1,143
NEAR_LOW_FULL_d0.05,16,500,8000,16,0,3,1,0.1875,3,0,1,4,0,1,3,0,1,143
NEAR_LOW_FULL_d0.05,16,1000,16000,16,0,3,1,0.1875,3,0,1,4,0,1,3,0,1,143
NEAR_LOW_FULL_d0.05,16,5000,80000,16,0,3,1,0.1875,15,0,1,4,0,1,3,0,1,143
NEAR_LOW_FULL_d0.05,16,50,800,16,0,3,1,0.1875,15,0,1,6,0,1,3,0,1,144
NEAR_LOW_FULL_d0.05,16,100,1600,16,0,4,1,0.25,15,0,1,4,0,1,3,0,1,144
NEAR_LOW_FULL_d0.05,16,200,3200,16,0,4,1,0.25,15,0,1,5,0,1,3,0,1,144
NEAR_LOW_FULL_d0.05,16,500,8000,16,0,4,1,0.25,15,0,1,5,0,1,4,0,1,144
NEAR_LOW_FULL_d0.05,16,1000,16000,16,0,4,1,0.25,4,0,1,5,0,1,4,0,1,144
NEAR_LOW_FULL_d0.05,16,5000,80000,16,0,4,1,0.25,4,0,1,5,0,1,4,0,1,144
NEAR_LOW_FULL_d0.05,16,50,800,16,0,2,1,0.125,1,0,1,3,0,1,2,0,1,145
NEAR_LOW_FULL_d0.05,16,100,1600,16,0,3,1,0.1875,1,0,1,3,0,1,3,0,1,145
NEAR_LOW_FULL_d0.05,16,200,3200,16,0,3,1,0.1875,1,0,1,4,0,1,2,0,1,145
NEAR_LOW_FULL_d0.05,16,500,8000,16,0,3,1,0.1875,1,0,1,4,0,1,3,0,1,145
NEAR_LOW_FULL_d0.05,16,1000,16000,16,0,3,1,0.1875,1,0,1,4,0,1,3,0,1,145
NEAR_LOW_FULL_d0.05,16,5000,80000,16,0,4,1,0.25,3,0,1,4,0,1,3,0,1,145
NEAR_LOW_FULL_d0.05,16,50,800,16,0,2,1,0.125,15,0,1,4,0,1,2,0,1,146
NEAR_LOW_FULL_d0.05,16,100,1600,16,0,3,1,0.1875,14,0,1,4,0,1,2,0,1,146
NEAR_LOW_FULL_d0.05,16,200,3200,16,0,4,1,0.25,15,0,1,5,0,1,3,0,1,146
NEAR_LOW_FULL_d0.05,16,500,8000,16,0,4,1,0.25,15,0,1,5,0,1,4,0,1,146
NEAR_LOW_FULL_d0.05,16,1000,16000,16,0,4,1,0.25,15,0,1,5,0,1,4,0,1,146
NEAR_LOW_FULL_d0.05,16,5000,80000,16,0,4,1,0.25,15,0,1,5,0,1,4,0,1,146
NEAR_LOW_FULL_d0.05,16,50,800,16,0,3,1,0.1875,15,0,1,4,0,1,3,0,1,147
NEAR_LOW_FULL_d0.05,16,100,1600,16,0,3,1,0.1875,15,0,1,4,0,1,3,0,1,147
NEAR_LOW_FULL_d0.05,16,200,3200,16,0,3,1,0.1875,15,0,1,4,0,1,3,0,1,147
NEAR_LOW_FULL_d0.05,16,500,8000,16,0,4,1,0.25,15,0,1,5,0,1,4,0,1,147
NEAR_LOW_FULL_d0.05,16,1000,16000,16,0,4,1,0.25,15,0,1,5,0,1,4,0,1,147
NEAR_LOW_FULL_d0.05,16,5000,80000,16,0,4,1,0.25,4,0,1,5,0,1,4,0,1,147
NEAR_LOW_FULL_d0.05,16,50,800,16,0,2,1,0.125,15,0,1,4,0,1,2,0,1,148
NEAR_LOW_FULL_d0.05,16,100,1600,16,0,3,1,0.1875,15,0,1,4,0,1,2,0,1,148
NEAR_LOW_FULL_d0.05,16,200,3200,16,0,3,1,0.1875,15,0,1,4,0,1,3,0,1,148
NEAR_LOW_FULL_d0.05,16,500,8000,16,0,3,1,0.1875,1,0,1,4,0,1,3,0,1,148
NEAR_LOW_FULL_d0.05,16,1000,16000,16,0,4,1,0.25,1,0,1,4,0,1,4,0,1,148
NEAR_LOW_FULL_d0.05,16,5000,80000,16,0,4,1,0.25,3,0,1,4,0,1,4,0,1,148
NEAR_LOW_FULL_d0.05,16,50,800,16,0,2,1,0.125,2,0,1,3,0,1,2,0,1,149
NEAR_LOW_FULL_d0.05,16,100,1600,16,0,2,1,0.125,15,0,1,3,0,1,2,0,1,149
NEAR_LOW_FULL_d0.05,16,200,3200,16,0,2,1,0.125,15,0,1,3,0,1,2,0,1,149
NEAR_LOW_FULL_d0.05,16,500,8000,16,0,3,1,0.1875,2,0,1,3,0,1,3,0,1,149
NEAR_LOW_FULL_d0.05,16,1000,16000,16,0,3,1,0.1875,2,0,1,4,0,1,3,0,1,149
NEAR_LOW_FULL_d0.05,16,5000,80000,16,0,3,1,0.1875,3,0,1,4,0,1,3,0,1,149
